<COLLADA xmlns="http://www.collada.org/2005/11/COLLADASchema" version="1.4.1">
  <asset>
    <contributor/>
    <created>2024-08-30T10:15:36.827743</created>
    <modified>2024-08-30T10:15:36.827751</modified>
    <unit name="meter" meter="1.0"/>
    <up_axis>Z_UP</up_axis>
  </asset>
  <library_effects>
    <effect id="effect_bottle" name="effect_bottle">
      <profile_COMMON>
        <technique sid="common">
          <phong>
            <emission>
              <color>0.0 0.0 0.0 1.0</color>
            </emission>
            <ambient>
              <color>0.0 0.0 0.0 1.0</color>
            </ambient>
            <diffuse>
              <color>0.800000011920929 0.800000011920929 0.800000011920929 1.0</color>
            </diffuse>
            <specular>
              <color>1 1 1 1.0</color>
            </specular>
            <shininess>
              <float>0.0</float>
            </shininess>
            <reflective>
              <color>0.0 0.0 0.0 1.0</color>
            </reflective>
            <reflectivity>
              <float>0.0</float>
            </reflectivity>
            <transparent>
              <color>0.0 0.0 0.0 1.0</color>
            </transparent>
            <transparency>
              <float>1.0</float>
            </transparency>
          </phong>
        </technique>
        <extra>
          <technique profile="GOOGLEEARTH">
            <double_sided>0</double_sided>
          </technique>
        </extra>
      </profile_COMMON>
    </effect>
  </library_effects>
  <library_geometries>
    <geometry id="geometry0" name="bottle">
      <mesh>
        <source id="cubeverts-array0">
          <float_array count="17040" id="cubeverts-array0-array">-0.03 0 0.006 -0.03 0 0.054 -0.0299803 0 0.0546279 -0.0299487 0 0.00521684 -0.0299211 0 0.0552533 -0.0298229 0 0.0558738 -0.0297956 0 0.00444709 -0.0297433 -0.00391579 0.006 -0.0297433 -0.00391579 0.054 -0.0297433 0.00391579 0.006 -0.0297433 0.00391579 0.054 -0.0297238 -0.00391321 0.0546279 -0.0297238 0.00391321 0.0546279 -0.0296925 -0.00390909 0.00521684 -0.0296925 0.00390909 0.00521684 -0.0296858 0 0.0564869 -0.0296652 -0.00390549 0.0552533 -0.0296652 0.00390549 0.0552533 -0.0295677 -0.00389266 0.0558738 -0.0295677 0.00389266 0.0558738 -0.0295433 0 0.0037039 -0.0295406 -0.0038891 0.00444709 -0.0295406 0.0038891 0.00444709 -0.0295106 0 0.0570902 -0.0294319 -0.00387478 0.0564869 -0.0294319 0.00387478 0.0564869 -0.0292978 0 0.0576812 -0.0292905 -0.00385617 0.0037039 -0.0292905 0.00385617 0.0037039 -0.0292581 -0.0038519 0.0570902 -0.0292581 0.0038519 0.0570902 -0.0291962 0 0.003 -0.0290483 0 0.0582578 -0.0290471 -0.00382412 0.0576812 -0.0290471 0.00382412 0.0576812 -0.0289778 -0.00776457 0.006 -0.0289778 -0.00776457 0.054 -0.0289778 0.00776457 0.006 -0.0289778 0.00776457 0.054 -0.0289587 -0.00775946 0.0546279 -0.0289587 0.00775946 0.0546279 -0.0289464 -0.00381086 0.003 -0.0289464 0.00381086 0.003 -0.0289282 -0.00775129 0.00521684 -0.0289282 0.00775129 0.00521684 -0.0289016 -0.00774416 0.0552533 -0.0289016 0.00774416 0.0552533 -0.0288067 -0.00771872 0.0558738 -0.0288067 0.00771872 0.0558738 -0.0287998 -0.00379156 0.0582578 -0.0287998 0.00379156 0.0582578 -0.0287803 -0.00771166 0.00444709 -0.0287803 0.00771166 0.00444709 -0.0287631 0 0.0588175 -0.0287601 0 0.00234743 -0.0286743 -0.00768326 0.0564869 -0.0286743 0.00768326 0.0564869 -0.0285366 -0.00764636 0.0037039 -0.0285366 0.00764636 0.0037039 -0.028517 -0.00375433 0.0588175 -0.028517 0.00375433 0.0588175 -0.0285141 -0.00375395 0.00234743 -0.0285141 0.00375395 0.00234743 -0.028505 -0.00763789 0.0570902 -0.028505 0.00763789 0.0570902 -0.0285 0 0.0076 -0.0285 0 0.0532 -0.0284512 0 0.006856 -0.0284433 0 0.0593583 -0.0284187 0 0.05444 -0.0283058 0 0.00612473 -0.0282995 -0.00758282 0.0576812 -0.0282995 0.00758282 0.0576812 -0.0282562 -0.00372 0.0076 -0.0282562 -0.00372 0.0532 -0.0282562 0.00372 0.0076 -0.0282562 0.00372 0.0532 -0.0282426 0 0.00175736 -0.0282078 -0.00371363 0.006856 -0.0282078 0.00371363 0.006856 -0.0282013 -0.00755652 0.003 -0.0282013 0.00755652 0.003 -0.0281999 -0.00371259 0.0593583 -0.0281999 0.00371259 0.0593583 -0.0281763 0 0.0556588 -0.0281756 -0.00370939 0.05444 -0.0281756 0.00370939 0.05444 -0.0280902 0 0.0598778 -0.0280661 0 0.0054187 -0.0280636 -0.00369464 0.00612473 -0.0280636 0.00369464 0.00612473 -0.0280585 -0.00751824 0.0582578 -0.0280585 0.00751824 0.0582578 -0.028001 -0.0036864 0.00175736 -0.028001 0.0036864 0.00175736 -0.0279352 -0.00367774 0.0556588 -0.0279352 0.00367774 0.0556588 -0.0278498 -0.0036665 0.0598778 -0.0278498 0.0036665 0.0598778 -0.027826 -0.00366336 0.0054187 -0.027826 0.00366336 0.0054187 -0.027783 -0.00744443 0.0588175 -0.027783 0.00744443 0.0588175 -0.0277801 -0.00744367 0.00234743 -0.0277801 0.00744367 0.00234743 -0.0277768 0 0.0568355 -0.0277363 0 0.00475 -0.0277164 -0.0114805 0.006 -0.0277164 -0.0114805 0.054 -0.0277164 0.0114805 0.006 -0.0277164 0.0114805 0.054 -0.0277051 0 0.0603742 -0.0276981 -0.0114729 0.0546279 -0.0276981 0.0114729 0.0546279 -0.027669 -0.0114609 0.00521684 -0.027669 0.0114609 0.00521684 -0.0276526 0 0.00123988 -0.0276435 -0.0114503 0.0552533 -0.0276435 0.0114503 0.0552533 -0.0275527 -0.0114127 0.0558738 -0.0275527 0.0114127 0.0558738 -0.0275392 -0.00362561 0.0568355 -0.0275392 0.00362561 0.0568355 -0.0275289 -0.00737634 0.0076 -0.0275289 -0.00737634 0.0532 -0.0275289 0.00737634 0.0076 -0.0275289 0.00737634 0.0532 -0.0275275 -0.0114023 0.00444709 -0.0275275 0.0114023 0.00444709 -0.0274991 -0.00362032 0.00475 -0.0274991 0.00362032 0.00475 -0.0274818 -0.00736372 0.006856 -0.0274818 0.00736372 0.006856 -0.0274741 -0.00736166 0.0593583 -0.0274741 0.00736166 0.0593583 -0.0274681 -0.00361624 0.0603742 -0.0274681 0.00361624 0.0603742 -0.0274504 -0.00735531 0.05444 -0.0274504 0.00735531 0.05444 -0.0274261 -0.0113603 0.0564869 -0.0274261 0.0113603 0.0564869 -0.027416 -0.00360938 0.00123988 -0.027416 0.00360938 0.00123988 -0.0273413 -0.00732607 0.00612473 -0.0273413 0.00732607 0.00612473 -0.0273221 0 0.00413006 -0.0272944 -0.0113057 0.0037039 -0.0272944 0.0113057 0.0037039 -0.0272897 0 0.0608455 -0.0272803 -0.00730973 0.00175736 -0.0272803 0.00730973 0.00175736 -0.0272642 -0.0112932 0.0570902 -0.0272642 0.0112932 0.0570902 -0.0272272 0 0.05795 -0.0272162 -0.00729256 0.0556588 -0.0272162 0.00729256 0.0556588 -0.027133 -0.00727027 0.0598778 -0.027133 0.00727027 0.0598778 -0.0271098 -0.00726404 0.0054187 -0.0271098 0.00726404 0.0054187 -0.0270884 -0.00356625 0.00413006 -0.0270884 0.00356625 0.00413006 -0.0270676 -0.0112118 0.0576812 -0.0270676 0.0112118 0.0576812 -0.0270562 -0.00356202 0.0608455 -0.0270562 0.00356202 0.0608455 -0.027 0 0.000803847 -0.0269943 -0.00355387 0.05795 -0.0269943 0.00355387 0.05795 -0.0269737 -0.0111729 0.003 -0.0269737 0.0111729 0.003 -0.0268455 0 0.0612897 -0.0268371 -0.0111163 0.0582578 -0.0268371 0.0111163 0.0582578 -0.0268305 0 0.00356949 -0.0268304 -0.00718918 0.0568355 -0.0268304 0.00718918 0.0568355 -0.0267913 -0.00717869 0.00475 -0.0267913 0.00717869 0.00475 -0.026769 -0.00352421 0.000803847 -0.026769 0.00352421 0.000803847 -0.0267611 -0.00717061 0.0603742 -0.0267611 0.00717061 0.0603742 -0.0267103 -0.00715701 0.00123988 -0.0267103 0.00715701 0.00123988 -0.0266158 -0.00350403 0.0612897 -0.0266158 0.00350403 0.0612897 -0.026601 -0.00350208 0.00356949 -0.026601 0.00350208 0.00356949 -0.0265736 -0.0110071 0.0588175 -0.0265736 0.0110071 0.0588175 -0.0265709 -0.011006 0.00234743 -0.0265709 0.011006 0.00234743 -0.0265369 0 0.0589832 -0.0263911 -0.00707148 0.00413006 -0.0263911 0.00707148 0.00413006 -0.0263742 0 0.0617051 -0.0263598 -0.00706309 0.0608455 -0.0263598 0.00706309 0.0608455 -0.0263306 -0.0109065 0.0076 -0.0263306 -0.0109065 0.0532 -0.0263306 0.0109065 0.0076 -0.0263306 0.0109065 0.0532 -0.0263098 -0.00346375 0.0589832 -0.0263098 0.00346375 0.0589832 -0.0262995 -0.00704693 0.05795 -0.0262995 0.00704693 0.05795 -0.0262961 0 0.000456722 -0.0262855 -0.0108878 0.006856 -0.0262855 0.0108878 0.006856 -0.0262782 -0.0108848 0.0593583 -0.0262782 0.0108848 0.0593583 -0.0262699 0 0.00307789 -0.0262555 -0.0108754 0.05444 -0.0262555 0.0108754 0.05444 -0.0261511 -0.0108322 0.00612473 -0.0261511 0.0108322 0.00612473 -0.0261486 -0.00344253 0.0617051 -0.0261486 0.00344253 0.0617051 -0.0260928 -0.010808 0.00175736 -0.0260928 0.010808 0.00175736 -0.02608 -0.00698811 0.000803847 -0.02608 0.00698811 0.000803847 -0.0260711 -0.00343233 0.000456722 -0.0260711 0.00343233 0.000456722 -0.0260452 -0.00342892 0.00307789 -0.0260452 0.00342892 0.00307789 -0.0260315 -0.0107826 0.0556588 -0.0260315 0.0107826 0.0556588 -0.0259808 -0.015 0.006 -0.0259808 -0.015 0.054 -0.0259808 0.015 0.006 -0.0259808 0.015 0.054 -0.0259637 -0.0149901 0.0546279 -0.0259637 0.0149901 0.0546279 -0.0259519 -0.0107496 0.0598778 -0.0259519 0.0107496 0.0598778 -0.0259363 -0.0149743 0.00521684 -0.0259363 0.0149743 0.00521684 -0.0259307 -0.00694812 0.0612897 -0.0259307 0.00694812 0.0612897 -0.0259297 -0.0107404 0.0054187 -0.0259297 0.0107404 0.0054187 -0.0259163 -0.00694425 0.00356949 -0.0259163 0.00694425 0.00356949 -0.0259125 -0.0149606 0.0552533 -0.0259125 0.0149606 0.0552533 -0.0258778 0 0.0620902 -0.0258274 -0.0149114 0.0558738 -0.0258274 0.0149114 0.0558738 -0.0258037 -0.0148978 0.00444709 -0.0258037 0.0148978 0.00444709 -0.0257175 0 0.0599175 -0.0257087 -0.0148429 0.0564869 -0.0257087 0.0148429 0.0564869 -0.0256625 -0.0106297 0.0568355 -0.0256625 0.0106297 0.0568355 -0.0256565 -0.00337774 0.0620902 -0.0256565 0.00337774 0.0620902 -0.02565 0 0.00266365 -0.0256326 -0.00686824 0.0589832 -0.0256326 0.00686824 0.0589832 -0.025625 -0.0106142 0.00475 -0.025625 0.0106142 0.00475 -0.0255962 -0.0106023 0.0603742 -0.0255962 0.0106023 0.0603742 -0.0255852 -0.0147716 0.0037039 -0.0255852 0.0147716 0.0037039 -0.0255569 -0.0147553 0.0570902 -0.0255569 0.0147553 0.0570902 -0.0255529 0 0.000204445 -0.0255476 -0.0105822 0.00123988 -0.0255476 0.0105822 0.00123988 -0.0254975 -0.00335681 0.0599175 -0.0254975 0.00335681 0.0599175 -0.0254756 -0.00682615 0.0617051 -0.0254756 0.00682615 0.0617051 -0.0254306 -0.003348 0.00266365 -0.0254306 0.003348 0.00266365 -0.0254001 -0.00680593 0.000456722 -0.0254001 0.00680593 0.000456722 -0.0253748 -0.00679916 0.00307789 -0.0253748 0.00679916 0.00307789 -0.0253726 -0.0146489 0.0576812 -0.0253726 0.0146489 0.0576812 -0.0253583 0 0.0624433 -0.0253343 -0.00333532 0.000204445 -0.0253343 0.00333532 0.000204445 -0.0252846 -0.0145981 0.003 -0.0252846 0.0145981 0.003 -0.0252423 -0.0104557 0.00413006 -0.0252423 0.0104557 0.00413006 -0.0252124 -0.0104433 0.0608455 -0.0252124 0.0104433 0.0608455 -0.0251565 -0.0145241 0.0582578 -0.0251565 0.0145241 0.0582578 -0.0251547 -0.0104194 0.05795 -0.0251547 0.0104194 0.05795 -0.0251413 -0.00330992 0.0624433 -0.0251413 0.00330992 0.0624433 -0.0249961 -0.00669768 0.0620902 -0.0249961 0.00669768 0.0620902 -0.0249813 0 0.00233389 -0.0249447 -0.0103325 0.000803847 -0.0249447 0.0103325 0.000803847 -0.0249095 -0.0143815 0.0588175 -0.0249095 0.0143815 0.0588175 -0.024907 -0.0143801 0.00234743 -0.024907 0.0143801 0.00234743 -0.0248412 -0.00665618 0.0599175 -0.0248412 0.00665618 0.0599175 -0.0248175 0 0.0627631 -0.024802 -0.0102733 0.0612897 -0.024802 0.0102733 0.0612897 -0.0247882 -0.0102676 0.00356949 -0.0247882 0.0102676 0.00356949 -0.0247832 0 5.13306e-05 -0.0247832 0 0.0607369 -0.024776 -0.00663871 0.00266365 -0.024776 0.00663871 0.00266365 -0.0247676 -0.00326071 0.00233389 -0.0247676 0.00326071 0.00233389 -0.0246822 -0.00661358 0.000204445 -0.0246822 0.00661358 0.000204445 -0.0246817 -0.01425 0.0076 -0.0246817 -0.01425 0.0532 -0.0246817 0.01425 0.0076 -0.0246817 0.01425 0.0532 -0.0246395 -0.0142256 0.006856 -0.0246395 0.0142256 0.006856 -0.0246326 -0.0142216 0.0593583 -0.0246326 0.0142216 0.0593583 -0.0246113 -0.0142094 0.05444 -0.0246113 0.0142094 0.05444 -0.0246052 -0.00323934 0.0627631 -0.0246052 0.00323934 0.0627631 -0.0245712 -0.00323486 0.0607369 -0.0245712 0.00323486 0.0607369 -0.0245711 -0.00323485 5.13306e-05 -0.0245711 0.00323485 5.13306e-05 -0.0245169 -0.0101552 0.0589832 -0.0245169 0.0101552 0.0589832 -0.0245135 -0.0141529 0.00612473 -0.0245135 0.0141529 0.00612473 -0.0244942 -0.0065632 0.0624433 -0.0244942 0.0065632 0.0624433 -0.0244588 -0.0141213 0.00175736 -0.0244588 0.0141213 0.00175736 -0.0244014 -0.0140881 0.0556588 -0.0244014 0.0140881 0.0556588 -0.0243666 -0.010093 0.0617051 -0.0243666 0.010093 0.0617051 -0.0243268 -0.0140451 0.0598778 -0.0243268 0.0140451 0.0598778 -0.024306 -0.0140331 0.0054187 -0.024306 0.0140331 0.0054187 -0.0242944 -0.0100631 0.000456722 -0.0242944 0.0100631 0.000456722 -0.0242753 0 0.00209422 -0.0242703 -0.0100531 0.00307789 -0.0242703 0.0100531 0.00307789 -0.0242578 0 0.0630483 -0.0241301 -0.00646563 0.00233389 -0.0241301 0.00646563 0.00233389 -0.0240676 -0.00316856 0.00209422 -0.0240676 0.00316856 0.00209422 -0.0240555 -0.0138884 0.0568355 -0.0240555 0.0138884 0.0568355 -0.0240503 -0.00316628 0.0630483 -0.0240503 0.00316628 0.0630483 -0.0240204 -0.0138682 0.00475 -0.0240204 0.0138682 0.00475 -0.024 0 0 -0.0239933 -0.0138526 0.0603742 -0.0239933 0.0138526 0.0603742 -0.0239719 -0.00642325 0.0627631 -0.0239719 0.00642325 0.0627631 -0.0239478 -0.0138263 0.00123988 -0.0239478 0.0138263 0.00123988 -0.0239388 -0.00641437 0.0607369 -0.0239388 0.00641437 0.0607369 -0.0239387 -0.00641435 5.13306e-05 -0.0239387 0.00641435 5.13306e-05 -0.023908 -0.00990302 0.0620902 -0.023908 0.00990302 0.0620902 -0.0238006 -0.0182628 0.006 -0.0238006 -0.0182628 0.054 -0.0238006 0.0182628 0.006 -0.0238006 0.0182628 0.054 -0.0237947 -0.00313263 0 -0.0237947 0.00313263 0 -0.0237849 -0.0182508 0.0546279 -0.0237849 0.0182508 0.0546279 -0.0237599 -0.0182316 0.00521684 -0.0237599 -0.00984166 0.0599175 -0.0237599 0.00984166 0.0599175 -0.0237599 0.0182316 0.00521684 -0.02375 0 0.0614272 -0.023738 -0.0182148 0.0552533 -0.023738 0.0182148 0.0552533 -0.0236975 -0.00981583 0.00266365 -0.0236975 0.00981583 0.00266365 -0.0236812 0 0.0632978 -0.0236616 -0.0136611 0.00413006 -0.0236616 0.0136611 0.00413006 -0.0236601 -0.018155 0.0558738 -0.0236601 0.018155 0.0558738 -0.0236384 -0.0181384 0.00444709 -0.0236384 0.0181384 0.00444709 -0.0236336 -0.0136448 0.0608455 -0.0236336 0.0136448 0.0608455 -0.0236078 -0.00977868 0.000204445 -0.0236078 0.00977868 0.000204445 -0.0235795 -0.0136136 0.05795 -0.0235795 0.0136136 0.05795 -0.0235513 -0.0180716 0.0564869 -0.0235513 0.0180716 0.0564869 -0.0235468 -0.0031 0.0614272 -0.0235468 0.0031 0.0614272 -0.023544 0 0.00194876 -0.0234786 -0.00309102 0.0632978 -0.0234786 0.00309102 0.0632978 -0.0234481 -0.0062829 0.00209422 -0.0234481 0.0062829 0.00209422 -0.0234383 -0.0179848 0.0037039 -0.0234383 0.0179848 0.0037039 -0.0234312 -0.00627838 0.0630483 -0.0234312 0.00627838 0.0630483 -0.023428 -0.00970419 0.0624433 -0.023428 0.00970419 0.0624433 -0.0234123 -0.0179649 0.0570902 -0.0234123 0.0179649 0.0570902 -0.0233827 -0.0135 0.000803847 -0.0233827 0.0135 0.000803847 -0.0233426 -0.00307311 0.00194876 -0.0233426 0.00307311 0.00194876 -0.0232488 -0.0134227 0.0612897 -0.0232488 0.0134227 0.0612897 -0.0232435 -0.0178353 0.0576812 -0.0232435 0.0178353 0.0576812 -0.0232359 -0.0134153 0.00356949 -0.0232359 0.0134153 0.00356949 -0.0231822 -0.00621166 0 -0.0231822 0.00621166 0 -0.0231629 -0.0177735 0.003 -0.0231629 0.0177735 0.003 -0.0230902 0 0.0635106 -0.0230797 -0.00955993 0.00233389 -0.0230797 0.00955993 0.00233389 -0.0230455 -0.0176835 0.0582578 -0.0230455 0.0176835 0.0582578 -0.0229816 -0.0132684 0.0589832 -0.0229816 0.0132684 0.0589832 -0.0229407 -0.00614695 0.0614272 -0.0229407 0.00614695 0.0614272 -0.0229284 -0.00949726 0.0627631 -0.0229284 0.00949726 0.0627631 -0.0228967 -0.00948413 0.0607369 -0.0228967 -0.0094841 5.13306e-05 -0.0228967 0.0094841 5.13306e-05 -0.0228967 0.00948413 0.0607369 -0.0228926 -0.00301387 0.0635106 -0.0228926 0.00301387 0.0635106 -0.0228743 -0.00612916 0.0632978 -0.0228743 0.00612916 0.0632978 -0.0228408 -0.0131871 0.0617051 -0.0228408 0.0131871 0.0617051 -0.0228193 -0.0175098 0.0588175 -0.0228193 0.0175098 0.0588175 -0.0228169 -0.0175081 0.00234743 -0.0228169 0.0175081 0.00234743 -0.0228 0 0.0019 -0.0227731 -0.0131481 0.000456722 -0.0227731 0.0131481 0.000456722 -0.0227504 -0.013135 0.00307789 -0.0227504 0.013135 0.00307789 -0.0227418 -0.00609363 0.00194876 -0.0227418 0.00609363 0.00194876 -0.0226355 0 0.0619768 -0.0226106 -0.0173497 0.0076 -0.0226106 -0.0173497 0.0532 -0.0226106 0.0173497 0.0076 -0.0226106 0.0173497 0.0532 -0.0226049 -0.002976 0.0019 -0.0226049 0.002976 0.0019 -0.0225719 -0.01732 0.006856 -0.0225719 0.01732 0.006856 -0.0225656 -0.0173152 0.0593583 -0.0225656 0.0173152 0.0593583 -0.0225461 -0.0173002 0.05444 -0.0225461 0.0173002 0.05444 -0.0224869 0 0.0636858 -0.0224565 -0.0172315 0.00612473 -0.0224565 0.0172315 0.00612473 -0.0224418 -0.00295452 0.0619768 -0.0224418 0.00295452 0.0619768 -0.0224274 -0.00928974 0.00209422 -0.0224274 0.00928974 0.00209422 -0.0224113 -0.00928305 0.0630483 -0.0224113 0.00928305 0.0630483 -0.0224109 -0.0129389 0.0620902 -0.0224109 0.0129389 0.0620902 -0.0224064 -0.017193 0.00175736 -0.0224064 0.017193 0.00175736 -0.0223538 -0.0171526 0.0556588 -0.0223538 0.0171526 0.0556588 -0.0223034 -0.00597617 0.0635106 -0.0223034 0.00597617 0.0635106 -0.0222945 -0.00293513 0.0636858 -0.0222945 0.00293513 0.0636858 -0.0222854 -0.0171002 0.0598778 -0.0222854 0.0171002 0.0598778 -0.022272 -0.0128588 0.0599175 -0.022272 0.0128588 0.0599175 -0.0222663 -0.0170856 0.0054187 -0.0222663 0.0170856 0.0054187 -0.0222136 -0.012825 0.00266365 -0.0222136 0.012825 0.00266365 -0.0221731 -0.0091844 0 -0.0221731 0.0091844 0 -0.0221295 -0.0127765 0.000204445 -0.0221295 0.0127765 0.000204445 -0.0220369 -0.0169095 0.0568355 -0.0220369 0.0169095 0.0568355 -0.0220231 -0.00590107 0.0019 -0.0220231 0.00590107 0.0019 -0.0220047 -0.0168848 0.00475 -0.0220047 0.0168848 0.00475 -0.022 0 0.074 -0.0219829 0 0.0737389 -0.0219829 0 0.0742611 -0.02198 -0.0168658 0.0603742 -0.02198 0.0168658 0.0603742 -0.0219609 -0.0126791 0.0624433 -0.0219609 0.0126791 0.0624433 -0.0219421 -0.00908873 0.0614272 -0.0219421 0.00908873 0.0614272 -0.0219383 -0.0168338 0.00123988 -0.0219383 0.0168338 0.00123988 -0.0219319 0 0.0734824 -0.0219319 0 0.0745176 -0.0218786 -0.00906242 0.0632978 -0.0218786 0.00906242 0.0632978 -0.0218738 0 0.0638229 -0.0218642 -0.00585849 0.0619768 -0.0218642 0.00585849 0.0619768 -0.0218478 0 0.0732346 -0.0218478 0 0.0747654 -0.0218118 -0.00287158 0.074 -0.0218118 0.00287158 0.074 -0.0217948 -0.00286934 0.0737389 -0.0217948 -0.00286934 0.0742611 -0.0217948 0.00286934 0.0737389 -0.0217948 0.00286934 0.0742611 -0.0217518 -0.0090099 0.00194876 -0.0217518 0.0090099 0.00194876 -0.0217442 -0.00286268 0.0734824 -0.0217442 -0.00286268 0.0745176 -0.0217442 0.00286268 0.0734824 -0.0217442 0.00286268 0.0745176 -0.021732 0 0.073 -0.021732 0 0.075 -0.0217207 -0.00582004 0.0636858 -0.0217207 0.00582004 0.0636858 -0.0216867 -0.0028551 0.0638229 -0.0216867 0.0028551 0.0638229 -0.0216761 -0.0166326 0.00413006 -0.0216761 0.0166326 0.00413006 -0.0216608 -0.0028517 0.0732346 -0.0216608 -0.0028517 0.0747654 -0.0216608 0.0028517 0.0732346 -0.0216608 0.0028517 0.0747654 -0.0216504 -0.0166129 0.0608455 -0.0216504 0.0166129 0.0608455 -0.0216344 -0.0124906 0.00233389 -0.0216344 0.0124906 0.00233389 -0.0216008 -0.0165749 0.05795 -0.0216008 0.0165749 0.05795 -0.0215867 0 0.0727825 -0.0215867 0 0.0752175 -0.0215461 -0.0028366 0.073 -0.0215461 -0.0028366 0.075 -0.0215461 0.0028366 0.073 -0.0215461 0.0028366 0.075 -0.0215 -4.76837e-09 0.0801875 -0.0215 -4.76837e-09 0.0808125 -0.0215 -4.76837e-09 0.0851875 -0.0215 -4.76837e-09 0.0858125 -0.0215 4.76837e-09 0.0801875 -0.0215 4.76837e-09 0.0808125 -0.0215 4.76837e-09 0.0851875 -0.0215 4.76837e-09 0.0858125 -0.0214926 -0.0124088 0.0627631 -0.0214926 0.0124088 0.0627631 -0.0214629 -0.0123916 0.0607369 -0.0214629 0.0123916 0.0607369 -0.0214628 -0.0123916 5.13306e-05 -0.0214628 0.0123916 5.13306e-05 -0.0214588 0 0.0623763 -0.0214205 -0.0164366 0.000803847 -0.0214205 0.0164366 0.000803847 -0.0214142 0 0.0725858 -0.0214142 0 0.0754142 -0.021402 -0.00281763 0.0727825 -0.021402 -0.00281763 0.0752175 -0.021402 0.00281763 0.0727825 -0.021402 0.00281763 0.0752175 -0.0213325 -0.00883622 0.0635106 -0.0213325 0.00883622 0.0635106 -0.0212979 -0.0163425 0.0612897 -0.0212979 0.0163425 0.0612897 -0.0212861 -0.0163334 0.00356949 -0.0212861 0.0163334 0.00356949 -0.0212752 -0.00280093 0.0623763 -0.0212752 0.00280093 0.0623763 -0.0212533 0 0.0639211 -0.0212504 -0.00569402 0.074 -0.0212504 0.00569402 0.074 -0.0212338 -0.00568959 0.0737389 -0.0212338 -0.00568959 0.0742611 -0.0212338 0.00568959 0.0737389 -0.0212338 0.00568959 0.0742611 -0.021231 -0.00279512 0.0725858 -0.021231 -0.00279512 0.0754142 -0.021231 0.00279512 0.0725858 -0.021231 0.00279512 0.0754142 -0.0212175 0 0.0724133 -0.0212175 0 0.0755867 -0.0212132 -0.0212132 0.006 -0.0212132 -0.0212132 0.054 -0.0212132 0.0212132 0.006 -0.0212132 0.0212132 0.054 -0.0211992 -0.0211992 0.0546279 -0.0211992 0.0211992 0.0546279 -0.0211845 -0.00567638 0.0734824 -0.0211845 -0.00567638 0.0745176 -0.0211845 0.00567638 0.0734824 -0.0211845 0.00567638 0.0745176 -0.0211769 -0.0211769 0.00521684 -0.0211769 0.0211769 0.00521684 -0.0211734 -0.00373344 0.0803264 -0.0211734 -0.00373344 0.0809514 -0.0211734 -0.00373344 0.0853264 -0.0211734 -0.00373344 0.0859514 -0.0211734 -0.00373343 0.0803264 -0.0211734 -0.00373343 0.0809514 -0.0211734 -0.00373343 0.0853264 -0.0211734 -0.00373343 0.0859514 -0.0211734 0.00373343 0.0800486 -0.0211734 0.00373343 0.0806736 -0.0211734 0.00373343 0.0850486 -0.0211734 0.00373343 0.0856736 -0.0211734 0.00373344 0.0800486 -0.0211734 0.00373344 0.0806736 -0.0211734 0.00373344 0.0850486 -0.0211734 0.00373344 0.0856736 -0.0211574 -0.0211574 0.0552533 -0.0211574 0.0211574 0.0552533 -0.0211285 -0.00566136 0.0638229 -0.0211285 0.00566136 0.0638229 -0.0211033 -0.00565462 0.0732346 -0.0211033 -0.00565462 0.0747654 -0.0211033 0.00565462 0.0732346 -0.0211033 0.00565462 0.0747654 -0.0210879 -0.0210879 0.0558738 -0.0210879 0.0210879 0.0558738 -0.0210715 -0.00277412 0.0639211 -0.0210715 0.00277412 0.0639211 -0.0210686 -0.0210686 0.00444709 -0.0210686 0.0210686 0.00444709 -0.0210645 -0.00872518 0.0019 -0.0210645 0.00872518 0.0019 -0.0210531 -0.0161546 0.0589832 -0.0210531 0.0161546 0.0589832 -0.021036 -0.00276944 0.0724133 -0.021036 -0.00276944 0.0755867 -0.021036 0.00276944 0.0724133 -0.021036 0.00276944 0.0755867 -0.021023 -0.0121376 0.00209422 -0.021023 0.0121376 0.00209422 -0.0210079 -0.0121289 0.0630483 -0.0210079 0.0121289 0.0630483 -0.021 0 0.072268 -0.021 0 0.075732 -0.0209915 -0.00562467 0.073 -0.0209915 -0.00562467 0.075 -0.0209915 0.00562467 0.073 -0.0209915 0.00562467 0.075 -0.020991 -0.020991 0.0564869 -0.020991 0.020991 0.0564869 -0.0209241 -0.0160556 0.0617051 -0.0209241 0.0160556 0.0617051 -0.0209125 -0.00866223 0.0619768 -0.0209125 0.00866223 0.0619768 -0.0208903 -0.0208903 0.0037039 -0.0208903 0.0208903 0.0037039 -0.0208671 -0.0208671 0.0570902 -0.0208671 0.0208671 0.0570902 -0.0208621 -0.0160081 0.000456722 -0.0208621 0.0160081 0.000456722 -0.0208512 -0.00558705 0.0727825 -0.0208512 -0.00558705 0.0752175 -0.0208512 0.00558705 0.0727825 -0.0208512 0.00558705 0.0752175 -0.0208413 -0.0159921 0.00307789 -0.0208413 0.0159921 0.00307789 -0.0208203 -0.00274105 0.072268 -0.0208203 -0.00274105 0.075732 -0.0208203 0.00274105 0.072268 -0.0208203 0.00274105 0.075732 -0.0207846 -0.012 0 -0.0207846 0.012 0 -0.0207752 -0.00860536 0.0636858 -0.0207752 0.00860536 0.0636858 -0.0207654 0 0.0721522 -0.0207654 0 0.0758478 -0.0207276 -0.00555394 0.0623763 -0.0207276 0.00555394 0.0623763 -0.0207166 -0.0207166 0.0576812 -0.0207166 0.0207166 0.0576812 -0.0206845 -0.00554241 0.0725858 -0.0206845 -0.00554241 0.0754142 -0.0206845 0.00554241 0.0725858 -0.0206845 0.00554241 0.0754142 -0.0206448 -0.0206448 0.003 -0.0206448 0.0206448 0.003 -0.0206279 0 0.0639803 -0.0205877 -0.00271042 0.0721522 -0.0205877 -0.00271042 0.0758478 -0.0205877 0.00271042 0.0721522 -0.0205877 0.00271042 0.0758478 -0.0205681 -0.011875 0.0614272 -0.0205681 0.011875 0.0614272 -0.0205402 -0.0205402 0.0582578 -0.0205402 0.0205402 0.0582578 -0.0205303 -0.0157534 0.0620902 -0.0205303 0.0157534 0.0620902 -0.0205291 -0.00550077 0.0639211 -0.0205291 0.00550077 0.0639211 -0.0205176 0 0.0720681 -0.0205176 0 0.0759319 -0.0205086 -0.0118406 0.0632978 -0.0205086 0.0118406 0.0632978 -0.0204946 -0.0054915 0.0724133 -0.0204946 -0.0054915 0.0755867 -0.0204946 0.0054915 0.0724133 -0.0204946 0.0054915 0.0755867 -0.0204514 -0.00269248 0.0639803 -0.0204514 0.00269248 0.0639803 -0.0204031 -0.0156558 0.0599175 -0.0204031 0.0156558 0.0599175 -0.0203897 -0.011772 0.00194876 -0.0203897 0.011772 0.00194876 -0.0203495 -0.0156147 0.00266365 -0.0203495 0.0156147 0.00266365 -0.0203421 -0.00267809 0.0720681 -0.0203421 -0.00267809 0.0759319 -0.0203421 0.00267809 0.0720681 -0.0203421 0.00267809 0.0759319 -0.0203386 -0.0203386 0.0588175 -0.0203386 0.0203386 0.0588175 -0.0203365 -0.0203365 0.00234743 -0.0203365 0.0203365 0.00234743 -0.0203253 -0.00841904 0.074 -0.0203253 0.00841904 0.074 -0.0203095 -0.00841249 0.0737389 -0.0203095 -0.00841249 0.0742611 -0.0203095 0.00841249 0.0737389 -0.0203095 0.00841249 0.0742611 -0.0202844 -0.0054352 0.072268 -0.0202844 -0.0054352 0.075732 -0.0202844 0.0054352 0.072268 -0.0202844 0.0054352 0.075732 -0.0202725 -0.0155556 0.000204445 -0.0202725 0.0155556 0.000204445 -0.0202624 -0.00839296 0.0734824 -0.0202624 -0.00839296 0.0745176 -0.0202624 0.00839296 0.0734824 -0.0202624 0.00839296 0.0745176 -0.0202611 0 0.0720171 -0.0202611 0 0.0759829 -0.02024 0 0.0626187 -0.0202088 -0.00837074 0.0638229 -0.0202088 0.00837074 0.0638229 -0.0202034 -0.00735344 0.0804653 -0.0202034 -0.00735344 0.0810903 -0.0202034 -0.00735344 0.0854653 -0.0202034 -0.00735344 0.0860903 -0.0202034 -0.00735343 0.0804653 -0.0202034 -0.00735343 0.0810903 -0.0202034 -0.00735343 0.0854653 -0.0202034 -0.00735343 0.0860903 -0.0202034 0.00735343 0.0799097 -0.0202034 0.00735343 0.0805347 -0.0202034 0.00735343 0.0849097 -0.0202034 0.00735343 0.0855347 -0.0202034 0.00735344 0.0799097 -0.0202034 0.00735344 0.0805347 -0.0202034 0.00735344 0.0849097 -0.0202034 0.00735344 0.0855347 -0.0201847 -0.00836077 0.0732346 -0.0201847 -0.00836077 0.0747654 -0.0201847 0.00836077 0.0732346 -0.0201847 0.00836077 0.0747654 -0.0201525 -0.0201525 0.0076 -0.0201525 -0.0201525 0.0532 -0.0201525 0.0201525 0.0076 -0.0201525 0.0201525 0.0532 -0.0201181 -0.0201181 0.006856 -0.0201181 -0.0154371 0.0624433 -0.0201181 0.0154371 0.0624433 -0.0201181 0.0201181 0.006856 -0.0201124 -0.0201124 0.0593583 -0.0201124 0.0201124 0.0593583 -0.0200951 -0.0200951 0.05444 -0.0200951 0.0200951 0.05444 -0.0200877 -0.0026446 0.0720171 -0.0200877 -0.0026446 0.0759829 -0.0200877 0.0026446 0.0720171 -0.0200877 0.0026446 0.0759829 -0.0200778 -0.0083165 0.073 -0.0200778 -0.0083165 0.075 -0.0200778 0.0083165 0.073 -0.0200778 0.0083165 0.075 -0.0200668 -0.00264185 0.0626187 -0.0200668 0.00264185 0.0626187 -0.0200578 -0.00537447 0.0721522 -0.0200578 -0.00537447 0.0758478 -0.0200578 0.00537447 0.0721522 -0.0200578 0.00537447 0.0758478 -0.0200152 -0.0200152 0.00612473 -0.0200152 0.0200152 0.00612473 -0.02 0 0.064 -0.02 0 0.072 -0.02 0 0.076 -0.0199967 -0.0115451 0.0635106 -0.0199967 0.0115451 0.0635106 -0.0199706 -0.0199706 0.00175736 -0.0199706 0.0199706 0.00175736 -0.0199435 -0.00826087 0.0727825 -0.0199435 -0.00826087 0.0752175 -0.0199435 0.00826087 0.0727825 -0.0199435 0.00826087 0.0752175 -0.019925 -0.00533889 0.0639803 -0.019925 0.00533889 0.0639803 -0.0199236 -0.0199236 0.0556588 -0.0199236 0.0199236 0.0556588 -0.0198627 -0.0198627 0.0598778 -0.0198627 0.0198627 0.0598778 -0.0198457 -0.0198457 0.0054187 -0.0198457 0.0198457 0.0054187 -0.0198289 -0.00261052 0.064 -0.0198289 -0.00261052 0.072 -0.0198289 -0.00261052 0.076 -0.0198289 0.00261052 0.064 -0.0198289 0.00261052 0.072 -0.0198289 0.00261052 0.076 -0.0198253 -0.00821192 0.0623763 -0.0198253 0.00821192 0.0623763 -0.019819 -0.0152076 0.00233389 -0.019819 0.0152076 0.00233389 -0.0198185 -0.00531036 0.0720681 -0.0198185 -0.00531036 0.0759319 -0.0198185 0.00531036 0.0720681 -0.0198185 0.00531036 0.0759319 -0.0197842 -0.00819486 0.0725858 -0.0197842 -0.00819486 0.0754142 -0.0197842 0.00819486 0.0725858 -0.0197842 0.00819486 0.0754142 -0.0197454 -0.0114 0.0019 -0.0197454 0.0114 0.0019 -0.0197389 0 0.0720171 -0.0197389 0 0.0759829 -0.0196891 -0.015108 0.0627631 -0.0196891 0.015108 0.0627631 -0.0196618 -0.0150871 0.0607369 -0.0196618 -0.015087 5.13306e-05 -0.0196618 0.015087 5.13306e-05 -0.0196618 0.0150871 0.0607369 -0.0196412 -0.0196412 0.0568355 -0.0196412 0.0196412 0.0568355 -0.0196355 -0.0081333 0.0639211 -0.0196355 0.0081333 0.0639211 -0.0196126 -0.0196126 0.00475 -0.0196126 0.0196126 0.00475 -0.0196029 -0.0113177 0.0619768 -0.0196029 0.0113177 0.0619768 -0.0196024 -0.00811959 0.0724133 -0.0196024 -0.00811959 0.0755867 -0.0196024 0.00811959 0.0724133 -0.0196024 0.00811959 0.0755867 -0.0195905 -0.0195905 0.0603742 -0.0195905 0.0195905 0.0603742 -0.0195707 -0.00524395 0.0720171 -0.0195707 -0.00524395 0.0759829 -0.0195707 0.00524395 0.0720171 -0.0195707 0.00524395 0.0759829 -0.0195701 -0.00257645 0.0720171 -0.0195701 -0.00257645 0.0759829 -0.0195701 0.00257645 0.0720171 -0.0195701 0.00257645 0.0759829 -0.0195533 -0.0195533 0.00123988 -0.0195533 0.0195533 0.00123988 -0.0195503 -0.00523849 0.0626187 -0.0195503 0.00523849 0.0626187 -0.0195 -4.76837e-09 0.0790328 -0.0195 -4.76837e-09 0.0819672 -0.0195 -4.76837e-09 0.0840328 -0.0195 -4.76837e-09 0.0869672 -0.0195 0 0.062 -0.0195 0 0.0626672 -0.0195 0 0.064 -0.0195 0 0.0720646 -0.0195 0 0.0759354 -0.0195 0 0.0790328 -0.0195 0 0.0819672 -0.0195 0 0.0840328 -0.0195 0 0.0869672 -0.0195 0 0.09 -0.0195 4.76837e-09 0.0790328 -0.0195 4.76837e-09 0.0819672 -0.0195 4.76837e-09 0.0840328 -0.0195 4.76837e-09 0.0869672 -0.0194884 -0.000177101 0.0759354 -0.0194884 0.000177101 0.0720646 -0.0194742 -0.0112434 0.0636858 -0.0194742 0.0112434 0.0636858 -0.019403 -0.00147999 0.0626672 -0.019403 0.00147999 0.0626672 -0.0194015 -0.00803635 0.072268 -0.0194015 -0.00803635 0.075732 -0.0194015 0.00803635 0.072268 -0.0194015 0.00803635 0.075732 -0.0193955 -0.00159503 0.082019 -0.0193955 -0.00159503 0.087019 -0.0193955 0.00159503 0.078981 -0.0193955 0.00159503 0.083981 -0.0193819 -0.00180165 0.0791227 -0.0193819 -0.00180165 0.0841227 -0.0193819 0.00180165 0.0818773 -0.0193819 0.00180165 0.0868773 -0.0193448 -0.00236815 0.0720646 -0.0193448 0.00236815 0.0759354 -0.0193332 -0.00254526 0.062 -0.0193332 -0.00254526 0.0626672 -0.0193332 -0.00254526 0.064 -0.0193332 -0.00254526 0.0720646 -0.0193332 -0.00254526 0.0759354 -0.0193332 -0.00254526 0.0791655 -0.0193332 -0.00254526 0.0820422 -0.0193332 -0.00254526 0.0841655 -0.0193332 -0.00254526 0.0870422 -0.0193332 -0.00254526 0.09 -0.0193332 0.00254526 0.062 -0.0193332 0.00254526 0.0626672 -0.0193332 0.00254526 0.064 -0.0193332 0.00254526 0.0720646 -0.0193332 0.00254526 0.0759354 -0.0193332 0.00254526 0.0789578 -0.0193332 0.00254526 0.0818345 -0.0193332 0.00254526 0.0839578 -0.0193332 0.00254526 0.0868345 -0.0193332 0.00254526 0.09 -0.0193197 -0.0193197 0.00413006 -0.0193197 0.0193197 0.00413006 -0.0193185 -0.00517638 0.064 -0.0193185 -0.00517638 0.072 -0.0193185 -0.00517638 0.076 -0.0193185 0.00517638 0.064 -0.0193185 0.00517638 0.072 -0.0193185 0.00517638 0.076 -0.0192985 -0.00271934 0.0759354 -0.0192985 0.00271934 0.0720646 -0.0192967 -0.0192967 0.0608455 -0.0192967 0.0192967 0.0608455 -0.0192589 -0.0147778 0.00209422 -0.0192589 0.0147778 0.00209422 -0.0192526 -0.0192526 0.05795 -0.0192526 0.0192526 0.05795 -0.019245 -0.0147672 0.0630483 -0.019245 0.0147672 0.0630483 -0.0191847 -0.00794656 0.0721522 -0.0191847 -0.00794656 0.0758478 -0.0191847 0.00794656 0.0721522 -0.0191847 0.00794656 0.0758478 -0.0191672 -0.0033797 0.0791503 -0.0191672 -0.0033797 0.0841503 -0.0191672 -0.00337969 0.0791503 -0.0191672 -0.00337969 0.0821275 -0.0191672 -0.00337969 0.0841503 -0.0191672 -0.00337969 0.0871275 -0.0191672 0.00337969 0.0788725 -0.0191672 0.00337969 0.0818497 -0.0191672 0.00337969 0.0838725 -0.0191672 0.00337969 0.0868497 -0.0191672 0.0033797 0.0818497 -0.0191672 0.0033797 0.0868497 -0.0191249 -0.00359231 0.0626672 -0.0191249 0.00359231 0.0626672 -0.0190919 -0.0190919 0.000803847 -0.0190919 0.0190919 0.000803847 -0.0190664 -0.00510882 0.0720171 -0.0190664 -0.00510882 0.0759829 -0.0190664 0.00510882 0.0720171 -0.0190664 0.00510882 0.0759829 -0.0190577 -0.00789396 0.0639803 -0.0190577 0.00789396 0.0639803 -0.0190526 -0.011 0.074 -0.0190526 0.011 0.074 -0.0190405 -0.0146103 0 -0.0190405 0.0146103 0 -0.0190377 -0.0109914 0.0737389 -0.0190377 -0.0109914 0.0742611 -0.0190377 0.0109914 0.0737389 -0.0190377 0.0109914 0.0742611 -0.0189935 -0.0109659 0.0734824 -0.0189935 -0.0109659 0.0745176 -0.0189935 0.0109659 0.0734824 -0.0189935 0.0109659 0.0745176 -0.0189826 -0.0189826 0.0612897 -0.0189826 0.0189826 0.0612897 -0.018972 -0.018972 0.00356949 -0.018972 0.018972 0.00356949 -0.0189558 -0.00785176 0.0720681 -0.0189558 -0.00785176 0.0759319 -0.0189558 0.00785176 0.0720681 -0.0189558 0.00785176 0.0759319 -0.0189433 -0.0109369 0.0638229 -0.0189433 0.0109369 0.0638229 -0.0189207 -0.0109239 0.0732346 -0.0189207 -0.0109239 0.0747654 -0.0189207 0.0109239 0.0732346 -0.0189207 0.0109239 0.0747654 -0.0188702 -0.00487289 0.0720646 -0.0188702 0.00487289 0.0759354 -0.0188609 -0.00491979 0.0821389 -0.0188609 -0.00491979 0.0871389 -0.0188609 0.00491979 0.0788611 -0.0188609 0.00491979 0.0838611 -0.0188421 -0.0144581 0.0614272 -0.0188421 0.0144581 0.0614272 -0.0188356 -0.00504697 0.062 -0.0188356 -0.00504697 0.0626672 -0.0188356 -0.00504697 0.064 -0.0188356 -0.00504697 0.0720646 -0.0188356 -0.00504697 0.0759354 -0.0188356 -0.00504697 0.0792779 -0.0188356 -0.00504697 0.0821387 -0.0188356 -0.00504697 0.0842779 -0.0188356 -0.00504697 0.0871387 -0.0188356 -0.00504697 0.09 -0.0188356 0.00504697 0.062 -0.0188356 0.00504697 0.0626672 -0.0188356 0.00504697 0.064 -0.0188356 0.00504697 0.0720646 -0.0188356 0.00504697 0.0759354 -0.0188356 0.00504697 0.0788613 -0.0188356 0.00504697 0.0817221 -0.0188356 0.00504697 0.0838613 -0.0188356 0.00504697 0.0867221 -0.0188356 0.00504697 0.09 -0.0188205 -0.010866 0.073 -0.0188205 -0.010866 0.075 -0.0188205 0.010866 0.073 -0.0188205 0.010866 0.075 -0.0187939 -0.00516977 0.0792778 -0.0187939 -0.00516977 0.0842778 -0.0187939 0.00516977 0.0817222 -0.0187939 0.00516977 0.0867222 -0.0187876 -0.0144162 0.0632978 -0.0187876 0.0144162 0.0632978 -0.0187785 -0.00521504 0.0759354 -0.0187785 0.00521504 0.0720646 -0.0187644 -0.0187644 0.0589832 -0.0187644 0.0187644 0.0589832 -0.0187188 -0.00775357 0.0720171 -0.0187188 -0.00775357 0.0759829 -0.0187188 0.00775357 0.0720171 -0.0187188 0.00775357 0.0759829 -0.0186993 -0.00774551 0.0626187 -0.0186993 0.00774551 0.0626187 -0.0186946 -0.0107934 0.0727825 -0.0186946 -0.0107934 0.0752175 -0.0186946 0.0107934 0.0727825 -0.0186946 0.0107934 0.0752175 -0.0186787 -0.0143327 0.00194876 -0.0186787 0.0143327 0.00194876 -0.0186494 -0.0186494 0.0617051 -0.0186494 0.0186494 0.0617051 -0.0186195 -0.01075 0.0806042 -0.0186195 -0.01075 0.0812292 -0.0186195 -0.01075 0.0856042 -0.0186195 -0.01075 0.0862292 -0.0186195 0.01075 0.0797708 -0.0186195 0.01075 0.0803958 -0.0186195 0.01075 0.0847708 -0.0186195 0.01075 0.0853958 -0.0185942 -0.0185942 0.000456722 -0.0185942 0.0185942 0.000456722 -0.0185838 -0.0107294 0.0623763 -0.0185838 0.0107294 0.0623763 -0.0185757 -0.0185757 0.00307789 -0.0185757 0.0185757 0.00307789 -0.0185453 -0.0107071 0.0725858 -0.0185453 -0.0107071 0.0754142 -0.0185453 0.0107071 0.0725858 -0.0185453 0.0107071 0.0754142 -0.0184924 -0.00605787 0.0626672 -0.0184924 0.00605787 0.0626672 -0.0184776 -0.00765367 0.064 -0.0184776 -0.00765367 0.072 -0.0184776 -0.00765367 0.076 -0.0184776 0.00765367 0.064 -0.0184776 0.00765367 0.072 -0.0184776 0.00765367 0.076 -0.0184059 -0.0106267 0.0639211 -0.0184059 0.0106267 0.0639211 -0.0183749 -0.0106088 0.0724133 -0.0183749 -0.0106088 0.0755867 -0.0183749 0.0106088 0.0724133 -0.0183749 0.0106088 0.0755867 -0.0183187 -0.0140564 0.0635106 -0.0183187 0.0140564 0.0635106 -0.0182984 -0.0182984 0.0620902 -0.0182984 0.0182984 0.0620902 -0.0182891 -0.0066567 0.0792891 -0.0182891 -0.0066567 0.0822664 -0.0182891 -0.0066567 0.0842891 -0.0182891 -0.0066567 0.0872664 -0.0182891 -0.00665669 0.0822664 -0.0182891 -0.00665669 0.0872664 -0.0182891 0.00665669 0.0787336 -0.0182891 0.00665669 0.0837336 -0.0182891 0.0066567 0.0787336 -0.0182891 0.0066567 0.0817109 -0.0182891 0.0066567 0.0837336 -0.0182891 0.0066567 0.0867109 -0.0182628 -0.0238006 0.006 -0.0182628 -0.0238006 0.054 -0.0182628 0.0238006 0.006 -0.0182628 0.0238006 0.054 -0.0182508 -0.0237849 0.0546279 -0.0182508 0.0237849 0.0546279 -0.0182364 -0.00755377 0.0720171 -0.0182364 -0.00755377 0.0759829 -0.0182364 0.00755377 0.0720171 -0.0182364 0.00755377 0.0759829 -0.0182316 -0.0237599 0.00521684 -0.0182316 0.0237599 0.00521684 -0.0182148 -0.023738 0.0552533 -0.0182148 0.023738 0.0552533 -0.0181865 -0.0105 0.072268 -0.0181865 -0.0105 0.075732 -0.0181865 0.0105 0.072268 -0.0181865 0.0105 0.075732 -0.018185 -0.018185 0.0599175 -0.018185 0.018185 0.0599175 -0.018155 -0.0236601 0.0558738 -0.018155 0.0236601 0.0558738 -0.0181384 -0.0236384 0.00444709 -0.0181384 0.0236384 0.00444709 -0.0181373 -0.0181373 0.00266365 -0.0181373 0.0181373 0.00266365 -0.0180885 -0.0138798 0.0019 -0.0180885 0.0138798 0.0019 -0.0180727 -0.00729426 0.0720646 -0.0180727 0.00729426 0.0759354 -0.0180716 -0.0235513 0.0564869 -0.0180716 0.0235513 0.0564869 -0.0180686 -0.0180686 0.000204445 -0.0180686 0.0180686 0.000204445 -0.0180157 -0.00746233 0.062 -0.0180157 -0.00746233 0.0626672 -0.0180157 -0.00746233 0.064 -0.0180157 -0.00746233 0.0720646 -0.0180157 -0.00746233 0.0759354 -0.0180157 -0.00746233 0.0793745 -0.0180157 -0.00746233 0.0822511 -0.0180157 -0.00746233 0.0843745 -0.0180157 -0.00746233 0.0872511 -0.0180157 -0.00746233 0.09 -0.0180157 0.00746233 0.062 -0.0180157 0.00746233 0.0626672 -0.0180157 0.00746233 0.064 -0.0180157 0.00746233 0.0720646 -0.0180157 0.00746233 0.0759354 -0.0180157 0.00746233 0.0787489 -0.0180157 0.00746233 0.0816255 -0.0180157 0.00746233 0.0837489 -0.0180157 0.00746233 0.0866255 -0.0180157 0.00746233 0.09 -0.0180156 -0.00746233 0.0626672 -0.0180156 -0.00746233 0.0720646 -0.0180156 -0.00746233 0.0759354 -0.0180156 0.00746233 0.0626672 -0.0180156 0.00746233 0.0720646 -0.0180156 0.00746233 0.0759354 -0.018 0 0.062 -0.018 0 0.074 -0.018 0 0.09 -0.0179848 -0.0234383 0.0037039 -0.0179848 0.0234383 0.0037039 -0.0179833 -0.0103827 0.0721522 -0.0179833 -0.0103827 0.0758478 -0.0179833 0.0103827 0.0721522 -0.0179833 0.0103827 0.0758478 -0.0179649 -0.0234123 0.0570902 -0.0179649 0.0234123 0.0570902 -0.0179579 -0.0137796 0.0619768 -0.0179579 0.0137796 0.0619768 -0.0179372 -0.00762151 0.0759354 -0.0179372 0.00762151 0.0720646 -0.017931 -0.017931 0.0624433 -0.017931 0.017931 0.0624433 -0.0178643 -0.0103139 0.0639803 -0.0178643 0.0103139 0.0639803 -0.017846 -0.00234947 0.062 -0.017846 -0.00234947 0.09 -0.017846 0.00234947 0.062 -0.017846 0.00234947 0.09 -0.0178401 -0.0136892 0.0636858 -0.0178401 0.0136892 0.0636858 -0.0178353 -0.0232435 0.0576812 -0.0178353 0.0232435 0.0576812 -0.0177735 -0.0231629 0.003 -0.0177735 0.0231629 0.003 -0.0177688 -0.0102588 0.0720681 -0.0177688 -0.0102588 0.0759319 -0.0177688 0.0102588 0.0720681 -0.0177688 0.0102588 0.0759319 -0.0176861 -0.00813068 0.082294 -0.0176861 -0.00813068 0.087294 -0.0176861 0.00813068 0.078706 -0.0176861 0.00813068 0.083706 -0.0176835 -0.0230455 0.0582578 -0.0176835 0.0230455 0.0582578 -0.0176644 -0.0176644 0.00233389 -0.0176644 0.0176644 0.00233389 -0.0175945 -0.00831639 0.0793976 -0.0175945 -0.00831639 0.0843976 -0.0175945 0.00831639 0.0816024 -0.0175945 0.00831639 0.0866024 -0.0175486 -0.0175486 0.0627631 -0.0175486 0.0175486 0.0627631 -0.0175466 -0.0101305 0.0720171 -0.0175466 -0.0101305 0.0759829 -0.0175466 0.0101305 0.0720171 -0.0175466 0.0101305 0.0759829 -0.0175283 -0.01012 0.0626187 -0.0175283 0.01012 0.0626187 -0.0175244 -0.0175244 0.0607369 -0.0175244 0.0175244 0.0607369 -0.0175243 -0.0175243 5.13306e-05 -0.0175243 0.0175243 5.13306e-05 -0.0175098 -0.0228193 0.0588175 -0.0175098 0.0228193 0.0588175 -0.0175081 -0.0228169 0.00234743 -0.0175081 0.0228169 0.00234743 -0.0174538 -0.0133928 0.074 -0.0174538 0.0133928 0.074 -0.0174402 -0.0133823 0.0737389 -0.0174402 -0.0133823 0.0742611 -0.0174402 0.0133823 0.0737389 -0.0174402 0.0133823 0.0742611 -0.0173997 -0.0133513 0.0734824 -0.0173997 -0.0133513 0.0745176 -0.0173997 0.0133513 0.0734824 -0.0173997 0.0133513 0.0745176 -0.0173867 -0.00465874 0.062 -0.0173867 -0.00465874 0.09 -0.0173867 0.00465874 0.062 -0.0173867 0.00465874 0.09 -0.0173597 -0.00879254 0.0626672 -0.0173597 0.00879254 0.0626672 -0.0173537 -0.0133159 0.0638229 -0.0173537 0.0133159 0.0638229 -0.0173497 -0.0226106 0.0076 -0.0173497 -0.0226106 0.0532 -0.0173497 0.0226106 0.0076 -0.0173497 0.0226106 0.0532 -0.017333 -0.0133001 0.0732346 -0.017333 -0.0133001 0.0747654 -0.017333 0.0133001 0.0732346 -0.017333 0.0133001 0.0747654 -0.0173205 -0.01 0.064 -0.0173205 -0.01 0.072 -0.0173205 -0.01 0.076 -0.0173205 0.01 0.064 -0.0173205 0.01 0.072 -0.0173205 0.01 0.076 -0.01732 -0.0225719 0.006856 -0.01732 0.0225719 0.006856 -0.0173152 -0.0225656 0.0593583 -0.0173152 0.0225656 0.0593583 -0.0173002 -0.0225461 0.05444 -0.0173002 0.0225461 0.05444 -0.0172412 -0.0132296 0.073 -0.0172412 -0.0132296 0.075 -0.0172412 0.0132296 0.073 -0.0172412 0.0132296 0.075 -0.0172315 -0.0224565 0.00612473 -0.0172315 0.0224565 0.00612473 -0.017193 -0.0224064 0.00175736 -0.017193 0.0224064 0.00175736 -0.0171652 -0.0171652 0.00209422 -0.0171652 0.0171652 0.00209422 -0.0171528 -0.0171528 0.0630483 -0.0171528 0.0171528 0.0630483 -0.0171526 -0.0223538 0.0556588 -0.0171526 0.0223538 0.0556588 -0.0171259 -0.0131412 0.0727825 -0.0171259 -0.0131412 0.0752175 -0.0171259 0.0131412 0.0727825 -0.0171259 0.0131412 0.0752175 -0.0171002 -0.0222854 0.0598778 -0.0171002 0.0222854 0.0598778 -0.0170944 -0.00986947 0.0720171 -0.0170944 -0.00986947 0.0759829 -0.0170944 0.00986947 0.0720171 -0.0170944 0.00986947 0.0759829 -0.0170856 -0.0222663 0.0054187 -0.0170856 0.0222663 0.0054187 -0.0170244 -0.0130633 0.0623763 -0.0170244 0.0130633 0.0623763 -0.016989 -0.0130361 0.0725858 -0.016989 -0.0130361 0.0754142 -0.016989 0.0130361 0.0725858 -0.016989 0.0130361 0.0754142 -0.0169706 -0.0169706 0 -0.0169706 0.0169706 0 -0.016966 -0.00959082 0.0720646 -0.016966 0.00959082 0.0759354 -0.0169095 -0.0220369 0.0568355 -0.0169095 0.0220369 0.0568355 -0.0168875 -0.00975 0.062 -0.0168875 -0.00975 0.0626672 -0.0168875 -0.00975 0.064 -0.0168875 -0.00975 0.0720646 -0.0168875 -0.00975 0.0759354 -0.0168875 -0.00975 0.0794495 -0.0168875 -0.00975 0.0823839 -0.0168875 -0.00975 0.0844495 -0.0168875 -0.00975 0.0873839 -0.0168875 -0.00975 0.09 -0.0168875 0.00975 0.062 -0.0168875 0.00975 0.0626672 -0.0168875 0.00975 0.064 -0.0168875 0.00975 0.0720646 -0.0168875 0.00975 0.0759354 -0.0168875 0.00975 0.0786161 -0.0168875 0.00975 0.0815505 -0.0168875 0.00975 0.0836161 -0.0168875 0.00975 0.0865505 -0.0168875 0.00975 0.09 -0.0168848 -0.0220047 0.00475 -0.0168848 0.0220047 0.00475 -0.0168658 -0.02198 0.0603742 -0.0168658 0.02198 0.0603742 -0.0168614 -0.0129382 0.0639211 -0.0168614 0.0129382 0.0639211 -0.0168338 -0.0219383 0.00123988 -0.0168338 0.0219383 0.00123988 -0.016833 -0.0129164 0.0724133 -0.016833 -0.0129164 0.0755867 -0.016833 0.0129164 0.0724133 -0.016833 0.0129164 0.0755867 -0.0167938 -0.0167938 0.0614272 -0.0167938 0.0167938 0.0614272 -0.0167889 -0.00989757 0.0759354 -0.0167889 0.00989757 0.0720646 -0.0167452 -0.0167452 0.0632978 -0.0167452 0.0167452 0.0632978 -0.0166604 -0.012784 0.072268 -0.0166604 -0.012784 0.075732 -0.0166604 0.012784 0.072268 -0.0166604 0.012784 0.075732 -0.0166481 -0.0166481 0.00194876 -0.0166481 0.0166481 0.00194876 -0.0166326 -0.0216761 0.00413006 -0.0166326 0.0216761 0.00413006 -0.0166298 -0.0068883 0.062 -0.0166298 -0.0068883 0.09 -0.0166298 0.0068883 0.062 -0.0166298 0.0068883 0.09 -0.0166129 -0.0216504 0.0608455 -0.0166129 0.0216504 0.0608455 -0.0165749 -0.0216008 0.05795 -0.0165749 0.0216008 0.05795 -0.0164743 -0.0126412 0.0721522 -0.0164743 -0.0126412 0.0758478 -0.0164743 0.0126412 0.0721522 -0.0164743 0.0126412 0.0758478 -0.01647 -0.0138199 0.0807431 -0.01647 -0.0138199 0.0813681 -0.01647 -0.0138199 0.0857431 -0.01647 -0.0138199 0.0863681 -0.01647 0.0138199 0.0796319 -0.01647 0.0138199 0.0802569 -0.01647 0.0138199 0.0846319 -0.01647 0.0138199 0.0852569 -0.0164366 -0.0214205 0.000803847 -0.0164366 0.0214205 0.000803847 -0.0163652 -0.0125575 0.0639803 -0.0163652 0.0125575 0.0639803 -0.0163425 -0.0212979 0.0612897 -0.0163425 0.0212979 0.0612897 -0.0163334 -0.0212861 0.00356949 -0.0163334 0.0212861 0.00356949 -0.0163272 -0.0163272 0.0635106 -0.0163272 0.0163272 0.0635106 -0.0162944 -0.0106376 0.0626672 -0.0162944 0.0106376 0.0626672 -0.0162777 -0.0124903 0.0720681 -0.0162777 -0.0124903 0.0759319 -0.0162777 0.0124903 0.0720681 -0.0162777 0.0124903 0.0759319 -0.0161546 -0.0210531 0.0589832 -0.0161546 0.0210531 0.0589832 -0.016122 -0.016122 0.0019 -0.016122 0.016122 0.0019 -0.0160742 -0.0123341 0.0720171 -0.0160742 -0.0123341 0.0759829 -0.0160742 0.0123341 0.0720171 -0.0160742 0.0123341 0.0759829 -0.0160575 -0.0123213 0.0626187 -0.0160575 0.0123213 0.0626187 -0.0160556 -0.0209241 0.0617051 -0.0160556 0.0209241 0.0617051 -0.0160081 -0.0208621 0.000456722 -0.0160081 0.0208621 0.000456722 -0.0160057 -0.0160057 0.0619768 -0.0160057 0.0160057 0.0619768 -0.0159994 -0.0110791 0.0824357 -0.0159994 -0.0110791 0.0874357 -0.0159994 0.0110791 0.0785643 -0.0159994 0.0110791 0.0835643 -0.0159921 -0.0208413 0.00307789 -0.0159921 0.0208413 0.00307789 -0.0159006 -0.0159006 0.0636858 -0.0159006 0.0159006 0.0636858 -0.0158844 -0.0112512 0.0795393 -0.0158844 -0.0112512 0.0845393 -0.0158844 0.0112512 0.0814607 -0.0158844 0.0112512 0.0864607 -0.0158671 -0.0121752 0.064 -0.0158671 -0.0121752 0.072 -0.0158671 -0.0121752 0.076 -0.0158671 0.0121752 0.064 -0.0158671 0.0121752 0.072 -0.0158671 0.0121752 0.076 -0.0157534 -0.0205303 0.0620902 -0.0157534 0.0205303 0.0620902 -0.01566 -0.0120163 0.0720171 -0.01566 -0.0120163 0.0759829 -0.01566 0.0120163 0.0720171 -0.01566 0.0120163 0.0759829 -0.0156558 -0.0204031 0.0599175 -0.0156558 0.0204031 0.0599175 -0.0156147 -0.0203495 0.00266365 -0.0156147 0.0203495 0.00266365 -0.0155885 -0.009 0.062 -0.0155885 -0.009 0.074 -0.0155885 -0.009 0.09 -0.0155885 0.009 0.062 -0.0155885 0.009 0.074 -0.0155885 0.009 0.09 -0.015569 -0.0117233 0.0720646 -0.015569 0.0117233 0.0759354 -0.0155563 -0.0155563 0.074 -0.0155563 0.0155563 0.074 -0.0155556 -0.0202725 0.000204445 -0.0155556 0.0202725 0.000204445 -0.0155443 -0.0155443 0.0737389 -0.0155443 -0.0155443 0.0742611 -0.0155443 0.0155443 0.0737389 -0.0155443 0.0155443 0.0742611 -0.0155082 -0.0155082 0.0734824 -0.0155082 -0.0155082 0.0745176 -0.0155082 0.0155082 0.0734824 -0.0155082 0.0155082 0.0745176 -0.0154704 -0.0118708 0.062 -0.0154704 -0.0118708 0.0626672 -0.0154704 -0.0118708 0.064 -0.0154704 -0.0118708 0.0720646 -0.0154704 -0.0118708 0.0759354 -0.0154704 -0.0118708 0.0795822 -0.0154704 -0.0118708 0.0824589 -0.0154704 -0.0118708 0.0845822 -0.0154704 -0.0118708 0.0874589 -0.0154704 -0.0118708 0.09 -0.0154704 0.0118708 0.062 -0.0154704 0.0118708 0.0626672 -0.0154704 0.0118708 0.064 -0.0154704 0.0118708 0.0720646 -0.0154704 0.0118708 0.0759354 -0.0154704 0.0118708 0.0785411 -0.0154704 0.0118708 0.0814178 -0.0154704 0.0118708 0.0835411 -0.0154704 0.0118708 0.0864178 -0.0154704 0.0118708 0.09 -0.0154671 -0.0154671 0.0638229 -0.0154671 0.0154671 0.0638229 -0.0154487 -0.0154487 0.0732346 -0.0154487 -0.0154487 0.0747654 -0.0154487 0.0154487 0.0732346 -0.0154487 0.0154487 0.0747654 -0.0154371 -0.0201181 0.0624433 -0.0154371 0.0201181 0.0624433 -0.0153669 -0.0153669 0.073 -0.0153669 -0.0153669 0.075 -0.0153669 0.0153669 0.073 -0.0153669 0.0153669 0.075 -0.0153534 -0.0120043 0.0759354 -0.0153534 0.0120043 0.0720646 -0.0152641 -0.0152641 0.0727825 -0.0152641 -0.0152641 0.0752175 -0.0152641 0.0152641 0.0727825 -0.0152641 0.0152641 0.0752175 -0.0152076 -0.019819 0.00233389 -0.0152076 0.019819 0.00233389 -0.0151736 -0.0151736 0.0623763 -0.0151736 0.0151736 0.0623763 -0.0151421 -0.0151421 0.0725858 -0.0151421 -0.0151421 0.0754142 -0.0151421 0.0151421 0.0725858 -0.0151421 0.0151421 0.0754142 -0.015108 -0.0196891 0.0627631 -0.015108 0.0196891 0.0627631 -0.0150871 -0.0196618 0.0607369 -0.0150871 0.0196618 0.0607369 -0.015087 -0.0196618 5.13306e-05 -0.015087 0.0196618 5.13306e-05 -0.0150284 -0.0150284 0.0639211 -0.0150284 0.0150284 0.0639211 -0.0150031 -0.0150031 0.0724133 -0.0150031 -0.0150031 0.0755867 -0.0150031 0.0150031 0.0724133 -0.0150031 0.0150031 0.0755867 -0.015 -0.0259808 0.006 -0.015 -0.0259808 0.054 -0.015 0.0259808 0.006 -0.015 0.0259808 0.054 -0.0149901 -0.0259637 0.0546279 -0.0149901 0.0259637 0.0546279 -0.0149743 -0.0259363 0.00521684 -0.0149743 0.0259363 0.00521684 -0.0149606 -0.0259125 0.0552533 -0.0149606 0.0259125 0.0552533 -0.0149114 -0.0258274 0.0558738 -0.0149114 0.0258274 0.0558738 -0.0149094 -0.0125105 0.0795669 -0.0149094 -0.0125105 0.0825442 -0.0149094 -0.0125105 0.0845669 -0.0149094 -0.0125105 0.0875442 -0.0149094 0.0125105 0.0784558 -0.0149094 0.0125105 0.0814331 -0.0149094 0.0125105 0.0834558 -0.0149094 0.0125105 0.0864331 -0.0148978 -0.0258037 0.00444709 -0.0148978 0.0258037 0.00444709 -0.0148492 -0.0148492 0.072268 -0.0148492 -0.0148492 0.075732 -0.0148492 0.0148492 0.072268 -0.0148492 0.0148492 0.075732 -0.0148429 -0.0257087 0.0564869 -0.0148429 0.0257087 0.0564869 -0.0147778 -0.0192589 0.00209422 -0.0147778 0.0192589 0.00209422 -0.0147716 -0.0255852 0.0037039 -0.0147716 0.0255852 0.0037039 -0.0147672 -0.019245 0.0630483 -0.0147672 0.019245 0.0630483 -0.0147553 -0.0255569 0.0570902 -0.0147553 0.0255569 0.0570902 -0.0146833 -0.0146833 0.0721522 -0.0146833 -0.0146833 0.0758478 -0.0146833 0.0146833 0.0721522 -0.0146833 0.0146833 0.0758478 -0.0146489 -0.0253726 0.0576812 -0.0146489 0.0253726 0.0576812 -0.0146103 -0.0190405 0 -0.0146103 0.0190405 0 -0.0145981 -0.0252846 0.003 -0.0145981 0.0252846 0.003 -0.0145861 -0.0145861 0.0639803 -0.0145861 0.0145861 0.0639803 -0.0145241 -0.0251565 0.0582578 -0.0145241 0.0251565 0.0582578 -0.0145082 -0.0145082 0.0720681 -0.0145082 -0.0145082 0.0759319 -0.0145082 0.0145082 0.0720681 -0.0145082 0.0145082 0.0759319 -0.0144925 -0.012986 0.0626672 -0.0144925 0.012986 0.0626672 -0.0144581 -0.0188421 0.0614272 -0.0144581 0.0188421 0.0614272 -0.0144162 -0.0187876 0.0632978 -0.0144162 0.0187876 0.0632978 -0.0143815 -0.0249095 0.0588175 -0.0143815 0.0249095 0.0588175 -0.0143801 -0.024907 0.00234743 -0.0143801 0.024907 0.00234743 -0.0143327 -0.0186787 0.00194876 -0.0143327 0.0186787 0.00194876 -0.0143267 -0.0143267 0.0720171 -0.0143267 -0.0143267 0.0759829 -0.0143267 0.0143267 0.0720171 -0.0143267 0.0143267 0.0759829 -0.0143118 -0.0143118 0.0626187 -0.0143118 0.0143118 0.0626187 -0.0142804 -0.0109577 0.062 -0.0142804 -0.0109577 0.09 -0.0142804 0.0109577 0.062 -0.0142804 0.0109577 0.09 -0.01425 -0.0246817 0.0076 -0.01425 -0.0246817 0.0532 -0.01425 0.0246817 0.0076 -0.01425 0.0246817 0.0532 -0.0142256 -0.0246395 0.006856 -0.0142256 0.0246395 0.006856 -0.0142216 -0.0246326 0.0593583 -0.0142216 0.0246326 0.0593583 -0.0142094 -0.0246113 0.05444 -0.0142094 0.0246113 0.05444 -0.0141529 -0.0245135 0.00612473 -0.0141529 0.0245135 0.00612473 -0.0141421 -0.0141421 0.064 -0.0141421 -0.0141421 0.072 -0.0141421 -0.0141421 0.076 -0.0141421 0.0141421 0.064 -0.0141421 0.0141421 0.072 -0.0141421 0.0141421 0.076 -0.0141213 -0.0244588 0.00175736 -0.0141213 0.0244588 0.00175736 -0.0140881 -0.0244014 0.0556588 -0.0140881 0.0244014 0.0556588 -0.0140564 -0.0183187 0.0635106 -0.0140564 0.0183187 0.0635106 -0.0140451 -0.0243268 0.0598778 -0.0140451 0.0243268 0.0598778 -0.0140331 -0.024306 0.0054187 -0.0140331 0.024306 0.0054187 -0.0139575 -0.0139575 0.0720171 -0.0139575 -0.0139575 0.0759829 -0.0139575 0.0139575 0.0720171 -0.0139575 0.0139575 0.0759829 -0.0139056 -0.0136551 0.0720646 -0.0139056 0.0136551 0.0759354 -0.0138884 -0.0240555 0.0568355 -0.0138884 0.0240555 0.0568355 -0.0138798 -0.0180885 0.0019 -0.0138798 0.0180885 0.0019 -0.0138741 -0.0136911 0.0825556 -0.0138741 -0.0136911 0.0875556 -0.0138741 0.0136911 0.0784444 -0.0138741 0.0136911 0.0834444 -0.0138682 -0.0240204 0.00475 -0.0138682 0.0240204 0.00475 -0.0138526 -0.0239933 0.0603742 -0.0138526 0.0239933 0.0603742 -0.0138263 -0.0239478 0.00123988 -0.0138263 0.0239478 0.00123988 -0.0138199 -0.01647 0.0808819 -0.0138199 -0.01647 0.0815069 -0.0138199 -0.01647 0.0858819 -0.0138199 -0.01647 0.0865069 -0.0138199 0.01647 0.0794931 -0.0138199 0.01647 0.0801181 -0.0138199 0.01647 0.0844931 -0.0138199 0.01647 0.0851181 -0.0137886 -0.0137886 0.062 -0.0137886 -0.0137886 0.0626672 -0.0137886 -0.0137886 0.064 -0.0137886 -0.0137886 0.0720646 -0.0137886 -0.0137886 0.0759354 -0.0137886 -0.0137886 0.0796946 -0.0137886 -0.0137886 0.0825554 -0.0137886 -0.0137886 0.0846946 -0.0137886 -0.0137886 0.0875554 -0.0137886 -0.0137886 0.09 -0.0137886 0.0137886 0.062 -0.0137886 0.0137886 0.0626672 -0.0137886 0.0137886 0.064 -0.0137886 0.0137886 0.0720646 -0.0137886 0.0137886 0.0759354 -0.0137886 0.0137886 0.0784446 -0.0137886 0.0137886 0.0813054 -0.0137886 0.0137886 0.0834446 -0.0137886 0.0137886 0.0863054 -0.0137886 0.0137886 0.09 -0.0137796 -0.0179579 0.0619768 -0.0137796 0.0179579 0.0619768 -0.0136911 -0.0138741 0.0796944 -0.0136911 -0.0138741 0.0846944 -0.0136911 0.0138741 0.0813056 -0.0136911 0.0138741 0.0863056 -0.0136892 -0.0178401 0.0636858 -0.0136892 0.0178401 0.0636858 -0.0136611 -0.0236616 0.00413006 -0.0136611 0.0236616 0.00413006 -0.0136551 -0.0139056 0.0759354 -0.0136551 0.0139056 0.0720646 -0.0136448 -0.0236336 0.0608455 -0.0136448 0.0236336 0.0608455 -0.0136136 -0.0235795 0.05795 -0.0136136 0.0235795 0.05795 -0.0135 -0.0233827 0.000803847 -0.0135 0.0233827 0.000803847 -0.0134227 -0.0232488 0.0612897 -0.0134227 0.0232488 0.0612897 -0.0134153 -0.0232359 0.00356949 -0.0134153 0.0232359 0.00356949 -0.0133928 -0.0174538 0.074 -0.0133928 0.0174538 0.074 -0.0133823 -0.0174402 0.0737389 -0.0133823 -0.0174402 0.0742611 -0.0133823 0.0174402 0.0737389 -0.0133823 0.0174402 0.0742611 -0.0133513 -0.0173997 0.0734824 -0.0133513 -0.0173997 0.0745176 -0.0133513 0.0173997 0.0734824 -0.0133513 0.0173997 0.0745176 -0.0133159 -0.0173537 0.0638229 -0.0133159 0.0173537 0.0638229 -0.0133001 -0.017333 0.0732346 -0.0133001 -0.017333 0.0747654 -0.0133001 0.017333 0.0732346 -0.0133001 0.017333 0.0747654 -0.0132684 -0.0229816 0.0589832 -0.0132684 0.0229816 0.0589832 -0.0132296 -0.0172412 0.073 -0.0132296 -0.0172412 0.075 -0.0132296 0.0172412 0.073 -0.0132296 0.0172412 0.075 -0.0131871 -0.0228408 0.0617051 -0.0131871 0.0228408 0.0617051 -0.0131481 -0.0227731 0.000456722 -0.0131481 0.0227731 0.000456722 -0.0131412 -0.0171259 0.0727825 -0.0131412 -0.0171259 0.0752175 -0.0131412 0.0171259 0.0727825 -0.0131412 0.0171259 0.0752175 -0.013135 -0.0227504 0.00307789 -0.013135 0.0227504 0.00307789 -0.0130633 -0.0170244 0.0623763 -0.0130633 0.0170244 0.0623763 -0.0130361 -0.016989 0.0725858 -0.0130361 -0.016989 0.0754142 -0.0130361 0.016989 0.0725858 -0.0130361 0.016989 0.0754142 -0.012986 -0.0144925 0.0626672 -0.012986 0.0144925 0.0626672 -0.0129389 -0.0224109 0.0620902 -0.0129389 0.0224109 0.0620902 -0.0129382 -0.0168614 0.0639211 -0.0129382 0.0168614 0.0639211 -0.0129164 -0.016833 0.0724133 -0.0129164 -0.016833 0.0755867 -0.0129164 0.016833 0.0724133 -0.0129164 0.016833 0.0755867 -0.0128588 -0.022272 0.0599175 -0.0128588 0.022272 0.0599175 -0.012825 -0.0222136 0.00266365 -0.012825 0.0222136 0.00266365 -0.012784 -0.0166604 0.072268 -0.012784 -0.0166604 0.075732 -0.012784 0.0166604 0.072268 -0.012784 0.0166604 0.075732 -0.0127765 -0.0221295 0.000204445 -0.0127765 0.0221295 0.000204445 -0.0127279 -0.0127279 0.062 -0.0127279 -0.0127279 0.09 -0.0127279 0.0127279 0.062 -0.0127279 0.0127279 0.09 -0.0126791 -0.0219609 0.0624433 -0.0126791 0.0219609 0.0624433 -0.0126412 -0.0164743 0.0721522 -0.0126412 -0.0164743 0.0758478 -0.0126412 0.0164743 0.0721522 -0.0126412 0.0164743 0.0758478 -0.0125575 -0.0163652 0.0639803 -0.0125575 0.0163652 0.0639803 -0.0125105 -0.0149094 0.0797058 -0.0125105 -0.0149094 0.0826831 -0.0125105 -0.0149094 0.0847058 -0.0125105 -0.0149094 0.0876831 -0.0125105 0.0149094 0.0783169 -0.0125105 0.0149094 0.0812942 -0.0125105 0.0149094 0.0833169 -0.0125105 0.0149094 0.0862942 -0.0124906 -0.0216344 0.00233389 -0.0124906 0.0216344 0.00233389 -0.0124903 -0.0162777 0.0720681 -0.0124903 -0.0162777 0.0759319 -0.0124903 0.0162777 0.0720681 -0.0124903 0.0162777 0.0759319 -0.0124088 -0.0214926 0.0627631 -0.0124088 0.0214926 0.0627631 -0.0123916 -0.0214629 0.0607369 -0.0123916 -0.0214628 5.13306e-05 -0.0123916 0.0214628 5.13306e-05 -0.0123916 0.0214629 0.0607369 -0.0123341 -0.0160742 0.0720171 -0.0123341 -0.0160742 0.0759829 -0.0123341 0.0160742 0.0720171 -0.0123341 0.0160742 0.0759829 -0.0123213 -0.0160575 0.0626187 -0.0123213 0.0160575 0.0626187 -0.0121752 -0.0158671 0.064 -0.0121752 -0.0158671 0.072 -0.0121752 -0.0158671 0.076 -0.0121752 0.0158671 0.064 -0.0121752 0.0158671 0.072 -0.0121752 0.0158671 0.076 -0.0121376 -0.021023 0.00209422 -0.0121376 0.021023 0.00209422 -0.0121289 -0.0210079 0.0630483 -0.0121289 0.0210079 0.0630483 -0.0120163 -0.01566 0.0720171 -0.0120163 -0.01566 0.0759829 -0.0120163 0.01566 0.0720171 -0.0120163 0.01566 0.0759829 -0.0120043 -0.0153534 0.0720646 -0.0120043 0.0153534 0.0759354 -0.012 -0.0207846 0 -0.012 0.0207846 0 -0.011875 -0.0205681 0.0614272 -0.011875 0.0205681 0.0614272 -0.0118708 -0.0154704 0.062 -0.0118708 -0.0154704 0.0626672 -0.0118708 -0.0154704 0.064 -0.0118708 -0.0154704 0.0720646 -0.0118708 -0.0154704 0.0759354 -0.0118708 -0.0154704 0.0797911 -0.0118708 -0.0154704 0.0826678 -0.0118708 -0.0154704 0.0847911 -0.0118708 -0.0154704 0.0876678 -0.0118708 -0.0154704 0.09 -0.0118708 0.0154704 0.062 -0.0118708 0.0154704 0.0626672 -0.0118708 0.0154704 0.064 -0.0118708 0.0154704 0.0720646 -0.0118708 0.0154704 0.0759354 -0.0118708 0.0154704 0.0783322 -0.0118708 0.0154704 0.0812089 -0.0118708 0.0154704 0.0833322 -0.0118708 0.0154704 0.0862089 -0.0118708 0.0154704 0.09 -0.0118406 -0.0205086 0.0632978 -0.0118406 0.0205086 0.0632978 -0.011772 -0.0203897 0.00194876 -0.011772 0.0203897 0.00194876 -0.0117233 -0.015569 0.0759354 -0.0117233 0.015569 0.0720646 -0.0115451 -0.0199967 0.0635106 -0.0115451 0.0199967 0.0635106 -0.0114805 -0.0277164 0.006 -0.0114805 -0.0277164 0.054 -0.0114805 0.0277164 0.006 -0.0114805 0.0277164 0.054 -0.0114729 -0.0276981 0.0546279 -0.0114729 0.0276981 0.0546279 -0.0114609 -0.027669 0.00521684 -0.0114609 0.027669 0.00521684 -0.0114503 -0.0276435 0.0552533 -0.0114503 0.0276435 0.0552533 -0.0114127 -0.0275527 0.0558738 -0.0114127 0.0275527 0.0558738 -0.0114023 -0.0275275 0.00444709 -0.0114023 0.0275275 0.00444709 -0.0114 -0.0197454 0.0019 -0.0114 0.0197454 0.0019 -0.0113603 -0.0274261 0.0564869 -0.0113603 0.0274261 0.0564869 -0.0113177 -0.0196029 0.0619768 -0.0113177 0.0196029 0.0619768 -0.0113057 -0.0272944 0.0037039 -0.0113057 0.0272944 0.0037039 -0.0112932 -0.0272642 0.0570902 -0.0112932 0.0272642 0.0570902 -0.0112512 -0.0158844 0.0827107 -0.0112512 -0.0158844 0.0877107 -0.0112512 0.0158844 0.0782893 -0.0112512 0.0158844 0.0832893 -0.0112434 -0.0194742 0.0636858 -0.0112434 0.0194742 0.0636858 -0.0112118 -0.0270676 0.0576812 -0.0112118 0.0270676 0.0576812 -0.0111729 -0.0269737 0.003 -0.0111729 0.0269737 0.003 -0.0111163 -0.0268371 0.0582578 -0.0111163 0.0268371 0.0582578 -0.0110791 -0.0159994 0.0798143 -0.0110791 -0.0159994 0.0848143 -0.0110791 0.0159994 0.0811857 -0.0110791 0.0159994 0.0861857 -0.0110071 -0.0265736 0.0588175 -0.0110071 0.0265736 0.0588175 -0.011006 -0.0265709 0.00234743 -0.011006 0.0265709 0.00234743 -0.011 -0.0190526 0.074 -0.011 0.0190526 0.074 -0.0109914 -0.0190377 0.0737389 -0.0109914 -0.0190377 0.0742611 -0.0109914 0.0190377 0.0737389 -0.0109914 0.0190377 0.0742611 -0.0109659 -0.0189935 0.0734824 -0.0109659 -0.0189935 0.0745176 -0.0109659 0.0189935 0.0734824 -0.0109659 0.0189935 0.0745176 -0.0109577 -0.0142804 0.062 -0.0109577 -0.0142804 0.09 -0.0109577 0.0142804 0.062 -0.0109577 0.0142804 0.09 -0.0109369 -0.0189433 0.0638229 -0.0109369 0.0189433 0.0638229 -0.0109239 -0.0189207 0.0732346 -0.0109239 -0.0189207 0.0747654 -0.0109239 0.0189207 0.0732346 -0.0109239 0.0189207 0.0747654 -0.0109065 -0.0263306 0.0076 -0.0109065 -0.0263306 0.0532 -0.0109065 0.0263306 0.0076 -0.0109065 0.0263306 0.0532 -0.0108878 -0.0262855 0.006856 -0.0108878 0.0262855 0.006856 -0.0108848 -0.0262782 0.0593583 -0.0108848 0.0262782 0.0593583 -0.0108754 -0.0262555 0.05444 -0.0108754 0.0262555 0.05444 -0.010866 -0.0188205 0.073 -0.010866 -0.0188205 0.075 -0.010866 0.0188205 0.073 -0.010866 0.0188205 0.075 -0.0108322 -0.0261511 0.00612473 -0.0108322 0.0261511 0.00612473 -0.010808 -0.0260928 0.00175736 -0.010808 0.0260928 0.00175736 -0.0107934 -0.0186946 0.0727825 -0.0107934 -0.0186946 0.0752175 -0.0107934 0.0186946 0.0727825 -0.0107934 0.0186946 0.0752175 -0.0107826 -0.0260315 0.0556588 -0.0107826 0.0260315 0.0556588 -0.01075 -0.0186195 0.0810208 -0.01075 -0.0186195 0.0816458 -0.01075 -0.0186195 0.0860208 -0.01075 -0.0186195 0.0866458 -0.01075 0.0186195 0.0793542 -0.01075 0.0186195 0.0799792 -0.01075 0.0186195 0.0843542 -0.01075 0.0186195 0.0849792 -0.0107496 -0.0259519 0.0598778 -0.0107496 0.0259519 0.0598778 -0.0107404 -0.0259297 0.0054187 -0.0107404 0.0259297 0.0054187 -0.0107294 -0.0185838 0.0623763 -0.0107294 0.0185838 0.0623763 -0.0107071 -0.0185453 0.0725858 -0.0107071 -0.0185453 0.0754142 -0.0107071 0.0185453 0.0725858 -0.0107071 0.0185453 0.0754142 -0.0106376 -0.0162944 0.0626672 -0.0106376 0.0162944 0.0626672 -0.0106297 -0.0256625 0.0568355 -0.0106297 0.0256625 0.0568355 -0.0106267 -0.0184059 0.0639211 -0.0106267 0.0184059 0.0639211 -0.0106142 -0.025625 0.00475 -0.0106142 0.025625 0.00475 -0.0106088 -0.0183749 0.0724133 -0.0106088 -0.0183749 0.0755867 -0.0106088 0.0183749 0.0724133 -0.0106088 0.0183749 0.0755867 -0.0106023 -0.0255962 0.0603742 -0.0106023 0.0255962 0.0603742 -0.0105822 -0.0255476 0.00123988 -0.0105822 0.0255476 0.00123988 -0.0105 -0.0181865 0.072268 -0.0105 -0.0181865 0.075732 -0.0105 0.0181865 0.072268 -0.0105 0.0181865 0.075732 -0.0104557 -0.0252423 0.00413006 -0.0104557 0.0252423 0.00413006 -0.0104433 -0.0252124 0.0608455 -0.0104433 0.0252124 0.0608455 -0.0104194 -0.0251547 0.05795 -0.0104194 0.0251547 0.05795 -0.0103827 -0.0179833 0.0721522 -0.0103827 -0.0179833 0.0758478 -0.0103827 0.0179833 0.0721522 -0.0103827 0.0179833 0.0758478 -0.0103325 -0.0249447 0.000803847 -0.0103325 0.0249447 0.000803847 -0.0103139 -0.0178643 0.0639803 -0.0103139 0.0178643 0.0639803 -0.0102733 -0.024802 0.0612897 -0.0102733 0.024802 0.0612897 -0.0102676 -0.0247882 0.00356949 -0.0102676 0.0247882 0.00356949 -0.0102588 -0.0177688 0.0720681 -0.0102588 -0.0177688 0.0759319 -0.0102588 0.0177688 0.0720681 -0.0102588 0.0177688 0.0759319 -0.0101552 -0.0245169 0.0589832 -0.0101552 0.0245169 0.0589832 -0.0101305 -0.0175466 0.0720171 -0.0101305 -0.0175466 0.0759829 -0.0101305 0.0175466 0.0720171 -0.0101305 0.0175466 0.0759829 -0.01012 -0.0175283 0.0626187 -0.01012 0.0175283 0.0626187 -0.010093 -0.0243666 0.0617051 -0.010093 0.0243666 0.0617051 -0.0100631 -0.0242944 0.000456722 -0.0100631 0.0242944 0.000456722 -0.0100531 -0.0242703 0.00307789 -0.0100531 0.0242703 0.00307789 -0.01 -0.0173205 0.064 -0.01 -0.0173205 0.072 -0.01 -0.0173205 0.076 -0.01 0.0173205 0.064 -0.01 0.0173205 0.072 -0.01 0.0173205 0.076 -0.00990302 -0.023908 0.0620902 -0.00990302 0.023908 0.0620902 -0.00989757 -0.0167889 0.0720646 -0.00989757 0.0167889 0.0759354 -0.00986947 -0.0170944 0.0720171 -0.00986947 -0.0170944 0.0759829 -0.00986947 0.0170944 0.0720171 -0.00986947 0.0170944 0.0759829 -0.00984166 -0.0237599 0.0599175 -0.00984166 0.0237599 0.0599175 -0.00981583 -0.0236975 0.00266365 -0.00981583 0.0236975 0.00266365 -0.00977868 -0.0236078 0.000204445 -0.00977868 0.0236078 0.000204445 -0.00975 -0.0168875 0.062 -0.00975 -0.0168875 0.0626672 -0.00975 -0.0168875 0.064 -0.00975 -0.0168875 0.0720646 -0.00975 -0.0168875 0.0759354 -0.00975 -0.0168875 0.0798661 -0.00975 -0.0168875 0.0828005 -0.00975 -0.0168875 0.0848661 -0.00975 -0.0168875 0.0878005 -0.00975 -0.0168875 0.09 -0.00975 0.0168875 0.062 -0.00975 0.0168875 0.0626672 -0.00975 0.0168875 0.064 -0.00975 0.0168875 0.0720646 -0.00975 0.0168875 0.0759354 -0.00975 0.0168875 0.0781995 -0.00975 0.0168875 0.0811339 -0.00975 0.0168875 0.0831995 -0.00975 0.0168875 0.0861339 -0.00975 0.0168875 0.09 -0.00970419 -0.023428 0.0624433 -0.00970419 0.023428 0.0624433 -0.00959082 -0.016966 0.0759354 -0.00959082 0.016966 0.0720646 -0.00955993 -0.0230797 0.00233389 -0.00955993 0.0230797 0.00233389 -0.00949726 -0.0229284 0.0627631 -0.00949726 0.0229284 0.0627631 -0.00948413 -0.0228967 0.0607369 -0.00948413 0.0228967 0.0607369 -0.0094841 -0.0228967 5.13306e-05 -0.0094841 0.0228967 5.13306e-05 -0.00928974 -0.0224274 0.00209422 -0.00928974 0.0224274 0.00209422 -0.00928305 -0.0224113 0.0630483 -0.00928305 0.0224113 0.0630483 -0.0091844 -0.0221731 0 -0.0091844 0.0221731 0 -0.00908873 -0.0219421 0.0614272 -0.00908873 0.0219421 0.0614272 -0.00906242 -0.0218786 0.0632978 -0.00906242 0.0218786 0.0632978 -0.0090099 -0.0217518 0.00194876 -0.0090099 0.0217518 0.00194876 -0.009 -0.0155885 0.062 -0.009 -0.0155885 0.074 -0.009 -0.0155885 0.09 -0.009 0.0155885 0.062 -0.009 0.0155885 0.074 -0.009 0.0155885 0.09 -0.00883622 -0.0213325 0.0635106 -0.00883622 0.0213325 0.0635106 -0.00879254 -0.0173597 0.0626672 -0.00879254 0.0173597 0.0626672 -0.00872518 -0.0210645 0.0019 -0.00872518 0.0210645 0.0019 -0.00866223 -0.0209125 0.0619768 -0.00866223 0.0209125 0.0619768 -0.00860536 -0.0207752 0.0636858 -0.00860536 0.0207752 0.0636858 -0.00841904 -0.0203253 0.074 -0.00841904 0.0203253 0.074 -0.00841249 -0.0203095 0.0737389 -0.00841249 -0.0203095 0.0742611 -0.00841249 0.0203095 0.0737389 -0.00841249 0.0203095 0.0742611 -0.00839296 -0.0202624 0.0734824 -0.00839296 -0.0202624 0.0745176 -0.00839296 0.0202624 0.0734824 -0.00839296 0.0202624 0.0745176 -0.00837074 -0.0202088 0.0638229 -0.00837074 0.0202088 0.0638229 -0.00836077 -0.0201847 0.0732346 -0.00836077 -0.0201847 0.0747654 -0.00836077 0.0201847 0.0732346 -0.00836077 0.0201847 0.0747654 -0.0083165 -0.0200778 0.073 -0.0083165 -0.0200778 0.075 -0.0083165 0.0200778 0.073 -0.0083165 0.0200778 0.075 -0.00831639 -0.0175945 0.0828524 -0.00831639 -0.0175945 0.0878524 -0.00831639 0.0175945 0.0781476 -0.00831639 0.0175945 0.0831476 -0.00826087 -0.0199435 0.0727825 -0.00826087 -0.0199435 0.0752175 -0.00826087 0.0199435 0.0727825 -0.00826087 0.0199435 0.0752175 -0.00821192 -0.0198253 0.0623763 -0.00821192 0.0198253 0.0623763 -0.00819486 -0.0197842 0.0725858 -0.00819486 -0.0197842 0.0754142 -0.00819486 0.0197842 0.0725858 -0.00819486 0.0197842 0.0754142 -0.0081333 -0.0196355 0.0639211 -0.0081333 0.0196355 0.0639211 -0.00813068 -0.0176861 0.079956 -0.00813068 -0.0176861 0.084956 -0.00813068 0.0176861 0.081044 -0.00813068 0.0176861 0.086044 -0.00811959 -0.0196024 0.0724133 -0.00811959 -0.0196024 0.0755867 -0.00811959 0.0196024 0.0724133 -0.00811959 0.0196024 0.0755867 -0.00803635 -0.0194015 0.072268 -0.00803635 -0.0194015 0.075732 -0.00803635 0.0194015 0.072268 -0.00803635 0.0194015 0.075732 -0.00794656 -0.0191847 0.0721522 -0.00794656 -0.0191847 0.0758478 -0.00794656 0.0191847 0.0721522 -0.00794656 0.0191847 0.0758478 -0.00789396 -0.0190577 0.0639803 -0.00789396 0.0190577 0.0639803 -0.00785176 -0.0189558 0.0720681 -0.00785176 -0.0189558 0.0759319 -0.00785176 0.0189558 0.0720681 -0.00785176 0.0189558 0.0759319 -0.00776457 -0.0289778 0.006 -0.00776457 -0.0289778 0.054 -0.00776457 0.0289778 0.006 -0.00776457 0.0289778 0.054 -0.00775946 -0.0289587 0.0546279 -0.00775946 0.0289587 0.0546279 -0.00775357 -0.0187188 0.0720171 -0.00775357 -0.0187188 0.0759829 -0.00775357 0.0187188 0.0720171 -0.00775357 0.0187188 0.0759829 -0.00775129 -0.0289282 0.00521684 -0.00775129 0.0289282 0.00521684 -0.00774551 -0.0186993 0.0626187 -0.00774551 0.0186993 0.0626187 -0.00774416 -0.0289016 0.0552533 -0.00774416 0.0289016 0.0552533 -0.00771872 -0.0288067 0.0558738 -0.00771872 0.0288067 0.0558738 -0.00771166 -0.0287803 0.00444709 -0.00771166 0.0287803 0.00444709 -0.00768326 -0.0286743 0.0564869 -0.00768326 0.0286743 0.0564869 -0.00765367 -0.0184776 0.064 -0.00765367 -0.0184776 0.072 -0.00765367 -0.0184776 0.076 -0.00765367 0.0184776 0.064 -0.00765367 0.0184776 0.072 -0.00765367 0.0184776 0.076 -0.00764636 -0.0285366 0.0037039 -0.00764636 0.0285366 0.0037039 -0.00763789 -0.028505 0.0570902 -0.00763789 0.028505 0.0570902 -0.00762151 -0.0179372 0.0720646 -0.00762151 0.0179372 0.0759354 -0.00758282 -0.0282995 0.0576812 -0.00758282 0.0282995 0.0576812 -0.00755652 -0.0282013 0.003 -0.00755652 0.0282013 0.003 -0.00755377 -0.0182364 0.0720171 -0.00755377 -0.0182364 0.0759829 -0.00755377 0.0182364 0.0720171 -0.00755377 0.0182364 0.0759829 -0.00751824 -0.0280585 0.0582578 -0.00751824 0.0280585 0.0582578 -0.00746233 -0.0180157 0.062 -0.00746233 -0.0180157 0.0626672 -0.00746233 -0.0180157 0.064 -0.00746233 -0.0180157 0.0720646 -0.00746233 -0.0180157 0.0759354 -0.00746233 -0.0180157 0.0799989 -0.00746233 -0.0180157 0.0828755 -0.00746233 -0.0180157 0.0849989 -0.00746233 -0.0180157 0.0878755 -0.00746233 -0.0180157 0.09 -0.00746233 -0.0180156 0.0626672 -0.00746233 -0.0180156 0.0720646 -0.00746233 -0.0180156 0.0759354 -0.00746233 0.0180156 0.0626672 -0.00746233 0.0180156 0.0720646 -0.00746233 0.0180156 0.0759354 -0.00746233 0.0180157 0.062 -0.00746233 0.0180157 0.0626672 -0.00746233 0.0180157 0.064 -0.00746233 0.0180157 0.0720646 -0.00746233 0.0180157 0.0759354 -0.00746233 0.0180157 0.0781245 -0.00746233 0.0180157 0.0810011 -0.00746233 0.0180157 0.0831245 -0.00746233 0.0180157 0.0860011 -0.00746233 0.0180157 0.09 -0.00744443 -0.027783 0.0588175 -0.00744443 0.027783 0.0588175 -0.00744367 -0.0277801 0.00234743 -0.00744367 0.0277801 0.00234743 -0.00737634 -0.0275289 0.0076 -0.00737634 -0.0275289 0.0532 -0.00737634 0.0275289 0.0076 -0.00737634 0.0275289 0.0532 -0.00736372 -0.0274818 0.006856 -0.00736372 0.0274818 0.006856 -0.00736166 -0.0274741 0.0593583 -0.00736166 0.0274741 0.0593583 -0.00735531 -0.0274504 0.05444 -0.00735531 0.0274504 0.05444 -0.00735344 -0.0202034 0.0811597 -0.00735344 -0.0202034 0.0817847 -0.00735344 -0.0202034 0.0861597 -0.00735344 -0.0202034 0.0867847 -0.00735344 0.0202034 0.0792153 -0.00735344 0.0202034 0.0798403 -0.00735344 0.0202034 0.0842153 -0.00735344 0.0202034 0.0848403 -0.00735343 -0.0202034 0.0811597 -0.00735343 -0.0202034 0.0817847 -0.00735343 -0.0202034 0.0861597 -0.00735343 -0.0202034 0.0867847 -0.00735343 0.0202034 0.0792153 -0.00735343 0.0202034 0.0798403 -0.00735343 0.0202034 0.0842153 -0.00735343 0.0202034 0.0848403 -0.00732607 -0.0273413 0.00612473 -0.00732607 0.0273413 0.00612473 -0.00730973 -0.0272803 0.00175736 -0.00730973 0.0272803 0.00175736 -0.00729426 -0.0180727 0.0759354 -0.00729426 0.0180727 0.0720646 -0.00729256 -0.0272162 0.0556588 -0.00729256 0.0272162 0.0556588 -0.00727027 -0.027133 0.0598778 -0.00727027 0.027133 0.0598778 -0.00726404 -0.0271098 0.0054187 -0.00726404 0.0271098 0.0054187 -0.00718918 -0.0268304 0.0568355 -0.00718918 0.0268304 0.0568355 -0.00717869 -0.0267913 0.00475 -0.00717869 0.0267913 0.00475 -0.00717061 -0.0267611 0.0603742 -0.00717061 0.0267611 0.0603742 -0.00715701 -0.0267103 0.00123988 -0.00715701 0.0267103 0.00123988 -0.00707148 -0.0263911 0.00413006 -0.00707148 0.0263911 0.00413006 -0.00706309 -0.0263598 0.0608455 -0.00706309 0.0263598 0.0608455 -0.00704693 -0.0262995 0.05795 -0.00704693 0.0262995 0.05795 -0.00698811 -0.02608 0.000803847 -0.00698811 0.02608 0.000803847 -0.00694812 -0.0259307 0.0612897 -0.00694812 0.0259307 0.0612897 -0.00694425 -0.0259163 0.00356949 -0.00694425 0.0259163 0.00356949 -0.0068883 -0.0166298 0.062 -0.0068883 -0.0166298 0.09 -0.0068883 0.0166298 0.062 -0.0068883 0.0166298 0.09 -0.00686824 -0.0256326 0.0589832 -0.00686824 0.0256326 0.0589832 -0.00682615 -0.0254756 0.0617051 -0.00682615 0.0254756 0.0617051 -0.00680593 -0.0254001 0.000456722 -0.00680593 0.0254001 0.000456722 -0.00679916 -0.0253748 0.00307789 -0.00679916 0.0253748 0.00307789 -0.00669768 -0.0249961 0.0620902 -0.00669768 0.0249961 0.0620902 -0.0066567 -0.0182891 0.0799836 -0.0066567 -0.0182891 0.0829609 -0.0066567 -0.0182891 0.0849836 -0.0066567 -0.0182891 0.0879609 -0.0066567 0.0182891 0.0780391 -0.0066567 0.0182891 0.0810164 -0.0066567 0.0182891 0.0830391 -0.0066567 0.0182891 0.0860164 -0.00665669 -0.0182891 0.0799836 -0.00665669 -0.0182891 0.0849836 -0.00665669 0.0182891 0.0810164 -0.00665669 0.0182891 0.0860164 -0.00665618 -0.0248412 0.0599175 -0.00665618 0.0248412 0.0599175 -0.00663871 -0.024776 0.00266365 -0.00663871 0.024776 0.00266365 -0.00661358 -0.0246822 0.000204445 -0.00661358 0.0246822 0.000204445 -0.0065632 -0.0244942 0.0624433 -0.0065632 0.0244942 0.0624433 -0.00646563 -0.0241301 0.00233389 -0.00646563 0.0241301 0.00233389 -0.00642325 -0.0239719 0.0627631 -0.00642325 0.0239719 0.0627631 -0.00641437 -0.0239388 0.0607369 -0.00641437 0.0239388 0.0607369 -0.00641435 -0.0239387 5.13306e-05 -0.00641435 0.0239387 5.13306e-05 -0.0062829 -0.0234481 0.00209422 -0.0062829 0.0234481 0.00209422 -0.00627838 -0.0234312 0.0630483 -0.00627838 0.0234312 0.0630483 -0.00621166 -0.0231822 0 -0.00621166 0.0231822 0 -0.00614695 -0.0229407 0.0614272 -0.00614695 0.0229407 0.0614272 -0.00612916 -0.0228743 0.0632978 -0.00612916 0.0228743 0.0632978 -0.00609363 -0.0227418 0.00194876 -0.00609363 0.0227418 0.00194876 -0.00605787 -0.0184924 0.0626672 -0.00605787 0.0184924 0.0626672 -0.00597617 -0.0223034 0.0635106 -0.00597617 0.0223034 0.0635106 -0.00590107 -0.0220231 0.0019 -0.00590107 0.0220231 0.0019 -0.00585849 -0.0218642 0.0619768 -0.00585849 0.0218642 0.0619768 -0.00582004 -0.0217207 0.0636858 -0.00582004 0.0217207 0.0636858 -0.00569402 -0.0212504 0.074 -0.00569402 0.0212504 0.074 -0.00568959 -0.0212338 0.0737389 -0.00568959 -0.0212338 0.0742611 -0.00568959 0.0212338 0.0737389 -0.00568959 0.0212338 0.0742611 -0.00567638 -0.0211845 0.0734824 -0.00567638 -0.0211845 0.0745176 -0.00567638 0.0211845 0.0734824 -0.00567638 0.0211845 0.0745176 -0.00566136 -0.0211285 0.0638229 -0.00566136 0.0211285 0.0638229 -0.00565462 -0.0211033 0.0732346 -0.00565462 -0.0211033 0.0747654 -0.00565462 0.0211033 0.0732346 -0.00565462 0.0211033 0.0747654 -0.00562467 -0.0209915 0.073 -0.00562467 -0.0209915 0.075 -0.00562467 0.0209915 0.073 -0.00562467 0.0209915 0.075 -0.00558705 -0.0208512 0.0727825 -0.00558705 -0.0208512 0.0752175 -0.00558705 0.0208512 0.0727825 -0.00558705 0.0208512 0.0752175 -0.00555394 -0.0207276 0.0623763 -0.00555394 0.0207276 0.0623763 -0.00554241 -0.0206845 0.0725858 -0.00554241 -0.0206845 0.0754142 -0.00554241 0.0206845 0.0725858 -0.00554241 0.0206845 0.0754142 -0.00550077 -0.0205291 0.0639211 -0.00550077 0.0205291 0.0639211 -0.0054915 -0.0204946 0.0724133 -0.0054915 -0.0204946 0.0755867 -0.0054915 0.0204946 0.0724133 -0.0054915 0.0204946 0.0755867 -0.0054352 -0.0202844 0.072268 -0.0054352 -0.0202844 0.075732 -0.0054352 0.0202844 0.072268 -0.0054352 0.0202844 0.075732 -0.00537447 -0.0200578 0.0721522 -0.00537447 -0.0200578 0.0758478 -0.00537447 0.0200578 0.0721522 -0.00537447 0.0200578 0.0758478 -0.00533889 -0.019925 0.0639803 -0.00533889 0.019925 0.0639803 -0.00531036 -0.0198185 0.0720681 -0.00531036 -0.0198185 0.0759319 -0.00531036 0.0198185 0.0720681 -0.00531036 0.0198185 0.0759319 -0.00524395 -0.0195707 0.0720171 -0.00524395 -0.0195707 0.0759829 -0.00524395 0.0195707 0.0720171 -0.00524395 0.0195707 0.0759829 -0.00523849 -0.0195503 0.0626187 -0.00523849 0.0195503 0.0626187 -0.00521504 -0.0187785 0.0720646 -0.00521504 0.0187785 0.0759354 -0.00517638 -0.0193185 0.064 -0.00517638 -0.0193185 0.072 -0.00517638 -0.0193185 0.076 -0.00517638 0.0193185 0.064 -0.00517638 0.0193185 0.072 -0.00517638 0.0193185 0.076 -0.00516977 -0.0187939 0.0829722 -0.00516977 -0.0187939 0.0879722 -0.00516977 0.0187939 0.0780278 -0.00516977 0.0187939 0.0830278 -0.00510882 -0.0190664 0.0720171 -0.00510882 -0.0190664 0.0759829 -0.00510882 0.0190664 0.0720171 -0.00510882 0.0190664 0.0759829 -0.00504697 -0.0188356 0.062 -0.00504697 -0.0188356 0.0626672 -0.00504697 -0.0188356 0.064 -0.00504697 -0.0188356 0.0720646 -0.00504697 -0.0188356 0.0759354 -0.00504697 -0.0188356 0.0801113 -0.00504697 -0.0188356 0.0829721 -0.00504697 -0.0188356 0.0851113 -0.00504697 -0.0188356 0.0879721 -0.00504697 -0.0188356 0.09 -0.00504697 0.0188356 0.062 -0.00504697 0.0188356 0.0626672 -0.00504697 0.0188356 0.064 -0.00504697 0.0188356 0.0720646 -0.00504697 0.0188356 0.0759354 -0.00504697 0.0188356 0.0780279 -0.00504697 0.0188356 0.0808887 -0.00504697 0.0188356 0.0830279 -0.00504697 0.0188356 0.0858887 -0.00504697 0.0188356 0.09 -0.00491979 -0.0188609 0.0801111 -0.00491979 -0.0188609 0.0851111 -0.00491979 0.0188609 0.0808889 -0.00491979 0.0188609 0.0858889 -0.00487289 -0.0188702 0.0759354 -0.00487289 0.0188702 0.0720646 -0.00465874 -0.0173867 0.062 -0.00465874 -0.0173867 0.09 -0.00465874 0.0173867 0.062 -0.00465874 0.0173867 0.09 -0.00391579 -0.0297433 0.006 -0.00391579 -0.0297433 0.054 -0.00391579 0.0297433 0.006 -0.00391579 0.0297433 0.054 -0.00391321 -0.0297238 0.0546279 -0.00391321 0.0297238 0.0546279 -0.00390909 -0.0296925 0.00521684 -0.00390909 0.0296925 0.00521684 -0.00390549 -0.0296652 0.0552533 -0.00390549 0.0296652 0.0552533 -0.00389266 -0.0295677 0.0558738 -0.00389266 0.0295677 0.0558738 -0.0038891 -0.0295406 0.00444709 -0.0038891 0.0295406 0.00444709 -0.00387478 -0.0294319 0.0564869 -0.00387478 0.0294319 0.0564869 -0.00385617 -0.0292905 0.0037039 -0.00385617 0.0292905 0.0037039 -0.0038519 -0.0292581 0.0570902 -0.0038519 0.0292581 0.0570902 -0.00382412 -0.0290471 0.0576812 -0.00382412 0.0290471 0.0576812 -0.00381086 -0.0289464 0.003 -0.00381086 0.0289464 0.003 -0.00379156 -0.0287998 0.0582578 -0.00379156 0.0287998 0.0582578 -0.00375433 -0.028517 0.0588175 -0.00375433 0.028517 0.0588175 -0.00375395 -0.0285141 0.00234743 -0.00375395 0.0285141 0.00234743 -0.00373344 -0.0211734 0.0812986 -0.00373344 -0.0211734 0.0819236 -0.00373344 -0.0211734 0.0862986 -0.00373344 -0.0211734 0.0869236 -0.00373344 0.0211734 0.0790764 -0.00373344 0.0211734 0.0797014 -0.00373344 0.0211734 0.0840764 -0.00373344 0.0211734 0.0847014 -0.00373343 -0.0211734 0.0812986 -0.00373343 -0.0211734 0.0819236 -0.00373343 -0.0211734 0.0862986 -0.00373343 -0.0211734 0.0869236 -0.00373343 0.0211734 0.0790764 -0.00373343 0.0211734 0.0797014 -0.00373343 0.0211734 0.0840764 -0.00373343 0.0211734 0.0847014 -0.00372 -0.0282562 0.0076 -0.00372 -0.0282562 0.0532 -0.00372 0.0282562 0.0076 -0.00372 0.0282562 0.0532 -0.00371363 -0.0282078 0.006856 -0.00371363 0.0282078 0.006856 -0.00371259 -0.0281999 0.0593583 -0.00371259 0.0281999 0.0593583 -0.00370939 -0.0281756 0.05444 -0.00370939 0.0281756 0.05444 -0.00369464 -0.0280636 0.00612473 -0.00369464 0.0280636 0.00612473 -0.0036864 -0.028001 0.00175736 -0.0036864 0.028001 0.00175736 -0.00367774 -0.0279352 0.0556588 -0.00367774 0.0279352 0.0556588 -0.0036665 -0.0278498 0.0598778 -0.0036665 0.0278498 0.0598778 -0.00366336 -0.027826 0.0054187 -0.00366336 0.027826 0.0054187 -0.00362561 -0.0275392 0.0568355 -0.00362561 0.0275392 0.0568355 -0.00362032 -0.0274991 0.00475 -0.00362032 0.0274991 0.00475 -0.00361624 -0.0274681 0.0603742 -0.00361624 0.0274681 0.0603742 -0.00360938 -0.027416 0.00123988 -0.00360938 0.027416 0.00123988 -0.00359231 -0.0191249 0.0626672 -0.00359231 0.0191249 0.0626672 -0.00356625 -0.0270884 0.00413006 -0.00356625 0.0270884 0.00413006 -0.00356202 -0.0270562 0.0608455 -0.00356202 0.0270562 0.0608455 -0.00355387 -0.0269943 0.05795 -0.00355387 0.0269943 0.05795 -0.00352421 -0.026769 0.000803847 -0.00352421 0.026769 0.000803847 -0.00350403 -0.0266158 0.0612897 -0.00350403 0.0266158 0.0612897 -0.00350208 -0.026601 0.00356949 -0.00350208 0.026601 0.00356949 -0.00346375 -0.0263098 0.0589832 -0.00346375 0.0263098 0.0589832 -0.00344253 -0.0261486 0.0617051 -0.00344253 0.0261486 0.0617051 -0.00343233 -0.0260711 0.000456722 -0.00343233 0.0260711 0.000456722 -0.00342892 -0.0260452 0.00307789 -0.00342892 0.0260452 0.00307789 -0.0033797 -0.0191672 0.0830997 -0.0033797 -0.0191672 0.0880997 -0.0033797 0.0191672 0.0779003 -0.0033797 0.0191672 0.0829003 -0.00337969 -0.0191672 0.0801225 -0.00337969 -0.0191672 0.0830997 -0.00337969 -0.0191672 0.0851225 -0.00337969 -0.0191672 0.0880997 -0.00337969 0.0191672 0.0779003 -0.00337969 0.0191672 0.0808775 -0.00337969 0.0191672 0.0829003 -0.00337969 0.0191672 0.0858775 -0.00337774 -0.0256565 0.0620902 -0.00337774 0.0256565 0.0620902 -0.00335681 -0.0254975 0.0599175 -0.00335681 0.0254975 0.0599175 -0.003348 -0.0254306 0.00266365 -0.003348 0.0254306 0.00266365 -0.00333532 -0.0253343 0.000204445 -0.00333532 0.0253343 0.000204445 -0.00330992 -0.0251413 0.0624433 -0.00330992 0.0251413 0.0624433 -0.00326071 -0.0247676 0.00233389 -0.00326071 0.0247676 0.00233389 -0.00323934 -0.0246052 0.0627631 -0.00323934 0.0246052 0.0627631 -0.00323486 -0.0245712 0.0607369 -0.00323486 0.0245712 0.0607369 -0.00323485 -0.0245711 5.13306e-05 -0.00323485 0.0245711 5.13306e-05 -0.00316856 -0.0240676 0.00209422 -0.00316856 0.0240676 0.00209422 -0.00316628 -0.0240503 0.0630483 -0.00316628 0.0240503 0.0630483 -0.00313263 -0.0237947 0 -0.00313263 0.0237947 0 -0.0031 -0.0235468 0.0614272 -0.0031 0.0235468 0.0614272 -0.00309102 -0.0234786 0.0632978 -0.00309102 0.0234786 0.0632978 -0.00307311 -0.0233426 0.00194876 -0.00307311 0.0233426 0.00194876 -0.00301387 -0.0228926 0.0635106 -0.00301387 0.0228926 0.0635106 -0.002976 -0.0226049 0.0019 -0.002976 0.0226049 0.0019 -0.00295452 -0.0224418 0.0619768 -0.00295452 0.0224418 0.0619768 -0.00293513 -0.0222945 0.0636858 -0.00293513 0.0222945 0.0636858 -0.00287158 -0.0218118 0.074 -0.00287158 0.0218118 0.074 -0.00286934 -0.0217948 0.0737389 -0.00286934 -0.0217948 0.0742611 -0.00286934 0.0217948 0.0737389 -0.00286934 0.0217948 0.0742611 -0.00286268 -0.0217442 0.0734824 -0.00286268 -0.0217442 0.0745176 -0.00286268 0.0217442 0.0734824 -0.00286268 0.0217442 0.0745176 -0.0028551 -0.0216867 0.0638229 -0.0028551 0.0216867 0.0638229 -0.0028517 -0.0216608 0.0732346 -0.0028517 -0.0216608 0.0747654 -0.0028517 0.0216608 0.0732346 -0.0028517 0.0216608 0.0747654 -0.0028366 -0.0215461 0.073 -0.0028366 -0.0215461 0.075 -0.0028366 0.0215461 0.073 -0.0028366 0.0215461 0.075 -0.00281763 -0.021402 0.0727825 -0.00281763 -0.021402 0.0752175 -0.00281763 0.021402 0.0727825 -0.00281763 0.021402 0.0752175 -0.00280093 -0.0212752 0.0623763 -0.00280093 0.0212752 0.0623763 -0.00279512 -0.021231 0.0725858 -0.00279512 -0.021231 0.0754142 -0.00279512 0.021231 0.0725858 -0.00279512 0.021231 0.0754142 -0.00277412 -0.0210715 0.0639211 -0.00277412 0.0210715 0.0639211 -0.00276944 -0.021036 0.0724133 -0.00276944 -0.021036 0.0755867 -0.00276944 0.021036 0.0724133 -0.00276944 0.021036 0.0755867 -0.00274105 -0.0208203 0.072268 -0.00274105 -0.0208203 0.075732 -0.00274105 0.0208203 0.072268 -0.00274105 0.0208203 0.075732 -0.00271934 -0.0192985 0.0720646 -0.00271934 0.0192985 0.0759354 -0.00271042 -0.0205877 0.0721522 -0.00271042 -0.0205877 0.0758478 -0.00271042 0.0205877 0.0721522 -0.00271042 0.0205877 0.0758478 -0.00269248 -0.0204514 0.0639803 -0.00269248 0.0204514 0.0639803 -0.00267809 -0.0203421 0.0720681 -0.00267809 -0.0203421 0.0759319 -0.00267809 0.0203421 0.0720681 -0.00267809 0.0203421 0.0759319 -0.0026446 -0.0200877 0.0720171 -0.0026446 -0.0200877 0.0759829 -0.0026446 0.0200877 0.0720171 -0.0026446 0.0200877 0.0759829 -0.00264185 -0.0200668 0.0626187 -0.00264185 0.0200668 0.0626187 -0.00261052 -0.0198289 0.064 -0.00261052 -0.0198289 0.072 -0.00261052 -0.0198289 0.076 -0.00261052 0.0198289 0.064 -0.00261052 0.0198289 0.072 -0.00261052 0.0198289 0.076 -0.00257645 -0.0195701 0.0720171 -0.00257645 -0.0195701 0.0759829 -0.00257645 0.0195701 0.0720171 -0.00257645 0.0195701 0.0759829 -0.00254526 -0.0193332 0.062 -0.00254526 -0.0193332 0.0626672 -0.00254526 -0.0193332 0.064 -0.00254526 -0.0193332 0.0720646 -0.00254526 -0.0193332 0.0759354 -0.00254526 -0.0193332 0.0802078 -0.00254526 -0.0193332 0.0830845 -0.00254526 -0.0193332 0.0852078 -0.00254526 -0.0193332 0.0880845 -0.00254526 -0.0193332 0.09 -0.00254526 0.0193332 0.062 -0.00254526 0.0193332 0.0626672 -0.00254526 0.0193332 0.064 -0.00254526 0.0193332 0.0720646 -0.00254526 0.0193332 0.0759354 -0.00254526 0.0193332 0.0779155 -0.00254526 0.0193332 0.0807922 -0.00254526 0.0193332 0.0829155 -0.00254526 0.0193332 0.0857922 -0.00254526 0.0193332 0.09 -0.00236815 -0.0193448 0.0759354 -0.00236815 0.0193448 0.0720646 -0.00234947 -0.017846 0.062 -0.00234947 -0.017846 0.09 -0.00234947 0.017846 0.062 -0.00234947 0.017846 0.09 -0.00180165 -0.0193819 0.0831273 -0.00180165 -0.0193819 0.0881273 -0.00180165 0.0193819 0.0778727 -0.00180165 0.0193819 0.0828727 -0.00159503 -0.0193955 0.080231 -0.00159503 -0.0193955 0.085231 -0.00159503 0.0193955 0.080769 -0.00159503 0.0193955 0.085769 -0.00147999 -0.019403 0.0626672 -0.00147999 0.019403 0.0626672 -0.000177101 -0.0194884 0.0720646 -0.000177101 0.0194884 0.0759354 -4.76837e-09 -0.0215 0.0814375 -4.76837e-09 -0.0215 0.0820625 -4.76837e-09 -0.0215 0.0864375 -4.76837e-09 -0.0215 0.0870625 -4.76837e-09 -0.0195 0.0802828 -4.76837e-09 -0.0195 0.0832172 -4.76837e-09 -0.0195 0.0852828 -4.76837e-09 -0.0195 0.0882172 -4.76837e-09 0.0195 0.0777828 -4.76837e-09 0.0195 0.0807172 -4.76837e-09 0.0195 0.0827828 -4.76837e-09 0.0195 0.0857172 -4.76837e-09 0.0215 0.0789375 -4.76837e-09 0.0215 0.0795625 -4.76837e-09 0.0215 0.0839375 -4.76837e-09 0.0215 0.0845625 0 -0.03 0.006 0 -0.03 0.054 0 -0.0299803 0.0546279 0 -0.0299487 0.00521684 0 -0.0299211 0.0552533 0 -0.0298229 0.0558738 0 -0.0297956 0.00444709 0 -0.0296858 0.0564869 0 -0.0295433 0.0037039 0 -0.0295106 0.0570902 0 -0.0292978 0.0576812 0 -0.0291962 0.003 0 -0.0290483 0.0582578 0 -0.0287631 0.0588175 0 -0.0287601 0.00234743 0 -0.0285 0.0076 0 -0.0285 0.0532 0 -0.0284512 0.006856 0 -0.0284433 0.0593583 0 -0.0284187 0.05444 0 -0.0283058 0.00612473 0 -0.0282426 0.00175736 0 -0.0281763 0.0556588 0 -0.0280902 0.0598778 0 -0.0280661 0.0054187 0 -0.0277768 0.0568355 0 -0.0277363 0.00475 0 -0.0277051 0.0603742 0 -0.0276526 0.00123988 0 -0.0273221 0.00413006 0 -0.0272897 0.0608455 0 -0.0272272 0.05795 0 -0.027 0.000803847 0 -0.0268455 0.0612897 0 -0.0268305 0.00356949 0 -0.0265369 0.0589832 0 -0.0263742 0.0617051 0 -0.0262961 0.000456722 0 -0.0262699 0.00307789 0 -0.0258778 0.0620902 0 -0.0257175 0.0599175 0 -0.02565 0.00266365 0 -0.0255529 0.000204445 0 -0.0253583 0.0624433 0 -0.0249813 0.00233389 0 -0.0248175 0.0627631 0 -0.0247832 5.13306e-05 0 -0.0247832 0.0607369 0 -0.0242753 0.00209422 0 -0.0242578 0.0630483 0 -0.024 0 0 -0.02375 0.0614272 0 -0.0236812 0.0632978 0 -0.023544 0.00194876 0 -0.0230902 0.0635106 0 -0.0228 0.0019 0 -0.0226355 0.0619768 0 -0.0224869 0.0636858 0 -0.022 0.074 0 -0.0219829 0.0737389 0 -0.0219829 0.0742611 0 -0.0219319 0.0734824 0 -0.0219319 0.0745176 0 -0.0218738 0.0638229 0 -0.0218478 0.0732346 0 -0.0218478 0.0747654 0 -0.021732 0.073 0 -0.021732 0.075 0 -0.0215867 0.0727825 0 -0.0215867 0.0752175 0 -0.0214588 0.0623763 0 -0.0214142 0.0725858 0 -0.0214142 0.0754142 0 -0.0212533 0.0639211 0 -0.0212175 0.0724133 0 -0.0212175 0.0755867 0 -0.021 0.072268 0 -0.021 0.075732 0 -0.0207654 0.0721522 0 -0.0207654 0.0758478 0 -0.0206279 0.0639803 0 -0.0205176 0.0720681 0 -0.0205176 0.0759319 0 -0.0202611 0.0720171 0 -0.0202611 0.0759829 0 -0.02024 0.0626187 0 -0.02 0.064 0 -0.02 0.072 0 -0.02 0.076 0 -0.0197389 0.0720171 0 -0.0197389 0.0759829 0 -0.0195 0.062 0 -0.0195 0.0626672 0 -0.0195 0.064 0 -0.0195 0.0720646 0 -0.0195 0.0759354 0 -0.0195 0.0802828 0 -0.0195 0.0832172 0 -0.0195 0.0852828 0 -0.0195 0.0882172 0 -0.0195 0.09 0 -0.018 0.062 0 -0.018 0.074 0 -0.018 0.09 0 0.018 0.062 0 0.018 0.074 0 0.018 0.09 0 0.0195 0.062 0 0.0195 0.0626672 0 0.0195 0.064 0 0.0195 0.0720646 0 0.0195 0.0759354 0 0.0195 0.0777828 0 0.0195 0.0807172 0 0.0195 0.0827828 0 0.0195 0.0857172 0 0.0195 0.09 0 0.0197389 0.0720171 0 0.0197389 0.0759829 0 0.02 0.064 0 0.02 0.072 0 0.02 0.076 0 0.02024 0.0626187 0 0.0202611 0.0720171 0 0.0202611 0.0759829 0 0.0205176 0.0720681 0 0.0205176 0.0759319 0 0.0206279 0.0639803 0 0.0207654 0.0721522 0 0.0207654 0.0758478 0 0.021 0.072268 0 0.021 0.075732 0 0.0212175 0.0724133 0 0.0212175 0.0755867 0 0.0212533 0.0639211 0 0.0214142 0.0725858 0 0.0214142 0.0754142 0 0.0214588 0.0623763 0 0.0215867 0.0727825 0 0.0215867 0.0752175 0 0.021732 0.073 0 0.021732 0.075 0 0.0218478 0.0732346 0 0.0218478 0.0747654 0 0.0218738 0.0638229 0 0.0219319 0.0734824 0 0.0219319 0.0745176 0 0.0219829 0.0737389 0 0.0219829 0.0742611 0 0.022 0.074 0 0.0224869 0.0636858 0 0.0226355 0.0619768 0 0.0228 0.0019 0 0.0230902 0.0635106 0 0.023544 0.00194876 0 0.0236812 0.0632978 0 0.02375 0.0614272 0 0.024 0 0 0.0242578 0.0630483 0 0.0242753 0.00209422 0 0.0247832 5.13306e-05 0 0.0247832 0.0607369 0 0.0248175 0.0627631 0 0.0249813 0.00233389 0 0.0253583 0.0624433 0 0.0255529 0.000204445 0 0.02565 0.00266365 0 0.0257175 0.0599175 0 0.0258778 0.0620902 0 0.0262699 0.00307789 0 0.0262961 0.000456722 0 0.0263742 0.0617051 0 0.0265369 0.0589832 0 0.0268305 0.00356949 0 0.0268455 0.0612897 0 0.027 0.000803847 0 0.0272272 0.05795 0 0.0272897 0.0608455 0 0.0273221 0.00413006 0 0.0276526 0.00123988 0 0.0277051 0.0603742 0 0.0277363 0.00475 0 0.0277768 0.0568355 0 0.0280661 0.0054187 0 0.0280902 0.0598778 0 0.0281763 0.0556588 0 0.0282426 0.00175736 0 0.0283058 0.00612473 0 0.0284187 0.05444 0 0.0284433 0.0593583 0 0.0284512 0.006856 0 0.0285 0.0076 0 0.0285 0.0532 0 0.0287601 0.00234743 0 0.0287631 0.0588175 0 0.0290483 0.0582578 0 0.0291962 0.003 0 0.0292978 0.0576812 0 0.0295106 0.0570902 0 0.0295433 0.0037039 0 0.0296858 0.0564869 0 0.0297956 0.00444709 0 0.0298229 0.0558738 0 0.0299211 0.0552533 0 0.0299487 0.00521684 0 0.0299803 0.0546279 0 0.03 0.006 0 0.03 0.054 4.76837e-09 -0.0215 0.0814375 4.76837e-09 -0.0215 0.0820625 4.76837e-09 -0.0215 0.0864375 4.76837e-09 -0.0215 0.0870625 4.76837e-09 -0.0195 0.0802828 4.76837e-09 -0.0195 0.0832172 4.76837e-09 -0.0195 0.0852828 4.76837e-09 -0.0195 0.0882172 4.76837e-09 0.0195 0.0777828 4.76837e-09 0.0195 0.0807172 4.76837e-09 0.0195 0.0827828 4.76837e-09 0.0195 0.0857172 4.76837e-09 0.0215 0.0789375 4.76837e-09 0.0215 0.0795625 4.76837e-09 0.0215 0.0839375 4.76837e-09 0.0215 0.0845625 0.000177101 -0.0194884 0.0759354 0.000177101 0.0194884 0.0720646 0.00147999 -0.019403 0.0626672 0.00147999 0.019403 0.0626672 0.00159503 -0.0193955 0.083269 0.00159503 -0.0193955 0.088269 0.00159503 0.0193955 0.077731 0.00159503 0.0193955 0.082731 0.00180165 -0.0193819 0.0803727 0.00180165 -0.0193819 0.0853727 0.00180165 0.0193819 0.0806273 0.00180165 0.0193819 0.0856273 0.00234947 -0.017846 0.062 0.00234947 -0.017846 0.09 0.00234947 0.017846 0.062 0.00234947 0.017846 0.09 0.00236815 -0.0193448 0.0720646 0.00236815 0.0193448 0.0759354 0.00254526 -0.0193332 0.062 0.00254526 -0.0193332 0.0626672 0.00254526 -0.0193332 0.064 0.00254526 -0.0193332 0.0720646 0.00254526 -0.0193332 0.0759354 0.00254526 -0.0193332 0.0804155 0.00254526 -0.0193332 0.0832922 0.00254526 -0.0193332 0.0854155 0.00254526 -0.0193332 0.0882922 0.00254526 -0.0193332 0.09 0.00254526 0.0193332 0.062 0.00254526 0.0193332 0.0626672 0.00254526 0.0193332 0.064 0.00254526 0.0193332 0.0720646 0.00254526 0.0193332 0.0759354 0.00254526 0.0193332 0.0777078 0.00254526 0.0193332 0.0805845 0.00254526 0.0193332 0.0827078 0.00254526 0.0193332 0.0855845 0.00254526 0.0193332 0.09 0.00257645 -0.0195701 0.0720171 0.00257645 -0.0195701 0.0759829 0.00257645 0.0195701 0.0720171 0.00257645 0.0195701 0.0759829 0.00261052 -0.0198289 0.064 0.00261052 -0.0198289 0.072 0.00261052 -0.0198289 0.076 0.00261052 0.0198289 0.064 0.00261052 0.0198289 0.072 0.00261052 0.0198289 0.076 0.00264185 -0.0200668 0.0626187 0.00264185 0.0200668 0.0626187 0.0026446 -0.0200877 0.0720171 0.0026446 -0.0200877 0.0759829 0.0026446 0.0200877 0.0720171 0.0026446 0.0200877 0.0759829 0.00267809 -0.0203421 0.0720681 0.00267809 -0.0203421 0.0759319 0.00267809 0.0203421 0.0720681 0.00267809 0.0203421 0.0759319 0.00269248 -0.0204514 0.0639803 0.00269248 0.0204514 0.0639803 0.00271042 -0.0205877 0.0721522 0.00271042 -0.0205877 0.0758478 0.00271042 0.0205877 0.0721522 0.00271042 0.0205877 0.0758478 0.00271934 -0.0192985 0.0759354 0.00271934 0.0192985 0.0720646 0.00274105 -0.0208203 0.072268 0.00274105 -0.0208203 0.075732 0.00274105 0.0208203 0.072268 0.00274105 0.0208203 0.075732 0.00276944 -0.021036 0.0724133 0.00276944 -0.021036 0.0755867 0.00276944 0.021036 0.0724133 0.00276944 0.021036 0.0755867 0.00277412 -0.0210715 0.0639211 0.00277412 0.0210715 0.0639211 0.00279512 -0.021231 0.0725858 0.00279512 -0.021231 0.0754142 0.00279512 0.021231 0.0725858 0.00279512 0.021231 0.0754142 0.00280093 -0.0212752 0.0623763 0.00280093 0.0212752 0.0623763 0.00281763 -0.021402 0.0727825 0.00281763 -0.021402 0.0752175 0.00281763 0.021402 0.0727825 0.00281763 0.021402 0.0752175 0.0028366 -0.0215461 0.073 0.0028366 -0.0215461 0.075 0.0028366 0.0215461 0.073 0.0028366 0.0215461 0.075 0.0028517 -0.0216608 0.0732346 0.0028517 -0.0216608 0.0747654 0.0028517 0.0216608 0.0732346 0.0028517 0.0216608 0.0747654 0.0028551 -0.0216867 0.0638229 0.0028551 0.0216867 0.0638229 0.00286268 -0.0217442 0.0734824 0.00286268 -0.0217442 0.0745176 0.00286268 0.0217442 0.0734824 0.00286268 0.0217442 0.0745176 0.00286934 -0.0217948 0.0737389 0.00286934 -0.0217948 0.0742611 0.00286934 0.0217948 0.0737389 0.00286934 0.0217948 0.0742611 0.00287158 -0.0218118 0.074 0.00287158 0.0218118 0.074 0.00293513 -0.0222945 0.0636858 0.00293513 0.0222945 0.0636858 0.00295452 -0.0224418 0.0619768 0.00295452 0.0224418 0.0619768 0.002976 -0.0226049 0.0019 0.002976 0.0226049 0.0019 0.00301387 -0.0228926 0.0635106 0.00301387 0.0228926 0.0635106 0.00307311 -0.0233426 0.00194876 0.00307311 0.0233426 0.00194876 0.00309102 -0.0234786 0.0632978 0.00309102 0.0234786 0.0632978 0.0031 -0.0235468 0.0614272 0.0031 0.0235468 0.0614272 0.00313263 -0.0237947 0 0.00313263 0.0237947 0 0.00316628 -0.0240503 0.0630483 0.00316628 0.0240503 0.0630483 0.00316856 -0.0240676 0.00209422 0.00316856 0.0240676 0.00209422 0.00323485 -0.0245711 5.13306e-05 0.00323485 0.0245711 5.13306e-05 0.00323486 -0.0245712 0.0607369 0.00323486 0.0245712 0.0607369 0.00323934 -0.0246052 0.0627631 0.00323934 0.0246052 0.0627631 0.00326071 -0.0247676 0.00233389 0.00326071 0.0247676 0.00233389 0.00330992 -0.0251413 0.0624433 0.00330992 0.0251413 0.0624433 0.00333532 -0.0253343 0.000204445 0.00333532 0.0253343 0.000204445 0.003348 -0.0254306 0.00266365 0.003348 0.0254306 0.00266365 0.00335681 -0.0254975 0.0599175 0.00335681 0.0254975 0.0599175 0.00337774 -0.0256565 0.0620902 0.00337774 0.0256565 0.0620902 0.00337969 -0.0191672 0.0804003 0.00337969 -0.0191672 0.0833775 0.00337969 -0.0191672 0.0854003 0.00337969 -0.0191672 0.0883775 0.00337969 0.0191672 0.0776225 0.00337969 0.0191672 0.0805997 0.00337969 0.0191672 0.0826225 0.00337969 0.0191672 0.0855997 0.0033797 -0.0191672 0.0804003 0.0033797 -0.0191672 0.0854003 0.0033797 0.0191672 0.0805997 0.0033797 0.0191672 0.0855997 0.00342892 -0.0260452 0.00307789 0.00342892 0.0260452 0.00307789 0.00343233 -0.0260711 0.000456722 0.00343233 0.0260711 0.000456722 0.00344253 -0.0261486 0.0617051 0.00344253 0.0261486 0.0617051 0.00346375 -0.0263098 0.0589832 0.00346375 0.0263098 0.0589832 0.00350208 -0.026601 0.00356949 0.00350208 0.026601 0.00356949 0.00350403 -0.0266158 0.0612897 0.00350403 0.0266158 0.0612897 0.00352421 -0.026769 0.000803847 0.00352421 0.026769 0.000803847 0.00355387 -0.0269943 0.05795 0.00355387 0.0269943 0.05795 0.00356202 -0.0270562 0.0608455 0.00356202 0.0270562 0.0608455 0.00356625 -0.0270884 0.00413006 0.00356625 0.0270884 0.00413006 0.00359231 -0.0191249 0.0626672 0.00359231 0.0191249 0.0626672 0.00360938 -0.027416 0.00123988 0.00360938 0.027416 0.00123988 0.00361624 -0.0274681 0.0603742 0.00361624 0.0274681 0.0603742 0.00362032 -0.0274991 0.00475 0.00362032 0.0274991 0.00475 0.00362561 -0.0275392 0.0568355 0.00362561 0.0275392 0.0568355 0.00366336 -0.027826 0.0054187 0.00366336 0.027826 0.0054187 0.0036665 -0.0278498 0.0598778 0.0036665 0.0278498 0.0598778 0.00367774 -0.0279352 0.0556588 0.00367774 0.0279352 0.0556588 0.0036864 -0.028001 0.00175736 0.0036864 0.028001 0.00175736 0.00369464 -0.0280636 0.00612473 0.00369464 0.0280636 0.00612473 0.00370939 -0.0281756 0.05444 0.00370939 0.0281756 0.05444 0.00371259 -0.0281999 0.0593583 0.00371259 0.0281999 0.0593583 0.00371363 -0.0282078 0.006856 0.00371363 0.0282078 0.006856 0.00372 -0.0282562 0.0076 0.00372 -0.0282562 0.0532 0.00372 0.0282562 0.0076 0.00372 0.0282562 0.0532 0.00373343 -0.0211734 0.0815764 0.00373343 -0.0211734 0.0822014 0.00373343 -0.0211734 0.0865764 0.00373343 -0.0211734 0.0872014 0.00373343 0.0211734 0.0787986 0.00373343 0.0211734 0.0794236 0.00373343 0.0211734 0.0837986 0.00373343 0.0211734 0.0844236 0.00373344 -0.0211734 0.0815764 0.00373344 -0.0211734 0.0822014 0.00373344 -0.0211734 0.0865764 0.00373344 -0.0211734 0.0872014 0.00373344 0.0211734 0.0787986 0.00373344 0.0211734 0.0794236 0.00373344 0.0211734 0.0837986 0.00373344 0.0211734 0.0844236 0.00375395 -0.0285141 0.00234743 0.00375395 0.0285141 0.00234743 0.00375433 -0.028517 0.0588175 0.00375433 0.028517 0.0588175 0.00379156 -0.0287998 0.0582578 0.00379156 0.0287998 0.0582578 0.00381086 -0.0289464 0.003 0.00381086 0.0289464 0.003 0.00382412 -0.0290471 0.0576812 0.00382412 0.0290471 0.0576812 0.0038519 -0.0292581 0.0570902 0.0038519 0.0292581 0.0570902 0.00385617 -0.0292905 0.0037039 0.00385617 0.0292905 0.0037039 0.00387478 -0.0294319 0.0564869 0.00387478 0.0294319 0.0564869 0.0038891 -0.0295406 0.00444709 0.0038891 0.0295406 0.00444709 0.00389266 -0.0295677 0.0558738 0.00389266 0.0295677 0.0558738 0.00390549 -0.0296652 0.0552533 0.00390549 0.0296652 0.0552533 0.00390909 -0.0296925 0.00521684 0.00390909 0.0296925 0.00521684 0.00391321 -0.0297238 0.0546279 0.00391321 0.0297238 0.0546279 0.00391579 -0.0297433 0.006 0.00391579 -0.0297433 0.054 0.00391579 0.0297433 0.006 0.00391579 0.0297433 0.054 0.00465874 -0.0173867 0.062 0.00465874 -0.0173867 0.09 0.00465874 0.0173867 0.062 0.00465874 0.0173867 0.09 0.00487289 -0.0188702 0.0720646 0.00487289 0.0188702 0.0759354 0.00491979 -0.0188609 0.0833889 0.00491979 -0.0188609 0.0883889 0.00491979 0.0188609 0.0776111 0.00491979 0.0188609 0.0826111 0.00504697 -0.0188356 0.062 0.00504697 -0.0188356 0.0626672 0.00504697 -0.0188356 0.064 0.00504697 -0.0188356 0.0720646 0.00504697 -0.0188356 0.0759354 0.00504697 -0.0188356 0.0805279 0.00504697 -0.0188356 0.0833887 0.00504697 -0.0188356 0.0855279 0.00504697 -0.0188356 0.0883887 0.00504697 -0.0188356 0.09 0.00504697 0.0188356 0.062 0.00504697 0.0188356 0.0626672 0.00504697 0.0188356 0.064 0.00504697 0.0188356 0.0720646 0.00504697 0.0188356 0.0759354 0.00504697 0.0188356 0.0776113 0.00504697 0.0188356 0.0804721 0.00504697 0.0188356 0.0826113 0.00504697 0.0188356 0.0854721 0.00504697 0.0188356 0.09 0.00510882 -0.0190664 0.0720171 0.00510882 -0.0190664 0.0759829 0.00510882 0.0190664 0.0720171 0.00510882 0.0190664 0.0759829 0.00516977 -0.0187939 0.0805278 0.00516977 -0.0187939 0.0855278 0.00516977 0.0187939 0.0804722 0.00516977 0.0187939 0.0854722 0.00517638 -0.0193185 0.064 0.00517638 -0.0193185 0.072 0.00517638 -0.0193185 0.076 0.00517638 0.0193185 0.064 0.00517638 0.0193185 0.072 0.00517638 0.0193185 0.076 0.00521504 -0.0187785 0.0759354 0.00521504 0.0187785 0.0720646 0.00523849 -0.0195503 0.0626187 0.00523849 0.0195503 0.0626187 0.00524395 -0.0195707 0.0720171 0.00524395 -0.0195707 0.0759829 0.00524395 0.0195707 0.0720171 0.00524395 0.0195707 0.0759829 0.00531036 -0.0198185 0.0720681 0.00531036 -0.0198185 0.0759319 0.00531036 0.0198185 0.0720681 0.00531036 0.0198185 0.0759319 0.00533889 -0.019925 0.0639803 0.00533889 0.019925 0.0639803 0.00537447 -0.0200578 0.0721522 0.00537447 -0.0200578 0.0758478 0.00537447 0.0200578 0.0721522 0.00537447 0.0200578 0.0758478 0.0054352 -0.0202844 0.072268 0.0054352 -0.0202844 0.075732 0.0054352 0.0202844 0.072268 0.0054352 0.0202844 0.075732 0.0054915 -0.0204946 0.0724133 0.0054915 -0.0204946 0.0755867 0.0054915 0.0204946 0.0724133 0.0054915 0.0204946 0.0755867 0.00550077 -0.0205291 0.0639211 0.00550077 0.0205291 0.0639211 0.00554241 -0.0206845 0.0725858 0.00554241 -0.0206845 0.0754142 0.00554241 0.0206845 0.0725858 0.00554241 0.0206845 0.0754142 0.00555394 -0.0207276 0.0623763 0.00555394 0.0207276 0.0623763 0.00558705 -0.0208512 0.0727825 0.00558705 -0.0208512 0.0752175 0.00558705 0.0208512 0.0727825 0.00558705 0.0208512 0.0752175 0.00562467 -0.0209915 0.073 0.00562467 -0.0209915 0.075 0.00562467 0.0209915 0.073 0.00562467 0.0209915 0.075 0.00565462 -0.0211033 0.0732346 0.00565462 -0.0211033 0.0747654 0.00565462 0.0211033 0.0732346 0.00565462 0.0211033 0.0747654 0.00566136 -0.0211285 0.0638229 0.00566136 0.0211285 0.0638229 0.00567638 -0.0211845 0.0734824 0.00567638 -0.0211845 0.0745176 0.00567638 0.0211845 0.0734824 0.00567638 0.0211845 0.0745176 0.00568959 -0.0212338 0.0737389 0.00568959 -0.0212338 0.0742611 0.00568959 0.0212338 0.0737389 0.00568959 0.0212338 0.0742611 0.00569402 -0.0212504 0.074 0.00569402 0.0212504 0.074 0.00582004 -0.0217207 0.0636858 0.00582004 0.0217207 0.0636858 0.00585849 -0.0218642 0.0619768 0.00585849 0.0218642 0.0619768 0.00590107 -0.0220231 0.0019 0.00590107 0.0220231 0.0019 0.00597617 -0.0223034 0.0635106 0.00597617 0.0223034 0.0635106 0.00605787 -0.0184924 0.0626672 0.00605787 0.0184924 0.0626672 0.00609363 -0.0227418 0.00194876 0.00609363 0.0227418 0.00194876 0.00612916 -0.0228743 0.0632978 0.00612916 0.0228743 0.0632978 0.00614695 -0.0229407 0.0614272 0.00614695 0.0229407 0.0614272 0.00621166 -0.0231822 0 0.00621166 0.0231822 0 0.00627838 -0.0234312 0.0630483 0.00627838 0.0234312 0.0630483 0.0062829 -0.0234481 0.00209422 0.0062829 0.0234481 0.00209422 0.00641435 -0.0239387 5.13306e-05 0.00641435 0.0239387 5.13306e-05 0.00641437 -0.0239388 0.0607369 0.00641437 0.0239388 0.0607369 0.00642325 -0.0239719 0.0627631 0.00642325 0.0239719 0.0627631 0.00646563 -0.0241301 0.00233389 0.00646563 0.0241301 0.00233389 0.0065632 -0.0244942 0.0624433 0.0065632 0.0244942 0.0624433 0.00661358 -0.0246822 0.000204445 0.00661358 0.0246822 0.000204445 0.00663871 -0.024776 0.00266365 0.00663871 0.024776 0.00266365 0.00665618 -0.0248412 0.0599175 0.00665618 0.0248412 0.0599175 0.00665669 -0.0182891 0.0835164 0.00665669 -0.0182891 0.0885164 0.00665669 0.0182891 0.0774836 0.00665669 0.0182891 0.0824836 0.0066567 -0.0182891 0.0805391 0.0066567 -0.0182891 0.0835164 0.0066567 -0.0182891 0.0855391 0.0066567 -0.0182891 0.0885164 0.0066567 0.0182891 0.0774836 0.0066567 0.0182891 0.0804609 0.0066567 0.0182891 0.0824836 0.0066567 0.0182891 0.0854609 0.00669768 -0.0249961 0.0620902 0.00669768 0.0249961 0.0620902 0.00679916 -0.0253748 0.00307789 0.00679916 0.0253748 0.00307789 0.00680593 -0.0254001 0.000456722 0.00680593 0.0254001 0.000456722 0.00682615 -0.0254756 0.0617051 0.00682615 0.0254756 0.0617051 0.00686824 -0.0256326 0.0589832 0.00686824 0.0256326 0.0589832 0.0068883 -0.0166298 0.062 0.0068883 -0.0166298 0.09 0.0068883 0.0166298 0.062 0.0068883 0.0166298 0.09 0.00694425 -0.0259163 0.00356949 0.00694425 0.0259163 0.00356949 0.00694812 -0.0259307 0.0612897 0.00694812 0.0259307 0.0612897 0.00698811 -0.02608 0.000803847 0.00698811 0.02608 0.000803847 0.00704693 -0.0262995 0.05795 0.00704693 0.0262995 0.05795 0.00706309 -0.0263598 0.0608455 0.00706309 0.0263598 0.0608455 0.00707148 -0.0263911 0.00413006 0.00707148 0.0263911 0.00413006 0.00715701 -0.0267103 0.00123988 0.00715701 0.0267103 0.00123988 0.00717061 -0.0267611 0.0603742 0.00717061 0.0267611 0.0603742 0.00717869 -0.0267913 0.00475 0.00717869 0.0267913 0.00475 0.00718918 -0.0268304 0.0568355 0.00718918 0.0268304 0.0568355 0.00726404 -0.0271098 0.0054187 0.00726404 0.0271098 0.0054187 0.00727027 -0.027133 0.0598778 0.00727027 0.027133 0.0598778 0.00729256 -0.0272162 0.0556588 0.00729256 0.0272162 0.0556588 0.00729426 -0.0180727 0.0720646 0.00729426 0.0180727 0.0759354 0.00730973 -0.0272803 0.00175736 0.00730973 0.0272803 0.00175736 0.00732607 -0.0273413 0.00612473 0.00732607 0.0273413 0.00612473 0.00735343 -0.0202034 0.0817153 0.00735343 -0.0202034 0.0823403 0.00735343 -0.0202034 0.0867153 0.00735343 -0.0202034 0.0873403 0.00735343 0.0202034 0.0786597 0.00735343 0.0202034 0.0792847 0.00735343 0.0202034 0.0836597 0.00735343 0.0202034 0.0842847 0.00735344 -0.0202034 0.0817153 0.00735344 -0.0202034 0.0823403 0.00735344 -0.0202034 0.0867153 0.00735344 -0.0202034 0.0873403 0.00735344 0.0202034 0.0786597 0.00735344 0.0202034 0.0792847 0.00735344 0.0202034 0.0836597 0.00735344 0.0202034 0.0842847 0.00735531 -0.0274504 0.05444 0.00735531 0.0274504 0.05444 0.00736166 -0.0274741 0.0593583 0.00736166 0.0274741 0.0593583 0.00736372 -0.0274818 0.006856 0.00736372 0.0274818 0.006856 0.00737634 -0.0275289 0.0076 0.00737634 -0.0275289 0.0532 0.00737634 0.0275289 0.0076 0.00737634 0.0275289 0.0532 0.00744367 -0.0277801 0.00234743 0.00744367 0.0277801 0.00234743 0.00744443 -0.027783 0.0588175 0.00744443 0.027783 0.0588175 0.00746233 -0.0180157 0.062 0.00746233 -0.0180157 0.0626672 0.00746233 -0.0180157 0.064 0.00746233 -0.0180157 0.0720646 0.00746233 -0.0180157 0.0759354 0.00746233 -0.0180157 0.0806245 0.00746233 -0.0180157 0.0835011 0.00746233 -0.0180157 0.0856245 0.00746233 -0.0180157 0.0885011 0.00746233 -0.0180157 0.09 0.00746233 -0.0180156 0.0626672 0.00746233 -0.0180156 0.0720646 0.00746233 -0.0180156 0.0759354 0.00746233 0.0180156 0.0626672 0.00746233 0.0180156 0.0720646 0.00746233 0.0180156 0.0759354 0.00746233 0.0180157 0.062 0.00746233 0.0180157 0.0626672 0.00746233 0.0180157 0.064 0.00746233 0.0180157 0.0720646 0.00746233 0.0180157 0.0759354 0.00746233 0.0180157 0.0774989 0.00746233 0.0180157 0.0803755 0.00746233 0.0180157 0.0824989 0.00746233 0.0180157 0.0853755 0.00746233 0.0180157 0.09 0.00751824 -0.0280585 0.0582578 0.00751824 0.0280585 0.0582578 0.00755377 -0.0182364 0.0720171 0.00755377 -0.0182364 0.0759829 0.00755377 0.0182364 0.0720171 0.00755377 0.0182364 0.0759829 0.00755652 -0.0282013 0.003 0.00755652 0.0282013 0.003 0.00758282 -0.0282995 0.0576812 0.00758282 0.0282995 0.0576812 0.00762151 -0.0179372 0.0759354 0.00762151 0.0179372 0.0720646 0.00763789 -0.028505 0.0570902 0.00763789 0.028505 0.0570902 0.00764636 -0.0285366 0.0037039 0.00764636 0.0285366 0.0037039 0.00765367 -0.0184776 0.064 0.00765367 -0.0184776 0.072 0.00765367 -0.0184776 0.076 0.00765367 0.0184776 0.064 0.00765367 0.0184776 0.072 0.00765367 0.0184776 0.076 0.00768326 -0.0286743 0.0564869 0.00768326 0.0286743 0.0564869 0.00771166 -0.0287803 0.00444709 0.00771166 0.0287803 0.00444709 0.00771872 -0.0288067 0.0558738 0.00771872 0.0288067 0.0558738 0.00774416 -0.0289016 0.0552533 0.00774416 0.0289016 0.0552533 0.00774551 -0.0186993 0.0626187 0.00774551 0.0186993 0.0626187 0.00775129 -0.0289282 0.00521684 0.00775129 0.0289282 0.00521684 0.00775357 -0.0187188 0.0720171 0.00775357 -0.0187188 0.0759829 0.00775357 0.0187188 0.0720171 0.00775357 0.0187188 0.0759829 0.00775946 -0.0289587 0.0546279 0.00775946 0.0289587 0.0546279 0.00776457 -0.0289778 0.006 0.00776457 -0.0289778 0.054 0.00776457 0.0289778 0.006 0.00776457 0.0289778 0.054 0.00785176 -0.0189558 0.0720681 0.00785176 -0.0189558 0.0759319 0.00785176 0.0189558 0.0720681 0.00785176 0.0189558 0.0759319 0.00789396 -0.0190577 0.0639803 0.00789396 0.0190577 0.0639803 0.00794656 -0.0191847 0.0721522 0.00794656 -0.0191847 0.0758478 0.00794656 0.0191847 0.0721522 0.00794656 0.0191847 0.0758478 0.00803635 -0.0194015 0.072268 0.00803635 -0.0194015 0.075732 0.00803635 0.0194015 0.072268 0.00803635 0.0194015 0.075732 0.00811959 -0.0196024 0.0724133 0.00811959 -0.0196024 0.0755867 0.00811959 0.0196024 0.0724133 0.00811959 0.0196024 0.0755867 0.00813068 -0.0176861 0.083544 0.00813068 -0.0176861 0.088544 0.00813068 0.0176861 0.077456 0.00813068 0.0176861 0.082456 0.0081333 -0.0196355 0.0639211 0.0081333 0.0196355 0.0639211 0.00819486 -0.0197842 0.0725858 0.00819486 -0.0197842 0.0754142 0.00819486 0.0197842 0.0725858 0.00819486 0.0197842 0.0754142 0.00821192 -0.0198253 0.0623763 0.00821192 0.0198253 0.0623763 0.00826087 -0.0199435 0.0727825 0.00826087 -0.0199435 0.0752175 0.00826087 0.0199435 0.0727825 0.00826087 0.0199435 0.0752175 0.00831639 -0.0175945 0.0806476 0.00831639 -0.0175945 0.0856476 0.00831639 0.0175945 0.0803524 0.00831639 0.0175945 0.0853524 0.0083165 -0.0200778 0.073 0.0083165 -0.0200778 0.075 0.0083165 0.0200778 0.073 0.0083165 0.0200778 0.075 0.00836077 -0.0201847 0.0732346 0.00836077 -0.0201847 0.0747654 0.00836077 0.0201847 0.0732346 0.00836077 0.0201847 0.0747654 0.00837074 -0.0202088 0.0638229 0.00837074 0.0202088 0.0638229 0.00839296 -0.0202624 0.0734824 0.00839296 -0.0202624 0.0745176 0.00839296 0.0202624 0.0734824 0.00839296 0.0202624 0.0745176 0.00841249 -0.0203095 0.0737389 0.00841249 -0.0203095 0.0742611 0.00841249 0.0203095 0.0737389 0.00841249 0.0203095 0.0742611 0.00841904 -0.0203253 0.074 0.00841904 0.0203253 0.074 0.00860536 -0.0207752 0.0636858 0.00860536 0.0207752 0.0636858 0.00866223 -0.0209125 0.0619768 0.00866223 0.0209125 0.0619768 0.00872518 -0.0210645 0.0019 0.00872518 0.0210645 0.0019 0.00879254 -0.0173597 0.0626672 0.00879254 0.0173597 0.0626672 0.00883622 -0.0213325 0.0635106 0.00883622 0.0213325 0.0635106 0.009 -0.0155885 0.062 0.009 -0.0155885 0.074 0.009 -0.0155885 0.09 0.009 0.0155885 0.062 0.009 0.0155885 0.074 0.009 0.0155885 0.09 0.0090099 -0.0217518 0.00194876 0.0090099 0.0217518 0.00194876 0.00906242 -0.0218786 0.0632978 0.00906242 0.0218786 0.0632978 0.00908873 -0.0219421 0.0614272 0.00908873 0.0219421 0.0614272 0.0091844 -0.0221731 0 0.0091844 0.0221731 0 0.00928305 -0.0224113 0.0630483 0.00928305 0.0224113 0.0630483 0.00928974 -0.0224274 0.00209422 0.00928974 0.0224274 0.00209422 0.0094841 -0.0228967 5.13306e-05 0.0094841 0.0228967 5.13306e-05 0.00948413 -0.0228967 0.0607369 0.00948413 0.0228967 0.0607369 0.00949726 -0.0229284 0.0627631 0.00949726 0.0229284 0.0627631 0.00955993 -0.0230797 0.00233389 0.00955993 0.0230797 0.00233389 0.00959082 -0.016966 0.0720646 0.00959082 0.016966 0.0759354 0.00970419 -0.023428 0.0624433 0.00970419 0.023428 0.0624433 0.00975 -0.0168875 0.062 0.00975 -0.0168875 0.0626672 0.00975 -0.0168875 0.064 0.00975 -0.0168875 0.0720646 0.00975 -0.0168875 0.0759354 0.00975 -0.0168875 0.0806995 0.00975 -0.0168875 0.0836339 0.00975 -0.0168875 0.0856995 0.00975 -0.0168875 0.0886339 0.00975 -0.0168875 0.09 0.00975 0.0168875 0.062 0.00975 0.0168875 0.0626672 0.00975 0.0168875 0.064 0.00975 0.0168875 0.0720646 0.00975 0.0168875 0.0759354 0.00975 0.0168875 0.0773661 0.00975 0.0168875 0.0803005 0.00975 0.0168875 0.0823661 0.00975 0.0168875 0.0853005 0.00975 0.0168875 0.09 0.00977868 -0.0236078 0.000204445 0.00977868 0.0236078 0.000204445 0.00981583 -0.0236975 0.00266365 0.00981583 0.0236975 0.00266365 0.00984166 -0.0237599 0.0599175 0.00984166 0.0237599 0.0599175 0.00986947 -0.0170944 0.0720171 0.00986947 -0.0170944 0.0759829 0.00986947 0.0170944 0.0720171 0.00986947 0.0170944 0.0759829 0.00989757 -0.0167889 0.0759354 0.00989757 0.0167889 0.0720646 0.00990302 -0.023908 0.0620902 0.00990302 0.023908 0.0620902 0.01 -0.0173205 0.064 0.01 -0.0173205 0.072 0.01 -0.0173205 0.076 0.01 0.0173205 0.064 0.01 0.0173205 0.072 0.01 0.0173205 0.076 0.0100531 -0.0242703 0.00307789 0.0100531 0.0242703 0.00307789 0.0100631 -0.0242944 0.000456722 0.0100631 0.0242944 0.000456722 0.010093 -0.0243666 0.0617051 0.010093 0.0243666 0.0617051 0.01012 -0.0175283 0.0626187 0.01012 0.0175283 0.0626187 0.0101305 -0.0175466 0.0720171 0.0101305 -0.0175466 0.0759829 0.0101305 0.0175466 0.0720171 0.0101305 0.0175466 0.0759829 0.0101552 -0.0245169 0.0589832 0.0101552 0.0245169 0.0589832 0.0102588 -0.0177688 0.0720681 0.0102588 -0.0177688 0.0759319 0.0102588 0.0177688 0.0720681 0.0102588 0.0177688 0.0759319 0.0102676 -0.0247882 0.00356949 0.0102676 0.0247882 0.00356949 0.0102733 -0.024802 0.0612897 0.0102733 0.024802 0.0612897 0.0103139 -0.0178643 0.0639803 0.0103139 0.0178643 0.0639803 0.0103325 -0.0249447 0.000803847 0.0103325 0.0249447 0.000803847 0.0103827 -0.0179833 0.0721522 0.0103827 -0.0179833 0.0758478 0.0103827 0.0179833 0.0721522 0.0103827 0.0179833 0.0758478 0.0104194 -0.0251547 0.05795 0.0104194 0.0251547 0.05795 0.0104433 -0.0252124 0.0608455 0.0104433 0.0252124 0.0608455 0.0104557 -0.0252423 0.00413006 0.0104557 0.0252423 0.00413006 0.0105 -0.0181865 0.072268 0.0105 -0.0181865 0.075732 0.0105 0.0181865 0.072268 0.0105 0.0181865 0.075732 0.0105822 -0.0255476 0.00123988 0.0105822 0.0255476 0.00123988 0.0106023 -0.0255962 0.0603742 0.0106023 0.0255962 0.0603742 0.0106088 -0.0183749 0.0724133 0.0106088 -0.0183749 0.0755867 0.0106088 0.0183749 0.0724133 0.0106088 0.0183749 0.0755867 0.0106142 -0.025625 0.00475 0.0106142 0.025625 0.00475 0.0106267 -0.0184059 0.0639211 0.0106267 0.0184059 0.0639211 0.0106297 -0.0256625 0.0568355 0.0106297 0.0256625 0.0568355 0.0106376 -0.0162944 0.0626672 0.0106376 0.0162944 0.0626672 0.0107071 -0.0185453 0.0725858 0.0107071 -0.0185453 0.0754142 0.0107071 0.0185453 0.0725858 0.0107071 0.0185453 0.0754142 0.0107294 -0.0185838 0.0623763 0.0107294 0.0185838 0.0623763 0.0107404 -0.0259297 0.0054187 0.0107404 0.0259297 0.0054187 0.0107496 -0.0259519 0.0598778 0.0107496 0.0259519 0.0598778 0.01075 -0.0186195 0.0818542 0.01075 -0.0186195 0.0824792 0.01075 -0.0186195 0.0868542 0.01075 -0.0186195 0.0874792 0.01075 0.0186195 0.0785208 0.01075 0.0186195 0.0791458 0.01075 0.0186195 0.0835208 0.01075 0.0186195 0.0841458 0.0107826 -0.0260315 0.0556588 0.0107826 0.0260315 0.0556588 0.0107934 -0.0186946 0.0727825 0.0107934 -0.0186946 0.0752175 0.0107934 0.0186946 0.0727825 0.0107934 0.0186946 0.0752175 0.010808 -0.0260928 0.00175736 0.010808 0.0260928 0.00175736 0.0108322 -0.0261511 0.00612473 0.0108322 0.0261511 0.00612473 0.010866 -0.0188205 0.073 0.010866 -0.0188205 0.075 0.010866 0.0188205 0.073 0.010866 0.0188205 0.075 0.0108754 -0.0262555 0.05444 0.0108754 0.0262555 0.05444 0.0108848 -0.0262782 0.0593583 0.0108848 0.0262782 0.0593583 0.0108878 -0.0262855 0.006856 0.0108878 0.0262855 0.006856 0.0109065 -0.0263306 0.0076 0.0109065 -0.0263306 0.0532 0.0109065 0.0263306 0.0076 0.0109065 0.0263306 0.0532 0.0109239 -0.0189207 0.0732346 0.0109239 -0.0189207 0.0747654 0.0109239 0.0189207 0.0732346 0.0109239 0.0189207 0.0747654 0.0109369 -0.0189433 0.0638229 0.0109369 0.0189433 0.0638229 0.0109577 -0.0142804 0.062 0.0109577 -0.0142804 0.09 0.0109577 0.0142804 0.062 0.0109577 0.0142804 0.09 0.0109659 -0.0189935 0.0734824 0.0109659 -0.0189935 0.0745176 0.0109659 0.0189935 0.0734824 0.0109659 0.0189935 0.0745176 0.0109914 -0.0190377 0.0737389 0.0109914 -0.0190377 0.0742611 0.0109914 0.0190377 0.0737389 0.0109914 0.0190377 0.0742611 0.011 -0.0190526 0.074 0.011 0.0190526 0.074 0.011006 -0.0265709 0.00234743 0.011006 0.0265709 0.00234743 0.0110071 -0.0265736 0.0588175 0.0110071 0.0265736 0.0588175 0.0110791 -0.0159994 0.0836857 0.0110791 -0.0159994 0.0886857 0.0110791 0.0159994 0.0773143 0.0110791 0.0159994 0.0823143 0.0111163 -0.0268371 0.0582578 0.0111163 0.0268371 0.0582578 0.0111729 -0.0269737 0.003 0.0111729 0.0269737 0.003 0.0112118 -0.0270676 0.0576812 0.0112118 0.0270676 0.0576812 0.0112434 -0.0194742 0.0636858 0.0112434 0.0194742 0.0636858 0.0112512 -0.0158844 0.0807893 0.0112512 -0.0158844 0.0857893 0.0112512 0.0158844 0.0802107 0.0112512 0.0158844 0.0852107 0.0112932 -0.0272642 0.0570902 0.0112932 0.0272642 0.0570902 0.0113057 -0.0272944 0.0037039 0.0113057 0.0272944 0.0037039 0.0113177 -0.0196029 0.0619768 0.0113177 0.0196029 0.0619768 0.0113603 -0.0274261 0.0564869 0.0113603 0.0274261 0.0564869 0.0114 -0.0197454 0.0019 0.0114 0.0197454 0.0019 0.0114023 -0.0275275 0.00444709 0.0114023 0.0275275 0.00444709 0.0114127 -0.0275527 0.0558738 0.0114127 0.0275527 0.0558738 0.0114503 -0.0276435 0.0552533 0.0114503 0.0276435 0.0552533 0.0114609 -0.027669 0.00521684 0.0114609 0.027669 0.00521684 0.0114729 -0.0276981 0.0546279 0.0114729 0.0276981 0.0546279 0.0114805 -0.0277164 0.006 0.0114805 -0.0277164 0.054 0.0114805 0.0277164 0.006 0.0114805 0.0277164 0.054 0.0115451 -0.0199967 0.0635106 0.0115451 0.0199967 0.0635106 0.0117233 -0.015569 0.0720646 0.0117233 0.015569 0.0759354 0.011772 -0.0203897 0.00194876 0.011772 0.0203897 0.00194876 0.0118406 -0.0205086 0.0632978 0.0118406 0.0205086 0.0632978 0.0118708 -0.0154704 0.062 0.0118708 -0.0154704 0.0626672 0.0118708 -0.0154704 0.064 0.0118708 -0.0154704 0.0720646 0.0118708 -0.0154704 0.0759354 0.0118708 -0.0154704 0.0808322 0.0118708 -0.0154704 0.0837089 0.0118708 -0.0154704 0.0858322 0.0118708 -0.0154704 0.0887089 0.0118708 -0.0154704 0.09 0.0118708 0.0154704 0.062 0.0118708 0.0154704 0.0626672 0.0118708 0.0154704 0.064 0.0118708 0.0154704 0.0720646 0.0118708 0.0154704 0.0759354 0.0118708 0.0154704 0.0772911 0.0118708 0.0154704 0.0801678 0.0118708 0.0154704 0.0822911 0.0118708 0.0154704 0.0851678 0.0118708 0.0154704 0.09 0.011875 -0.0205681 0.0614272 0.011875 0.0205681 0.0614272 0.012 -0.0207846 0 0.012 0.0207846 0 0.0120043 -0.0153534 0.0759354 0.0120043 0.0153534 0.0720646 0.0120163 -0.01566 0.0720171 0.0120163 -0.01566 0.0759829 0.0120163 0.01566 0.0720171 0.0120163 0.01566 0.0759829 0.0121289 -0.0210079 0.0630483 0.0121289 0.0210079 0.0630483 0.0121376 -0.021023 0.00209422 0.0121376 0.021023 0.00209422 0.0121752 -0.0158671 0.064 0.0121752 -0.0158671 0.072 0.0121752 -0.0158671 0.076 0.0121752 0.0158671 0.064 0.0121752 0.0158671 0.072 0.0121752 0.0158671 0.076 0.0123213 -0.0160575 0.0626187 0.0123213 0.0160575 0.0626187 0.0123341 -0.0160742 0.0720171 0.0123341 -0.0160742 0.0759829 0.0123341 0.0160742 0.0720171 0.0123341 0.0160742 0.0759829 0.0123916 -0.0214629 0.0607369 0.0123916 -0.0214628 5.13306e-05 0.0123916 0.0214628 5.13306e-05 0.0123916 0.0214629 0.0607369 0.0124088 -0.0214926 0.0627631 0.0124088 0.0214926 0.0627631 0.0124903 -0.0162777 0.0720681 0.0124903 -0.0162777 0.0759319 0.0124903 0.0162777 0.0720681 0.0124903 0.0162777 0.0759319 0.0124906 -0.0216344 0.00233389 0.0124906 0.0216344 0.00233389 0.0125105 -0.0149094 0.0808169 0.0125105 -0.0149094 0.0837942 0.0125105 -0.0149094 0.0858169 0.0125105 -0.0149094 0.0887942 0.0125105 0.0149094 0.0772058 0.0125105 0.0149094 0.0801831 0.0125105 0.0149094 0.0822058 0.0125105 0.0149094 0.0851831 0.0125575 -0.0163652 0.0639803 0.0125575 0.0163652 0.0639803 0.0126412 -0.0164743 0.0721522 0.0126412 -0.0164743 0.0758478 0.0126412 0.0164743 0.0721522 0.0126412 0.0164743 0.0758478 0.0126791 -0.0219609 0.0624433 0.0126791 0.0219609 0.0624433 0.0127279 -0.0127279 0.062 0.0127279 -0.0127279 0.09 0.0127279 0.0127279 0.062 0.0127279 0.0127279 0.09 0.0127765 -0.0221295 0.000204445 0.0127765 0.0221295 0.000204445 0.012784 -0.0166604 0.072268 0.012784 -0.0166604 0.075732 0.012784 0.0166604 0.072268 0.012784 0.0166604 0.075732 0.012825 -0.0222136 0.00266365 0.012825 0.0222136 0.00266365 0.0128588 -0.022272 0.0599175 0.0128588 0.022272 0.0599175 0.0129164 -0.016833 0.0724133 0.0129164 -0.016833 0.0755867 0.0129164 0.016833 0.0724133 0.0129164 0.016833 0.0755867 0.0129382 -0.0168614 0.0639211 0.0129382 0.0168614 0.0639211 0.0129389 -0.0224109 0.0620902 0.0129389 0.0224109 0.0620902 0.012986 -0.0144925 0.0626672 0.012986 0.0144925 0.0626672 0.0130361 -0.016989 0.0725858 0.0130361 -0.016989 0.0754142 0.0130361 0.016989 0.0725858 0.0130361 0.016989 0.0754142 0.0130633 -0.0170244 0.0623763 0.0130633 0.0170244 0.0623763 0.013135 -0.0227504 0.00307789 0.013135 0.0227504 0.00307789 0.0131412 -0.0171259 0.0727825 0.0131412 -0.0171259 0.0752175 0.0131412 0.0171259 0.0727825 0.0131412 0.0171259 0.0752175 0.0131481 -0.0227731 0.000456722 0.0131481 0.0227731 0.000456722 0.0131871 -0.0228408 0.0617051 0.0131871 0.0228408 0.0617051 0.0132296 -0.0172412 0.073 0.0132296 -0.0172412 0.075 0.0132296 0.0172412 0.073 0.0132296 0.0172412 0.075 0.0132684 -0.0229816 0.0589832 0.0132684 0.0229816 0.0589832 0.0133001 -0.017333 0.0732346 0.0133001 -0.017333 0.0747654 0.0133001 0.017333 0.0732346 0.0133001 0.017333 0.0747654 0.0133159 -0.0173537 0.0638229 0.0133159 0.0173537 0.0638229 0.0133513 -0.0173997 0.0734824 0.0133513 -0.0173997 0.0745176 0.0133513 0.0173997 0.0734824 0.0133513 0.0173997 0.0745176 0.0133823 -0.0174402 0.0737389 0.0133823 -0.0174402 0.0742611 0.0133823 0.0174402 0.0737389 0.0133823 0.0174402 0.0742611 0.0133928 -0.0174538 0.074 0.0133928 0.0174538 0.074 0.0134153 -0.0232359 0.00356949 0.0134153 0.0232359 0.00356949 0.0134227 -0.0232488 0.0612897 0.0134227 0.0232488 0.0612897 0.0135 -0.0233827 0.000803847 0.0135 0.0233827 0.000803847 0.0136136 -0.0235795 0.05795 0.0136136 0.0235795 0.05795 0.0136448 -0.0236336 0.0608455 0.0136448 0.0236336 0.0608455 0.0136551 -0.0139056 0.0720646 0.0136551 0.0139056 0.0759354 0.0136611 -0.0236616 0.00413006 0.0136611 0.0236616 0.00413006 0.0136892 -0.0178401 0.0636858 0.0136892 0.0178401 0.0636858 0.0136911 -0.0138741 0.0838056 0.0136911 -0.0138741 0.0888056 0.0136911 0.0138741 0.0771944 0.0136911 0.0138741 0.0821944 0.0137796 -0.0179579 0.0619768 0.0137796 0.0179579 0.0619768 0.0137886 -0.0137886 0.062 0.0137886 -0.0137886 0.0626672 0.0137886 -0.0137886 0.064 0.0137886 -0.0137886 0.0720646 0.0137886 -0.0137886 0.0759354 0.0137886 -0.0137886 0.0809446 0.0137886 -0.0137886 0.0838054 0.0137886 -0.0137886 0.0859446 0.0137886 -0.0137886 0.0888054 0.0137886 -0.0137886 0.09 0.0137886 0.0137886 0.062 0.0137886 0.0137886 0.0626672 0.0137886 0.0137886 0.064 0.0137886 0.0137886 0.0720646 0.0137886 0.0137886 0.0759354 0.0137886 0.0137886 0.0771946 0.0137886 0.0137886 0.0800554 0.0137886 0.0137886 0.0821946 0.0137886 0.0137886 0.0850554 0.0137886 0.0137886 0.09 0.0138199 -0.01647 0.0819931 0.0138199 -0.01647 0.0826181 0.0138199 -0.01647 0.0869931 0.0138199 -0.01647 0.0876181 0.0138199 0.01647 0.0783819 0.0138199 0.01647 0.0790069 0.0138199 0.01647 0.0833819 0.0138199 0.01647 0.0840069 0.0138263 -0.0239478 0.00123988 0.0138263 0.0239478 0.00123988 0.0138526 -0.0239933 0.0603742 0.0138526 0.0239933 0.0603742 0.0138682 -0.0240204 0.00475 0.0138682 0.0240204 0.00475 0.0138741 -0.0136911 0.0809444 0.0138741 -0.0136911 0.0859444 0.0138741 0.0136911 0.0800556 0.0138741 0.0136911 0.0850556 0.0138798 -0.0180885 0.0019 0.0138798 0.0180885 0.0019 0.0138884 -0.0240555 0.0568355 0.0138884 0.0240555 0.0568355 0.0139056 -0.0136551 0.0759354 0.0139056 0.0136551 0.0720646 0.0139575 -0.0139575 0.0720171 0.0139575 -0.0139575 0.0759829 0.0139575 0.0139575 0.0720171 0.0139575 0.0139575 0.0759829 0.0140331 -0.024306 0.0054187 0.0140331 0.024306 0.0054187 0.0140451 -0.0243268 0.0598778 0.0140451 0.0243268 0.0598778 0.0140564 -0.0183187 0.0635106 0.0140564 0.0183187 0.0635106 0.0140881 -0.0244014 0.0556588 0.0140881 0.0244014 0.0556588 0.0141213 -0.0244588 0.00175736 0.0141213 0.0244588 0.00175736 0.0141421 -0.0141421 0.064 0.0141421 -0.0141421 0.072 0.0141421 -0.0141421 0.076 0.0141421 0.0141421 0.064 0.0141421 0.0141421 0.072 0.0141421 0.0141421 0.076 0.0141529 -0.0245135 0.00612473 0.0141529 0.0245135 0.00612473 0.0142094 -0.0246113 0.05444 0.0142094 0.0246113 0.05444 0.0142216 -0.0246326 0.0593583 0.0142216 0.0246326 0.0593583 0.0142256 -0.0246395 0.006856 0.0142256 0.0246395 0.006856 0.01425 -0.0246817 0.0076 0.01425 -0.0246817 0.0532 0.01425 0.0246817 0.0076 0.01425 0.0246817 0.0532 0.0142804 -0.0109577 0.062 0.0142804 -0.0109577 0.09 0.0142804 0.0109577 0.062 0.0142804 0.0109577 0.09 0.0143118 -0.0143118 0.0626187 0.0143118 0.0143118 0.0626187 0.0143267 -0.0143267 0.0720171 0.0143267 -0.0143267 0.0759829 0.0143267 0.0143267 0.0720171 0.0143267 0.0143267 0.0759829 0.0143327 -0.0186787 0.00194876 0.0143327 0.0186787 0.00194876 0.0143801 -0.024907 0.00234743 0.0143801 0.024907 0.00234743 0.0143815 -0.0249095 0.0588175 0.0143815 0.0249095 0.0588175 0.0144162 -0.0187876 0.0632978 0.0144162 0.0187876 0.0632978 0.0144581 -0.0188421 0.0614272 0.0144581 0.0188421 0.0614272 0.0144925 -0.012986 0.0626672 0.0144925 0.012986 0.0626672 0.0145082 -0.0145082 0.0720681 0.0145082 -0.0145082 0.0759319 0.0145082 0.0145082 0.0720681 0.0145082 0.0145082 0.0759319 0.0145241 -0.0251565 0.0582578 0.0145241 0.0251565 0.0582578 0.0145861 -0.0145861 0.0639803 0.0145861 0.0145861 0.0639803 0.0145981 -0.0252846 0.003 0.0145981 0.0252846 0.003 0.0146103 -0.0190405 0 0.0146103 0.0190405 0 0.0146489 -0.0253726 0.0576812 0.0146489 0.0253726 0.0576812 0.0146833 -0.0146833 0.0721522 0.0146833 -0.0146833 0.0758478 0.0146833 0.0146833 0.0721522 0.0146833 0.0146833 0.0758478 0.0147553 -0.0255569 0.0570902 0.0147553 0.0255569 0.0570902 0.0147672 -0.019245 0.0630483 0.0147672 0.019245 0.0630483 0.0147716 -0.0255852 0.0037039 0.0147716 0.0255852 0.0037039 0.0147778 -0.0192589 0.00209422 0.0147778 0.0192589 0.00209422 0.0148429 -0.0257087 0.0564869 0.0148429 0.0257087 0.0564869 0.0148492 -0.0148492 0.072268 0.0148492 -0.0148492 0.075732 0.0148492 0.0148492 0.072268 0.0148492 0.0148492 0.075732 0.0148978 -0.0258037 0.00444709 0.0148978 0.0258037 0.00444709 0.0149094 -0.0125105 0.0809558 0.0149094 -0.0125105 0.0839331 0.0149094 -0.0125105 0.0859558 0.0149094 -0.0125105 0.0889331 0.0149094 0.0125105 0.0770669 0.0149094 0.0125105 0.0800442 0.0149094 0.0125105 0.0820669 0.0149094 0.0125105 0.0850442 0.0149114 -0.0258274 0.0558738 0.0149114 0.0258274 0.0558738 0.0149606 -0.0259125 0.0552533 0.0149606 0.0259125 0.0552533 0.0149743 -0.0259363 0.00521684 0.0149743 0.0259363 0.00521684 0.0149901 -0.0259637 0.0546279 0.0149901 0.0259637 0.0546279 0.015 -0.0259808 0.006 0.015 -0.0259808 0.054 0.015 0.0259808 0.006 0.015 0.0259808 0.054 0.0150031 -0.0150031 0.0724133 0.0150031 -0.0150031 0.0755867 0.0150031 0.0150031 0.0724133 0.0150031 0.0150031 0.0755867 0.0150284 -0.0150284 0.0639211 0.0150284 0.0150284 0.0639211 0.015087 -0.0196618 5.13306e-05 0.015087 0.0196618 5.13306e-05 0.0150871 -0.0196618 0.0607369 0.0150871 0.0196618 0.0607369 0.015108 -0.0196891 0.0627631 0.015108 0.0196891 0.0627631 0.0151421 -0.0151421 0.0725858 0.0151421 -0.0151421 0.0754142 0.0151421 0.0151421 0.0725858 0.0151421 0.0151421 0.0754142 0.0151736 -0.0151736 0.0623763 0.0151736 0.0151736 0.0623763 0.0152076 -0.019819 0.00233389 0.0152076 0.019819 0.00233389 0.0152641 -0.0152641 0.0727825 0.0152641 -0.0152641 0.0752175 0.0152641 0.0152641 0.0727825 0.0152641 0.0152641 0.0752175 0.0153534 -0.0120043 0.0720646 0.0153534 0.0120043 0.0759354 0.0153669 -0.0153669 0.073 0.0153669 -0.0153669 0.075 0.0153669 0.0153669 0.073 0.0153669 0.0153669 0.075 0.0154371 -0.0201181 0.0624433 0.0154371 0.0201181 0.0624433 0.0154487 -0.0154487 0.0732346 0.0154487 -0.0154487 0.0747654 0.0154487 0.0154487 0.0732346 0.0154487 0.0154487 0.0747654 0.0154671 -0.0154671 0.0638229 0.0154671 0.0154671 0.0638229 0.0154704 -0.0118708 0.062 0.0154704 -0.0118708 0.0626672 0.0154704 -0.0118708 0.064 0.0154704 -0.0118708 0.0720646 0.0154704 -0.0118708 0.0759354 0.0154704 -0.0118708 0.0810411 0.0154704 -0.0118708 0.0839178 0.0154704 -0.0118708 0.0860411 0.0154704 -0.0118708 0.0889178 0.0154704 -0.0118708 0.09 0.0154704 0.0118708 0.062 0.0154704 0.0118708 0.0626672 0.0154704 0.0118708 0.064 0.0154704 0.0118708 0.0720646 0.0154704 0.0118708 0.0759354 0.0154704 0.0118708 0.0770822 0.0154704 0.0118708 0.0799589 0.0154704 0.0118708 0.0820822 0.0154704 0.0118708 0.0849589 0.0154704 0.0118708 0.09 0.0155082 -0.0155082 0.0734824 0.0155082 -0.0155082 0.0745176 0.0155082 0.0155082 0.0734824 0.0155082 0.0155082 0.0745176 0.0155443 -0.0155443 0.0737389 0.0155443 -0.0155443 0.0742611 0.0155443 0.0155443 0.0737389 0.0155443 0.0155443 0.0742611 0.0155556 -0.0202725 0.000204445 0.0155556 0.0202725 0.000204445 0.0155563 -0.0155563 0.074 0.0155563 0.0155563 0.074 0.015569 -0.0117233 0.0759354 0.015569 0.0117233 0.0720646 0.0155885 -0.009 0.062 0.0155885 -0.009 0.074 0.0155885 -0.009 0.09 0.0155885 0.009 0.062 0.0155885 0.009 0.074 0.0155885 0.009 0.09 0.0156147 -0.0203495 0.00266365 0.0156147 0.0203495 0.00266365 0.0156558 -0.0204031 0.0599175 0.0156558 0.0204031 0.0599175 0.01566 -0.0120163 0.0720171 0.01566 -0.0120163 0.0759829 0.01566 0.0120163 0.0720171 0.01566 0.0120163 0.0759829 0.0157534 -0.0205303 0.0620902 0.0157534 0.0205303 0.0620902 0.0158671 -0.0121752 0.064 0.0158671 -0.0121752 0.072 0.0158671 -0.0121752 0.076 0.0158671 0.0121752 0.064 0.0158671 0.0121752 0.072 0.0158671 0.0121752 0.076 0.0158844 -0.0112512 0.0839607 0.0158844 -0.0112512 0.0889607 0.0158844 0.0112512 0.0770393 0.0158844 0.0112512 0.0820393 0.0159006 -0.0159006 0.0636858 0.0159006 0.0159006 0.0636858 0.0159921 -0.0208413 0.00307789 0.0159921 0.0208413 0.00307789 0.0159994 -0.0110791 0.0810643 0.0159994 -0.0110791 0.0860643 0.0159994 0.0110791 0.0799357 0.0159994 0.0110791 0.0849357 0.0160057 -0.0160057 0.0619768 0.0160057 0.0160057 0.0619768 0.0160081 -0.0208621 0.000456722 0.0160081 0.0208621 0.000456722 0.0160556 -0.0209241 0.0617051 0.0160556 0.0209241 0.0617051 0.0160575 -0.0123213 0.0626187 0.0160575 0.0123213 0.0626187 0.0160742 -0.0123341 0.0720171 0.0160742 -0.0123341 0.0759829 0.0160742 0.0123341 0.0720171 0.0160742 0.0123341 0.0759829 0.016122 -0.016122 0.0019 0.016122 0.016122 0.0019 0.0161546 -0.0210531 0.0589832 0.0161546 0.0210531 0.0589832 0.0162777 -0.0124903 0.0720681 0.0162777 -0.0124903 0.0759319 0.0162777 0.0124903 0.0720681 0.0162777 0.0124903 0.0759319 0.0162944 -0.0106376 0.0626672 0.0162944 0.0106376 0.0626672 0.0163272 -0.0163272 0.0635106 0.0163272 0.0163272 0.0635106 0.0163334 -0.0212861 0.00356949 0.0163334 0.0212861 0.00356949 0.0163425 -0.0212979 0.0612897 0.0163425 0.0212979 0.0612897 0.0163652 -0.0125575 0.0639803 0.0163652 0.0125575 0.0639803 0.0164366 -0.0214205 0.000803847 0.0164366 0.0214205 0.000803847 0.01647 -0.0138199 0.0821319 0.01647 -0.0138199 0.0827569 0.01647 -0.0138199 0.0871319 0.01647 -0.0138199 0.0877569 0.01647 0.0138199 0.0782431 0.01647 0.0138199 0.0788681 0.01647 0.0138199 0.0832431 0.01647 0.0138199 0.0838681 0.0164743 -0.0126412 0.0721522 0.0164743 -0.0126412 0.0758478 0.0164743 0.0126412 0.0721522 0.0164743 0.0126412 0.0758478 0.0165749 -0.0216008 0.05795 0.0165749 0.0216008 0.05795 0.0166129 -0.0216504 0.0608455 0.0166129 0.0216504 0.0608455 0.0166298 -0.0068883 0.062 0.0166298 -0.0068883 0.09 0.0166298 0.0068883 0.062 0.0166298 0.0068883 0.09 0.0166326 -0.0216761 0.00413006 0.0166326 0.0216761 0.00413006 0.0166481 -0.0166481 0.00194876 0.0166481 0.0166481 0.00194876 0.0166511 -0.00682562 0.09 0.0166604 -0.012784 0.072268 0.0166604 -0.012784 0.075732 0.0166604 0.012784 0.072268 0.0166604 0.012784 0.075732 0.0167452 -0.0167452 0.0632978 0.0167452 0.0167452 0.0632978 0.0167889 -0.00989757 0.0720646 0.0167889 0.00989757 0.0759354 0.0167919 -0.00641094 0.090047 0.0167938 -0.0167938 0.0614272 0.0167938 0.0167938 0.0614272 0.0168318 -0.0065058 0.09 0.016833 -0.0129164 0.0724133 0.016833 -0.0129164 0.0755867 0.016833 0.0129164 0.0724133 0.016833 0.0129164 0.0755867 0.0168338 -0.0219383 0.00123988 0.0168338 0.0219383 0.00123988 0.0168614 -0.0129382 0.0639211 0.0168614 0.0129382 0.0639211 0.0168658 -0.02198 0.0603742 0.0168658 0.02198 0.0603742 0.0168823 -0.00614465 0.0900752 0.0168848 -0.0220047 0.00475 0.0168848 0.0220047 0.00475 0.0168875 -0.00975 0.062 0.0168875 -0.00975 0.0626672 0.0168875 -0.00975 0.064 0.0168875 -0.00975 0.0720646 0.0168875 -0.00975 0.0759354 0.0168875 -0.00975 0.0811161 0.0168875 -0.00975 0.0840505 0.0168875 -0.00975 0.0861161 0.0168875 -0.00975 0.0890505 0.0168875 -0.00975 0.09 0.0168875 0.00975 0.062 0.0168875 0.00975 0.0626672 0.0168875 0.00975 0.064 0.0168875 0.00975 0.0720646 0.0168875 0.00975 0.0759354 0.0168875 0.00975 0.0769495 0.0168875 0.00975 0.0798839 0.0168875 0.00975 0.0819495 0.0168875 0.00975 0.0848839 0.0168875 0.00975 0.09 0.0169095 -0.0220369 0.0568355 0.0169095 0.0220369 0.0568355 0.016966 -0.00959082 0.0759354 0.016966 0.00959082 0.0720646 0.0169706 -0.0169706 0 0.0169706 0.0169706 0 0.016989 -0.0130361 0.0725858 0.016989 -0.0130361 0.0754142 0.016989 0.0130361 0.0725858 0.016989 0.0130361 0.0754142 0.0170047 -0.00618921 0.09 0.0170244 -0.0130633 0.0623763 0.0170244 0.0130633 0.0623763 0.0170856 -0.0222663 0.0054187 0.0170856 0.0222663 0.0054187 0.0170944 -0.00986947 0.0720171 0.0170944 -0.00986947 0.0759829 0.0170944 0.00986947 0.0720171 0.0170944 0.00986947 0.0759829 0.0171002 -0.0222854 0.0598778 0.0171002 0.0222854 0.0598778 0.0171259 -0.0131412 0.0727825 0.0171259 -0.0131412 0.0752175 0.0171259 0.0131412 0.0727825 0.0171259 0.0131412 0.0752175 0.0171526 -0.0223538 0.0556588 0.0171526 0.0223538 0.0556588 0.0171528 -0.0171528 0.0630483 0.0171528 0.0171528 0.0630483 0.0171652 -0.0171652 0.00209422 0.0171652 0.0171652 0.00209422 0.017193 -0.0224064 0.00175736 0.017193 0.0224064 0.00175736 0.0172315 -0.0224565 0.00612473 0.0172315 0.0224565 0.00612473 0.0172412 -0.0132296 0.073 0.0172412 -0.0132296 0.075 0.0172412 0.0132296 0.073 0.0172412 0.0132296 0.075 0.0173002 -0.0225461 0.05444 0.0173002 0.0225461 0.05444 0.0173152 -0.0225656 0.0593583 0.0173152 0.0225656 0.0593583 0.01732 -0.0225719 0.006856 0.01732 0.0225719 0.006856 0.0173205 -0.01 0.064 0.0173205 -0.01 0.072 0.0173205 -0.01 0.076 0.0173205 0.01 0.064 0.0173205 0.01 0.072 0.0173205 0.01 0.076 0.017333 -0.0133001 0.0732346 0.017333 -0.0133001 0.0747654 0.017333 0.0133001 0.0732346 0.017333 0.0133001 0.0747654 0.0173497 -0.0226106 0.0076 0.0173497 -0.0226106 0.0532 0.0173497 0.0226106 0.0076 0.0173497 0.0226106 0.0532 0.0173537 -0.0133159 0.0638229 0.0173537 0.0133159 0.0638229 0.0173597 -0.00879254 0.0626672 0.0173597 0.00879254 0.0626672 0.0173867 -0.00465874 0.062 0.0173867 -0.00465874 0.0900866 0.0173867 0.00465874 0.062 0.0173867 0.00465874 0.09 0.0173997 -0.0133513 0.0734824 0.0173997 -0.0133513 0.0745176 0.0173997 0.0133513 0.0734824 0.0173997 0.0133513 0.0745176 0.0174402 -0.0133823 0.0737389 0.0174402 -0.0133823 0.0742611 0.0174402 0.0133823 0.0737389 0.0174402 0.0133823 0.0742611 0.0174538 -0.0133928 0.074 0.0174538 0.0133928 0.074 0.0175081 -0.0228169 0.00234743 0.0175081 0.0228169 0.00234743 0.0175098 -0.0228193 0.0588175 0.0175098 0.0228193 0.0588175 0.0175243 -0.0175243 5.13306e-05 0.0175243 0.0175243 5.13306e-05 0.0175244 -0.0175244 0.0607369 0.0175244 0.0175244 0.0607369 0.0175283 -0.01012 0.0626187 0.0175283 0.01012 0.0626187 0.0175466 -0.0101305 0.0720171 0.0175466 -0.0101305 0.0759829 0.0175466 0.0101305 0.0720171 0.0175466 0.0101305 0.0759829 0.0175486 -0.0175486 0.0627631 0.0175486 0.0175486 0.0627631 0.0175945 -0.00831639 0.0841024 0.0175945 -0.00831639 0.0891024 0.0175945 0.00831639 0.0768976 0.0175945 0.00831639 0.0818976 0.0176405 -0.00338286 0.090194 0.0176644 -0.0176644 0.00233389 0.0176644 0.0176644 0.00233389 0.0176835 -0.0230455 0.0582578 0.0176835 0.0230455 0.0582578 0.0176861 -0.00813068 0.081206 0.0176861 -0.00813068 0.086206 0.0176861 0.00813068 0.079794 0.0176861 0.00813068 0.084794 0.0176928 -0.00311972 0.0902141 0.0176928 -0.00311971 0.0902141 0.0177688 -0.0102588 0.0720681 0.0177688 -0.0102588 0.0759319 0.0177688 0.0102588 0.0720681 0.0177688 0.0102588 0.0759319 0.0177735 -0.0231629 0.003 0.0177735 0.0231629 0.003 0.0178353 -0.0232435 0.0576812 0.0178353 0.0232435 0.0576812 0.0178401 -0.0136892 0.0636858 0.0178401 0.0136892 0.0636858 0.017846 -0.00234947 0.062 0.017846 -0.00234947 0.0902 0.017846 0.00234947 0.062 0.017846 0.00234947 0.09 0.0178643 -0.0103139 0.0639803 0.0178643 0.0103139 0.0639803 0.0178707 -0.00373954 0.09 0.017931 -0.017931 0.0624433 0.017931 0.017931 0.0624433 0.0179372 -0.00762151 0.0720646 0.0179372 0.00762151 0.0759354 0.0179579 -0.0137796 0.0619768 0.0179579 0.0137796 0.0619768 0.0179649 -0.0234123 0.0570902 0.0179649 0.0234123 0.0570902 0.0179809 -0.000290929 0.0903187 0.0179833 -0.0103827 0.0721522 0.0179833 -0.0103827 0.0758478 0.0179833 0.0103827 0.0721522 0.0179833 0.0103827 0.0758478 0.0179848 -0.0234383 0.0037039 0.0179848 0.0234383 0.0037039 0.018 -4.76837e-09 0.0903332 0.018 0 0.062 0.018 0 0.074 0.018 0 0.0903332 0.018 4.76837e-09 0.09 0.018 4.76837e-09 0.0903332 0.0180156 -0.00746233 0.0626672 0.0180156 -0.00746233 0.0720646 0.0180156 -0.00746233 0.0759354 0.0180156 0.00746233 0.0626672 0.0180156 0.00746233 0.0720646 0.0180156 0.00746233 0.0759354 0.0180157 -0.00746233 0.062 0.0180157 -0.00746233 0.0626672 0.0180157 -0.00746233 0.064 0.0180157 -0.00746233 0.0720646 0.0180157 -0.00746233 0.0759354 0.0180157 -0.00746233 0.0812489 0.0180157 -0.00746233 0.0841255 0.0180157 -0.00746233 0.0862489 0.0180157 -0.00746233 0.0891255 0.0180157 -0.00746233 0.09 0.0180157 0.00746233 0.062 0.0180157 0.00746233 0.0626672 0.0180157 0.00746233 0.064 0.0180157 0.00746233 0.0720646 0.0180157 0.00746233 0.0759354 0.0180157 0.00746233 0.0768745 0.0180157 0.00746233 0.0797511 0.0180157 0.00746233 0.0818745 0.0180157 0.00746233 0.0847511 0.0180157 0.00746233 0.09 0.018058 -0.00318412 0.09 0.018058 -0.00318411 0.09 0.0180686 -0.0180686 0.000204445 0.0180686 0.0180686 0.000204445 0.0180716 -0.0235513 0.0564869 0.0180716 0.0235513 0.0564869 0.0180727 -0.00729426 0.0759354 0.0180727 0.00729426 0.0720646 0.0180885 -0.0138798 0.0019 0.0180885 0.0138798 0.0019 0.0181373 -0.0181373 0.00266365 0.0181373 0.0181373 0.00266365 0.0181384 -0.0236384 0.00444709 0.0181384 0.0236384 0.00444709 0.018155 -0.0236601 0.0558738 0.018155 0.0236601 0.0558738 0.018185 -0.018185 0.0599175 0.018185 0.018185 0.0599175 0.0181865 -0.0105 0.072268 0.0181865 -0.0105 0.075732 0.0181865 0.0105 0.072268 0.0181865 0.0105 0.075732 0.0182148 -0.023738 0.0552533 0.0182148 0.023738 0.0552533 0.0182316 -0.0237599 0.00521684 0.0182316 0.0237599 0.00521684 0.0182364 -0.00755377 0.0720171 0.0182364 -0.00755377 0.0759829 0.0182364 0.00755377 0.0720171 0.0182364 0.00755377 0.0759829 0.0182508 -0.0237849 0.0546279 0.0182508 0.0237849 0.0546279 0.0182628 -0.0238006 0.006 0.0182628 -0.0238006 0.054 0.0182628 0.0238006 0.006 0.0182628 0.0238006 0.054 0.0182891 -0.0066567 0.0812336 0.0182891 -0.0066567 0.0842109 0.0182891 -0.0066567 0.0862336 0.0182891 -0.0066567 0.0892109 0.0182891 -0.00665669 0.0812336 0.0182891 -0.00665669 0.0862336 0.0182891 0.00665669 0.0797664 0.0182891 0.00665669 0.0847664 0.0182891 0.0066567 0.0767891 0.0182891 0.0066567 0.0797664 0.0182891 0.0066567 0.0817891 0.0182891 0.0066567 0.0847664 0.0182984 -0.0182984 0.0620902 0.0182984 0.0182984 0.0620902 0.0183187 -0.0140564 0.0635106 0.0183187 0.0140564 0.0635106 0.0183749 -0.0106088 0.0724133 0.0183749 -0.0106088 0.0755867 0.0183749 0.0106088 0.0724133 0.0183749 0.0106088 0.0755867 0.0184059 -0.0106267 0.0639211 0.0184059 0.0106267 0.0639211 0.0184553 -0.000802411 0.09 0.0184776 -0.00765367 0.064 0.0184776 -0.00765367 0.072 0.0184776 -0.00765367 0.076 0.0184776 0.00765367 0.064 0.0184776 0.00765367 0.072 0.0184776 0.00765367 0.076 0.0184924 -0.00605787 0.0626672 0.0184924 0.00605787 0.0626672 0.0185453 -0.0107071 0.0725858 0.0185453 -0.0107071 0.0754142 0.0185453 0.0107071 0.0725858 0.0185453 0.0107071 0.0754142 0.0185757 -0.0185757 0.00307789 0.0185757 0.0185757 0.00307789 0.0185772 -4.76837e-09 0.09 0.0185772 4.76837e-09 0.09 0.0185838 -0.0107294 0.0623763 0.0185838 0.0107294 0.0623763 0.0185942 -0.0185942 0.000456722 0.0185942 0.0185942 0.000456722 0.0186195 -0.01075 0.0822708 0.0186195 -0.01075 0.0828958 0.0186195 -0.01075 0.0872708 0.0186195 -0.01075 0.0878958 0.0186195 0.01075 0.0781042 0.0186195 0.01075 0.0787292 0.0186195 0.01075 0.0831042 0.0186195 0.01075 0.0837292 0.0186494 -0.0186494 0.0617051 0.0186494 0.0186494 0.0617051 0.0186787 -0.0143327 0.00194876 0.0186787 0.0143327 0.00194876 0.0186946 -0.0107934 0.0727825 0.0186946 -0.0107934 0.0752175 0.0186946 0.0107934 0.0727825 0.0186946 0.0107934 0.0752175 0.0186993 -0.00774551 0.0626187 0.0186993 0.00774551 0.0626187 0.0187188 -0.00775357 0.0720171 0.0187188 -0.00775357 0.0759829 0.0187188 0.00775357 0.0720171 0.0187188 0.00775357 0.0759829 0.0187644 -0.0187644 0.0589832 0.0187644 0.0187644 0.0589832 0.0187785 -0.00521504 0.0720646 0.0187785 0.00521504 0.0759354 0.0187876 -0.0144162 0.0632978 0.0187876 0.0144162 0.0632978 0.0187939 -0.00516977 0.0842222 0.0187939 -0.00516977 0.0892222 0.0187939 0.00516977 0.0767778 0.0187939 0.00516977 0.0817778 0.0188205 -0.010866 0.073 0.0188205 -0.010866 0.075 0.0188205 0.010866 0.073 0.0188205 0.010866 0.075 0.0188356 -0.00504697 0.062 0.0188356 -0.00504697 0.0626672 0.0188356 -0.00504697 0.064 0.0188356 -0.00504697 0.0720646 0.0188356 -0.00504697 0.0759354 0.0188356 -0.00504697 0.0813613 0.0188356 -0.00504697 0.0842221 0.0188356 -0.00504697 0.0863613 0.0188356 -0.00504697 0.0892221 0.0188356 -0.00504697 0.09 0.0188356 0.00504697 0.062 0.0188356 0.00504697 0.0626672 0.0188356 0.00504697 0.064 0.0188356 0.00504697 0.0720646 0.0188356 0.00504697 0.0759354 0.0188356 0.00504697 0.0767779 0.0188356 0.00504697 0.0796387 0.0188356 0.00504697 0.0817779 0.0188356 0.00504697 0.0846387 0.0188356 0.00504697 0.09 0.0188421 -0.0144581 0.0614272 0.0188421 0.0144581 0.0614272 0.0188609 -0.00491979 0.0813611 0.0188609 -0.00491979 0.0863611 0.0188609 0.00491979 0.0796389 0.0188609 0.00491979 0.0846389 0.0188702 -0.00487289 0.0759354 0.0188702 0.00487289 0.0720646 0.0189207 -0.0109239 0.0732346 0.0189207 -0.0109239 0.0747654 0.0189207 0.0109239 0.0732346 0.0189207 0.0109239 0.0747654 0.0189433 -0.0109369 0.0638229 0.0189433 0.0109369 0.0638229 0.0189558 -0.00785176 0.0720681 0.0189558 -0.00785176 0.0759319 0.0189558 0.00785176 0.0720681 0.0189558 0.00785176 0.0759319 0.018972 -0.018972 0.00356949 0.018972 0.018972 0.00356949 0.0189826 -0.0189826 0.0612897 0.0189826 0.0189826 0.0612897 0.0189935 -0.0109659 0.0734824 0.0189935 -0.0109659 0.0745176 0.0189935 0.0109659 0.0734824 0.0189935 0.0109659 0.0745176 0.0190377 -0.0109914 0.0737389 0.0190377 -0.0109914 0.0742611 0.0190377 0.0109914 0.0737389 0.0190377 0.0109914 0.0742611 0.0190405 -0.0146103 0 0.0190405 0.0146103 0 0.0190526 -0.011 0.074 0.0190526 0.011 0.074 0.0190577 -0.00789396 0.0639803 0.0190577 0.00789396 0.0639803 0.0190664 -0.00510882 0.0720171 0.0190664 -0.00510882 0.0759829 0.0190664 0.00510882 0.0720171 0.0190664 0.00510882 0.0759829 0.0190919 -0.0190919 0.000803847 0.0190919 0.0190919 0.000803847 0.0191249 -0.00359231 0.0626672 0.0191249 0.00359231 0.0626672 0.0191672 -0.0033797 0.0843497 0.0191672 -0.0033797 0.0893497 0.0191672 -0.00337969 0.0813725 0.0191672 -0.00337969 0.0843497 0.0191672 -0.00337969 0.0863725 0.0191672 -0.00337969 0.0893497 0.0191672 0.00337969 0.0766503 0.0191672 0.00337969 0.0796275 0.0191672 0.00337969 0.0816503 0.0191672 0.00337969 0.0846275 0.0191672 0.0033797 0.0766503 0.0191672 0.0033797 0.0816503 0.0191847 -0.00794656 0.0721522 0.0191847 -0.00794656 0.0758478 0.0191847 0.00794656 0.0721522 0.0191847 0.00794656 0.0758478 0.019245 -0.0147672 0.0630483 0.019245 0.0147672 0.0630483 0.0192526 -0.0192526 0.05795 0.0192526 0.0192526 0.05795 0.0192589 -0.0147778 0.00209422 0.0192589 0.0147778 0.00209422 0.0192967 -0.0192967 0.0608455 0.0192967 0.0192967 0.0608455 0.0192985 -0.00271934 0.0720646 0.0192985 0.00271934 0.0759354 0.0193185 -0.00517638 0.064 0.0193185 -0.00517638 0.072 0.0193185 -0.00517638 0.076 0.0193185 0.00517638 0.064 0.0193185 0.00517638 0.072 0.0193185 0.00517638 0.076 0.0193197 -0.0193197 0.00413006 0.0193197 0.0193197 0.00413006 0.0193332 -0.00254526 0.062 0.0193332 -0.00254526 0.0626672 0.0193332 -0.00254526 0.064 0.0193332 -0.00254526 0.0720646 0.0193332 -0.00254526 0.0759354 0.0193332 -0.00254526 0.0814578 0.0193332 -0.00254526 0.0843345 0.0193332 -0.00254526 0.0864578 0.0193332 -0.00254526 0.0893345 0.0193332 -0.00254526 0.09 0.0193332 0.00254526 0.062 0.0193332 0.00254526 0.0626672 0.0193332 0.00254526 0.064 0.0193332 0.00254526 0.0720646 0.0193332 0.00254526 0.0759354 0.0193332 0.00254526 0.0766655 0.0193332 0.00254526 0.0795422 0.0193332 0.00254526 0.0816655 0.0193332 0.00254526 0.0845422 0.0193332 0.00254526 0.09 0.0193448 -0.00236815 0.0759354 0.0193448 0.00236815 0.0720646 0.0193819 -0.00180165 0.0843773 0.0193819 -0.00180165 0.0893773 0.0193819 0.00180165 0.0766227 0.0193819 0.00180165 0.0816227 0.0193955 -0.00159503 0.081481 0.0193955 -0.00159503 0.086481 0.0193955 0.00159503 0.079519 0.0193955 0.00159503 0.084519 0.0194015 -0.00803635 0.072268 0.0194015 -0.00803635 0.075732 0.0194015 0.00803635 0.072268 0.0194015 0.00803635 0.075732 0.019403 -0.00147999 0.0626672 0.019403 0.00147999 0.0626672 0.0194742 -0.0112434 0.0636858 0.0194742 0.0112434 0.0636858 0.0194884 -0.000177101 0.0720646 0.0194884 0.000177101 0.0759354 0.0195 -4.76837e-09 0.0765328 0.0195 -4.76837e-09 0.0794672 0.0195 -4.76837e-09 0.0815328 0.0195 -4.76837e-09 0.0844672 0.0195 -4.76837e-09 0.0865328 0.0195 -4.76837e-09 0.0894672 0.0195 0 0.062 0.0195 0 0.0626672 0.0195 0 0.064 0.0195 0 0.0720646 0.0195 0 0.0759354 0.0195 0 0.0765328 0.0195 0 0.0794672 0.0195 0 0.0815328 0.0195 0 0.0844672 0.0195 0 0.0865328 0.0195 0 0.0894672 0.0195 0 0.09 0.0195 4.76837e-09 0.0765328 0.0195 4.76837e-09 0.0794672 0.0195 4.76837e-09 0.0815328 0.0195 4.76837e-09 0.0844672 0.0195 4.76837e-09 0.0865328 0.0195 4.76837e-09 0.0894672 0.0195503 -0.00523849 0.0626187 0.0195503 0.00523849 0.0626187 0.0195533 -0.0195533 0.00123988 0.0195533 0.0195533 0.00123988 0.0195701 -0.00257645 0.0720171 0.0195701 -0.00257645 0.0759829 0.0195701 0.00257645 0.0720171 0.0195701 0.00257645 0.0759829 0.0195707 -0.00524395 0.0720171 0.0195707 -0.00524395 0.0759829 0.0195707 0.00524395 0.0720171 0.0195707 0.00524395 0.0759829 0.0195905 -0.0195905 0.0603742 0.0195905 0.0195905 0.0603742 0.0196024 -0.00811959 0.0724133 0.0196024 -0.00811959 0.0755867 0.0196024 0.00811959 0.0724133 0.0196024 0.00811959 0.0755867 0.0196029 -0.0113177 0.0619768 0.0196029 0.0113177 0.0619768 0.0196126 -0.0196126 0.00475 0.0196126 0.0196126 0.00475 0.0196355 -0.0081333 0.0639211 0.0196355 0.0081333 0.0639211 0.0196412 -0.0196412 0.0568355 0.0196412 0.0196412 0.0568355 0.0196618 -0.0150871 0.0607369 0.0196618 -0.015087 5.13306e-05 0.0196618 0.015087 5.13306e-05 0.0196618 0.0150871 0.0607369 0.0196891 -0.015108 0.0627631 0.0196891 0.015108 0.0627631 0.0197389 0 0.0720171 0.0197389 0 0.0759829 0.0197454 -0.0114 0.0019 0.0197454 0.0114 0.0019 0.0197842 -0.00819486 0.0725858 0.0197842 -0.00819486 0.0754142 0.0197842 0.00819486 0.0725858 0.0197842 0.00819486 0.0754142 0.0198185 -0.00531036 0.0720681 0.0198185 -0.00531036 0.0759319 0.0198185 0.00531036 0.0720681 0.0198185 0.00531036 0.0759319 0.019819 -0.0152076 0.00233389 0.019819 0.0152076 0.00233389 0.0198253 -0.00821192 0.0623763 0.0198253 0.00821192 0.0623763 0.0198289 -0.00261052 0.064 0.0198289 -0.00261052 0.072 0.0198289 -0.00261052 0.076 0.0198289 0.00261052 0.064 0.0198289 0.00261052 0.072 0.0198289 0.00261052 0.076 0.0198457 -0.0198457 0.0054187 0.0198457 0.0198457 0.0054187 0.0198627 -0.0198627 0.0598778 0.0198627 0.0198627 0.0598778 0.0199236 -0.0199236 0.0556588 0.0199236 0.0199236 0.0556588 0.019925 -0.00533889 0.0639803 0.019925 0.00533889 0.0639803 0.0199435 -0.00826087 0.0727825 0.0199435 -0.00826087 0.0752175 0.0199435 0.00826087 0.0727825 0.0199435 0.00826087 0.0752175 0.0199706 -0.0199706 0.00175736 0.0199706 0.0199706 0.00175736 0.0199967 -0.0115451 0.0635106 0.0199967 0.0115451 0.0635106 0.02 0 0.064 0.02 0 0.072 0.02 0 0.076 0.0200152 -0.0200152 0.00612473 0.0200152 0.0200152 0.00612473 0.0200578 -0.00537447 0.0721522 0.0200578 -0.00537447 0.0758478 0.0200578 0.00537447 0.0721522 0.0200578 0.00537447 0.0758478 0.0200668 -0.00264185 0.0626187 0.0200668 0.00264185 0.0626187 0.0200778 -0.0083165 0.073 0.0200778 -0.0083165 0.075 0.0200778 0.0083165 0.073 0.0200778 0.0083165 0.075 0.0200877 -0.0026446 0.0720171 0.0200877 -0.0026446 0.0759829 0.0200877 0.0026446 0.0720171 0.0200877 0.0026446 0.0759829 0.0200951 -0.0200951 0.05444 0.0200951 0.0200951 0.05444 0.0201124 -0.0201124 0.0593583 0.0201124 0.0201124 0.0593583 0.0201181 -0.0201181 0.006856 0.0201181 -0.0154371 0.0624433 0.0201181 0.0154371 0.0624433 0.0201181 0.0201181 0.006856 0.0201525 -0.0201525 0.0076 0.0201525 -0.0201525 0.0532 0.0201525 0.0201525 0.0076 0.0201525 0.0201525 0.0532 0.0201847 -0.00836077 0.0732346 0.0201847 -0.00836077 0.0747654 0.0201847 0.00836077 0.0732346 0.0201847 0.00836077 0.0747654 0.0202034 -0.00735344 0.0824097 0.0202034 -0.00735344 0.0830347 0.0202034 -0.00735344 0.0874097 0.0202034 -0.00735344 0.0880347 0.0202034 -0.00735343 0.0824097 0.0202034 -0.00735343 0.0830347 0.0202034 -0.00735343 0.0874097 0.0202034 -0.00735343 0.0880347 0.0202034 0.00735343 0.0779653 0.0202034 0.00735343 0.0785903 0.0202034 0.00735343 0.0829653 0.0202034 0.00735343 0.0835903 0.0202034 0.00735344 0.0779653 0.0202034 0.00735344 0.0785903 0.0202034 0.00735344 0.0829653 0.0202034 0.00735344 0.0835903 0.0202088 -0.00837074 0.0638229 0.0202088 0.00837074 0.0638229 0.02024 0 0.0626187 0.0202611 0 0.0720171 0.0202611 0 0.0759829 0.0202624 -0.00839296 0.0734824 0.0202624 -0.00839296 0.0745176 0.0202624 0.00839296 0.0734824 0.0202624 0.00839296 0.0745176 0.0202725 -0.0155556 0.000204445 0.0202725 0.0155556 0.000204445 0.0202844 -0.0054352 0.072268 0.0202844 -0.0054352 0.075732 0.0202844 0.0054352 0.072268 0.0202844 0.0054352 0.075732 0.0203095 -0.00841249 0.0737389 0.0203095 -0.00841249 0.0742611 0.0203095 0.00841249 0.0737389 0.0203095 0.00841249 0.0742611 0.0203253 -0.00841904 0.074 0.0203253 0.00841904 0.074 0.0203365 -0.0203365 0.00234743 0.0203365 0.0203365 0.00234743 0.0203386 -0.0203386 0.0588175 0.0203386 0.0203386 0.0588175 0.0203421 -0.00267809 0.0720681 0.0203421 -0.00267809 0.0759319 0.0203421 0.00267809 0.0720681 0.0203421 0.00267809 0.0759319 0.0203495 -0.0156147 0.00266365 0.0203495 0.0156147 0.00266365 0.0203897 -0.011772 0.00194876 0.0203897 0.011772 0.00194876 0.0204031 -0.0156558 0.0599175 0.0204031 0.0156558 0.0599175 0.0204514 -0.00269248 0.0639803 0.0204514 0.00269248 0.0639803 0.0204946 -0.0054915 0.0724133 0.0204946 -0.0054915 0.0755867 0.0204946 0.0054915 0.0724133 0.0204946 0.0054915 0.0755867 0.0205086 -0.0118406 0.0632978 0.0205086 0.0118406 0.0632978 0.0205176 0 0.0720681 0.0205176 0 0.0759319 0.0205291 -0.00550077 0.0639211 0.0205291 0.00550077 0.0639211 0.0205303 -0.0157534 0.0620902 0.0205303 0.0157534 0.0620902 0.0205402 -0.0205402 0.0582578 0.0205402 0.0205402 0.0582578 0.0205681 -0.011875 0.0614272 0.0205681 0.011875 0.0614272 0.0205877 -0.00271042 0.0721522 0.0205877 -0.00271042 0.0758478 0.0205877 0.00271042 0.0721522 0.0205877 0.00271042 0.0758478 0.0206279 0 0.0639803 0.0206448 -0.0206448 0.003 0.0206448 0.0206448 0.003 0.0206845 -0.00554241 0.0725858 0.0206845 -0.00554241 0.0754142 0.0206845 0.00554241 0.0725858 0.0206845 0.00554241 0.0754142 0.0207166 -0.0207166 0.0576812 0.0207166 0.0207166 0.0576812 0.0207276 -0.00555394 0.0623763 0.0207276 0.00555394 0.0623763 0.0207654 0 0.0721522 0.0207654 0 0.0758478 0.0207752 -0.00860536 0.0636858 0.0207752 0.00860536 0.0636858 0.0207846 -0.012 0 0.0207846 0.012 0 0.0208203 -0.00274105 0.072268 0.0208203 -0.00274105 0.075732 0.0208203 0.00274105 0.072268 0.0208203 0.00274105 0.075732 0.0208413 -0.0159921 0.00307789 0.0208413 0.0159921 0.00307789 0.0208512 -0.00558705 0.0727825 0.0208512 -0.00558705 0.0752175 0.0208512 0.00558705 0.0727825 0.0208512 0.00558705 0.0752175 0.0208621 -0.0160081 0.000456722 0.0208621 0.0160081 0.000456722 0.0208671 -0.0208671 0.0570902 0.0208671 0.0208671 0.0570902 0.0208903 -0.0208903 0.0037039 0.0208903 0.0208903 0.0037039 0.0209125 -0.00866223 0.0619768 0.0209125 0.00866223 0.0619768 0.0209241 -0.0160556 0.0617051 0.0209241 0.0160556 0.0617051 0.020991 -0.020991 0.0564869 0.020991 0.020991 0.0564869 0.0209915 -0.00562467 0.073 0.0209915 -0.00562467 0.075 0.0209915 0.00562467 0.073 0.0209915 0.00562467 0.075 0.021 0 0.072268 0.021 0 0.075732 0.0210079 -0.0121289 0.0630483 0.0210079 0.0121289 0.0630483 0.021023 -0.0121376 0.00209422 0.021023 0.0121376 0.00209422 0.021036 -0.00276944 0.0724133 0.021036 -0.00276944 0.0755867 0.021036 0.00276944 0.0724133 0.021036 0.00276944 0.0755867 0.0210531 -0.0161546 0.0589832 0.0210531 0.0161546 0.0589832 0.0210645 -0.00872518 0.0019 0.0210645 0.00872518 0.0019 0.0210686 -0.0210686 0.00444709 0.0210686 0.0210686 0.00444709 0.0210715 -0.00277412 0.0639211 0.0210715 0.00277412 0.0639211 0.0210879 -0.0210879 0.0558738 0.0210879 0.0210879 0.0558738 0.0211033 -0.00565462 0.0732346 0.0211033 -0.00565462 0.0747654 0.0211033 0.00565462 0.0732346 0.0211033 0.00565462 0.0747654 0.0211285 -0.00566136 0.0638229 0.0211285 0.00566136 0.0638229 0.0211574 -0.0211574 0.0552533 0.0211574 0.0211574 0.0552533 0.0211734 -0.00373344 0.0825486 0.0211734 -0.00373344 0.0831736 0.0211734 -0.00373344 0.0875486 0.0211734 -0.00373344 0.0881736 0.0211734 -0.00373343 0.0825486 0.0211734 -0.00373343 0.0831736 0.0211734 -0.00373343 0.0875486 0.0211734 -0.00373343 0.0881736 0.0211734 0.00373343 0.0778264 0.0211734 0.00373343 0.0784514 0.0211734 0.00373343 0.0828264 0.0211734 0.00373343 0.0834514 0.0211734 0.00373344 0.0778264 0.0211734 0.00373344 0.0784514 0.0211734 0.00373344 0.0828264 0.0211734 0.00373344 0.0834514 0.0211769 -0.0211769 0.00521684 0.0211769 0.0211769 0.00521684 0.0211845 -0.00567638 0.0734824 0.0211845 -0.00567638 0.0745176 0.0211845 0.00567638 0.0734824 0.0211845 0.00567638 0.0745176 0.0211992 -0.0211992 0.0546279 0.0211992 0.0211992 0.0546279 0.0212132 -0.0212132 0.006 0.0212132 -0.0212132 0.054 0.0212132 0.0212132 0.006 0.0212132 0.0212132 0.054 0.0212175 0 0.0724133 0.0212175 0 0.0755867 0.021231 -0.00279512 0.0725858 0.021231 -0.00279512 0.0754142 0.021231 0.00279512 0.0725858 0.021231 0.00279512 0.0754142 0.0212338 -0.00568959 0.0737389 0.0212338 -0.00568959 0.0742611 0.0212338 0.00568959 0.0737389 0.0212338 0.00568959 0.0742611 0.0212504 -0.00569402 0.074 0.0212504 0.00569402 0.074 0.0212533 0 0.0639211 0.0212752 -0.00280093 0.0623763 0.0212752 0.00280093 0.0623763 0.0212861 -0.0163334 0.00356949 0.0212861 0.0163334 0.00356949 0.0212979 -0.0163425 0.0612897 0.0212979 0.0163425 0.0612897 0.0213325 -0.00883622 0.0635106 0.0213325 0.00883622 0.0635106 0.021402 -0.00281763 0.0727825 0.021402 -0.00281763 0.0752175 0.021402 0.00281763 0.0727825 0.021402 0.00281763 0.0752175 0.0214142 0 0.0725858 0.0214142 0 0.0754142 0.0214205 -0.0164366 0.000803847 0.0214205 0.0164366 0.000803847 0.0214588 0 0.0623763 0.0214628 -0.0123916 5.13306e-05 0.0214628 0.0123916 5.13306e-05 0.0214629 -0.0123916 0.0607369 0.0214629 0.0123916 0.0607369 0.0214926 -0.0124088 0.0627631 0.0214926 0.0124088 0.0627631 0.0215 -4.76837e-09 0.0776875 0.0215 -4.76837e-09 0.0783125 0.0215 -4.76837e-09 0.0826875 0.0215 -4.76837e-09 0.0833125 0.0215 -4.76837e-09 0.0876875 0.0215 -4.76837e-09 0.0883125 0.0215 4.76837e-09 0.0776875 0.0215 4.76837e-09 0.0783125 0.0215 4.76837e-09 0.0826875 0.0215 4.76837e-09 0.0833125 0.0215 4.76837e-09 0.0876875 0.0215 4.76837e-09 0.0883125 0.0215461 -0.0028366 0.073 0.0215461 -0.0028366 0.075 0.0215461 0.0028366 0.073 0.0215461 0.0028366 0.075 0.0215867 0 0.0727825 0.0215867 0 0.0752175 0.0216008 -0.0165749 0.05795 0.0216008 0.0165749 0.05795 0.0216344 -0.0124906 0.00233389 0.0216344 0.0124906 0.00233389 0.0216504 -0.0166129 0.0608455 0.0216504 0.0166129 0.0608455 0.0216608 -0.0028517 0.0732346 0.0216608 -0.0028517 0.0747654 0.0216608 0.0028517 0.0732346 0.0216608 0.0028517 0.0747654 0.0216761 -0.0166326 0.00413006 0.0216761 0.0166326 0.00413006 0.0216867 -0.0028551 0.0638229 0.0216867 0.0028551 0.0638229 0.0217207 -0.00582004 0.0636858 0.0217207 0.00582004 0.0636858 0.021732 0 0.073 0.021732 0 0.075 0.0217442 -0.00286268 0.0734824 0.0217442 -0.00286268 0.0745176 0.0217442 0.00286268 0.0734824 0.0217442 0.00286268 0.0745176 0.0217518 -0.0090099 0.00194876 0.0217518 0.0090099 0.00194876 0.0217948 -0.00286934 0.0737389 0.0217948 -0.00286934 0.0742611 0.0217948 0.00286934 0.0737389 0.0217948 0.00286934 0.0742611 0.0218118 -0.00287158 0.074 0.0218118 0.00287158 0.074 0.0218478 0 0.0732346 0.0218478 0 0.0747654 0.0218642 -0.00585849 0.0619768 0.0218642 0.00585849 0.0619768 0.0218738 0 0.0638229 0.0218786 -0.00906242 0.0632978 0.0218786 0.00906242 0.0632978 0.0219319 0 0.0734824 0.0219319 0 0.0745176 0.0219383 -0.0168338 0.00123988 0.0219383 0.0168338 0.00123988 0.0219421 -0.00908873 0.0614272 0.0219421 0.00908873 0.0614272 0.0219609 -0.0126791 0.0624433 0.0219609 0.0126791 0.0624433 0.02198 -0.0168658 0.0603742 0.02198 0.0168658 0.0603742 0.0219829 0 0.0737389 0.0219829 0 0.0742611 0.022 0 0.074 0.0220047 -0.0168848 0.00475 0.0220047 0.0168848 0.00475 0.0220231 -0.00590107 0.0019 0.0220231 0.00590107 0.0019 0.0220369 -0.0169095 0.0568355 0.0220369 0.0169095 0.0568355 0.0221295 -0.0127765 0.000204445 0.0221295 0.0127765 0.000204445 0.0221731 -0.0091844 0 0.0221731 0.0091844 0 0.0222136 -0.012825 0.00266365 0.0222136 0.012825 0.00266365 0.0222663 -0.0170856 0.0054187 0.0222663 0.0170856 0.0054187 0.022272 -0.0128588 0.0599175 0.022272 0.0128588 0.0599175 0.0222854 -0.0171002 0.0598778 0.0222854 0.0171002 0.0598778 0.0222945 -0.00293513 0.0636858 0.0222945 0.00293513 0.0636858 0.0223034 -0.00597617 0.0635106 0.0223034 0.00597617 0.0635106 0.0223538 -0.0171526 0.0556588 0.0223538 0.0171526 0.0556588 0.0224064 -0.017193 0.00175736 0.0224064 0.017193 0.00175736 0.0224109 -0.0129389 0.0620902 0.0224109 0.0129389 0.0620902 0.0224113 -0.00928305 0.0630483 0.0224113 0.00928305 0.0630483 0.0224274 -0.00928974 0.00209422 0.0224274 0.00928974 0.00209422 0.0224418 -0.00295452 0.0619768 0.0224418 0.00295452 0.0619768 0.0224565 -0.0172315 0.00612473 0.0224565 0.0172315 0.00612473 0.0224869 0 0.0636858 0.0225461 -0.0173002 0.05444 0.0225461 0.0173002 0.05444 0.0225656 -0.0173152 0.0593583 0.0225656 0.0173152 0.0593583 0.0225719 -0.01732 0.006856 0.0225719 0.01732 0.006856 0.0226049 -0.002976 0.0019 0.0226049 0.002976 0.0019 0.0226106 -0.0173497 0.0076 0.0226106 -0.0173497 0.0532 0.0226106 0.0173497 0.0076 0.0226106 0.0173497 0.0532 0.0226355 0 0.0619768 0.0227418 -0.00609363 0.00194876 0.0227418 0.00609363 0.00194876 0.0227504 -0.013135 0.00307789 0.0227504 0.013135 0.00307789 0.0227731 -0.0131481 0.000456722 0.0227731 0.0131481 0.000456722 0.0228 0 0.0019 0.0228169 -0.0175081 0.00234743 0.0228169 0.0175081 0.00234743 0.0228193 -0.0175098 0.0588175 0.0228193 0.0175098 0.0588175 0.0228408 -0.0131871 0.0617051 0.0228408 0.0131871 0.0617051 0.0228743 -0.00612916 0.0632978 0.0228743 0.00612916 0.0632978 0.0228926 -0.00301387 0.0635106 0.0228926 0.00301387 0.0635106 0.0228967 -0.00948413 0.0607369 0.0228967 -0.0094841 5.13306e-05 0.0228967 0.0094841 5.13306e-05 0.0228967 0.00948413 0.0607369 0.0229284 -0.00949726 0.0627631 0.0229284 0.00949726 0.0627631 0.0229407 -0.00614695 0.0614272 0.0229407 0.00614695 0.0614272 0.0229816 -0.0132684 0.0589832 0.0229816 0.0132684 0.0589832 0.0230455 -0.0176835 0.0582578 0.0230455 0.0176835 0.0582578 0.0230797 -0.00955993 0.00233389 0.0230797 0.00955993 0.00233389 0.0230902 0 0.0635106 0.0231629 -0.0177735 0.003 0.0231629 0.0177735 0.003 0.0231822 -0.00621166 0 0.0231822 0.00621166 0 0.0232359 -0.0134153 0.00356949 0.0232359 0.0134153 0.00356949 0.0232435 -0.0178353 0.0576812 0.0232435 0.0178353 0.0576812 0.0232488 -0.0134227 0.0612897 0.0232488 0.0134227 0.0612897 0.0233426 -0.00307311 0.00194876 0.0233426 0.00307311 0.00194876 0.0233827 -0.0135 0.000803847 0.0233827 0.0135 0.000803847 0.0234123 -0.0179649 0.0570902 0.0234123 0.0179649 0.0570902 0.023428 -0.00970419 0.0624433 0.023428 0.00970419 0.0624433 0.0234312 -0.00627838 0.0630483 0.0234312 0.00627838 0.0630483 0.0234383 -0.0179848 0.0037039 0.0234383 0.0179848 0.0037039 0.0234481 -0.0062829 0.00209422 0.0234481 0.0062829 0.00209422 0.0234786 -0.00309102 0.0632978 0.0234786 0.00309102 0.0632978 0.023544 0 0.00194876 0.0235468 -0.0031 0.0614272 0.0235468 0.0031 0.0614272 0.0235513 -0.0180716 0.0564869 0.0235513 0.0180716 0.0564869 0.0235795 -0.0136136 0.05795 0.0235795 0.0136136 0.05795 0.0236078 -0.00977868 0.000204445 0.0236078 0.00977868 0.000204445 0.0236336 -0.0136448 0.0608455 0.0236336 0.0136448 0.0608455 0.0236384 -0.0181384 0.00444709 0.0236384 0.0181384 0.00444709 0.0236601 -0.018155 0.0558738 0.0236601 0.018155 0.0558738 0.0236616 -0.0136611 0.00413006 0.0236616 0.0136611 0.00413006 0.0236812 0 0.0632978 0.0236975 -0.00981583 0.00266365 0.0236975 0.00981583 0.00266365 0.023738 -0.0182148 0.0552533 0.023738 0.0182148 0.0552533 0.02375 0 0.0614272 0.0237599 -0.0182316 0.00521684 0.0237599 -0.00984166 0.0599175 0.0237599 0.00984166 0.0599175 0.0237599 0.0182316 0.00521684 0.0237849 -0.0182508 0.0546279 0.0237849 0.0182508 0.0546279 0.0237947 -0.00313263 0 0.0237947 0.00313263 0 0.0238006 -0.0182628 0.006 0.0238006 -0.0182628 0.054 0.0238006 0.0182628 0.006 0.0238006 0.0182628 0.054 0.023908 -0.00990302 0.0620902 0.023908 0.00990302 0.0620902 0.0239387 -0.00641435 5.13306e-05 0.0239387 0.00641435 5.13306e-05 0.0239388 -0.00641437 0.0607369 0.0239388 0.00641437 0.0607369 0.0239478 -0.0138263 0.00123988 0.0239478 0.0138263 0.00123988 0.0239719 -0.00642325 0.0627631 0.0239719 0.00642325 0.0627631 0.0239933 -0.0138526 0.0603742 0.0239933 0.0138526 0.0603742 0.024 0 0 0.0240204 -0.0138682 0.00475 0.0240204 0.0138682 0.00475 0.0240503 -0.00316628 0.0630483 0.0240503 0.00316628 0.0630483 0.0240555 -0.0138884 0.0568355 0.0240555 0.0138884 0.0568355 0.0240676 -0.00316856 0.00209422 0.0240676 0.00316856 0.00209422 0.0241301 -0.00646563 0.00233389 0.0241301 0.00646563 0.00233389 0.0242578 0 0.0630483 0.0242703 -0.0100531 0.00307789 0.0242703 0.0100531 0.00307789 0.0242753 0 0.00209422 0.0242944 -0.0100631 0.000456722 0.0242944 0.0100631 0.000456722 0.024306 -0.0140331 0.0054187 0.024306 0.0140331 0.0054187 0.0243268 -0.0140451 0.0598778 0.0243268 0.0140451 0.0598778 0.0243666 -0.010093 0.0617051 0.0243666 0.010093 0.0617051 0.0244014 -0.0140881 0.0556588 0.0244014 0.0140881 0.0556588 0.0244588 -0.0141213 0.00175736 0.0244588 0.0141213 0.00175736 0.0244942 -0.0065632 0.0624433 0.0244942 0.0065632 0.0624433 0.0245135 -0.0141529 0.00612473 0.0245135 0.0141529 0.00612473 0.0245169 -0.0101552 0.0589832 0.0245169 0.0101552 0.0589832 0.0245711 -0.00323485 5.13306e-05 0.0245711 0.00323485 5.13306e-05 0.0245712 -0.00323486 0.0607369 0.0245712 0.00323486 0.0607369 0.0246052 -0.00323934 0.0627631 0.0246052 0.00323934 0.0627631 0.0246113 -0.0142094 0.05444 0.0246113 0.0142094 0.05444 0.0246326 -0.0142216 0.0593583 0.0246326 0.0142216 0.0593583 0.0246395 -0.0142256 0.006856 0.0246395 0.0142256 0.006856 0.0246817 -0.01425 0.0076 0.0246817 -0.01425 0.0532 0.0246817 0.01425 0.0076 0.0246817 0.01425 0.0532 0.0246822 -0.00661358 0.000204445 0.0246822 0.00661358 0.000204445 0.0247676 -0.00326071 0.00233389 0.0247676 0.00326071 0.00233389 0.024776 -0.00663871 0.00266365 0.024776 0.00663871 0.00266365 0.0247832 0 5.13306e-05 0.0247832 0 0.0607369 0.0247882 -0.0102676 0.00356949 0.0247882 0.0102676 0.00356949 0.024802 -0.0102733 0.0612897 0.024802 0.0102733 0.0612897 0.0248175 0 0.0627631 0.0248412 -0.00665618 0.0599175 0.0248412 0.00665618 0.0599175 0.024907 -0.0143801 0.00234743 0.024907 0.0143801 0.00234743 0.0249095 -0.0143815 0.0588175 0.0249095 0.0143815 0.0588175 0.0249447 -0.0103325 0.000803847 0.0249447 0.0103325 0.000803847 0.0249813 0 0.00233389 0.0249961 -0.00669768 0.0620902 0.0249961 0.00669768 0.0620902 0.0251413 -0.00330992 0.0624433 0.0251413 0.00330992 0.0624433 0.0251547 -0.0104194 0.05795 0.0251547 0.0104194 0.05795 0.0251565 -0.0145241 0.0582578 0.0251565 0.0145241 0.0582578 0.0252124 -0.0104433 0.0608455 0.0252124 0.0104433 0.0608455 0.0252423 -0.0104557 0.00413006 0.0252423 0.0104557 0.00413006 0.0252846 -0.0145981 0.003 0.0252846 0.0145981 0.003 0.0253343 -0.00333532 0.000204445 0.0253343 0.00333532 0.000204445 0.0253583 0 0.0624433 0.0253726 -0.0146489 0.0576812 0.0253726 0.0146489 0.0576812 0.0253748 -0.00679916 0.00307789 0.0253748 0.00679916 0.00307789 0.0254001 -0.00680593 0.000456722 0.0254001 0.00680593 0.000456722 0.0254306 -0.003348 0.00266365 0.0254306 0.003348 0.00266365 0.0254756 -0.00682615 0.0617051 0.0254756 0.00682615 0.0617051 0.0254975 -0.00335681 0.0599175 0.0254975 0.00335681 0.0599175 0.0255476 -0.0105822 0.00123988 0.0255476 0.0105822 0.00123988 0.0255529 0 0.000204445 0.0255569 -0.0147553 0.0570902 0.0255569 0.0147553 0.0570902 0.0255852 -0.0147716 0.0037039 0.0255852 0.0147716 0.0037039 0.0255962 -0.0106023 0.0603742 0.0255962 0.0106023 0.0603742 0.025625 -0.0106142 0.00475 0.025625 0.0106142 0.00475 0.0256326 -0.00686824 0.0589832 0.0256326 0.00686824 0.0589832 0.02565 0 0.00266365 0.0256565 -0.00337774 0.0620902 0.0256565 0.00337774 0.0620902 0.0256625 -0.0106297 0.0568355 0.0256625 0.0106297 0.0568355 0.0257087 -0.0148429 0.0564869 0.0257087 0.0148429 0.0564869 0.0257175 0 0.0599175 0.0258037 -0.0148978 0.00444709 0.0258037 0.0148978 0.00444709 0.0258274 -0.0149114 0.0558738 0.0258274 0.0149114 0.0558738 0.0258778 0 0.0620902 0.0259125 -0.0149606 0.0552533 0.0259125 0.0149606 0.0552533 0.0259163 -0.00694425 0.00356949 0.0259163 0.00694425 0.00356949 0.0259297 -0.0107404 0.0054187 0.0259297 0.0107404 0.0054187 0.0259307 -0.00694812 0.0612897 0.0259307 0.00694812 0.0612897 0.0259363 -0.0149743 0.00521684 0.0259363 0.0149743 0.00521684 0.0259519 -0.0107496 0.0598778 0.0259519 0.0107496 0.0598778 0.0259637 -0.0149901 0.0546279 0.0259637 0.0149901 0.0546279 0.0259808 -0.015 0.006 0.0259808 -0.015 0.054 0.0259808 0.015 0.006 0.0259808 0.015 0.054 0.0260315 -0.0107826 0.0556588 0.0260315 0.0107826 0.0556588 0.0260452 -0.00342892 0.00307789 0.0260452 0.00342892 0.00307789 0.0260711 -0.00343233 0.000456722 0.0260711 0.00343233 0.000456722 0.02608 -0.00698811 0.000803847 0.02608 0.00698811 0.000803847 0.0260928 -0.010808 0.00175736 0.0260928 0.010808 0.00175736 0.0261486 -0.00344253 0.0617051 0.0261486 0.00344253 0.0617051 0.0261511 -0.0108322 0.00612473 0.0261511 0.0108322 0.00612473 0.0262555 -0.0108754 0.05444 0.0262555 0.0108754 0.05444 0.0262699 0 0.00307789 0.0262782 -0.0108848 0.0593583 0.0262782 0.0108848 0.0593583 0.0262855 -0.0108878 0.006856 0.0262855 0.0108878 0.006856 0.0262961 0 0.000456722 0.0262995 -0.00704693 0.05795 0.0262995 0.00704693 0.05795 0.0263098 -0.00346375 0.0589832 0.0263098 0.00346375 0.0589832 0.0263306 -0.0109065 0.0076 0.0263306 -0.0109065 0.0532 0.0263306 0.0109065 0.0076 0.0263306 0.0109065 0.0532 0.0263598 -0.00706309 0.0608455 0.0263598 0.00706309 0.0608455 0.0263742 0 0.0617051 0.0263911 -0.00707148 0.00413006 0.0263911 0.00707148 0.00413006 0.0265369 0 0.0589832 0.0265709 -0.011006 0.00234743 0.0265709 0.011006 0.00234743 0.0265736 -0.0110071 0.0588175 0.0265736 0.0110071 0.0588175 0.026601 -0.00350208 0.00356949 0.026601 0.00350208 0.00356949 0.0266158 -0.00350403 0.0612897 0.0266158 0.00350403 0.0612897 0.0267103 -0.00715701 0.00123988 0.0267103 0.00715701 0.00123988 0.0267611 -0.00717061 0.0603742 0.0267611 0.00717061 0.0603742 0.026769 -0.00352421 0.000803847 0.026769 0.00352421 0.000803847 0.0267913 -0.00717869 0.00475 0.0267913 0.00717869 0.00475 0.0268304 -0.00718918 0.0568355 0.0268304 0.00718918 0.0568355 0.0268305 0 0.00356949 0.0268371 -0.0111163 0.0582578 0.0268371 0.0111163 0.0582578 0.0268455 0 0.0612897 0.0269737 -0.0111729 0.003 0.0269737 0.0111729 0.003 0.0269943 -0.00355387 0.05795 0.0269943 0.00355387 0.05795 0.027 0 0.000803847 0.0270562 -0.00356202 0.0608455 0.0270562 0.00356202 0.0608455 0.0270676 -0.0112118 0.0576812 0.0270676 0.0112118 0.0576812 0.0270884 -0.00356625 0.00413006 0.0270884 0.00356625 0.00413006 0.0271098 -0.00726404 0.0054187 0.0271098 0.00726404 0.0054187 0.027133 -0.00727027 0.0598778 0.027133 0.00727027 0.0598778 0.0272162 -0.00729256 0.0556588 0.0272162 0.00729256 0.0556588 0.0272272 0 0.05795 0.0272642 -0.0112932 0.0570902 0.0272642 0.0112932 0.0570902 0.0272803 -0.00730973 0.00175736 0.0272803 0.00730973 0.00175736 0.0272897 0 0.0608455 0.0272944 -0.0113057 0.0037039 0.0272944 0.0113057 0.0037039 0.0273221 0 0.00413006 0.0273413 -0.00732607 0.00612473 0.0273413 0.00732607 0.00612473 0.027416 -0.00360938 0.00123988 0.027416 0.00360938 0.00123988 0.0274261 -0.0113603 0.0564869 0.0274261 0.0113603 0.0564869 0.0274504 -0.00735531 0.05444 0.0274504 0.00735531 0.05444 0.0274681 -0.00361624 0.0603742 0.0274681 0.00361624 0.0603742 0.0274741 -0.00736166 0.0593583 0.0274741 0.00736166 0.0593583 0.0274818 -0.00736372 0.006856 0.0274818 0.00736372 0.006856 0.0274991 -0.00362032 0.00475 0.0274991 0.00362032 0.00475 0.0275275 -0.0114023 0.00444709 0.0275275 0.0114023 0.00444709 0.0275289 -0.00737634 0.0076 0.0275289 -0.00737634 0.0532 0.0275289 0.00737634 0.0076 0.0275289 0.00737634 0.0532 0.0275392 -0.00362561 0.0568355 0.0275392 0.00362561 0.0568355 0.0275527 -0.0114127 0.0558738 0.0275527 0.0114127 0.0558738 0.0276435 -0.0114503 0.0552533 0.0276435 0.0114503 0.0552533 0.0276526 0 0.00123988 0.027669 -0.0114609 0.00521684 0.027669 0.0114609 0.00521684 0.0276981 -0.0114729 0.0546279 0.0276981 0.0114729 0.0546279 0.0277051 0 0.0603742 0.0277164 -0.0114805 0.006 0.0277164 -0.0114805 0.054 0.0277164 0.0114805 0.006 0.0277164 0.0114805 0.054 0.0277363 0 0.00475 0.0277768 0 0.0568355 0.0277801 -0.00744367 0.00234743 0.0277801 0.00744367 0.00234743 0.027783 -0.00744443 0.0588175 0.027783 0.00744443 0.0588175 0.027826 -0.00366336 0.0054187 0.027826 0.00366336 0.0054187 0.0278498 -0.0036665 0.0598778 0.0278498 0.0036665 0.0598778 0.0279352 -0.00367774 0.0556588 0.0279352 0.00367774 0.0556588 0.028001 -0.0036864 0.00175736 0.028001 0.0036864 0.00175736 0.0280585 -0.00751824 0.0582578 0.0280585 0.00751824 0.0582578 0.0280636 -0.00369464 0.00612473 0.0280636 0.00369464 0.00612473 0.0280661 0 0.0054187 0.0280902 0 0.0598778 0.0281756 -0.00370939 0.05444 0.0281756 0.00370939 0.05444 0.0281763 0 0.0556588 0.0281999 -0.00371259 0.0593583 0.0281999 0.00371259 0.0593583 0.0282013 -0.00755652 0.003 0.0282013 0.00755652 0.003 0.0282078 -0.00371363 0.006856 0.0282078 0.00371363 0.006856 0.0282426 0 0.00175736 0.0282562 -0.00372 0.0076 0.0282562 -0.00372 0.0532 0.0282562 0.00372 0.0076 0.0282562 0.00372 0.0532 0.0282995 -0.00758282 0.0576812 0.0282995 0.00758282 0.0576812 0.0283058 0 0.00612473 0.0284187 0 0.05444 0.0284433 0 0.0593583 0.0284512 0 0.006856 0.0285 0 0.0076 0.0285 0 0.0532 0.028505 -0.00763789 0.0570902 0.028505 0.00763789 0.0570902 0.0285141 -0.00375395 0.00234743 0.0285141 0.00375395 0.00234743 0.028517 -0.00375433 0.0588175 0.028517 0.00375433 0.0588175 0.0285366 -0.00764636 0.0037039 0.0285366 0.00764636 0.0037039 0.0286743 -0.00768326 0.0564869 0.0286743 0.00768326 0.0564869 0.0287601 0 0.00234743 0.0287631 0 0.0588175 0.0287803 -0.00771166 0.00444709 0.0287803 0.00771166 0.00444709 0.0287998 -0.00379156 0.0582578 0.0287998 0.00379156 0.0582578 0.0288067 -0.00771872 0.0558738 0.0288067 0.00771872 0.0558738 0.0289016 -0.00774416 0.0552533 0.0289016 0.00774416 0.0552533 0.0289282 -0.00775129 0.00521684 0.0289282 0.00775129 0.00521684 0.0289464 -0.00381086 0.003 0.0289464 0.00381086 0.003 0.0289587 -0.00775946 0.0546279 0.0289587 0.00775946 0.0546279 0.0289778 -0.00776457 0.006 0.0289778 -0.00776457 0.054 0.0289778 0.00776457 0.006 0.0289778 0.00776457 0.054 0.0290471 -0.00382412 0.0576812 0.0290471 0.00382412 0.0576812 0.0290483 0 0.0582578 0.0291962 0 0.003 0.0292581 -0.0038519 0.0570902 0.0292581 0.0038519 0.0570902 0.0292905 -0.00385617 0.0037039 0.0292905 0.00385617 0.0037039 0.0292978 0 0.0576812 0.0294319 -0.00387478 0.0564869 0.0294319 0.00387478 0.0564869 0.0295106 0 0.0570902 0.0295406 -0.0038891 0.00444709 0.0295406 0.0038891 0.00444709 0.0295433 0 0.0037039 0.0295677 -0.00389266 0.0558738 0.0295677 0.00389266 0.0558738 0.0296652 -0.00390549 0.0552533 0.0296652 0.00390549 0.0552533 0.0296858 0 0.0564869 0.0296925 -0.00390909 0.00521684 0.0296925 0.00390909 0.00521684 0.0297238 -0.00391321 0.0546279 0.0297238 0.00391321 0.0546279 0.0297433 -0.00391579 0.006 0.0297433 -0.00391579 0.054 0.0297433 0.00391579 0.006 0.0297433 0.00391579 0.054 0.0297956 0 0.00444709 0.0298229 0 0.0558738 0.0299211 0 0.0552533 0.0299487 0 0.00521684 0.0299803 0 0.0546279 0.03 0 0.006 0.03 0 0.054</float_array>
          <technique_common>
            <accessor count="5680" source="#cubeverts-array0-array" stride="3">
              <param type="float" name="X"/>
              <param type="float" name="Y"/>
              <param type="float" name="Z"/>
            </accessor>
          </technique_common>
        </source>
        <source id="cubenormals-array0">
          <float_array count="34068" id="cubenormals-array0-array">-0.1424403 -0.2888507 -0.9467186 -0.6564348 0.7485138 0.09391794 -0.5489123 0.366763 -0.7511191 0.01745866 0.02612914 0.9995061 -0.1483253 -0.05034838 0.9876561 -0.1288992 -0.1469782 -0.980705 0.3044476 0.8968577 -0.3208706 -0.7120934 0.6245093 -0.3207978 0.05869693 0.8953535 -0.4414711 -0.1950729 0.9807887 0 -0.1950729 0.9807887 0 -0.7508978 -0.04921249 -0.6585823 -0.9973711 -0.06538289 0.03124111 0.0289813 -0.4421032 -0.8964959 -0.462247 -0.6918135 -0.554727 -0.3901748 -0.07760751 0.9174643 0.1950883 -0.01279133 -0.9807023 0.299851 0.3419003 0.8906141 -0.7411643 0.4952153 0.4532519 -0.9764504 0.1942383 0.09389322 -0.1086115 0.1625429 -0.9807056 -0.550547 0.3678693 0.7493799 -0.8115281 0.5422444 0.2176993 -0.7509149 0.04920824 -0.6585632 -0.1885666 -0.2822033 0.9406402 0.06509445 -0.9934521 0.09389213 -0.2788311 -0.01827759 0.9601662 -0.03641508 -0.05450051 -0.9978495 0.1946835 -0.978691 -0.06528567 -0.7221175 -0.633294 0.2783611 -0.05246589 -0.07852057 0.995531 -0.1753142 0.08646028 -0.9807087 -0.2460931 -0.4990315 -0.8309066 -0.9934367 -0.06511707 0.09403852 -0.626986 0.2128243 0.749396 -0.4626404 -0.3091193 -0.8309085 -0.02106634 -0.06206001 -0.9978501 0.01278502 -0.1950681 -0.9807064 -0.6880867 -0.4597477 0.5613988 0.004287992 0.06539873 -0.99785 0.8800045 0.1750536 -0.4415296 -0.1441796 -0.1643923 0.9758009 0.03813834 0.1917305 -0.9807063 -0.1950729 -0.9807887 0 -0.1950729 -0.9807887 -0 0.02601475 0.3969666 0.9174643 -0.1483253 0.05034838 0.9876561 -0.7161354 -0.4784886 0.5081326 -0.7063484 -0.04630334 0.7063484 -0.7161266 -0.4784861 0.5081474 -0.6942608 -0.1380958 0.7063509 -0.05878495 -0.02898952 -0.9978497 -0.9449135 -0.3207437 -0.06528412 -0.3973638 -0.1959534 -0.8964956 -0.6435399 -0.7337832 0.2177582 -0.304951 -0.1035208 -0.9467251 -0.9620152 -0.1913663 -0.1946938 0.4189029 -0.8494459 -0.3208768 -0.5551846 0.03639298 -0.8309306 -0.816017 -0.162325 -0.5547674 -0.02071988 0.02362562 0.9995061 0.06004436 0.9161481 0.3963173 -0.5617543 0.03680458 0.8264851 0.1032851 0.117771 0.9876549 0.004286506 -0.0654071 -0.9978495 0.7875262 -0.5262085 -0.3207914 0.6593414 -0.7518436 0 0.6593414 -0.7518436 0 -0.02897775 -0.4420922 -0.8965014 -0.06206001 -0.02106634 -0.9978501 -0.859394 0.0563426 0.5082002 0.2623228 -0.2991332 0.9174454 -0.7488421 -0.2541972 0.6120615 -0.9739499 0.0638518 0.2175878 -0.3968488 -0.8047398 -0.4414803 0.1623338 -0.8160312 -0.5547439 0.1085435 -0.5456954 -0.8309241 0.8968753 0.4422834 0 0.8968753 0.4422834 0 0.1950681 0.01278502 -0.9807064 -0.1464829 -0.7364287 0.6604661 -0.02612923 0.01745869 0.9995061 -0.1961444 0.09673242 0.9757921 0.03082219 -0.006131126 0.9995061 -0.6902459 0.6053397 0.3963893 -0.1483222 -0.05034804 0.9876567 -0.9161481 -0.06004436 0.3963173 -0.5000728 0.09946803 0.8602519 -0.03082219 -0.006131126 0.9995061 -0.468018 -0.3127134 0.8265407 -0.985611 0.06458067 0.1562058 -0.9973701 0.06537489 0.03129051 -0.4460025 -0.08872478 0.8906232 -0.6942326 -0.1380972 0.7063783 0.3091072 0.4626053 -0.8309326 -0.3667635 -0.5489128 -0.7511187 -0.241895 -0.7126013 -0.6585485 -0.7126012 -0.241895 -0.6585486 -0.8929216 -0.4403175 0.09386948 -0.04920824 -0.7509149 -0.6585632 -0.9957333 -0.06527553 -0.06522442 -0.9464585 -0.3212941 0.03140541 -0.4626053 -0.3091072 -0.8309326 -0.1917305 0.03813833 -0.9807063 -0.2921371 -0.3331237 -0.8964845 -0.496181 -0.5658066 -0.6585342 -0.8440521 0.4162427 0.3381097 -0.3213618 0.02106631 -0.9467221 -0.8953535 0.05869693 -0.4414711 -0.9451026 -0.06195835 -0.3208461 -0.9957393 -0.06526051 -0.06514776 -0.9787418 -0.0641465 -0.1948069 -0.3213777 0.02106352 -0.9467168 -0.06539873 -0.004287992 -0.99785 -0.5920849 0.2919817 -0.7511206 -0.2505974 0.1235743 0.960172 -0.3200282 0.9427462 0.09387013 0.3175087 0.935324 0.1560678 -0.6255633 0.5485955 -0.5547193 -0.08646028 -0.1753142 -0.9807087 0.526176 -0.7875116 -0.3208804 0.6745851 0.5916043 -0.4415193 0.7502318 0.6579455 -0.06526767 0.7075322 0.6205056 0.3381878 0.8797153 0.4338303 -0.1946594 0.004287992 -0.06539873 -0.99785 0.01279133 -0.1950883 -0.9807023 0.1625429 0.1086115 -0.9807056 -0.04322163 0.04928377 -0.9978491 -0.4171544 -0.6243221 0.6604575 -0.05869694 -0.8953535 -0.4414711 -0.7426206 -0.6512904 0.1559983 -0.8115081 -0.5422454 0.217772 -0.633294 -0.7221175 0.2783611 -0.8233714 -0.4060441 0.3964692 -0.9464601 -0.321283 0.03147459 -0.958429 -0.06280244 0.2783335 -0.8440641 -0.2865269 0.4532751 -0.9807887 -0.1950729 0 -0.9807887 -0.1950729 0 -0.8894524 -0.05830435 0.4532935 -0.9230069 -0.1835849 0.3381641 -0.7518436 -0.6593414 0 -0.7518436 -0.6593414 0 0.8155655 -0.5449439 -0.1946513 0.3683934 -0.2461536 -0.8964902 0.7502438 -0.6579385 -0.06520193 0.8753745 -0.4316797 0.2176514 0.8296922 -0.5543997 -0.06520598 0.0524631 -0.07851793 0.9955313 0.9449135 -0.3207437 -0.06528406 0.8296998 -0.5543732 -0.0653367 0.5214348 -0.5945818 0.612028 0.6124626 -0.04012685 0.7894804 0.09946804 0.5000729 0.8602519 -0.2413546 0.7110088 0.6604652 0.2182245 -0.01430478 0.9757937 -0.1818474 0.1214967 0.975792 0.5214349 0.5945818 0.6120279 0.04013961 0.6125048 0.7894471 0.2011423 -0.4078812 0.8906035 0.01024315 0.1563084 0.9876552 0.02072021 0.02362585 0.9995061 0.02818407 -0.01389907 0.9995061 -0.05451379 -0.27408 0.9601606 -0.453824 0.02974084 0.8905949 -0.1278828 0.3767331 0.917452 -0.2623228 0.2991332 0.9174454 -0.859394 -0.0563426 0.5082001 -0.7891376 0.05171815 0.6120352 -0.1404846 0.06927983 0.987656 -0.03135753 0.00205556 0.9995061 -0.3386966 -0.02219982 0.9406337 -0.5520662 0.1098167 0.8265369 -0.7492921 0.04910677 0.6604164 -0.593771 -0.292832 0.7494568 -0.5103323 -0.3409983 0.7894816 -0.5520387 -0.1098044 0.8265569 -0.4950878 -0.5645223 0.6604564 -0.2991769 -0.2623819 0.9174142 -0.09422931 -0.006175215 0.9955313 -0.1759659 -0.356836 0.9174443 -0.162543 -0.1086115 -0.9807056 -0.1086001 -0.1625324 -0.9807085 0.178932 -0.2677813 -0.9467188 -0.06527553 -0.9957333 -0.06522442 -0.2674301 -0.7878549 -0.5547663 -0.4422834 -0.8968753 0 -0.4422834 -0.8968753 -0 -0.6512619 -0.7426192 0.156124 -0.2121896 -0.6250874 -0.7511599 -0.7121408 -0.6245168 -0.3206779 -0.05868896 -0.8953389 -0.4415019 -0.1847728 -0.9289343 -0.3208426 -0.496171 0.5657837 -0.6585613 -0.5268685 0.1788485 -0.8309169 0.04928106 0.04321777 -0.9978495 -0.3213777 -0.02106352 -0.9467167 -0.2677683 -0.1789178 -0.9467252 -0.04322163 -0.04928377 -0.9978491 -0.6257142 -0.4180794 -0.6585525 -0.5489125 -0.3667631 -0.7511192 -0.4183361 -0.3668801 -0.8308995 -0.2888484 -0.1424384 -0.9467196 -0.1950681 -0.01278502 -0.9807064 -0.5456954 0.1085435 -0.8309241 -0.6250923 -0.2121898 -0.7511558 -0.7380502 0.1468021 -0.6585826 -0.9957333 0.06527553 -0.06522442 -0.9957393 0.06526051 -0.06514775 -0.9289508 -0.1847665 -0.3207985 -0.9469292 -0.3214422 0 -0.9469292 -0.3214422 0 -0.978691 -0.1946835 -0.06528567 -0.9787051 -0.1946585 -0.06514981 -0.4421032 -0.0289813 -0.8964959 -0.8301983 -0.05441903 -0.5548056 -0.06283908 -0.1851251 -0.9807038 0.1086001 -0.1625324 -0.9807085 -0.9572523 0.1904211 0.2177338 -0.1842676 0.2101003 0.960158 0.1950729 0.9807887 -0 0.1950729 0.9807887 0 0.4189029 0.8494459 -0.3208768 0.05868896 0.8953389 -0.4415019 -0.4180668 0.6256703 -0.6586023 -0.1913395 0.9619979 -0.1948058 -0.04321776 -0.04928106 -0.9978495 -0.02106655 -0.06206244 -0.9978499 0.4195452 0.1424217 -0.896492 0.0654071 0.004286506 -0.9978495 0.3968487 0.8047398 -0.4414804 0.526176 0.7875116 -0.3208806 0.05440651 0.8302401 -0.5547444 0.4046952 0.461467 0.7894745 0.7161266 -0.4784861 0.5081474 0.7514718 0.6590154 0.03144889 0.06538289 0.9973711 0.0312411 0.0142994 -0.218206 0.975798 -0.811681 -0.1614458 0.5613458 -0.7724689 -0.3809562 0.5080986 -0.6702219 -0.5877788 0.453121 -0.4614691 -0.4046963 0.7894726 -0.7633255 -0.5100417 0.3964742 -0.894959 -0.4413384 -0.06533558 -0.7485165 -0.6564338 0.09390188 -0.9978582 -0.06541482 0 -0.9978582 -0.06541482 0 -0.7426192 0.651262 0.156124 -0.6702864 0.2275262 0.7063625 -0.879694 -0.4338379 -0.1947389 -0.8964375 -0.4420508 0.03147834 -0.9427415 -0.3200323 0.09390341 -0.8593686 0.05633234 0.5082442 -0.7492921 -0.04910677 0.6604164 -0.9004327 -0.1791115 0.396409 -0.0641465 -0.9787418 -0.1948069 0.1291793 -0.6494012 0.7493936 -0.8296922 -0.5543997 -0.06520598 -0.8310519 -0.5553083 0.03138985 -0.8314617 -0.5555821 0 -0.8314617 -0.5555821 0 -0.8277859 -0.5531375 0.09385879 0.3158782 -0.06283335 -0.9467169 0.7126013 0.241895 -0.6585485 0.6564348 0.7485138 0.09391794 0.6902458 0.6053396 0.3963894 0.8155884 0.2768446 0.5081072 0.8858801 -0.4368505 0.156135 0.8310519 -0.5553083 0.03138985 -0.05878494 0.02898952 -0.9978497 0.05877893 -0.0289882 -0.9978501 -0.03035508 -0.0894262 0.9955308 0.3678314 -0.550512 0.7494242 0.1738943 -0.8742346 0.4532931 0.7221175 -0.633294 0.2783611 0.844052 -0.4162427 0.3381097 0.9802998 -0.1950024 0.031407 -0.06526051 0.9957393 -0.06514775 -0.4189028 0.8494472 -0.3208737 0.02974084 0.453824 0.8905949 0.1949777 0.98031 0.03124382 -0.1098044 0.5520387 0.8265569 0.04329484 0.6606514 0.7494433 0.550547 0.3678693 0.7493799 0.4403175 0.8929216 0.09386948 -0.0524631 -0.07851793 0.9955313 -0.0846982 -0.04176913 0.9955308 0.006175215 -0.09422931 0.9955313 0.1885551 -0.2821922 0.9406458 0.6243221 -0.4171544 0.6604576 -0.03082128 0.006130708 0.9995061 -0.01010098 -0.02975745 0.9995061 -0.02612914 0.01745866 0.9995061 -0.1302448 0.087027 0.987655 -0.05451383 0.2740777 0.9601613 -0.9094833 0.3087251 0.2784402 -0.4827905 0.1638819 0.8602652 -0.2144907 0.04266163 0.9757938 -0.2506389 0.1236074 0.960157 -0.0846955 0.04176692 0.9955311 -0.02072021 0.02362585 0.9995061 -0.8968753 0.4422834 0 -0.8968753 0.4422834 0 -0.8894792 0.05829649 0.453242 -0.811681 0.1614458 0.5613458 -0.7890546 -0.05173571 0.6121407 -0.2646182 0.08982679 0.9601606 -0.1563069 0.0102434 0.9876555 -0.1302448 -0.087027 0.987655 -0.2210447 -0.3308088 0.9174448 -0.6494012 0.1291793 0.7493936 -0.1536324 0.0305614 0.9876553 -0.453824 -0.02974084 0.8905949 -0.6125048 0.04013961 0.7894471 -0.3043791 -0.1500979 0.9406509 -0.3901748 0.07760751 0.9174643 -0.1536324 -0.0305614 0.9876553 -0.1563068 -0.0102434 0.9876554 -0.7985868 -0.5336115 0.2784201 -0.7986022 -0.5336125 0.2783741 -0.5000753 -0.09946798 0.8602504 -0.6269099 -0.2128174 0.7494617 -0.3711452 -0.4232083 0.8265265 -0.2998359 -0.3418729 0.8906298 -0.5000728 -0.09946803 0.8602519 -0.5321972 -0.4667235 0.7063535 -0.4171622 -0.6243448 0.6604313 -0.09672196 -0.1961313 0.9757957 -0.2413546 -0.7110088 0.6604652 -0.117771 -0.1032851 0.9876549 -0.142419 -0.419541 -0.8964944 -0.1086115 -0.1625429 -0.9807056 -0.03641412 -0.0544979 -0.9978497 0.0654071 -0.004286506 -0.9978495 -0.02898952 -0.05878494 -0.9978497 -0.0289882 -0.05877893 -0.9978501 -0.1753456 0.0864673 -0.9807024 -0.05877893 0.0289882 -0.9978501 0.04317312 -0.6587474 -0.7511244 -0.5543732 -0.8296998 -0.0653367 -0.0544979 -0.03641412 -0.9978497 -0.01278549 -0.06428121 -0.9978499 -0.1789178 -0.2677683 -0.9467252 -0.1287966 -0.6474746 -0.7511245 0.02106631 -0.3213618 -0.9467221 -0.06206001 0.02106634 -0.9978501 0.06417593 -0.9787668 -0.1946715 0.6512619 -0.7426192 0.156124 -0.6702733 0.2275178 0.7063776 -0.7985869 0.5336115 0.2784201 -0.7502438 0.6579384 -0.06520192 -0.9802998 0.1950023 0.03140699 -0.978705 0.1946585 -0.06514982 0.02898952 0.05878494 -0.9978497 -0.1753456 -0.08646731 -0.9807025 -0.3683934 -0.2461536 -0.8964902 -0.05877893 -0.02898819 -0.9978501 -0.1753142 -0.08646029 -0.9807087 -0.2123124 -0.242101 -0.9467368 -0.1288983 -0.1469765 -0.9807054 -0.4195409 -0.142419 -0.8964944 -0.8968577 -0.3044476 -0.3208706 -0.5657837 -0.496171 -0.6585614 -0.4990209 -0.246084 -0.8309156 -0.6745851 -0.5916043 -0.4415193 -0.8047255 -0.3968484 -0.4415068 -0.4183118 -0.3668439 -0.8309277 -0.3331237 -0.2921372 -0.8964844 -0.4352685 -0.4963466 -0.75112 -0.7120934 -0.6245092 -0.3207979 -0.1917441 -0.03813777 -0.9807037 -0.1288992 0.1469782 -0.980705 -0.1950883 -0.01279133 -0.9807023 -0.6587474 0.04317312 -0.7511244 -0.8302401 0.05440651 -0.5547444 -0.8953389 0.05868896 -0.4415019 -0.3973638 0.1959534 -0.8964955 -0.9619979 -0.1913395 -0.1948058 -0.9451181 0.06196964 -0.3207981 -0.03813777 0.1917441 -0.9807037 0.01278854 -0.06428773 -0.9978495 -0.8155625 0.5449272 -0.1947106 0.0864673 -0.1753456 -0.9807025 -0.1278854 0.3767562 0.9174422 -0.006131126 0.0308222 0.9995061 -0.5336125 0.7986023 0.278374 -0.2489589 0.5048259 0.8265412 -0.468039 0.3127356 0.8265204 -0.1680095 0.8446937 0.5081983 0.06541482 0.9978582 -0 0.06541482 0.9978582 0 -0.1942384 0.9764504 0.09389322 0.04928106 -0.04321776 -0.9978495 -0.1287794 0.6474411 -0.7511563 0.06283335 0.3158782 -0.9467169 -0.04920824 0.7509149 -0.6585632 -0.1847665 0.9289508 -0.3207985 -0.3968487 0.8047398 -0.4414804 -0.06541482 0.9978582 0 -0.06541482 0.9978582 0 0.1946585 0.9787051 -0.06514981 -0.01278549 0.0642812 -0.9978499 0.1469782 0.1288992 -0.980705 0.142419 0.4195409 -0.8964944 -0.142419 0.4195409 -0.8964944 0.5658066 0.496181 -0.6585342 0.8155655 0.5449439 -0.1946513 0.1950023 0.9802998 0.03140699 0.321283 0.9464601 0.03147459 0.3152846 0.9288011 -0.1947407 0.958429 0.06280244 0.2783335 0.8894792 -0.05829649 0.453242 0.06509445 0.9934521 0.09389213 0.8314617 0.5555821 0 0.8314617 0.5555821 0 -0.5487679 -0.8212913 0.1559946 -0.2928525 -0.5938619 0.7493766 -0.6734575 -0.3321188 0.6604181 -0.4977806 -0.4365411 0.7494308 -0.05451383 -0.2740777 0.9601613 -0.5456782 -0.622196 0.5613444 -0.6053396 -0.6902458 0.3963894 -0.6902508 -0.6053498 0.3963654 -0.7221155 -0.6332879 0.2783804 -0.7337832 -0.6435399 0.2177582 -0.7426192 -0.6512619 0.156124 -0.6590244 -0.7514665 0.03138488 -0.7514718 -0.6590154 0.03144889 -0.6590154 -0.7514718 0.03144889 -0.8212576 -0.5487752 0.1561469 -0.9004743 -0.1791032 0.3963181 -0.8894524 0.05830435 0.4532936 -0.9572887 0.1904038 0.2175881 -0.9390831 0.0615585 0.3381323 -0.9739086 -0.06381676 0.2177828 -0.9934521 0.06509445 0.09389213 -0.9572887 -0.1904038 0.2175881 -0.9856431 -0.0646184 0.1559875 -0.6475576 -0.5678718 0.5081247 -0.6881369 -0.4598088 0.5612873 -0.6579385 -0.7502438 -0.06520193 -0.6593414 -0.7518436 0 -0.6593414 -0.7518436 -0 -0.3044476 -0.8968577 -0.3208705 -0.7514665 -0.6590244 0.03138488 -0.7485138 -0.6564348 0.09391794 0.3213777 0.02106352 -0.9467168 -0.0289882 0.05877893 -0.9978501 0.3667635 0.5489128 -0.7511186 0.3213618 0.02106631 -0.9467221 0.928813 -0.3152785 -0.1946939 0.7381037 -0.1468316 -0.6585161 0.8742489 0.1739031 0.4532621 0.5551937 0.03639121 -0.8309246 0.8314617 -0.5555821 0 0.8314617 -0.5555821 0 0.8968753 -0.4422834 0 0.8968753 -0.4422834 0 0.7374404 -0.6467386 -0.1947068 0.7518436 -0.6593414 0 0.7518436 -0.6593414 0 0.1424217 -0.4195451 -0.896492 0.1469765 -0.1288983 -0.9807054 0.8494459 -0.4189029 -0.3208768 0.1789178 -0.2677683 -0.9467252 -0.06284343 -0.1851319 -0.9807023 -0.1035208 -0.304951 -0.9467251 0.7756344 -0.1542812 0.6120364 0.3568198 0.1759619 0.9174514 0.439338 -0.6575009 0.6121067 0.6590154 -0.7514718 0.03144889 0.5504802 -0.2714596 0.7894816 0.3832912 -0.3361613 0.860281 0.5456782 -0.622196 0.5613444 0.6881369 -0.4598088 0.5612873 0.4162316 -0.8440434 0.338145 -0.3214422 0.9469292 0 -0.3214422 0.9469292 0 -0.06537488 0.9973701 0.03129052 -0.1614458 0.8116811 0.5613458 0.05414709 0.8258321 0.5613104 0.3130438 0.634792 0.7064295 0.2128174 0.6269098 0.7494617 0.2011444 0.4078839 0.8906018 0.1461661 0.430612 0.8906227 0.05034838 0.1483253 0.9876561 0.163895 0.482812 0.8602505 0.6474493 0.5678259 0.5083141 0.1563084 -0.01024315 0.9876552 0.4460025 0.08872479 0.8906232 0.9973701 0.06537488 0.03129052 0.7518436 0.6593414 0 0.7518436 0.6593414 0 0.6435399 0.7337832 0.2177582 0.4171621 -0.6243448 0.6604313 0.1197441 -0.6019731 0.7894871 0.7110283 -0.2413559 0.6604438 0.7075322 -0.6205056 0.3381878 0.01745869 -0.02612923 0.9995061 0.02072021 -0.02362585 0.9995061 0.02220433 -0.3386666 0.9406444 0.08702683 -0.1302446 0.9876551 0.3328806 -0.06621145 0.9406416 0.117771 0.1032851 0.9876549 0.006131126 0.0308222 0.9995061 -0.01010098 0.02975745 0.9995061 0.01430478 0.2182245 0.9757937 -0.02220433 0.3386666 0.9406444 -0.4046964 0.4614692 0.7894726 -0.5811943 0.1972947 0.7894858 -0.811508 0.5422454 0.217772 -0.5103323 0.3409983 0.7894816 -0.1961314 0.09672198 0.9757957 -0.2646295 0.08983365 0.9601569 -0.09261671 0.01842383 0.9955314 -0.218206 0.0142994 0.975798 -0.1404884 0.06928074 0.9876554 -0.2210447 0.3308087 0.9174448 0.2323648 -0.1552487 0.9601586 -0.07851793 0.0524631 0.9955313 -0.8258166 0.05414124 0.5613339 -0.9419875 0.1873782 0.2784762 -0.7063484 0.04630334 0.7063484 -0.8258321 -0.05414709 0.5613104 -0.7364308 0.1464839 0.6604637 -0.7063469 0.04630284 0.7063499 -0.01389901 -0.028184 0.9995061 -0.03135882 0.002055343 0.9995061 -0.0894262 0.03035508 0.9955308 -0.02975736 0.01010092 0.9995062 -0.03135753 -0.00205556 0.9995062 -0.09423673 -0.00617744 0.9955307 -0.1563084 0.01024315 0.9876552 -0.2070726 0.07029089 0.9757972 -0.2182245 0.01430478 0.9757937 -0.3386966 0.02219982 0.9406337 -0.5520387 0.1098044 0.8265569 -0.649349 0.1291552 0.749443 -0.5811943 -0.1972947 0.7894858 -0.4538157 -0.0297421 0.8905991 -0.5087267 0.03334085 0.8602822 -0.6019731 -0.1197441 0.7894871 -0.7756175 -0.1542727 0.61206 -0.8155317 -0.2768441 0.5081984 -0.8440703 -0.2865319 0.4532602 -0.8742489 -0.1739031 0.4532621 -0.6348443 -0.3130882 0.7063628 -0.649349 -0.1291552 0.749443 -0.4572692 -0.2254983 0.8602648 -0.550547 -0.3678693 0.7493799 -0.4239557 -0.2832725 0.8602432 -0.2323649 -0.1552487 0.9601585 -0.4667235 -0.5321972 0.7063535 -0.461467 -0.4046952 0.7894745 -0.299851 -0.3419003 0.8906141 -0.3419003 -0.299851 0.8906141 -0.5103428 -0.3410023 0.7894729 -0.5048259 -0.2489589 0.8265412 -0.3087336 -0.9094906 0.2784068 -0.2623819 -0.2991769 0.9174142 -0.3127356 -0.468039 0.8265204 -0.4046952 -0.461467 0.7894745 -0.1818115 -0.1214828 0.9758004 -0.0622653 -0.07100215 0.9955309 0.01389901 0.028184 0.9995061 -0.1644157 -0.1441924 0.975795 0.05246589 0.07852057 0.995531 -0.002055343 0.03135882 0.9995061 0.05450051 0.03641508 -0.9978495 -0.1469765 -0.1288983 -0.9807054 0.01278854 0.06428773 -0.9978495 0.4338379 -0.879694 -0.1947389 0.06527553 -0.9957333 -0.06522442 -0.3152847 -0.9288012 -0.1947407 -0.1750463 -0.8800348 -0.441472 -0.162325 -0.8160169 -0.5547674 -0.1623338 -0.8160312 -0.5547439 -0.004286506 -0.0654071 -0.9978495 -0.01278854 -0.06428773 -0.9978495 -0.04317313 -0.6587475 -0.7511244 -0.1468021 -0.7380502 -0.6585826 -0.178932 -0.2677813 -0.9467188 -0.1035224 -0.304969 -0.9467191 0.0363912 -0.5551937 -0.8309245 -0.03639121 -0.5551937 -0.8309246 0.08643037 -0.4345481 -0.8964919 0.06282276 -0.3158555 -0.9467252 0.1946585 -0.9787051 -0.06514984 0.1847665 -0.9289508 -0.3207985 0.6745689 -0.5915678 -0.4415929 0.4413643 -0.8949553 -0.06521163 0.5678718 -0.6475576 0.5081247 0.1949777 -0.98031 0.03124383 -0.8742489 0.1739031 0.4532621 -0.5321972 0.4667235 0.7063535 -0.5531375 0.8277859 0.09385879 -0.5456782 0.622196 0.5613444 -0.9978582 0.06541482 0 -0.9978582 0.06541482 0 -0.9973711 0.06538289 0.0312411 -0.3668801 0.4183361 -0.8308995 -0.9451026 0.06195835 -0.3208461 -0.9289508 0.1847665 -0.3207985 0.178932 0.2677813 -0.9467188 -0.7875262 -0.5262085 -0.3207914 -0.6918134 -0.462247 -0.554727 -0.4990315 -0.2460931 -0.8309066 -0.4345282 -0.08643135 -0.8965014 -0.3158555 -0.06282276 -0.9467252 -0.185125 -0.06283907 -0.9807038 -0.3331208 -0.2921329 -0.8964871 -0.1625324 -0.1086001 -0.9807086 -0.05450052 -0.03641507 -0.9978495 -0.04928106 -0.04321776 -0.9978495 -0.2461596 -0.3683988 -0.8964863 -0.2123386 -0.2421194 -0.9467263 -0.9289343 -0.1847728 -0.3208426 -0.8968685 -0.304445 -0.3208427 -0.6587474 -0.04317312 -0.7511244 -0.6250875 -0.2121896 -0.7511598 -0.6748926 -0.3328158 -0.6585997 -0.8494459 -0.4189029 -0.3208768 -0.6474746 -0.1287966 -0.7511246 -0.592085 -0.2919817 -0.7511205 -0.8155625 -0.5449272 -0.1947106 -0.8968753 -0.4422834 0 -0.8968753 -0.4422834 0 -0.4962805 -0.4352371 -0.7511818 -0.3668439 -0.4183117 -0.8309277 -0.0642812 -0.01278549 -0.9978499 -0.06206244 -0.02106655 -0.9978499 -0.06428773 -0.01278854 -0.9978495 -0.0654071 -0.004286506 -0.9978495 -0.06206244 0.02106655 -0.9978499 -0.4195409 0.142419 -0.8964944 -0.06539873 0.004287991 -0.99785 -0.3213618 -0.02106631 -0.9467221 -0.6474746 0.1287966 -0.7511245 -0.1950883 0.01279133 -0.9807023 -0.7502318 0.6579455 -0.06526772 -0.978691 0.1946835 -0.06528567 -0.4420922 0.02897775 -0.8965014 -0.9288011 0.3152846 -0.1947407 -0.4421032 0.0289813 -0.8964959 -0.5457199 0.1085554 -0.8309064 -0.8301983 0.05441903 -0.5548056 -0.8953389 -0.05868896 -0.4415019 -0.9787668 -0.06417593 -0.1946715 -0.9451181 -0.06196964 -0.3207981 -0.5489128 0.3667635 -0.7511186 0.1753142 0.08646028 -0.9807087 -0.4195452 0.1424217 -0.896492 -0.3331208 0.2921329 -0.896487 -0.06283908 0.1851251 -0.9807038 0.02106655 -0.06206244 -0.9978499 -0.01430478 0.2182245 0.9757937 -0.04176691 0.08469548 0.9955311 -0.4784861 0.7161266 0.5081474 -0.1973026 0.581207 0.7894746 -0.2237807 0.2551826 0.9406403 -0.07852057 0.05246589 0.995531 -0.4950525 0.5644985 0.6605032 -0.08983365 0.2646295 0.9601569 -0.1380958 0.6942608 0.7063509 -0.2275262 0.6702864 0.7063625 -0.1873782 0.9419875 0.2784761 -0.2951108 0.869351 0.3964071 -0.3175128 0.935316 0.1561077 -0.3200323 0.9427415 0.09390341 -0.3175087 0.935324 0.1560678 0.05171815 0.7891376 0.6120352 0.1835849 0.9230068 0.3381641 0.2418955 0.7126297 -0.6585177 -0.1623338 0.8160313 -0.5547438 0.08643135 0.4345282 -0.8965014 0.02106352 0.3213777 -0.9467167 -0.1788485 0.5268685 -0.8309169 -0.04921249 0.7508978 -0.6585823 -0.1946835 0.978691 -0.06528567 -0.526176 0.7875116 -0.3208805 -0.02106655 0.06206244 -0.9978499 -0.162325 0.816017 -0.5547674 0.1750463 0.8800348 -0.441472 -0.2121898 0.6250924 -0.7511557 0.496181 0.5658066 -0.6585342 0.2919817 0.5920849 -0.7511206 -0.04928377 0.04322163 -0.9978491 0.1917441 -0.03813777 -0.9807037 0.6245167 0.7121408 -0.3206779 0.1287794 0.6474411 -0.7511563 0.4984926 0.7460598 -0.4414747 0.4189028 0.8494472 -0.3208737 0.04928377 0.04322163 -0.9978491 0.1288992 0.1469782 -0.980705 -0.06381676 0.9739086 0.2177828 0.1873782 0.9419875 0.2784761 0.3152786 0.9288131 -0.1946938 0.304445 0.8968685 -0.3208427 0.3207437 0.9449135 -0.06528412 0.1946835 0.978691 -0.06528567 0.8953535 0.05869694 -0.4414711 0.7221155 0.6332879 0.2783804 0.3328733 -0.06620822 0.9406444 0.8968577 0.3044476 -0.3208705 0.6245092 0.7120934 -0.3207979 -0.06537489 -0.9973701 0.03129052 -0.4420655 -0.8964335 0.03138507 -0.4247954 -0.8614143 0.2784139 -0.1950024 -0.9802998 0.03140699 -0.4784886 -0.7161354 0.5081326 -0.3809369 -0.7724493 0.5081429 -0.657501 -0.4393381 0.6121067 -0.7092181 -0.3497544 0.6121124 -0.673438 -0.3321019 0.6604466 -0.634792 -0.3130438 0.7064295 -0.1291793 -0.6494012 0.7493936 -0.3678693 -0.550547 0.7493799 -0.6902458 -0.6053396 0.3963894 -0.6701887 -0.587718 0.4532492 -0.7075322 -0.6205056 0.3381878 -0.6053498 -0.6902508 0.3963654 -0.707544 -0.6205088 0.3381572 -0.8693498 -0.2951109 0.3964095 -0.7338022 -0.6435414 0.2176896 -0.6435414 -0.7338022 0.2176896 -0.8614098 -0.4247957 0.2784271 -0.8212913 -0.5487679 0.1559946 -0.9449133 -0.3207579 -0.06521688 -0.8949553 -0.4413643 -0.06521164 -0.9230388 -0.183609 0.3380637 -0.8115282 -0.5422444 0.2176994 -0.8894792 -0.05829649 0.453242 -0.8742345 -0.1738943 0.4532931 -0.8440641 0.2865269 0.4532751 -0.9161084 -0.06005784 0.3964068 -0.9390714 0.06156323 0.3381639 -0.985611 -0.06458068 0.1562058 -0.9934367 0.06511707 0.09403855 -0.9427462 -0.3200282 0.0938701 -0.9687483 -0.1926831 0.1562049 -0.7724493 -0.3809369 0.5081429 -0.7411643 -0.4952153 0.4532519 -0.8296996 -0.5543731 -0.06533677 -0.7374404 -0.6467386 -0.1947069 -0.5449272 -0.8155625 -0.1947105 -0.4189029 -0.8494459 -0.3208768 0.1424403 0.2888507 -0.9467186 0.3158782 0.06283335 -0.9467169 0.2888507 0.1424403 -0.9467186 0.4626405 0.3091193 -0.8309085 0.2677683 -0.1789178 -0.9467252 0.1086115 -0.162543 -0.9807056 0.894959 0.4413384 -0.06533547 0.879694 0.4338379 -0.1947389 0.9449133 0.3207579 -0.0652169 0.5457199 0.1085554 -0.8309064 0.5657837 0.496171 -0.6585613 0.6250874 0.2121896 -0.7511599 0.8968685 -0.304445 -0.3208427 0.8964335 -0.4420655 0.03138509 0.8964335 0.4420655 0.03138507 0.9288012 0.3152847 -0.1947407 0.8929216 -0.4403175 0.09386951 0.894959 -0.4413384 -0.06533558 0.9419875 -0.1873782 0.2784761 0.9934521 -0.06509445 0.09389215 0.6579385 -0.7502438 -0.06520193 0.3942523 -0.7994371 0.453283 0.5268815 -0.1788572 -0.8309067 0.1469782 -0.1288992 -0.980705 0.4963466 -0.4352685 -0.75112 0.5268684 -0.1788485 -0.8309169 0.3968484 -0.8047255 -0.4415068 0.646727 -0.7374398 -0.1947476 0.4626053 -0.3091072 -0.8309326 0.1847728 -0.9289343 -0.3208426 -0.05450051 0.03641507 -0.9978495 0.01010092 -0.02975736 0.9995062 0.2821922 -0.1885551 0.9406458 0.7221155 -0.6332879 0.2783804 0.5531268 -0.8277865 0.09391613 -0.2413559 -0.7110284 0.6604438 0.6701887 -0.587718 0.4532492 0.3207437 -0.9449135 -0.06528406 0.5553086 -0.8310517 0.03139243 0.2660085 -0.7836651 0.5613453 0.6205056 -0.7075322 0.3381878 0.8911582 -0.302514 0.3381157 0.9764504 -0.1942383 0.09389321 0.7985868 -0.5336115 0.2784201 0.6435414 -0.7338022 0.2176896 0.8212913 -0.5487679 0.1559947 0.7485165 -0.6564338 0.09390192 -0.3968484 0.8047255 -0.4415068 0.0641465 0.9787418 -0.1948069 -0.4413643 0.8949553 -0.06521163 -0.3207579 0.9449133 -0.06521688 -0.03680458 0.5617543 0.8264851 0.1098044 0.5520387 0.8265569 0.6902508 0.6053498 0.3963654 0.8277859 0.5531375 0.09385879 0.05173571 0.7890546 0.6121407 0.1614458 0.811681 0.5613458 0.1791115 0.9004327 0.396409 0.1739031 0.8742489 0.4532621 0.1291793 0.6494012 0.7493936 0.03682166 0.5616465 0.8265575 0.03335552 0.5087769 0.860252 -0.09946804 0.5000729 0.8602519 0.5505121 0.3678314 0.7494241 0.3418729 0.2998359 0.8906298 0.01842366 0.09262238 0.9955308 0.1885551 0.2821922 0.9406458 0.423216 0.3711493 0.8265207 0.707544 0.6205088 0.3381572 0.1885666 0.2822033 0.9406402 0.2505974 0.1235743 0.960172 0.7824895 0.5228468 0.3381442 0.749249 0.04911519 0.6604647 0.1680095 0.8446937 0.5081983 0.2951108 0.8693509 0.3964071 0.1552487 -0.2323649 0.9601585 0.581207 -0.1973026 0.7894746 0.3418729 -0.2998359 0.8906298 0.3902225 -0.07762828 0.9174423 0.04012685 -0.6124626 0.7894804 0.1759659 -0.356836 0.9174443 0.1500979 -0.3043791 0.9406508 -0.03035497 -0.08942517 0.9955308 0.01842383 -0.09261671 0.9955314 0.03035497 -0.08942517 0.9955308 0.1090882 0.3213658 0.9406508 0.08702683 0.1302446 0.9876551 0.0524631 0.07851794 0.9955313 -0.02818408 0.01389907 0.9995061 -0.01389907 0.02818407 0.9995061 -0.02975745 0.01010098 0.9995061 0.05451379 0.27408 0.9601606 -0.01024315 0.1563084 0.9876552 0.002055343 -0.03135882 0.9995061 0.0297421 0.4538157 0.8905991 0.02219982 0.3386966 0.9406337 -0.356836 0.1759659 0.9174443 -0.4460584 0.0887237 0.8905954 -0.8742346 0.1738943 0.4532931 -0.8446661 0.1680129 0.508243 -0.6880867 0.4597477 0.5613988 -0.4306463 0.1461869 0.8906027 -0.4460025 0.08872479 0.8906232 -0.3767331 0.1278828 0.917452 -0.3328733 0.06620821 0.9406444 -0.2788476 -0.01828236 0.9601613 -0.3328807 -0.06621145 0.9406416 -0.2740777 0.05451383 0.9601613 0.07852057 -0.05246589 0.995531 -0.01745869 0.02612923 0.9995061 -0.8446661 -0.1680129 0.508243 -0.8593686 -0.05633232 0.5082442 -0.7891376 -0.05171815 0.6120352 -0.7756344 -0.1542812 0.6120364 -0.7890546 0.05173571 0.6121407 -0.8258321 0.05414709 0.5613104 -0.749249 0.04911518 0.6604647 -0.7756344 0.1542812 0.6120364 -0.6124626 0.04012685 0.7894805 -0.6020248 0.1197424 0.7894478 -0.09262238 0.01842366 0.9955308 -0.08942517 0.03035497 0.9955308 -0.0308222 0.006131126 0.9995061 -0.028184 0.01389901 0.9995061 -0.08469822 0.04176914 0.9955308 -0.09423673 0.00617744 0.9955306 -0.09422931 0.006175215 0.9955313 -0.03082128 -0.006130708 0.9995062 0.02362585 0.02072021 0.9995061 -0.1563084 -0.01024315 0.9876552 -0.218206 -0.0142994 0.975798 -0.3213657 -0.1090882 0.9406508 -0.1961313 -0.09672196 0.9757957 -0.6019731 0.1197441 0.7894871 -0.6348444 0.3130883 0.7063627 -0.6606514 0.04329484 0.7494433 -0.6605971 0.0433042 0.7494906 -0.5616465 0.03682166 0.8265576 -0.5087769 0.03335552 0.860252 -0.5330454 -0.1809499 0.8265106 -0.5087266 -0.03334084 0.8602822 -0.4538157 0.0297421 0.8905991 -0.5087769 -0.03335552 0.860252 -0.7364308 -0.1464839 0.6604636 -0.749249 -0.04911519 0.6604647 -0.748859 -0.2542089 0.6120359 -0.7836651 -0.2660085 0.5613453 -0.5504858 -0.2714642 0.789476 -0.581207 -0.1973027 0.7894745 -0.7364287 -0.1464829 0.6604661 -0.7110088 -0.2413546 0.6604652 -0.3767331 -0.1278828 0.917452 -0.430612 -0.1461661 0.8906227 -0.5048701 -0.2489695 0.826511 -0.4572936 -0.2255179 0.8602467 -0.3213872 -0.1091011 0.9406419 -0.2646295 -0.08983366 0.9601569 -0.5945987 -0.5214608 0.6119896 -0.5214608 -0.5945987 0.6119896 -0.5321558 -0.4667023 0.7063987 -0.5885218 -0.3932337 0.7064059 -0.3832912 -0.3361613 0.860281 -0.4232083 -0.3711452 0.8265265 -0.3410023 -0.5103428 0.7894729 -0.2526664 -0.3781326 0.890604 -0.3361613 -0.3832912 0.860281 -0.3361991 -0.3833601 0.8602355 -0.3321188 -0.6734575 0.6604181 -0.2660067 -0.7836137 0.5614177 -0.1842676 -0.2101003 0.960158 -0.08702683 -0.1302446 0.9876551 -0.1302446 -0.08702683 0.9876551 -0.1441924 -0.1644157 0.975795 0.01389907 -0.02818408 0.9995061 -0.04176692 -0.0846955 0.9955311 -0.004287992 -0.06539873 -0.99785 -0.01279133 -0.1950883 -0.9807023 -0.06526051 -0.9957393 -0.06514776 -0.1946585 -0.9787051 -0.06514984 0.246084 -0.499021 -0.8309156 0.3152846 -0.9288011 -0.1947407 0.1942383 -0.9764504 0.09389322 -0.304445 -0.8968685 -0.3208427 -0.1750536 -0.8800045 -0.4415296 0.1750463 -0.8800348 -0.441472 0.06195835 -0.9451026 -0.3208461 -0.1085435 -0.5456954 -0.8309241 -0.04921249 -0.7508978 -0.6585823 -0.03813777 -0.1917441 -0.9807037 -0.08643135 -0.4345282 -0.8965014 -0.1959534 -0.3973638 -0.8964956 -0.1085554 -0.5457199 -0.8309064 -0.2461536 -0.3683934 -0.8964902 -0.1959552 -0.397372 -0.8964915 0.03813777 -0.1917441 -0.9807037 0.02106352 -0.3213777 -0.9467167 0.1424403 -0.2888507 -0.9467186 -0.0642812 0.01278549 -0.9978499 0.1424384 -0.2888484 -0.9467195 0.1035224 -0.304969 -0.9467191 -0.2121898 -0.6250924 -0.7511557 -0.1424217 -0.4195451 -0.896492 0.3207579 -0.9449133 -0.06521688 0.3212941 -0.9464585 0.03140533 -0.4316797 -0.8753745 0.2176514 0.06280244 -0.958429 0.2783335 -0.1949777 -0.98031 0.03124382 -0.6053498 0.6902508 0.3963653 -0.8614143 0.4247954 0.2784139 -0.5553086 0.8310517 0.03139238 -0.5487752 0.8212576 0.1561469 -0.2128174 0.6269099 0.7494617 -0.8800349 0.1750463 -0.441472 -0.8496299 0.2884116 -0.4415288 -0.8314617 0.5555821 0 -0.8314617 0.5555821 0 -0.7374404 0.6467386 -0.1947068 -0.6564338 0.7485165 0.09390192 -0.7878793 0.2674499 -0.5547221 -0.5489128 -0.3667635 -0.7511186 -0.4963466 -0.4352684 -0.7511202 -0.3683988 -0.2461596 -0.8964863 -0.397372 -0.1959552 -0.8964915 -0.647441 -0.1287794 -0.7511563 -0.5456954 -0.1085435 -0.8309241 -0.1851319 -0.06284343 -0.9807022 -0.304969 -0.1035224 -0.9467191 -0.1469782 -0.1288992 -0.980705 -0.04928377 -0.04322163 -0.9978491 -0.246084 -0.499021 -0.8309156 -0.2921329 -0.3331208 -0.8964871 -0.5457199 -0.1085554 -0.8309064 -0.7380502 -0.1468021 -0.6585826 -0.5920419 -0.2919738 -0.7511575 -0.6749287 -0.3328506 -0.658545 -0.7460598 -0.4984926 -0.4414747 -0.8302401 -0.05440651 -0.5547444 -0.8047398 -0.3968488 -0.4414804 -0.8496367 -0.2884179 -0.4415118 -0.3668801 -0.4183361 -0.8308995 -0.4352371 -0.4962805 -0.7511818 -0.397372 0.1959552 -0.8964915 -0.1950681 0.01278502 -0.9807064 -0.816017 0.162325 -0.5547674 -0.7508978 0.04921249 -0.6585823 -0.6250875 0.2121896 -0.7511598 -0.6474411 0.1287794 -0.7511563 -0.2888507 0.1424403 -0.9467186 -0.3683989 0.2461596 -0.8964863 -0.5268815 0.1788572 -0.8309067 -0.1851319 0.06284343 -0.9807022 -0.5551937 0.03639121 -0.8309246 -0.6587766 0.04318356 -0.7510982 -0.1085435 0.5456954 -0.8309241 -0.1085554 0.5457199 -0.8309064 0.06428773 -0.01278854 -0.9978495 -0.03641412 0.0544979 -0.9978497 -0.07760751 0.3901748 0.9174643 0.01745869 0.02612923 0.9995061 -0.05034804 0.1483222 0.9876567 -0.08982678 0.2646182 0.9601606 -0.5048701 0.2489694 0.826511 -0.1759659 0.356836 0.9174443 -0.1302446 0.08702683 0.9876551 -0.09673242 0.1961444 0.9757921 -0.02362585 0.02072021 0.9995061 -0.02362562 0.02071988 0.9995061 -0.09946798 0.5000753 0.8602504 -0.2011423 0.4078813 0.8906035 -0.1090882 0.3213657 0.9406508 -0.1461869 0.4306463 0.8906027 -0.1197441 0.6019731 0.7894871 -0.1972947 0.5811943 0.7894859 0.1464839 0.7364308 0.6604637 0.0433042 0.6605971 0.7494907 -0.2660085 0.7836651 0.5613453 -0.1542727 0.7756175 0.61206 0.1927096 0.9687655 0.1560657 -0.1904038 0.9572887 0.2175881 0.5485824 0.6255288 -0.5547712 0.3328158 0.6748926 -0.6585997 -0.06196964 0.9451181 -0.3207981 0.06526051 0.9957393 -0.06514775 -0.246084 0.499021 -0.8309156 0.01278502 0.1950681 -0.9807064 0.1959534 0.3973638 -0.8964956 0.4180668 0.6256703 -0.6586023 0.02106631 0.3213618 -0.9467221 -0.02898952 0.05878494 -0.9978497 0.06539873 -0.004287992 -0.99785 0.004286506 0.0654071 -0.9978495 -0.4338379 0.879694 -0.1947389 -0.4413384 0.894959 -0.06533558 -0.4189029 0.8494459 -0.3208768 -0.3328506 0.6749287 -0.6585451 -0.02106634 0.06206001 -0.9978501 -0.1789178 0.2677683 -0.9467252 0.06527553 0.9957333 -0.06522442 -0.06527553 0.9957333 -0.06522442 0.1913663 0.9620152 -0.1946938 -0.06195835 0.9451026 -0.3208461 0.02898952 -0.05878495 -0.9978497 0.05878495 -0.02898952 -0.9978497 0.05878494 0.02898952 -0.9978497 0.03813777 0.1917441 -0.9807037 0.3207579 0.9449133 -0.06521688 0.4338379 0.879694 -0.1947389 0.4338303 0.8797153 -0.1946593 0.6579385 0.7502438 -0.06520192 0.5543997 0.8296922 -0.06520598 0.5449439 0.8155655 -0.1946515 0.6255288 0.5485823 -0.5547712 0.7120934 0.6245093 -0.3207978 0.496171 0.5657837 -0.6585614 0.1287966 0.6474746 -0.7511246 0.3331208 0.2921329 -0.896487 0.4183361 0.3668801 -0.8308995 0.1873864 0.9419967 0.2784392 0.1942365 0.9764498 0.09390359 0.9807887 0.1950729 0 0.9807887 0.1950729 0 0.8953535 -0.05869694 -0.4414711 0.98031 -0.1949777 0.03124382 0.9807887 -0.1950729 0 0.9807887 -0.1950729 0 0.8440703 0.2865319 0.4532602 0.7891376 -0.05171815 0.6120352 0.5103428 -0.3410022 0.7894731 0.7724493 -0.3809369 0.5081429 0.7502438 0.6579384 -0.06520192 0.8296922 0.5543997 -0.06520606 -0.5262085 -0.7875262 -0.3207915 -0.6564338 -0.7485165 0.09390188 -0.5555821 -0.8314617 0 -0.5555821 -0.8314617 -0 -0.5336115 -0.7985868 0.2784201 -0.4247957 -0.8614098 0.2784271 -0.5531268 -0.8277865 0.09391613 -0.321283 -0.9464601 0.03147459 -0.6205056 -0.7075322 0.3381878 -0.5228459 -0.7824889 0.3381466 -0.6702864 -0.2275262 0.7063625 -0.7110284 -0.2413559 0.6604438 -0.4046963 -0.4614691 0.7894726 -0.4365411 -0.4977806 0.7494308 -0.4365418 -0.4977811 0.7494299 -0.2489695 -0.5048701 0.826511 -0.4667023 -0.5321558 0.7063987 -0.3932337 -0.5885218 0.7064059 -0.622196 -0.5456782 0.5613444 -0.6221756 -0.5456457 0.5613985 -0.7411709 -0.4952244 0.4532313 -0.763356 -0.5100477 0.3964075 -0.7824889 -0.5228459 0.3381466 -0.7824895 -0.5228467 0.3381441 -0.9288131 -0.3152786 -0.1946938 -0.9288011 -0.3152846 -0.1947407 -0.935316 -0.3175128 0.1561078 -0.935324 -0.3175087 0.1560678 -0.892922 -0.4403173 0.09386717 -0.8964335 -0.4420655 0.03138507 -0.9687483 0.1926831 0.1562049 -0.8964335 0.4420655 0.03138507 -0.7092817 0.3497662 0.6120319 -0.7756175 0.1542727 0.61206 -0.7411709 0.4952243 0.4532313 -0.8212913 0.5487679 0.1559946 -0.9419875 -0.1873782 0.2784761 -0.9764498 -0.1942365 0.09390359 -0.9390714 -0.06156323 0.3381639 -0.9390831 -0.0615585 0.3381322 -0.9583861 0.06282385 0.2784766 -0.9739086 0.06381676 0.2177828 -0.9764504 -0.1942383 0.09389321 -0.9934521 -0.06509445 0.09389213 -0.6579455 -0.7502318 -0.06526767 -0.4984926 -0.7460598 -0.4414747 -0.6917764 -0.4622382 -0.5547804 -0.6245092 -0.7120934 -0.3207978 -0.6467386 -0.7374404 -0.1947068 -0.7374398 -0.646727 -0.1947476 -0.4180793 -0.6257141 -0.6585525 -0.3667631 -0.5489123 -0.7511191 -0.3207579 -0.9449133 -0.0652169 -0.646727 -0.7374398 -0.1947477 0.01278549 -0.0642812 -0.9978499 0.3213777 -0.02106352 -0.9467167 -0.004286506 0.0654071 -0.9978495 0.6749287 0.3328506 -0.6585451 0.5456954 0.1085435 -0.8309241 0.04321776 0.04928106 -0.9978495 0.2921371 0.3331237 -0.8964845 0.06206244 0.02106655 -0.9978499 0.4195409 -0.142419 -0.8964944 0.5456954 -0.1085435 -0.8309241 0.5457199 -0.1085554 -0.8309064 0.04322163 0.04928377 -0.9978491 -0.03641507 0.05450051 -0.9978495 0.7462289 0.3679947 -0.5547273 0.7126296 0.2418956 -0.6585177 0.8964375 0.4420508 0.03147834 0.9787418 0.0641465 -0.1948069 0.8155625 0.5449272 -0.1947105 0.8296998 0.5543732 -0.0653367 0.6257141 0.4180793 -0.6585525 0.5485955 0.6255633 -0.5547193 0.7462284 0.3679943 -0.5547282 0.6748926 0.3328158 -0.6585997 0.4345481 0.08643038 -0.8964919 0.419541 0.142419 -0.8964944 0.9289343 -0.1847728 -0.3208426 0.8968577 -0.3044476 -0.3208706 0.8800348 -0.1750463 -0.441472 0.8301983 -0.05441903 -0.5548056 0.8753677 0.4316666 0.2177047 0.879694 -0.4338379 -0.1947389 0.9288011 -0.3152846 -0.1947407 0.9094833 -0.3087251 0.2784402 0.9572521 -0.1904211 0.2177338 0.1959534 -0.3973638 -0.8964956 0.3668801 -0.4183361 -0.8308995 0.1753142 -0.08646029 -0.9807087 0.7460598 -0.4984926 -0.4414747 0.499021 -0.246084 -0.8309156 0.6245092 -0.7120934 -0.3207978 0.7120934 -0.6245092 -0.3207978 0.5543997 -0.8296922 -0.06520598 0.5543732 -0.8296998 -0.0653367 0.1788572 -0.5268815 -0.8309067 0.1288983 0.1469765 -0.9807054 -0.006130708 0.03082128 0.9995061 -0.006131126 -0.03082219 0.9995061 0.1236074 -0.2506389 0.960157 0.05246589 -0.07852057 0.995531 0.5617543 -0.03680458 0.8264851 0.08942517 -0.03035497 0.9955308 0.6332879 -0.7221155 0.2783805 0.7514665 -0.6590244 0.03138488 0.7836651 -0.2660085 0.5613453 0.5487679 -0.8212913 0.1559946 0.5103323 -0.3409983 0.7894816 0.4046952 -0.461467 0.7894745 0.5214608 -0.5945987 0.6119896 0.5678259 -0.6474493 0.5083141 0.8614098 -0.4247957 0.2784271 0.8440433 -0.4162316 0.3381451 0.8894524 -0.05830435 0.4532935 0.5048701 -0.2489695 0.826511 0.742272 -0.3660346 0.561294 0.622196 -0.5456782 0.5613444 0.7514718 -0.6590154 0.03144874 0.7426192 -0.651262 0.1561238 0.8858863 -0.4368483 0.1561061 0.8310517 -0.5553086 0.03139238 0.6435399 -0.7337832 0.2177582 0.7426206 -0.6512904 0.1559983 -0.1913663 0.9620152 -0.1946938 -0.1946585 0.978705 -0.06514982 -0.05869693 0.8953535 -0.4414711 0.1468021 0.7380502 -0.6585826 -0.4338303 0.8797153 -0.1946593 -0.4403173 0.892922 0.09386716 -0.1750463 0.8800349 -0.441472 -0.241895 0.7126013 -0.6585485 0.03680458 0.5617543 0.8264851 -0.03334085 0.5087266 0.8602822 -0.04329484 0.6606514 0.7494432 -0.04013961 0.6125048 0.7894471 0.8212576 0.5487752 0.1561469 0.1926831 0.9687483 0.1562049 0.2660085 0.7836651 0.5613453 0.1791032 0.9004743 0.3963181 0.3780978 0.2526301 0.890629 0.4977806 0.4365411 0.7494308 0.3942541 0.7994535 0.4532526 0.3410023 0.5103428 0.789473 0.05830435 0.8894524 0.4532936 0.2541972 0.7488421 0.6120614 0.1972947 0.5811943 0.7894859 0.1809499 0.5330454 0.8265106 0.262382 0.2991768 0.9174142 0.04176692 0.0846955 0.9955311 0.221044 0.330808 0.9174452 0.2768446 0.8155884 0.5081072 -0.03335552 0.5087769 0.8602519 -0.03682166 0.5616465 0.8265576 0.3043791 0.1500979 0.9406508 0.1818115 0.1214828 0.9758004 0.1177886 0.1032946 0.9876518 0.5103323 0.3409983 0.7894816 0.1404846 0.06927983 0.987656 0.7161354 0.4784885 0.5081326 0.6512904 0.7426206 0.1559983 0.6942326 0.1380972 0.7063783 0.9419967 -0.1873864 0.2784392 0.4365411 0.4977806 0.7494308 0.6575009 0.439338 0.6121067 0.7110088 0.2413546 0.6604652 0.6243221 0.4171544 0.6604576 0.9619979 0.1913395 -0.1948058 0.9230388 0.183609 0.3380636 0.8277864 0.5531268 0.09391612 0.3200323 0.9427415 0.09390341 0.4365418 -0.4977811 0.7494299 0.6243448 -0.4171622 0.6604313 0.05034838 -0.1483253 0.9876561 0.3678693 -0.550547 0.7493799 0.03035508 -0.0894262 0.9955308 0.1961313 -0.09672196 0.9757957 0.09672198 -0.1961314 0.9757957 -0.07029089 -0.2070725 0.9757972 0.03334084 -0.5087266 0.8602822 -0.2128174 -0.6269099 0.7494617 -0.01024315 -0.1563084 0.9876552 0.08872478 -0.4460025 0.8906232 0.0305614 -0.1536324 0.9876553 0.006130708 0.03082128 0.9995061 0.1552487 0.2323649 0.9601585 0.087027 0.1302448 0.987655 0.06928074 0.1404884 0.9876554 0.08982678 0.2646182 0.9601606 -0.02072021 -0.02362585 0.9995061 -0.028184 -0.01389901 0.9995061 0.0305614 0.1536324 0.9876553 0.0102434 0.1563069 0.9876555 -0.02219982 0.3386966 0.9406337 -0.01827759 0.2788311 0.9601662 -0.0297421 0.4538157 0.8905991 -0.02974084 0.453824 0.8905949 -0.2822033 0.1885666 0.9406402 -0.461467 0.4046952 0.7894745 -0.3902225 0.07762828 0.9174423 -0.4306119 0.1461661 0.8906227 -0.4977811 0.4365418 0.7494299 -0.7488421 0.2541972 0.6120615 -0.6734575 0.3321188 0.6604181 -0.7092181 0.3497543 0.6121123 -0.7724493 0.3809369 0.5081429 -0.742272 0.3660346 0.561294 -0.2011444 0.4078839 0.8906018 0.05829649 0.8894792 0.453242 -0.3328806 0.06621145 0.9406416 -0.27408 0.05451379 0.9601606 -0.8155884 -0.2768446 0.5081072 -0.8258165 -0.05414125 0.5613338 -0.2144757 0.04266196 0.9757972 -0.2070784 0.07029445 0.9757957 -0.2070725 -0.07029089 0.9757972 -0.07098965 -0.06225857 0.9955322 -0.06225857 -0.07098965 0.9955322 -0.3386666 -0.02220433 0.9406444 -0.3328733 -0.06620822 0.9406444 -0.2740777 -0.05451383 0.9601613 -0.3781326 -0.2526664 0.890604 -0.3767562 -0.1278854 0.9174422 -0.3902225 -0.07762828 0.9174423 -0.5330119 0.1809294 0.8265366 -0.5330454 0.1809499 0.8265106 -0.5520662 -0.1098167 0.8265368 -0.5616465 -0.03682166 0.8265576 -0.5330119 -0.1809294 0.8265366 -0.4460584 -0.08872369 0.8905953 -0.5617543 -0.03680458 0.8264851 -0.6124626 -0.04012685 0.7894804 -0.6494012 -0.1291793 0.7493936 -0.7063469 -0.04630284 0.7063499 -0.7421821 -0.3660197 0.5614226 -0.7836137 -0.2660067 0.5614177 -0.5504802 -0.2714596 0.7894816 -0.5938619 -0.2928525 0.7493766 -0.6702733 -0.2275178 0.7063776 -0.626986 -0.2128243 0.7493959 -0.3308088 -0.2210447 0.9174448 -0.2646182 -0.08982678 0.9601606 -0.4232159 -0.3711493 0.8265207 -0.468039 -0.3127356 0.8265204 -0.3418729 -0.2998359 0.8906298 -0.3780978 -0.2526301 0.8906291 -0.2623228 -0.2991332 0.9174454 -0.2237807 -0.2551826 0.9406403 -0.5214349 -0.5945818 0.6120279 -0.5456457 -0.6221756 0.5613985 -0.5945818 -0.5214349 0.6120279 -0.5644985 -0.4950525 0.6605032 -0.1091011 -0.3213872 0.9406419 -0.221044 -0.330808 0.9174452 -0.1461868 -0.4306463 0.8906027 0.05830435 -0.8894524 0.4532936 -0.5487752 -0.8212576 0.1561469 -0.06511707 -0.9934367 0.09403852 -0.2128243 -0.626986 0.7493959 -0.1291552 -0.649349 0.749443 -0.1177886 -0.1032946 0.9876518 -0.1643923 -0.1441796 0.9758009 -0.1214828 -0.1818115 0.9758004 -0.087027 -0.1302448 0.987655 -0.02362562 -0.02071988 0.9995061 -0.07852057 -0.05246589 0.995531 -0.0524631 0.07851794 0.9955313 -0.04266163 -0.2144907 0.9757938 0.04266163 -0.2144907 0.9757938 -0.1913663 -0.9620152 -0.1946939 -0.1946835 -0.978691 -0.06528565 -0.1913395 -0.9619979 -0.1948058 -0.1847665 -0.9289508 -0.3207985 0.3091072 -0.4626053 -0.8309326 0.2884179 -0.8496367 -0.4415118 0.304445 -0.8968685 -0.3208427 0.3152785 -0.928813 -0.1946939 -0.2674499 -0.7878793 -0.5547222 -0.2884115 -0.8496299 -0.4415288 -0.05441903 -0.8301983 -0.5548056 -0.05440651 -0.8302401 -0.5547444 0.06196964 -0.9451181 -0.3207981 0.06526051 -0.9957393 -0.06514776 -0.1468316 -0.7381037 -0.6585161 -0.2418955 -0.7126297 -0.6585176 -0.02106352 -0.3213777 -0.9467168 -0.06283335 -0.3158782 -0.9467169 -0.1424384 -0.2888484 -0.9467195 -0.0864673 -0.1753456 -0.9807025 -0.1287794 -0.647441 -0.7511563 -0.2919817 -0.592085 -0.7511205 -0.3091193 -0.4626404 -0.8309085 -0.3091072 -0.4626053 -0.8309326 0.06283908 -0.1851251 -0.9807038 0.06284343 -0.1851319 -0.9807022 0.03641507 -0.05450052 -0.9978495 0.2888507 -0.1424403 -0.9467186 0.06283335 -0.3158782 -0.9467169 0.03813834 -0.1917305 -0.9807063 -0.0289813 -0.4421032 -0.8964959 -0.02106631 -0.3213618 -0.9467221 0.02897775 -0.4420922 -0.8965014 0.08643135 -0.4345282 -0.8965014 0.03639298 -0.5551846 -0.8309306 0.04318356 -0.6587766 -0.7510982 0.1638818 -0.4827904 0.8602652 -0.1278854 -0.3767562 0.9174422 0.06538289 -0.9973711 0.03124111 0.06541482 -0.9978582 0 0.06541482 -0.9978582 0 0.1950729 -0.9807887 0 0.1950729 -0.9807887 0 0.0641465 -0.9787418 -0.1948069 0.2489694 -0.5048701 0.826511 0.1973027 -0.581207 0.7894745 0.1809294 -0.5330119 0.8265366 0.01430478 -0.2182244 0.9757937 0.313747 -0.9242226 0.2176588 0.1809499 -0.5330454 0.8265106 0.06537489 -0.9973701 0.03129052 0.06511707 -0.9934367 0.09403852 -0.2768441 0.8155316 0.5081984 -0.7338022 0.6435415 0.2176896 -0.7633255 0.5100416 0.3964743 -0.6902508 0.6053498 0.3963654 -0.5553082 0.8310519 0.03138985 -0.6593414 0.7518436 0 -0.6593414 0.7518436 0 -0.5555821 0.8314617 0 -0.5555821 0.8314617 0 -0.6590154 0.7514718 0.03144874 -0.5531268 0.8277864 0.09391613 -0.5228468 0.7824895 0.3381442 -0.6435414 0.7338022 0.2176894 -0.5456457 0.6221756 0.5613985 -0.633294 0.7221175 0.2783611 -0.4393592 0.6575659 0.6120217 -0.4046952 0.461467 0.7894745 -0.9289343 0.1847728 -0.3208425 -0.9619979 0.1913395 -0.1948058 -0.5485955 0.6255633 -0.5547193 -0.5657837 0.496171 -0.6585613 -0.4962805 0.4352371 -0.7511818 -0.2460931 0.4990315 -0.8309066 -0.9449135 0.3207437 -0.06528407 -0.9449133 0.3207579 -0.06521688 -0.7518436 0.6593414 0 -0.7518436 0.6593414 0 -0.8277859 0.5531375 0.09385888 -0.2677813 -0.178932 -0.9467188 -0.2888507 -0.1424403 -0.9467186 -0.2421194 -0.2123386 -0.9467262 -0.242101 -0.2123124 -0.9467368 -0.1917305 -0.03813834 -0.9807063 -0.3158782 -0.06283335 -0.9467169 -0.5551937 -0.03639121 -0.8309245 -0.4420922 -0.02897775 -0.8965014 -0.7878549 -0.2674301 -0.5547664 -0.8953535 -0.05869694 -0.4414711 -0.84963 -0.2884116 -0.4415288 -0.7878793 -0.2674499 -0.5547221 -0.7462289 -0.3679947 -0.5547274 -0.7462284 -0.3679943 -0.5547282 -0.06428774 0.01278854 -0.9978495 -0.0654071 0.004286506 -0.9978495 -0.4345282 0.08643135 -0.8965014 -0.4345481 0.08643038 -0.8964919 -0.3158782 0.06283335 -0.9467169 -0.3158555 0.06282276 -0.9467252 -0.6917764 0.4622382 -0.5547804 -0.5920419 0.2919738 -0.7511575 -0.0544979 0.03641412 -0.9978497 -0.4626405 0.3091193 -0.8309085 -0.304969 0.1035224 -0.9467191 -0.304951 0.1035208 -0.9467251 -0.5551846 -0.03639298 -0.8309306 -0.6587766 -0.04318356 -0.7510982 -0.4183118 0.3668439 -0.8309277 -0.06225856 0.07098964 0.9955322 -0.05246589 0.07852057 0.995531 0.02612914 -0.01745866 0.9995061 0.00617744 0.09423673 0.9955307 -0.01842383 0.09261671 0.9955314 -0.1235743 0.2505974 0.960172 -0.1214967 0.1818474 0.975792 -0.07029444 0.2070784 0.9757957 -0.1091011 0.3213872 0.9406419 -0.4572692 0.2254983 0.8602648 -0.3043791 0.1500979 0.9406508 -0.1441924 0.1644157 0.975795 -0.1885551 0.2821922 0.9406458 -0.330808 0.221044 0.9174452 -0.2323187 0.1552306 0.9601726 -0.163895 0.482812 0.8602505 -0.2526664 0.3781326 0.890604 -0.08872369 0.4460584 0.8905953 -0.07762828 0.3902225 0.9174423 -0.2541972 0.7488421 0.6120614 -0.0433042 0.6605971 0.7494907 -0.1638819 0.4827904 0.8602653 -0.1098167 0.5520662 0.8265368 -0.302514 0.8911582 0.3381157 -0.406044 0.8233713 0.3964693 -0.1291793 0.6494012 0.7493936 -0.2660067 0.7836137 0.5614178 -0.06511707 0.9934367 0.09403852 -0.06458067 0.985611 0.1562058 0.2884179 0.8496367 -0.4415118 0.3968484 0.8047255 -0.4415068 0.4180794 0.6257142 -0.6585525 0.4962805 0.4352371 -0.7511818 0.04317312 0.6587474 -0.7511244 0.2674301 0.7878549 -0.5547664 0.1085554 0.5457199 -0.8309064 0.05441903 0.8301983 -0.5548056 -0.02106631 0.3213618 -0.9467221 -0.03639121 0.5551937 -0.8309245 0.3668439 0.4183118 -0.8309277 0.08643038 0.4345481 -0.8964919 0.1424217 0.4195452 -0.896492 0.3328506 0.6749287 -0.658545 0.241895 0.7126013 -0.6585485 0.1788573 0.5268816 -0.8309067 -0.01279133 0.1950883 -0.9807023 0.01279133 0.1950883 -0.9807023 -0.01278502 0.1950681 -0.9807064 -0.03813833 0.1917305 -0.9807063 -0.04928106 0.04321777 -0.9978495 0.04322163 -0.04928377 -0.9978491 -0.3679947 0.7462288 -0.5547274 -0.4984926 0.7460598 -0.4414747 -0.0864673 0.1753456 -0.9807024 -0.3328158 0.6748926 -0.6585997 -0.2461596 0.3683989 -0.8964863 -0.06284343 0.1851319 -0.9807022 0.1847665 0.9289508 -0.3207985 0.1847728 0.9289343 -0.3208425 0 0 -1 0 0 -1 0 0 -1 0 0 -1 0 0 -1 0 0 -1 0 0 -1 0 0 -1 0 0 -1 0 0 -1 0 0 -1 0 0 -1 0 0 -1 0 0 -1 0 0 -1 0 0 -1 0 0 -1 0 0 -1 0 0 -1 0 0 -1 0 0 -1 0 0 -1 0 0 -1 0 0 -1 0 0 -1 0 0 -1 0 0 -1 0 0 -1 0 0 -1 0 0 -1 0 0 -1 0 0 -1 0 0 -1 0 0 -1 0 0 -1 0 0 -1 0 0 -1 0 0 -1 0 0 -1 0 0 -1 0 0 -1 0 0 -1 0 0 -1 0 0 -1 0 0 -1 0 -0 -1 0.4413643 0.8949553 -0.06521164 0.4413384 0.894959 -0.06533558 0.6255633 0.5485955 -0.5547193 0.5262085 0.7875262 -0.3207913 0.5449272 0.8155625 -0.1947106 0.5543731 0.8296996 -0.06533677 0.7374404 0.6467386 -0.1947068 0.674569 0.5915679 -0.4415928 0.5916043 0.6745851 -0.4415193 0.4984711 0.7460467 -0.4415213 0.4352684 0.4963466 -0.7511202 0.4183118 0.3668439 -0.8309277 0.2461596 0.3683989 -0.8964863 0.02106634 0.06206001 -0.9978501 0.3683988 0.2461596 -0.8964863 0.3331237 0.2921371 -0.8964845 -0.06509445 0.9934521 0.09389215 0.1942384 0.9764504 0.09389322 0.06381676 0.9739086 0.2177828 0.06005784 0.9161084 0.3964068 0.3497543 0.7092181 0.6121123 0.3087251 0.9094833 0.2784402 0.9787418 -0.0641465 -0.1948069 0.9451026 -0.06195835 -0.3208461 0.9978582 0.06541482 0 0.9978582 0.06541482 0 0.9973711 -0.06538289 0.03124111 0.9764504 0.1942384 0.09389322 0.3901748 -0.07760751 0.9174643 0.6019731 -0.1197441 0.7894871 -0.1926831 -0.9687483 0.1562049 -0.6512904 -0.7426206 0.1559983 -0.5100477 -0.763356 0.3964075 -0.4162316 -0.8440434 0.338145 -0.3214422 -0.9469292 0 -0.3214422 -0.9469292 -0 -0.2768446 -0.8155884 0.5081072 -0.3175087 -0.935324 0.1560678 -0.4952244 -0.7411709 0.4532313 -0.3660197 -0.7421821 0.5614226 -0.3409983 -0.5103323 0.7894816 -0.3711493 -0.4232159 0.8265207 -0.4952153 -0.7411643 0.4532519 -0.5678718 -0.6475576 0.5081247 -0.7994535 -0.3942541 0.4532526 -0.869351 -0.2951108 0.3964071 -0.9094906 -0.3087336 0.2784068 -0.8440434 -0.4162316 0.338145 -0.8310517 -0.5553086 0.03139243 -0.8277865 -0.5531268 0.09391613 -0.9427415 0.3200323 0.09390347 -0.9764498 0.1942365 0.09390359 -0.9807887 0.1950729 0 -0.9807887 0.1950729 0 -0.98031 0.1949777 0.03124383 -0.7364287 0.1464829 0.6604661 -0.7110088 0.2413546 0.6604654 -0.9161084 0.06005784 0.3964068 -0.9161481 0.06004436 0.3963173 -0.8233714 0.4060441 0.3964692 -0.763356 0.5100477 0.3964075 -0.9687655 -0.1927096 0.1560657 -0.9973701 -0.06537489 0.03129052 -0.9739499 -0.0638518 0.2175878 -0.958429 0.06280244 0.2783336 -0.9242113 -0.3137306 0.2177304 -0.9583862 -0.06282385 0.2784766 -0.98031 -0.1949777 0.03124382 -0.9802998 -0.1950024 0.03140699 -0.7502318 -0.6579455 -0.06526772 -0.7502438 -0.6579385 -0.06520192 -0.6745689 -0.5915678 -0.4415929 -0.8494472 -0.4189028 -0.3208737 -0.6256703 -0.4180668 -0.6586023 -0.5658066 -0.496181 -0.6585342 -0.2919738 -0.5920419 -0.7511575 -0.3328506 -0.6749287 -0.6585451 -0.4413384 -0.894959 -0.06533547 -0.5543997 -0.8296922 -0.06520606 -0.5916043 -0.6745851 -0.4415193 -0.4984711 -0.7460466 -0.4415212 -0.526176 -0.7875116 -0.3208804 -0.4189028 -0.8494472 -0.3208738 0.05877893 0.0289882 -0.9978501 0.06428121 0.01278549 -0.9978499 0.06206001 -0.02106634 -0.9978501 0.5268815 0.1788572 -0.8309067 0.5268683 0.1788485 -0.8309169 0.2421194 0.2123386 -0.9467263 0.1469765 0.1288983 -0.9807054 0.06206001 0.02106634 -0.9978501 0.4345282 0.08643135 -0.8965014 0.3158555 0.06282276 -0.9467252 0.304951 0.1035208 -0.9467251 0.04321776 -0.04928106 -0.9978495 0.04928377 -0.04322163 -0.9978491 0.8800349 0.1750463 -0.441472 0.9957393 0.06526051 -0.06514776 0.8047255 0.3968484 -0.4415068 0.6918134 0.462247 -0.5547268 0.8949553 0.4413643 -0.06521163 0.9289508 0.1847665 -0.3207985 0.8047398 0.3968488 -0.4414803 0.7460598 0.4984926 -0.4414747 0.592085 0.2919817 -0.7511205 0.5920419 0.2919738 -0.7511575 0.304951 -0.1035208 -0.9467251 0.3973638 -0.1959534 -0.8964956 0.9619979 -0.1913395 -0.1948058 0.9289508 -0.1847665 -0.3207985 0.6587474 -0.04317312 -0.7511244 0.8301983 0.05441903 -0.5548056 0.6590154 0.7514718 0.03144889 0.8310519 0.5553082 0.03138985 0.7485138 0.6564348 0.09391794 0.5658066 -0.496181 -0.6585342 0.7875116 -0.526176 -0.3208804 0.9449133 -0.3207579 -0.06521688 0.8949553 -0.4413643 -0.06521163 0.7994371 -0.3942523 0.453283 0.958429 -0.06280244 0.2783335 0.6269099 -0.2128174 0.7494617 0.8911784 -0.3025115 0.3380648 0.4183361 -0.3668801 -0.8308995 0.5489128 -0.3667635 -0.7511186 0.2921329 -0.3331208 -0.8964871 0.242101 -0.2123124 -0.9467368 0.6579455 -0.7502318 -0.06526772 0.8155625 -0.5449272 -0.1947106 0.5915678 -0.6745689 -0.4415929 0.4984711 -0.7460466 -0.4415212 0.7374398 -0.646727 -0.1947476 0.5449272 -0.8155625 -0.1947106 0.1288983 -0.1469765 -0.9807054 0.1288992 -0.1469782 -0.980705 0.2070725 -0.07029089 0.9757972 0.2788476 -0.01828236 0.9601613 0.221044 -0.330808 0.9174452 0.6702864 -0.2275262 0.7063625 0.1302448 -0.087027 0.987655 0.01010092 0.02975736 0.9995062 0.3767562 -0.1278854 0.9174422 0.3213657 -0.1090882 0.9406508 0.3321188 -0.6734575 0.6604181 0.3660197 -0.7421821 0.5614226 0.8277864 -0.5531268 0.09391613 0.6512904 -0.7426206 0.1559984 0.6053498 -0.6902508 0.3963654 0.6902508 -0.6053498 0.3963653 0.6205088 -0.707544 0.3381572 0.633294 -0.7221175 0.2783611 0.3711492 -0.4232159 0.8265207 0.2255179 -0.4572936 0.8602467 0.461467 -0.4046952 0.7894745 0.3130438 -0.634792 0.7064295 0.4977811 -0.4365418 0.7494299 0.4232083 -0.3711452 0.8265265 0.5945987 -0.5214608 0.6119896 0.5456457 -0.6221758 0.5613984 0.7986023 -0.5336125 0.278374 0.707544 -0.6205088 0.3381572 0.8115081 -0.5422454 0.2177721 0.8115282 -0.5422444 0.2176994 0.9390714 -0.06156323 0.3381639 0.9230388 -0.183609 0.3380637 0.935316 -0.3175128 0.1561077 0.8614143 -0.4247954 0.2784139 0.763356 -0.5100477 0.3964075 0.6902458 -0.6053396 0.3963894 0.7411643 -0.4952153 0.4532519 0.7411709 -0.4952243 0.4532312 0.9469292 -0.3214422 0 0.9469292 -0.3214422 0 0.7485138 -0.6564348 0.09391794 0.6564338 -0.7485165 0.09390188 0.7337832 -0.6435399 0.2177582 0.7338022 -0.6435414 0.2176894 -0.0641465 0.9787418 -0.1948069 -0.06417593 0.9787668 -0.1946715 -0.304445 0.8968685 -0.3208427 -0.1468021 0.7380502 -0.6585826 -0.3152846 0.9288011 -0.1947407 -0.1847728 0.9289343 -0.3208425 -0.3152785 0.928813 -0.1946939 -0.3207437 0.9449135 -0.06528407 0.03334085 0.5087266 0.8602822 -0.02601475 0.3969666 0.9174643 0.1809294 0.5330119 0.8265366 0.1197424 0.6020248 0.7894478 -0.04630284 0.7063469 0.7063499 -0.1380972 0.6942326 0.7063783 0.1291552 0.649349 0.749443 0.1380972 0.6942326 0.7063783 0.04630334 0.7063484 0.7063484 0.1542727 0.7756175 0.61206 0.04910677 0.7492921 0.6604164 -0.1197424 0.6020248 0.7894478 0.6053396 0.6902458 0.3963894 0.4365418 0.4977811 0.7494299 -0.1791115 0.9004327 0.396409 0.05633234 0.8593686 0.5082442 0.1973026 0.581207 0.7894746 0.4667023 0.5321558 0.7063987 0.3781326 0.2526664 0.890604 0.3833601 0.3361991 0.8602355 0.4232083 0.3711452 0.8265265 0.3711452 0.4232083 0.8265265 0.651262 0.7426192 0.156124 0.4952243 0.7411709 0.4532313 0.07762828 0.3902225 0.9174423 0.1759619 0.3568198 0.9174514 0.2275262 0.6702864 0.7063625 0.3130882 0.6348443 0.7063628 0.2011423 0.4078813 0.8906035 0.1759659 0.356836 0.9174443 0.3127134 0.4680179 0.8265406 0.2489694 0.5048701 0.826511 0.2551826 0.2237807 0.9406403 0.2101003 0.1842676 0.960158 0.1032946 0.1177886 0.9876518 0.3969862 0.0260204 0.9174556 0.2991332 0.2623228 0.9174454 0.1441924 0.1644157 0.975795 0.5617543 0.03680458 0.8264851 0.4538157 0.0297421 0.8905991 0.5087266 0.03334085 0.8602822 0.4572936 0.2255179 0.8602467 0.5945818 0.5214349 0.6120279 0.6243448 0.4171621 0.6604313 0.4060647 0.8233895 0.3964104 0.5456457 0.6221756 0.5613985 0.9161084 0.06005784 0.3964068 0.8614099 0.4247957 0.2784271 0.6475576 0.5678718 0.5081247 0.763356 0.5100477 0.3964075 0.9419875 0.1873782 0.2784761 0.6701887 0.587718 0.4532492 0.5330119 0.1809294 0.8265366 0.3213872 0.1091011 0.9406419 0.7756175 0.1542727 0.61206 0.6019731 0.1197441 0.7894871 0.6494012 0.1291793 0.7493936 0.626986 0.2128243 0.749396 0.9469292 0.3214422 0 0.9469292 0.3214422 0 0.9739086 0.06381676 0.2177828 0.782489 0.5228459 0.3381466 0.7986023 0.5336125 0.2783741 0.634792 -0.3130438 0.7064295 0.593862 -0.2928525 0.7493766 0.07029445 -0.2070784 0.9757957 0.087027 -0.1302448 0.987655 0.0887237 -0.4460584 0.8905954 0.09946798 -0.5000753 0.8602504 0.04176692 -0.0846955 0.9955311 -0.02362585 -0.02072021 0.9995061 0.06225857 -0.07098965 0.9955322 0.117771 -0.1032851 0.9876549 -0.0102434 -0.1563069 0.9876555 -0.02220433 -0.3386666 0.9406444 0.06621145 -0.3328807 0.9406416 0.08982679 -0.2646182 0.9601606 0.1236075 0.2506389 0.960157 0.1643923 0.1441796 0.9758009 0.1235743 0.2505974 0.960172 0.06927983 0.1404846 0.987656 -0.01745866 0.02612914 0.9995061 0.1536243 -0.03055783 0.9876567 -0.01010092 -0.02975736 0.9995062 0.02362585 -0.02072021 0.9995061 0.006175215 0.09422931 0.9955313 0.01842383 0.09261671 0.9955314 0.0142994 0.218206 0.975798 -0.0142994 0.218206 0.975798 0.01827759 0.2788311 0.9601662 0.0260204 0.3969862 0.9174556 -0.3386666 0.02220433 0.9406444 -0.3213872 0.1091012 0.9406419 -0.482812 0.163895 0.8602505 -0.5000752 0.09946798 0.8602504 -0.6269098 0.2128174 0.7494617 -0.581207 0.1973026 0.7894746 -0.7110284 0.2413559 0.6604438 -0.5885094 0.3932198 0.7064241 -0.6575009 0.439338 0.6121067 -0.8155884 0.2768446 0.5081072 -0.4667235 0.5321971 0.7063536 -0.5945987 0.5214608 0.6119896 -0.3678314 0.5505121 0.7494241 -0.6575659 0.4393592 0.6120216 -0.2788476 0.01828236 0.9601613 -0.2788311 0.01827759 0.9601662 -0.8116897 -0.161445 0.5613335 -0.8446937 -0.1680095 0.5081983 -0.1536243 0.03055783 0.9876567 -0.1483222 0.05034804 0.9876567 -0.08942517 -0.03035497 0.9955308 -0.03135882 -0.002055343 0.9995061 -0.0894262 -0.03035508 0.9955308 -0.02071988 -0.02362562 0.9995061 0.0846955 0.04176692 0.9955311 -0.3969862 -0.02602041 0.9174556 -0.3969666 -0.02601475 0.9174643 -0.2070784 -0.07029445 0.9757957 -0.2182244 -0.01430478 0.9757937 -0.4306463 -0.1461868 0.8906027 -0.3568198 -0.1759619 0.9174514 -0.6125048 -0.04013962 0.7894471 -0.6020248 -0.1197425 0.7894478 -0.4827904 -0.1638818 0.8602652 -0.4828121 -0.163895 0.8602505 -0.6606514 -0.04329484 0.7494432 -0.6605971 -0.0433042 0.7494907 -0.742272 -0.3660346 0.5612941 -0.7092817 -0.3497662 0.6120319 -0.2144757 -0.04266196 0.9757971 -0.2505974 -0.1235743 0.960172 -0.356836 -0.1759659 0.9174443 -0.330808 -0.221044 0.9174452 -0.3833601 -0.3361991 0.8602355 -0.4239626 -0.2832751 0.8602389 -0.2991332 -0.2623228 0.9174454 -0.1842429 -0.2100822 0.9601666 -0.4784861 -0.7161266 0.5081474 -0.4393592 -0.657566 0.6120217 -0.4950525 -0.5644985 0.6605032 -0.5885093 -0.3932198 0.7064241 -0.6243221 -0.4171544 0.6604575 -0.5645223 -0.4950878 0.6604564 -0.04176913 -0.0846982 0.9955308 -0.1236075 -0.2506389 0.960157 -0.2526301 -0.3780978 0.8906291 -0.2832751 -0.4239626 0.8602389 -0.2011423 -0.4078813 0.8906035 -0.2011444 -0.4078839 0.8906019 -0.3660346 -0.742272 0.5612941 -0.4393381 -0.657501 0.6121067 -0.3942523 -0.7994371 0.453283 -0.3942541 -0.7994535 0.4532526 -0.2865269 -0.8440641 0.4532751 -0.302514 -0.8911582 0.3381158 -0.1380972 -0.6942326 0.7063783 -0.3130438 -0.634792 0.7064295 -0.2551345 -0.2237541 0.9406596 -0.2822033 -0.1885666 0.9406402 -0.05034838 -0.1483253 0.9876561 0.02975745 -0.01010098 0.9995061 -0.07851793 -0.0524631 0.9955313 -0.07100215 -0.0622653 0.9955309 -0.01389901 0.02818399 0.9995061 -0.01745869 -0.02612923 0.9995061 -0.04266196 -0.2144757 0.9757972 -0.05034804 -0.1483222 0.9876567 0.00205556 -0.03135753 0.9995062 -0.0305614 -0.1536324 0.9876553 -0.06417593 -0.9787668 -0.1946715 -0.06196964 -0.9451181 -0.3207981 0.4338303 -0.8797154 -0.1946593 0.3044476 -0.8968577 -0.3208706 0.1468316 -0.7381037 -0.6585161 0.2418955 -0.7126297 -0.6585176 0.2461596 -0.3683988 -0.8964863 0.1035208 -0.304951 -0.9467251 -0.3968484 -0.8047255 -0.4415068 -0.288418 -0.8496367 -0.4415117 0.05441903 -0.8301983 -0.5548056 0.04920824 -0.7509149 -0.6585632 0.1913395 -0.9619979 -0.1948058 0.1913663 -0.9620152 -0.1946938 -0.03639298 -0.5551846 -0.8309306 -0.04318356 -0.6587766 -0.7510982 -0.06282276 -0.3158555 -0.9467252 -0.08643038 -0.4345481 -0.8964919 -0.03813834 -0.1917305 -0.9807063 -0.01278502 -0.1950681 -0.9807064 -0.1788485 -0.5268683 -0.8309169 -0.1788572 -0.5268815 -0.8309067 0.06428774 0.01278854 -0.9978495 -0.004287991 0.06539873 -0.99785 0.08646029 -0.1753142 -0.9807087 0.03641412 -0.0544979 -0.9978497 -0.2660085 -0.7836651 0.5613453 0.05414125 -0.8258165 0.5613338 0.4784861 -0.7161266 0.5081474 0.4598088 -0.6881369 0.5612873 0.4413384 -0.894959 -0.06533558 0.2541972 -0.7488421 0.6120615 0.4393592 -0.657566 0.6120217 0.163895 -0.482812 0.8602505 0.1461868 -0.4306463 0.8906027 0.1972947 -0.5811943 0.7894858 0.09946803 -0.5000728 0.8602519 0.0297421 -0.4538157 0.8905991 0.02219982 -0.3386966 0.9406337 -0.1973027 -0.581207 0.7894745 -0.1638818 -0.4827904 0.8602652 -0.1835849 -0.9230069 0.3381641 -0.161445 -0.8116897 0.5613335 -0.1927096 -0.9687655 0.1560657 -0.06538289 -0.9973711 0.03124111 -0.6332879 0.7221155 0.2783804 -0.7221175 0.633294 0.2783611 -0.6881369 0.4598088 0.5612873 -0.7161354 0.4784885 0.5081326 -0.7075322 0.6205056 0.3381878 -0.782489 0.5228459 0.3381466 -0.7514718 0.6590154 0.03144889 -0.6590244 0.7514665 0.03138488 -0.5485823 0.6255288 -0.5547712 -0.5543732 0.8296998 -0.0653367 -0.2865269 0.8440641 0.4532751 -0.1738943 0.8742344 0.4532932 -0.6205056 0.7075322 0.3381878 -0.2865319 0.8440703 0.4532602 -0.3932198 0.5885093 0.7064241 -0.3809369 0.7724493 0.5081429 -0.05633234 0.8593686 0.5082442 -0.06004436 0.9161481 0.3963173 -0.313747 0.9242226 0.2176589 -0.4316797 0.8753745 0.2176514 -0.928813 0.3152785 -0.1946939 -0.9620152 0.1913663 -0.1946938 -0.9787668 0.06417593 -0.1946715 -0.9787418 0.0641465 -0.1948069 -0.5658066 0.496181 -0.6585342 -0.496181 0.5658066 -0.6585342 -0.5915679 0.6745689 -0.4415929 -0.6467386 0.7374404 -0.1947068 -0.6255288 0.5485823 -0.5547712 -0.4963466 0.4352685 -0.75112 -0.8155655 0.5449439 -0.1946513 -0.6918134 0.462247 -0.5547268 -0.8800045 0.1750536 -0.4415295 -0.7337832 0.6435399 0.2177582 -0.7426206 0.6512904 0.1559984 -0.4345481 -0.08643038 -0.8964919 -0.4195452 -0.1424217 -0.896492 -0.8160313 -0.1623338 -0.5547438 -0.7509149 -0.04920824 -0.6585632 -0.04321777 0.04928106 -0.9978495 -0.1917441 0.03813777 -0.9807037 -0.1851251 0.06283908 -0.9807038 -0.8496367 0.2884179 -0.4415118 -0.6250924 0.2121898 -0.7511557 -0.8797153 0.4338303 -0.1946593 -0.7126013 0.241895 -0.6585485 -0.2677683 0.1789178 -0.9467252 -0.4626053 0.3091072 -0.8309326 -0.4183361 0.3668801 -0.8308995 -0.2921371 0.3331237 -0.8964845 -0.499021 0.246084 -0.8309156 -0.4990315 0.2460931 -0.8309066 -0.1469765 0.1288983 -0.9807054 -0.2888484 0.1424384 -0.9467195 -0.1469782 0.1288992 -0.980705 -0.3683934 0.2461536 -0.8964902 -0.2123124 0.242101 -0.9467368 -0.1625324 0.1086001 -0.9807085 -0.1032851 0.117771 0.9876549 -0.0622653 0.07100215 0.9955309 0.01010098 -0.02975745 0.9995061 -0.03035497 0.08942517 0.9955308 -0.02818407 -0.01389907 0.9995061 -0.01010092 0.02975736 0.9995061 -0.0305614 0.1536324 0.9876553 0.07098965 0.06225857 0.9955322 0.01389901 -0.028184 0.9995061 -0.06620823 0.3328733 0.9406444 -0.01828236 0.2788476 0.9601613 -0.1236075 0.2506389 0.960157 -0.06621145 0.3328806 0.9406416 -0.1501008 0.3043906 0.9406466 -0.2832751 0.4239625 0.8602389 -0.1643923 0.1441796 0.9758009 -0.087027 0.1302448 0.987655 -0.2821922 0.1885551 0.9406458 -0.3043906 0.1501008 0.9406466 -0.3361613 0.3832912 0.860281 -0.4572936 0.2255179 0.8602467 -0.3767562 0.1278854 0.9174421 -0.3213658 0.1090882 0.9406508 -0.5103428 0.3410023 0.789473 -0.1177886 0.1032946 0.9876518 -0.2526301 0.3780978 0.890629 -0.3361991 0.3833601 0.8602355 -0.3308088 0.2210447 0.9174448 -0.2323649 0.1552487 0.9601585 -0.2100822 0.1842429 0.9601666 -0.223754 0.2551345 0.9406596 -0.1809294 0.5330119 0.8265366 -0.1809499 0.5330454 0.8265105 -0.0260204 0.3969862 0.9174556 0.06621145 0.3328806 0.9406416 -0.06005784 0.9161084 0.3964068 0.183609 0.9230388 0.3380636 -0.1791032 0.9004743 0.3963181 0.05414124 0.8258166 0.5613339 0.06282385 0.9583861 0.2784766 -0.06156323 0.9390714 0.3381639 -0.1291552 0.649349 0.749443 -0.05173571 0.7890546 0.6121407 -0.06538289 0.9973711 0.03124111 -0.1949777 0.98031 0.03124382 0.2884116 0.84963 -0.4415288 0.2674499 0.7878793 -0.5547221 0.3679943 0.7462284 -0.5547282 0.3679947 0.7462288 -0.5547274 0.1085435 0.5456954 -0.8309241 0.04921249 0.7508978 -0.6585823 -0.02897775 0.4420922 -0.8965014 -0.04317312 0.6587474 -0.7511244 -0.02106352 0.3213777 -0.9467167 -0.06283335 0.3158782 -0.9467169 0.1035224 0.304969 -0.9467191 0.1959552 0.397372 -0.8964915 0.02898819 0.05877893 -0.9978501 0.06283907 0.185125 -0.9807038 0.2919738 0.5920419 -0.7511575 0.2460931 0.4990315 -0.8309066 0.0544979 0.03641412 -0.9978497 -0.08646028 0.1753142 -0.9807087 -0.1086001 0.1625324 -0.9807085 0.0289882 -0.05877893 -0.9978501 0.02106634 -0.06206001 -0.9978501 -0.1424403 0.2888507 -0.9467186 -0.3667635 0.5489128 -0.7511186 -0.2919817 0.5920849 -0.7511206 -0.3679943 0.7462284 -0.5547282 0.1913395 0.9619979 -0.1948058 0.06195835 0.9451026 -0.3208461 0.03641507 0.05450051 -0.9978495 0.03641412 0.0544979 -0.9978497 0.5915679 0.6745689 -0.4415929 0.7121408 0.6245167 -0.3206779 0.6467386 0.7374404 -0.1947069 0.7374398 0.646727 -0.1947477 0.4622382 0.6917764 -0.5547804 0.462247 0.6918134 -0.554727 0.3668801 0.4183361 -0.8308995 0.4352371 0.4962805 -0.7511818 0.4626053 0.3091072 -0.8309326 0.5489123 0.366763 -0.7511191 0.5489128 0.3667635 -0.7511187 0.4963466 0.4352685 -0.75112 -0.0638518 0.9739499 0.2175878 -0.0646184 0.9856431 0.1559875 0.06511707 0.9934367 0.09403852 0.06537488 0.9973701 0.03129052 0.0615585 0.9390831 0.3381322 0.06156323 0.9390714 0.3381639 0.06458067 0.985611 0.1562058 0.0646184 0.9856431 0.1559875 0.5553082 0.8310519 0.03138985 0.4316666 0.8753677 0.2177047 0.9957393 -0.06526051 -0.06514776 0.9787051 -0.1946585 -0.06514984 0.9687483 -0.1926831 0.1562049 0.9978582 -0.06541482 0 0.9978582 -0.06541482 0 0.9957333 -0.06527553 -0.06522442 0.9957333 0.06527553 -0.06522442 0.9739499 -0.0638518 0.2175878 0.9572887 -0.1904038 0.2175881 0.935316 0.3175128 0.1561078 0.9687655 -0.1927096 0.1560657 -0.3200282 -0.9427462 0.0938701 -0.5422454 -0.8115081 0.217772 -0.5422444 -0.8115282 0.2176994 -0.6564348 -0.7485138 0.09391794 -0.5531375 -0.8277859 0.09385879 -0.4420508 -0.8964375 0.03147834 -0.5228467 -0.7824895 0.3381441 -0.5336125 -0.7986022 0.2783741 -0.4413643 -0.8949553 -0.06521163 -0.4338379 -0.879694 -0.1947389 -0.3175128 -0.935316 0.1561078 0.06282385 -0.9583862 0.2784766 -0.4368483 -0.8858863 0.1561061 -0.1942365 -0.9764498 0.09390359 -0.587718 -0.6701887 0.4532492 -0.5877788 -0.6702219 0.453121 -0.6474493 -0.5678259 0.5083141 -0.5678259 -0.6474493 0.5083141 -0.8911582 -0.302514 0.3381158 -0.844052 -0.4162427 0.3381097 -0.9094833 -0.3087251 0.2784402 -0.8911784 -0.3025115 0.3380648 -0.8753677 -0.4316666 0.2177047 -0.8753745 -0.4316797 0.2176514 -0.9469292 0.3214422 0 -0.9469292 0.3214422 0 -0.9856431 0.0646184 0.1559875 -0.9230388 0.183609 0.3380636 -0.8440703 0.2865319 0.4532602 -0.8212575 0.5487751 0.156147 -0.9427462 0.3200283 0.0938701 -0.6942608 0.1380958 0.7063509 -0.6942326 0.1380972 0.7063783 -0.7836137 0.2660067 0.5614177 -0.8155316 0.2768441 0.5081984 -0.8693509 0.2951108 0.3964071 -0.7994535 0.3942541 0.4532526 -0.7824896 0.5228468 0.3381441 -0.7986023 0.5336125 0.2783741 -0.8155655 -0.5449439 -0.1946515 -0.8797154 -0.4338303 -0.1946593 -0.7875116 -0.526176 -0.3208806 -0.7460466 -0.4984711 -0.4415212 -0.6255634 -0.5485955 -0.5547193 -0.6255288 -0.5485824 -0.5547712 -0.4622382 -0.6917764 -0.5547804 -0.3328158 -0.6748926 -0.6585997 -0.5915679 -0.674569 -0.4415928 -0.6245167 -0.7121408 -0.3206779 -0.5449439 -0.8155655 -0.1946513 -0.4338303 -0.8797153 -0.1946594 0.1625324 0.1086001 -0.9807085 -0.01278854 0.06428774 -0.9978495 0.06539873 0.004287992 -0.99785 0.1950883 0.01279133 -0.9807023 0.4420922 -0.02897775 -0.8965014 0.6474746 0.1287966 -0.7511245 0.8160313 0.1623338 -0.5547438 0.7380502 0.1468021 -0.6585826 0.2123124 0.242101 -0.9467368 0.242101 0.2123124 -0.9467368 0.4990315 0.2460931 -0.8309066 0.1851251 0.06283908 -0.9807038 0.7381037 0.1468316 -0.6585161 0.6250924 0.2121898 -0.7511557 0.9787668 0.06417593 -0.1946715 0.9449135 0.3207437 -0.06528407 0.8496367 0.288418 -0.4415117 0.7460466 0.4984711 -0.4415212 0.7875116 0.526176 -0.3208805 0.7875262 0.5262085 -0.3207915 0.8494472 0.4189028 -0.3208738 0.8494459 0.4189029 -0.3208768 0.2888484 -0.1424384 -0.9467195 0.397372 -0.1959552 -0.8964915 0.3158555 -0.06282276 -0.9467252 0.2677813 -0.178932 -0.9467188 0.8494472 -0.4189028 -0.3208737 0.8953389 -0.05868896 -0.4415019 0.8496367 -0.2884179 -0.4415118 0.6250875 -0.2121896 -0.7511598 0.7380502 -0.1468021 -0.6585826 0.647441 -0.1287794 -0.7511563 0.6564338 0.7485166 0.09390188 0.9427462 0.3200283 0.0938701 0.8047255 -0.3968484 -0.4415068 0.8797154 -0.4338303 -0.1946593 0.5657837 -0.496171 -0.6585614 0.7462284 -0.3679943 -0.5547282 0.9620152 -0.1913663 -0.1946938 0.978691 -0.1946835 -0.06528567 0.9572887 0.1904038 0.2175881 0.9572523 0.1904211 0.2177338 0.749249 -0.04911519 0.6604647 0.8446661 -0.1680129 0.508243 0.6125048 -0.04013961 0.7894471 0.5616465 -0.03682166 0.8265576 0.657501 -0.4393381 0.6121067 0.7836137 -0.2660067 0.5614178 0.3331208 -0.2921329 -0.8964871 0.3683988 -0.2461596 -0.8964863 0.6467386 -0.7374404 -0.1947068 0.7502318 -0.6579455 -0.06526772 0.2421194 -0.2123386 -0.9467263 0.05450052 -0.03641507 -0.9978495 0.0544979 -0.03641412 -0.9978497 0.2123124 -0.242101 -0.9467368 0.2123386 -0.2421194 -0.9467263 0.006131126 -0.0308222 0.9995061 0.09262238 0.01842366 0.9955308 0.2822033 -0.1885666 0.9406402 0.09261671 -0.01842383 0.9955314 0.3969666 -0.02601475 0.9174643 0.07100215 0.0622653 0.9955309 0.4977806 -0.4365411 0.7494308 0.4239557 -0.2832725 0.8602432 0.4827904 -0.1638819 0.8602653 0.4828121 -0.163895 0.8602505 0.6564348 -0.7485138 0.09391795 0.6590244 -0.7514665 0.03138487 0.4422834 -0.8968753 0 0.4422834 -0.8968753 0 0.4420655 -0.8964335 0.03138507 0.2998359 -0.3418729 0.8906298 0.2011444 -0.4078839 0.8906019 0.1441796 -0.1643923 0.9758009 0.1177886 -0.1032946 0.9876518 0.2542089 -0.748859 0.6120359 0.4667023 -0.5321558 0.7063987 0.4667235 -0.5321972 0.7063535 0.5321971 -0.4667235 0.7063536 0.5885218 -0.3932337 0.7064059 0.5321558 -0.4667023 0.7063987 0.468039 -0.3127356 0.8265203 0.4232159 -0.3711493 0.8265207 0.6474493 -0.5678259 0.5083141 0.6475576 -0.5678718 0.5081247 0.7421821 -0.3660197 0.5614226 0.6221756 -0.5456457 0.5613985 0.8440703 -0.2865319 0.4532602 0.7488591 -0.2542089 0.6120359 0.6702218 -0.5877788 0.453121 0.6053397 -0.6902459 0.3963893 0.782489 -0.5228459 0.3381467 0.7824895 -0.5228467 0.3381441 0.7633255 -0.5100417 0.3964742 0.8233713 -0.406044 0.3964693 0.9764498 -0.1942365 0.09390354 0.9427462 -0.3200282 0.09387013 0.8277859 -0.5531375 0.09385879 0.8212576 -0.5487752 0.1561469 -0.2418956 0.7126296 -0.6585177 -0.1468316 0.7381037 -0.6585161 -0.2884116 0.8496299 -0.4415288 -0.1750536 0.8800045 -0.4415295 -0.05440651 0.8302401 -0.5547444 0.04920824 0.7509149 -0.6585632 -0.3044476 0.8968577 -0.3208706 -0.2884179 0.8496367 -0.4415118 0.1197441 0.6019731 0.7894871 0.1098167 0.5520662 0.8265369 0.04012685 0.6124626 0.7894804 -0.04012685 0.6124626 0.7894804 -0.04630334 0.7063484 0.7063484 0.1380958 0.6942608 0.7063509 0.2128243 0.626986 0.749396 0.2275178 0.6702732 0.7063776 -0.0563426 0.859394 0.5082001 -0.161445 0.8116897 0.5613335 -0.05171815 0.7891376 0.6120352 -0.04910677 0.7492921 0.6604164 0.161445 0.8116897 0.5613335 0.0563426 0.859394 0.5082001 0.1680129 0.8446661 0.508243 0.1738943 0.8742344 0.4532932 0.4393592 0.6575659 0.6120216 0.4667235 0.5321972 0.7063535 0.5321972 0.4667235 0.7063535 0.4171621 0.6243448 0.6604313 0.1644157 0.1441924 0.975795 0.3409983 0.5103323 0.7894816 0.468039 0.3127356 0.8265204 0.4078839 0.2011444 0.8906018 0.5048259 0.2489589 0.8265412 0.5938619 0.2928525 0.7493767 0.09673242 0.1961444 0.9757921 0.07760751 0.3901748 0.9174643 0.04266163 0.2144907 0.9757939 0.07029089 0.2070726 0.9757972 0.2714643 0.5504859 0.789476 0.2714596 0.5504802 0.7894816 0.439338 0.6575009 0.6121067 0.3932198 0.5885093 0.7064241 0.2660067 0.7836137 0.5614177 0.3321188 0.6734575 0.6604181 0.09946798 0.5000752 0.8602504 0.08872369 0.4460584 0.8905953 0.4046963 0.4614691 0.7894726 0.2832725 0.4239556 0.8602431 0.1638819 0.4827905 0.8602652 0.2254983 0.4572691 0.8602647 0.1214967 0.1818474 0.975792 0.1214828 0.1818115 0.9758004 0.1818474 0.1214967 0.975792 0.02362562 -0.02071988 0.9995061 0.0622653 0.07100215 0.9955309 0.3308088 0.2210447 0.9174448 0.4572691 0.2254983 0.8602647 0.2323649 0.1552487 0.9601585 0.2100822 0.1842429 0.9601666 0.2740777 0.05451383 0.9601613 0.4538157 -0.0297421 0.8905991 0.430612 -0.1461661 0.8906227 0.3328806 0.06621145 0.9406416 0.6124626 0.04012685 0.7894804 0.5087769 0.03335552 0.860252 0.330808 0.221044 0.9174452 0.356836 0.1759659 0.9174443 0.5945987 0.5214608 0.6119896 0.6221756 0.5456457 0.5613985 0.7994535 0.3942541 0.4532526 0.6702219 0.5877789 0.453121 0.7161266 0.4784861 0.5081474 0.7724493 0.3809369 0.5081429 0.7411709 0.4952243 0.4532313 0.7411643 0.4952153 0.4532519 0.8753745 0.4316797 0.2176514 0.892922 0.4403173 0.09386716 0.3902225 0.07762828 0.9174423 0.4827905 0.1638819 0.8602652 0.6702732 0.2275178 0.7063776 0.649349 0.1291552 0.749443 0.7063484 0.04630334 0.7063484 0.5087769 -0.03335552 0.8602519 0.8258321 -0.05414709 0.5613104 0.8155316 0.2768441 0.5081984 0.673438 0.3321019 0.6604466 0.593771 0.292832 0.7494568 0.811681 0.1614458 0.5613458 0.7836651 0.2660085 0.5613453 0.6702864 0.2275262 0.7063625 0.6575659 0.4393592 0.6120216 0.4680179 0.3127134 0.8265406 0.581207 0.1973026 0.7894746 0.8212913 0.5487679 0.1559946 0.7426206 0.6512904 0.1559983 0.8614143 0.4247954 0.2784139 0.9687655 0.1927096 0.1560657 0.5885093 -0.3932198 0.7064241 0.4365411 -0.4977806 0.7494308 0.06927983 -0.1404846 0.987656 0.06928074 -0.1404884 0.9876554 -0.01389907 -0.02818407 0.9995061 -0.01745866 -0.02612914 0.9995061 0.07100215 -0.0622653 0.9955309 0.06226531 -0.07100216 0.9955309 0.02975736 -0.01010092 0.9995061 0.00205556 0.03135753 0.9995062 -0.1885551 -0.2821922 0.9406458 -0.08983366 -0.2646295 0.9601569 0.01827759 -0.2788311 0.9601662 0.05451379 -0.27408 0.9601606 -0.01827759 -0.2788311 0.9601662 -0.03055784 -0.1536243 0.9876567 -0.01828236 -0.2788476 0.9601613 -0.06620822 -0.3328733 0.9406444 0.2526664 0.3781326 0.890604 0.2210447 0.3308088 0.9174448 0.08983365 0.2646295 0.9601569 0.1552306 0.2323187 0.9601726 0.04176914 0.08469822 0.9955308 0.03035497 0.08942517 0.9955308 -0.00617744 0.09423673 0.9955307 -0.02975745 -0.01010098 0.9995061 -0.3969666 0.02601475 0.9174643 -0.3969862 0.02602041 0.9174556 -0.634792 0.3130438 0.7064295 -0.673438 0.3321018 0.6604467 -0.6701887 0.587718 0.4532491 -0.7161266 0.4784861 0.5081474 -0.5214608 0.5945987 0.6119896 -0.439338 0.6575009 0.6121067 -0.2998359 0.3418729 0.8906298 -0.3711493 0.423216 0.8265207 -0.6243448 0.4171621 0.6604313 -0.5505121 0.3678314 0.7494241 -0.2144907 -0.04266163 0.9757938 -0.27408 -0.05451379 0.9601606 -0.1536243 -0.03055784 0.9876567 -0.1404846 -0.06927983 0.987656 -0.4078813 -0.2011423 0.8906035 -0.4078839 -0.2011444 0.8906019 -0.3043906 -0.1501008 0.9406466 -0.1818474 -0.1214967 0.975792 -0.6243448 -0.4171622 0.6604313 -0.657566 -0.4393592 0.6120217 -0.4977811 -0.4365418 0.7494299 -0.550512 -0.3678314 0.7494242 -0.1235743 -0.2505974 0.960172 -0.1501008 -0.3043906 0.9406466 -0.3127134 -0.468018 0.8265407 -0.2489589 -0.5048259 0.8265412 -0.2254983 -0.4572692 0.8602648 -0.1809499 -0.5330454 0.8265106 -0.3497544 -0.7092181 0.6121124 -0.3497662 -0.7092817 0.6120319 -0.4598088 -0.6881369 0.5612873 -0.4597477 -0.6880867 0.5613988 -0.3809562 -0.7724689 0.5080986 -0.2951109 -0.8693498 0.3964095 -0.5100417 -0.7633255 0.3964742 -0.4060647 -0.8233895 0.3964104 -0.4060441 -0.8233714 0.3964692 -0.4162427 -0.844052 0.3381097 -0.3678314 -0.550512 0.7494242 -0.3932198 -0.5885093 0.7064241 -0.1032851 -0.117771 0.9876549 -0.1032946 -0.1177886 0.9876518 -0.2551826 -0.2237807 0.9406403 -0.2237541 -0.2551345 0.9406596 -0.06928074 -0.1404884 0.9876554 -0.06927983 -0.1404846 0.987656 0.01745866 -0.02612914 0.9995061 -0.01842366 -0.09262238 0.9955308 -0.006130708 -0.03082128 0.9995062 0.05869694 -0.8953535 -0.4414711 -0.06195835 -0.9451026 -0.3208461 0.4180794 -0.6257142 -0.6585525 0.5916043 -0.6745851 -0.4415193 0.2674301 -0.7878549 -0.5547663 0.2884115 -0.8496299 -0.4415288 0.2121896 -0.6250875 -0.7511598 0.3328158 -0.6748926 -0.6585997 0.2921372 -0.3331237 -0.8964844 0.3667631 -0.5489123 -0.7511191 0.5485823 -0.6255288 -0.5547712 0.4189028 -0.8494472 -0.3208737 -0.3679947 -0.7462289 -0.5547273 -0.3679943 -0.7462284 -0.5547282 0.1287794 -0.647441 -0.7511563 0.04921249 -0.7508978 -0.6585823 0.3200323 -0.9427415 0.09390347 0.06156323 -0.9390714 0.3381639 -0.0297421 -0.4538157 0.8905991 -0.05171815 -0.7891376 0.6120352 0.1904211 -0.9572523 0.2177338 0.4952153 -0.7411643 0.4532519 0.4171544 -0.6243221 0.6604575 0.3497544 -0.7092181 0.6121124 0.292832 -0.593771 0.7494568 0.2128174 -0.6269099 0.7494617 0.2768441 -0.8155316 0.5081984 0.1542727 -0.7756175 0.61206 0.1098167 -0.5520662 0.8265368 0.1098044 -0.5520387 0.8265569 -0.02219982 -0.3386966 0.9406337 -0.03334084 -0.5087266 0.8602822 -0.08872478 -0.4460025 0.8906232 -0.163895 -0.4828121 0.8602505 -0.2714642 -0.5504858 0.789476 -0.2714596 -0.5504802 0.7894816 -0.2542089 -0.748859 0.6120359 -0.2541972 -0.7488421 0.6120615 -0.04012685 -0.6124626 0.7894804 -0.1542727 -0.7756175 0.61206 -0.06541482 -0.9978582 0 -0.06541482 -0.9978582 -0 -0.06458068 -0.985611 0.1562058 -0.1904211 -0.9572523 0.2177338 -0.8929216 0.4403175 0.09386948 -0.7485166 0.6564338 0.09390188 -0.5449272 0.8155625 -0.1947106 -0.6579455 0.7502318 -0.06526772 -0.4403175 0.8929216 0.09386951 -0.4316666 0.8753678 0.2177045 -0.4247957 0.8614098 0.2784271 -0.6435399 0.7337832 0.2177582 -0.5678259 0.6474493 0.5083141 -0.6053396 0.6902458 0.3963894 -0.5100416 0.7633255 0.3964742 -0.5100477 0.763356 0.3964075 -0.2128243 0.626986 0.749396 -0.2275178 0.6702732 0.7063776 -0.3025115 0.8911784 0.3380648 -0.4060647 0.8233895 0.3964104 -0.3087336 0.9094906 0.2784069 -0.1873864 0.9419967 0.2784392 -0.894959 0.4413384 -0.06533558 -0.5449439 0.8155655 -0.1946513 -0.646727 0.7374398 -0.1947476 -0.8296998 0.5543732 -0.0653367 -0.5262085 0.7875262 -0.3207913 -0.6245093 0.7120934 -0.3207978 -0.6257142 0.4180794 -0.6585525 -0.6748926 0.3328158 -0.6585997 -0.8047398 0.3968487 -0.4414804 -0.7374398 0.646727 -0.1947476 -0.6512904 0.7426206 0.1559983 -0.651262 0.7426192 0.1561238 -0.5268816 -0.1788573 -0.8309067 -0.5268684 -0.1788485 -0.8309169 -0.7381037 -0.1468316 -0.6585161 -0.7126297 -0.2418955 -0.6585177 -0.8800045 -0.1750536 -0.4415295 -0.8800348 -0.1750463 -0.441472 -0.7381037 0.1468316 -0.6585161 -0.8160313 0.1623338 -0.5547438 -0.8047255 0.3968484 -0.4415068 -0.6749287 0.3328506 -0.6585451 -0.8968577 0.3044476 -0.3208706 -0.8968685 0.304445 -0.3208427 -0.3331237 0.2921371 -0.8964845 -0.2921329 0.3331208 -0.896487 -0.07100216 0.06226531 0.9955309 -0.07098965 0.06225857 0.9955322 0.02071988 -0.02362562 0.9995061 -0.02612923 -0.01745869 0.9995061 -0.04176914 0.08469822 0.9955308 -0.03055783 0.1536243 0.9876567 -0.01842366 0.09262238 0.9955308 -0.05034838 0.1483253 0.9876561 -0.006175215 0.09422931 0.9955314 -0.0102434 0.1563068 0.9876554 -0.04266163 0.2144907 0.9757939 -0.05451379 0.27408 0.9601606 -0.08872479 0.4460025 0.8906232 -0.1461661 0.430612 0.8906227 -0.1759619 0.3568198 0.9174514 -0.1500979 0.3043791 0.9406508 -0.09672196 0.1961313 0.9757957 -0.03035508 0.0894262 0.9955308 -0.08702685 0.1302447 0.9876552 -0.1214828 0.1818115 0.9758004 -0.5504802 0.2714596 0.7894816 -0.5504858 0.2714642 0.789476 -0.4239557 0.2832725 0.8602431 -0.3833602 0.3361992 0.8602354 -0.3781326 0.2526663 0.890604 -0.4078839 0.2011444 0.8906018 -0.2254983 0.4572691 0.8602647 -0.2255179 0.4572936 0.8602467 -0.2101003 0.1842676 0.960158 -0.1818115 0.1214828 0.9758004 -0.1885666 0.2822033 0.9406402 -0.2551345 0.223754 0.9406596 -0.06282385 0.9583862 0.2784766 -0.0615585 0.9390831 0.3381322 -0.1835849 0.9230068 0.3381641 -0.183609 0.9230388 0.3380637 -0.05414124 0.8258166 0.5613339 -0.05414709 0.8258321 0.5613104 -0.1942365 0.9764498 0.09390354 -0.1950024 0.9802998 0.031407 0.162325 0.816017 -0.5547674 0.1750536 0.8800045 -0.4415295 -0.05441903 0.8301983 -0.5548056 -0.05868896 0.8953389 -0.4415019 0.1623338 0.8160313 -0.5547438 0.1468316 0.7381037 -0.6585161 0.04318356 0.6587766 -0.7510982 -0.04318356 0.6587766 -0.7510982 -0.03639298 0.5551846 -0.8309306 0.03639298 0.5551846 -0.8309306 -0.08643038 0.4345481 -0.8964919 -0.1287966 0.6474746 -0.7511245 -0.08643135 0.4345282 -0.8965014 -0.06282276 0.3158555 -0.9467252 0.2921329 0.3331208 -0.8964871 0.2123386 0.2421194 -0.9467262 0.1086115 0.1625429 -0.9807056 0.1086001 0.1625324 -0.9807086 0.1035208 0.304951 -0.9467251 0.06282276 0.3158555 -0.9467252 0.06284343 0.1851319 -0.9807022 0.01278549 0.0642812 -0.9978499 0.1788485 0.5268685 -0.8309169 0.246084 0.4990209 -0.8309156 0.2121896 0.6250875 -0.7511598 0.2121898 0.6250923 -0.7511558 0.3667631 0.5489125 -0.7511192 0.3091193 0.4626404 -0.8309085 -0.3091072 0.4626053 -0.8309326 -0.4180794 0.6257142 -0.6585525 -0.1035224 0.304969 -0.9467191 -0.366763 0.5489123 -0.7511191 -0.3668439 0.4183118 -0.8309277 -0.3091193 0.4626405 -0.8309085 0.06196964 0.9451181 -0.3207981 0.06417593 0.9787668 -0.1946715 0.646727 0.7374398 -0.1947476 0.6579455 0.7502318 -0.06526772 0.3973638 0.1959534 -0.8964955 0.304969 0.1035224 -0.9467191 -0.1926831 0.9687483 0.1562049 -0.1927096 0.9687655 0.1560657 0.0638518 0.9739499 0.2175878 0.1904038 0.9572887 0.2175881 0.3214422 0.9469292 -0 0.3214422 0.9469292 0 0.3212942 0.9464585 0.03140542 0.4403173 0.892922 0.09386716 0.3200283 0.9427462 0.0938701 0.6593414 0.7518436 -0 0.6593414 0.7518436 0 0.5555821 0.8314617 -0 0.5555821 0.8314617 0 0.9451181 -0.06196964 -0.3207981 0.9787668 -0.06417593 -0.1946715 0.9973711 0.06538289 0.0312411 0.9856431 0.0646184 0.1559875 0.9934367 0.06511707 0.09403852 0.985611 -0.06458067 0.1562058 0.9856431 -0.0646184 0.1559875 -0.5553086 -0.8310517 0.03139243 -0.5553083 -0.8310519 0.03138985 -0.4403175 -0.8929216 0.09386948 -0.4403173 -0.892922 0.09386717 -0.4368505 -0.8858801 0.1561351 -0.4316666 -0.8753677 0.2177047 -0.6205088 -0.707544 0.3381572 -0.6332879 -0.7221155 0.2783804 -0.3200323 -0.9427415 0.09390341 -0.3212941 -0.9464585 0.03140541 -0.183609 -0.9230388 0.3380637 -0.3025115 -0.8911784 0.3380648 -0.8233895 -0.4060647 0.3964104 -0.7994371 -0.3942523 0.453283 -0.9419967 -0.1873864 0.2784392 -0.9572523 -0.1904211 0.2177338 -0.8614143 -0.4247954 0.2784139 -0.9242226 -0.313747 0.2176588 -0.8858863 -0.4368483 0.1561061 -0.8858801 -0.4368505 0.1561351 -0.9242113 0.3137306 0.2177304 -0.935316 0.3175128 0.1561078 -0.9230069 0.1835849 0.3381641 -0.9004743 0.1791032 0.3963182 -0.9464601 0.321283 0.03147459 -0.9464585 0.3212941 0.03140533 -0.9419967 0.1873864 0.2784392 -0.8440433 0.4162316 0.338145 -0.8753677 0.4316666 0.2177047 -0.7485138 0.6564348 0.09391795 -0.7836651 0.2660085 0.5613453 -0.748859 0.2542089 0.6120359 -0.8446937 0.1680095 0.5081983 -0.8116897 0.161445 0.5613335 -0.7994371 0.3942523 0.453283 -0.8233895 0.4060647 0.3964104 -0.707544 0.6205088 0.3381572 -0.7221155 0.6332879 0.2783805 -0.5485823 -0.6255288 -0.5547712 -0.4180668 -0.6256703 -0.6586023 -0.3152785 -0.928813 -0.1946939 -0.3207437 -0.9449135 -0.06528406 0.4421032 0.0289813 -0.8964959 0.4420922 0.02897775 -0.8965014 0.4345282 -0.08643135 -0.8965014 0.5551937 -0.0363912 -0.8309245 0.1753456 -0.0864673 -0.9807025 0.1851251 -0.06283908 -0.9807038 0.6256703 0.4180668 -0.6586023 0.6917764 0.4622382 -0.5547804 0.1753456 0.0864673 -0.9807024 0.1851319 0.06284343 -0.9807023 0.2888484 0.1424384 -0.9467195 0.499021 0.246084 -0.8309156 0.1917305 0.03813834 -0.9807063 0.1917441 0.03813777 -0.9807037 0.7878793 0.2674499 -0.5547222 0.8496299 0.2884116 -0.4415288 0.9451181 0.06196964 -0.3207981 0.9451026 0.06195835 -0.3208461 0.9289343 0.1847728 -0.3208426 0.8968685 0.304445 -0.3208427 0.978691 0.1946835 -0.06528565 0.978705 0.1946585 -0.06514982 0.162543 -0.1086115 -0.9807056 0.1625324 -0.1086001 -0.9807085 0.06206244 -0.02106655 -0.9978499 0.0642812 -0.01278549 -0.9978499 0.7508978 -0.04921249 -0.6585823 0.8953389 0.05868896 -0.4415019 0.8160312 -0.1623338 -0.5547439 0.8800045 -0.1750536 -0.4415295 0.8302401 -0.05440651 -0.5547444 0.6474746 -0.1287966 -0.7511245 0.7460466 -0.4984711 -0.4415212 0.592085 -0.2919817 -0.7511205 0.6745851 -0.5916043 -0.4415193 0.6917764 -0.4622382 -0.5547804 0.8258321 0.05414709 0.5613104 0.9583862 -0.06282385 0.2784766 0.8116897 -0.161445 0.5613335 0.7488421 -0.2541972 0.6120615 0.626986 -0.2128243 0.7493959 0.5504858 -0.2714642 0.789476 0.7110088 -0.2413546 0.6604652 0.7364287 -0.1464829 0.6604661 0.6942326 -0.1380972 0.7063783 0.6605971 -0.0433042 0.7494907 0.673438 -0.3321019 0.6604466 0.6734576 -0.3321189 0.660418 0.7092817 -0.3497662 0.6120319 0.7092181 -0.3497544 0.6121123 0.3331237 -0.2921372 -0.8964844 0.4183117 -0.3668439 -0.8309277 0.6245168 -0.7121408 -0.3206779 0.7121408 -0.6245168 -0.3206779 0.08469548 -0.04176691 0.9955311 0.0846982 -0.04176913 0.9955308 0.2182245 0.01430478 0.9757937 0.1536324 -0.0305614 0.9876553 0.2646182 -0.08982678 0.9601606 0.1302447 -0.08702685 0.9876552 0.3386666 -0.02220433 0.9406444 0.3386966 -0.02219982 0.9406337 0.5087266 -0.03334084 0.8602822 0.3308087 -0.2210447 0.9174448 0.2646295 -0.08983365 0.9601569 0.5000753 -0.09946798 0.8602504 0.5555821 -0.8314617 0 0.5555821 -0.8314617 0 0.5422444 -0.8115281 0.2176993 0.5422454 -0.8115081 0.217772 0.2991768 -0.2623819 0.9174142 0.1759619 -0.3568198 0.9174514 0.2832751 -0.4239626 0.8602389 0.2254983 -0.4572692 0.8602648 0.2714642 -0.5504858 0.789476 0.2928525 -0.5938619 0.7493766 0.1643923 -0.1441796 0.9758009 0.1214828 -0.1818115 0.9758004 0.3932337 -0.5885218 0.7064059 0.3932198 -0.5885094 0.7064241 0.4950878 -0.5645223 0.6604564 0.4950525 -0.5644985 0.6605032 0.5505121 -0.3678314 0.7494241 0.550547 -0.3678693 0.7493799 0.4572936 -0.2255179 0.8602467 0.3833601 -0.3361991 0.8602355 0.1842676 -0.2101003 0.960158 0.2623819 -0.2991769 0.9174142 0.3361613 -0.3832912 0.860281 0.4046963 -0.4614691 0.7894726 0.5945818 -0.5214349 0.6120279 0.6575659 -0.4393592 0.6120217 0.9004743 -0.1791032 0.3963181 0.9230069 -0.1835849 0.3381641 0.7724689 -0.3809562 0.5080986 0.8155884 -0.2768446 0.5081071 0.935324 -0.3175087 0.1560678 0.892922 -0.4403173 0.09386717 0.9242226 -0.313747 0.2176589 0.8753678 -0.4316666 0.2177045 0.8964375 -0.4420508 0.03147834 0.9464601 -0.321283 0.03147448 -0.2674301 0.7878549 -0.5547663 -0.2674499 0.7878793 -0.5547221 -0.1542812 0.7756344 0.6120365 -0.1464829 0.7364287 0.6604661 0.04630284 0.7063469 0.7063499 0.04911519 0.749249 0.6604647 0.5885218 0.3932337 0.7064059 0.5644985 0.4950525 0.6605032 0.5103428 0.3410023 0.789473 0.4977811 0.4365418 0.7494299 0.4239556 0.2832725 0.8602431 0.4239626 0.2832751 0.8602388 0.5811943 0.1972947 0.7894859 0.5504802 0.2714596 0.7894816 0.461467 0.4046952 0.7894745 0.4614691 0.4046963 0.7894726 0.02220433 0.3386666 0.9406444 0.01828236 0.2788476 0.9601613 0.1091011 0.3213872 0.9406419 0.05034804 0.1483222 0.9876567 0.06620823 0.3328733 0.9406444 0.05451383 0.2740777 0.9601613 0.292832 0.593771 0.7494568 0.2928525 0.5938619 0.7493767 0.4950877 0.5645223 0.6604564 0.4950525 0.5644985 0.6605032 0.2542089 0.748859 0.6120359 0.2413546 0.7110088 0.6604652 0.1461869 0.4306463 0.8906027 0.08872479 0.4460025 0.8906232 0.2623228 0.2991332 0.9174454 0.3832912 0.3361613 0.860281 0.3678314 0.5505121 0.7494241 0.3678693 0.550547 0.7493799 0.2489589 0.5048259 0.8265412 0.2255179 0.4572936 0.8602467 0.1302446 0.08702683 0.9876551 0.02612923 0.01745869 0.9995061 0.0308222 0.006131126 0.9995061 0.06225857 0.07098965 0.9955322 0.02071988 0.02362562 0.9995061 0.3361613 0.3832912 0.860281 0.2237807 0.2551826 0.9406403 0.2822033 0.1885666 0.9406402 0.3043906 0.1501008 0.9406466 0.1842429 0.2100822 0.9601666 0.1302448 0.087027 0.987655 0.3969862 -0.02602041 0.9174556 0.3328733 0.06620823 0.9406444 0.453824 -0.02974084 0.8905949 0.5520387 -0.1098044 0.8265569 0.27408 0.05451379 0.9601606 0.1483253 0.05034838 0.9876561 0.4597477 0.6880867 0.5613988 0.622196 0.5456782 0.5613444 0.6880867 0.4597477 0.5613988 0.6881369 0.4598088 0.5612873 0.8440433 0.4162316 0.338145 0.7633255 0.5100416 0.3964742 0.8911784 0.3025115 0.3380648 0.8440521 0.4162427 0.3381097 0.8929216 0.4403175 0.09386948 0.9419967 0.1873864 0.2784392 0.5000752 0.09946798 0.8602504 0.6125048 0.04013961 0.7894471 0.482812 0.163895 0.8602505 0.4078813 0.2011423 0.8906035 0.7890546 0.05173571 0.6121407 0.7890546 -0.05173571 0.6121407 0.7063469 -0.04630284 0.7063499 0.6494012 -0.1291793 0.7493936 0.8894792 0.05829649 0.453242 0.8116897 0.161445 0.5613335 0.8446937 0.1680095 0.5081983 0.7092817 0.3497662 0.6120319 0.6269098 0.2128174 0.7494617 0.5504859 0.2714643 0.789476 0.7364287 0.1464829 0.6604661 0.7063469 0.04630284 0.7063499 0.748859 0.2542089 0.6120359 0.7488421 0.2541972 0.6120614 0.6734575 0.3321188 0.6604181 0.7092181 0.3497543 0.6121123 0.7110284 0.2413559 0.6604438 0.5885093 0.3932198 0.7064241 0.634792 0.3130438 0.7064295 0.6348443 0.3130882 0.7063628 0.8310516 0.5553086 0.03139243 0.7514665 0.6590244 0.03138488 0.7985869 0.5336115 0.2784201 0.7337832 0.6435399 0.2177582 0.04176914 -0.08469822 0.9955308 0.01010098 0.02975745 0.9995061 0.07852057 0.05246589 0.995531 0.006130708 -0.03082128 0.9995062 0.01842366 -0.09262238 0.9955308 -0.02612914 -0.01745866 0.9995061 0.07098964 -0.06225856 0.9955322 -0.00205556 0.03135753 0.9995062 0.002055343 0.03135882 0.9995061 -0.1090882 -0.3213657 0.9406508 -0.1500979 -0.3043791 0.9406509 0.1278854 -0.3767562 0.9174421 0.06620821 -0.3328733 0.9406444 0.07029089 -0.2070726 0.9757972 0.05034804 -0.1483222 0.9876567 0.0102434 -0.1563069 0.9876555 0.01024315 -0.1563084 0.9876552 -0.01430478 -0.2182244 0.9757937 -0.0142994 -0.218206 0.975798 0.3361991 0.3833601 0.8602355 0.2832751 0.4239626 0.8602388 0.03035508 0.0894262 0.9955308 0 0 1 0 0 1 0 0 1 0 0 1 0 0 1 0 0 1 0 0 1 0 0 1 0 0 1 0 0 1 0 0 1 0 0 1 0 0 1 0 0 1 0 0 1 0 0 1 0 0 1 0 0 1 0 0 1 0 0 1 0 0 1 0 0 1 0 0 1 0 0 1 0 0 1 0 0 1 -0 0 1 0 0 1 -0 0 1 0 0 1 -0 0 1 0 0 1 -0 0 1 0 0 1 -0 0 1 0 0 1 -0 0 1 0 0 1 -0 0 1 0 0 1 -0 0 1 0 0 1 -0 0 1 0 0 1 -0 0 1 0 0 1 -0 0 1 0 0 1 -0 0 1 0 0 1 -0 0 1 0 0 1 -0 0 1 0 0 1 -0 0 1 0 0 1 -0 0 1 0 0 1 -0 0 1 0 0 1 -0 0 1 0 0 1 -0 0 1 0 0 1 -0 0 1 0 0 1 -0 0 1 0 0 1 -0 0 1 -0 0 1 0 0 1 0 0 1 0 0 1 0 0 1 0 0 1 0 0 1 0 0 1 0 0 1 0 0 1 0 0 1 0 0 1 0 0 1 0 0 1 0 0 1 0 0 1 0 0 1 0 0 1 0 0 1 0 0 1 0 0 1 0 0 1 0 0 1 0 0 1 0 0 1 0 0 1 0 0 1 -0.6221758 0.5456457 0.5613984 -0.622196 0.5456782 0.5613444 -0.4232083 0.3711452 0.8265265 -0.3711452 0.4232083 0.8265265 -0.2832725 0.4239556 0.8602431 -0.3127356 0.468039 0.8265203 -0.593771 0.292832 0.7494568 -0.5938619 0.2928525 0.7493767 -0.5885218 0.3932337 0.7064059 -0.4977806 0.4365411 0.7494308 -0.5645223 0.4950878 0.6604564 -0.5945818 0.5214348 0.612028 0.03135753 0.00205556 0.9995061 -0.2506389 -0.1236075 0.960157 -0.1961444 -0.09673243 0.9757921 -0.0846955 -0.04176692 0.9955311 -0.1404884 -0.06928074 0.9876554 -0.09262238 -0.01842366 0.9955308 -0.0926167 -0.01842383 0.9955314 -0.2821922 -0.1885551 0.9406458 -0.2323187 -0.1552306 0.9601726 -0.2255179 -0.4572936 0.8602467 -0.2832725 -0.4239557 0.8602432 -0.1542812 -0.7756344 0.6120364 -0.3321019 -0.673438 0.6604466 -0.05830435 -0.8894524 0.4532936 -0.2951108 -0.869351 0.3964071 -0.00205556 -0.03135753 0.9995062 -0.002055343 -0.03135882 0.9995061 0.5262085 -0.7875262 -0.3207914 0.5449439 -0.8155655 -0.1946513 0.05868896 -0.8953389 -0.4415019 0.05440651 -0.8302401 -0.5547444 0.3668439 -0.4183117 -0.8309277 0.142419 -0.4195409 -0.8964944 0.1959552 -0.397372 -0.8964915 0.2461536 -0.3683934 -0.8964902 0.3679943 -0.7462284 -0.5547282 0.2919738 -0.5920419 -0.7511575 0.3091193 -0.4626404 -0.8309085 0.4352371 -0.4962805 -0.7511818 0.5531375 -0.8277859 0.09385888 -0.06381676 -0.9739086 0.2177828 -0.0638518 -0.9739499 0.2175878 0.3214422 -0.9469292 0 0.3214422 -0.9469292 0 -0.06156323 -0.9390714 0.3381639 -0.1873782 -0.9419875 0.2784761 0.04630334 -0.7063484 0.7063484 0.1464839 -0.7364308 0.6604637 0.4597477 -0.6880867 0.5613988 0.4784886 -0.7161354 0.5081326 0.5877788 -0.6702219 0.453121 0.587718 -0.6701887 0.4532491 0.3660346 -0.742272 0.5612941 0.3130883 -0.6348444 0.7063627 0.2275262 -0.6702864 0.7063625 0.1380972 -0.6942326 0.7063783 0.0433042 -0.6605971 0.7494907 0.3321018 -0.673438 0.6604467 0.3497662 -0.7092817 0.6120319 0.3809562 -0.7724689 0.5080986 0.1197424 -0.6020248 0.7894478 0.04013962 -0.6125048 0.7894471 -0.09946803 -0.5000728 0.8602519 -0.1461661 -0.430612 0.8906227 -0.09946798 -0.5000753 0.8602504 -0.1809294 -0.5330119 0.8265366 0.03682166 -0.5616465 0.8265576 0.03335552 -0.5087769 0.860252 -0.292832 -0.593771 0.7494568 -0.3130882 -0.6348443 0.7063628 0.05414709 -0.8258321 0.5613104 -0.2768441 -0.8155317 0.5081984 0.05171815 -0.7891376 0.6120352 0.04630284 -0.7063469 0.7063499 -0.1904038 -0.9572887 0.2175881 -0.0615585 -0.9390831 0.3381322 -0.1942383 -0.9764504 0.09389321 -0.06509445 -0.9934521 0.09389213 -0.7514665 0.6590244 0.03138487 -0.8277864 0.5531268 0.09391612 -0.3212942 0.9464585 0.03140542 -0.321283 0.9464601 0.03147448 -0.6205088 0.707544 0.3381572 -0.5228459 0.782489 0.3381467 -0.5422454 0.8115081 0.2177721 -0.5336115 0.7985869 0.2784201 -0.4597477 0.6880867 0.5613988 -0.5877788 0.6702218 0.453121 -0.6702219 0.5877789 0.453121 -0.587718 0.6701887 0.4532492 -0.4247954 0.8614143 0.2784139 -0.3942523 0.7994371 0.453283 -0.5678718 0.6475576 0.5081247 -0.4952243 0.7411709 0.4532312 -0.3497544 0.7092181 0.6121123 -0.2714596 0.5504802 0.7894816 -0.2542089 0.7488591 0.6120359 -0.4784886 0.7161354 0.5081326 -0.4365411 0.4977806 0.7494308 -0.5214349 0.5945818 0.6120279 -0.3409983 0.5103323 0.7894816 -0.3410022 0.5103428 0.7894731 -0.1739031 0.8742489 0.4532622 -0.1680129 0.8446661 0.508243 -0.6579384 0.7502438 -0.06520192 -0.5543997 0.8296922 -0.06520598 -0.4984711 0.7460467 -0.4415213 -0.5916043 0.6745851 -0.4415193 -0.8494459 0.4189029 -0.3208768 -0.8296922 0.5543997 -0.06520598 -0.6245167 0.7121408 -0.3206779 -0.6745851 0.5916043 -0.4415193 -0.5422444 0.8115281 0.2176994 -0.5487679 0.8212913 0.1559947 -0.7126296 0.2418956 -0.6585177 -0.7878549 0.2674301 -0.5547663 -0.7875262 0.5262085 -0.3207913 -0.6256703 0.4180668 -0.6586023 -0.2123386 0.2421194 -0.9467263 -0.1288983 0.1469765 -0.9807054 -0.07029089 0.2070726 0.9757972 -0.04266196 0.2144757 0.9757971 -0.221044 0.330808 0.9174452 -0.1842429 0.2100821 0.9601667 -0.06927983 0.1404846 0.987656 -0.06928074 0.1404884 0.9876554 -0.4680179 0.3127133 0.8265407 -0.5048259 0.2489589 0.8265412 -0.4239626 0.2832751 0.8602388 -0.3780978 0.2526301 0.890629 -0.3568198 0.1759619 0.9174514 -0.4078812 0.2011423 0.8906035 -0.3419003 0.299851 0.8906141 -0.2991768 0.262382 0.9174142 -0.1032946 0.1177886 0.9876518 -0.1441796 0.1643923 0.9758009 -0.1552487 0.2323648 0.9601586 -0.1552306 0.2323187 0.9601726 0.06280244 0.958429 0.2783335 -0.06280244 0.958429 0.2783335 0.02897775 0.4420922 -0.8965014 0.03639121 0.5551937 -0.8309245 -0.0289813 0.4421032 -0.8964959 0.0289813 0.4421032 -0.8964959 0.1789178 0.2677683 -0.9467252 0.2461536 0.3683934 -0.8964902 0.1424384 0.2888484 -0.9467196 0.02106655 0.06206244 -0.9978499 -0.1424384 0.2888484 -0.9467195 -0.178932 0.2677813 -0.9467188 -0.2919738 0.5920419 -0.7511575 -0.2121896 0.6250875 -0.7511598 -0.1959534 0.3973638 -0.8964955 -0.1788572 0.5268815 -0.8309067 -0.4352371 0.4962805 -0.7511818 -0.4352685 0.4963466 -0.75112 0.3683934 0.2461536 -0.8964902 0.397372 0.1959552 -0.8964915 -0.3137306 0.9242113 0.2177304 -0.1904211 0.9572521 0.2177338 0.1904211 0.9572523 0.2177338 0.3942523 0.7994371 0.453283 0.6590244 0.7514665 0.03138488 0.2951109 0.8693498 0.3964095 0.4162427 0.8440521 0.3381097 0.2865269 0.8440641 0.4532751 0.3497662 0.7092817 0.6120319 0.5877789 0.6702219 0.453121 0.6053498 0.6902508 0.3963654 0.7426192 0.651262 0.156124 0.7485166 0.6564338 0.09390188 0.9934367 -0.06511707 0.09403852 0.9973701 -0.06537489 0.03129052 0.9094906 0.3087336 0.2784068 0.9739499 0.0638518 0.2175878 -0.1873864 -0.9419967 0.2784392 -0.3087251 -0.9094833 0.2784402 -0.8693499 0.2951109 0.3964094 -0.9004327 0.1791115 0.396409 -0.892922 0.4403173 0.09386716 -0.8964375 0.4420508 0.03147834 -0.9094906 0.3087336 0.2784068 -0.8614099 0.4247957 0.2784271 -0.935324 0.3175087 0.1560678 -0.9687655 0.1927096 0.1560657 -0.8858801 0.4368505 0.1561351 -0.8858863 0.4368482 0.1561062 -0.7421821 0.3660197 0.5614226 -0.7724689 0.3809562 0.5080986 -0.5485955 -0.6255633 -0.5547193 -0.496171 -0.5657837 -0.6585614 0.6587766 0.04318356 -0.7510982 0.6587766 -0.04318356 -0.7510982 0.4421032 -0.0289813 -0.8964959 0.3213618 -0.02106631 -0.9467221 0.1917305 -0.03813834 -0.9807063 0.1950681 -0.01278502 -0.9807064 0.4345481 -0.08643037 -0.8964919 0.4195451 -0.1424217 -0.896492 0.7878549 0.2674301 -0.5547663 0.8160169 0.162325 -0.5547674 0.9620152 0.1913663 -0.1946939 0.928813 0.3152785 -0.1946939 0.1851319 -0.06284343 -0.9807022 0.304969 -0.1035224 -0.9467191 0.7509149 -0.04920824 -0.6585632 0.647441 0.1287794 -0.7511563 0.5920419 -0.2919738 -0.7511575 0.6748926 -0.3328158 -0.6585997 0.8047398 -0.3968488 -0.4414804 0.4990315 -0.2460931 -0.8309066 0.6257142 -0.4180794 -0.6585525 0.6256703 -0.4180668 -0.6586023 0.9583861 0.06282385 0.2784766 0.9739086 -0.06381676 0.2177828 0.8155317 -0.2768441 0.5081984 0.8446937 -0.1680095 0.5081983 0.5330454 -0.1809499 0.8265105 0.5811943 -0.1972947 0.7894858 0.593771 -0.292832 0.7494568 0.6348443 -0.3130882 0.7063628 0.6020248 -0.1197425 0.7894478 0.6605971 0.0433042 0.7494906 0.6702733 -0.2275178 0.7063776 0.6942608 -0.1380958 0.7063509 0.6880867 -0.4597477 0.5613988 0.7161354 -0.4784886 0.5081326 0.0894262 -0.03035508 0.9955308 0.02818399 -0.01389901 0.9995061 0.02612923 -0.01745869 0.9995061 0.07851793 -0.0524631 0.9955313 0.218206 0.0142994 0.975798 0.09423673 -0.00617744 0.9955307 0.4078839 -0.2011444 0.8906018 0.2788311 -0.01827759 0.9601662 0.1404846 -0.06927983 0.987656 0.1404884 -0.06928074 0.9876554 0.2551345 -0.223754 0.9406596 0.2551826 -0.2237807 0.9406403 0.3213658 0.1090882 0.9406508 0.3386966 0.02219982 0.9406337 0.2788311 0.01827759 0.9601662 0.2144907 -0.04266163 0.9757939 0.4306463 -0.1461869 0.8906027 0.5000728 -0.09946803 0.8602519 0.4078813 -0.2011423 0.8906035 0.4572692 -0.2254983 0.8602648 0.3767331 -0.1278828 0.917452 0.3213872 -0.1091011 0.9406419 0.4316666 -0.8753677 0.2177047 0.5553082 -0.8310519 0.03138997 0.4316797 -0.8753745 0.2176513 0.5336115 -0.7985869 0.2784201 0.2526663 -0.3781326 0.890604 0.2526301 -0.3780978 0.8906291 0.1090882 -0.3213657 0.9406508 0.1278828 -0.3767331 0.917452 0.2714596 -0.5504802 0.7894816 0.3409983 -0.5103323 0.7894816 0.1644157 -0.1441924 0.975795 0.1032946 -0.1177886 0.9876518 0.2237807 -0.2551826 0.9406403 0.1235743 -0.2505974 0.960172 0.4614692 -0.4046964 0.7894726 0.3711452 -0.4232083 0.8265265 0.4239625 -0.2832751 0.8602389 0.3780978 -0.2526301 0.890629 0.468018 -0.3127134 0.8265407 0.5048259 -0.2489589 0.8265412 0.5645223 -0.4950878 0.6604564 0.5644985 -0.4950525 0.6605032 0.9161084 -0.06005784 0.3964068 0.8742344 0.1738943 0.4532932 0.7994534 -0.394254 0.4532526 0.8233895 -0.4060647 0.3964104 0.9427415 -0.3200323 0.09390341 0.9464585 -0.3212941 0.03140541 0.9242113 -0.3137306 0.2177304 0.9094906 -0.3087336 0.2784069 -0.04911519 0.749249 0.6604647 -0.1464839 0.7364308 0.6604637 0.5645223 0.4950877 0.6604564 0.5321558 0.4667023 0.7063987 0.5048701 0.2489694 0.826511 0.5330454 0.1809499 0.8265106 0.07029445 0.2070784 0.9757957 0.09672196 0.1961313 0.9757957 0.04266196 0.2144757 0.9757971 0.03055783 0.1536243 0.9876567 0.4171544 0.6243221 0.6604576 0.3932337 0.5885218 0.7064059 0.3321019 0.673438 0.6604466 0.2413559 0.7110284 0.6604438 0.1542812 0.7756344 0.6120365 0.1464829 0.7364287 0.6604661 0.1278854 0.3767562 0.9174422 0.1278828 0.3767331 0.917452 0.3127356 0.468039 0.8265204 0.3711493 0.423216 0.8265207 0.1961313 0.09672196 0.9757957 0.2646182 0.08982678 0.9601606 0.07851794 0.0524631 0.9955313 0.2551345 0.223754 0.9406596 0.223754 0.2551345 0.9406596 0.2991768 0.262382 0.9174142 0.3419003 0.299851 0.8906141 0.2821922 0.1885551 0.9406458 0.2323187 0.1552306 0.9601726 0.5678718 0.6475576 0.5081247 0.5214608 0.5945987 0.6119896 0.9094833 0.3087251 0.2784402 0.8233714 0.4060441 0.3964692 0.8693509 0.2951108 0.3964071 0.8233895 0.4060647 0.3964104 0.8858863 0.4368482 0.1561061 0.8858801 0.4368505 0.1561351 0.9802998 0.1950023 0.03140699 0.9464601 0.321283 0.03147459 0.4306463 0.1461869 0.8906027 0.430612 0.1461661 0.8906227 0.7492921 0.04910677 0.6604164 0.7492921 -0.04910677 0.6604164 0.8258166 -0.05414124 0.5613339 0.9161481 -0.06004436 0.3963173 0.7063484 -0.04630334 0.7063484 0.7364308 -0.1464839 0.6604636 0.6606514 0.04329484 0.7494433 0.6020248 0.1197424 0.7894478 0.7891376 0.05171815 0.6120352 0.7756344 0.1542812 0.6120365 0.7724689 0.3809562 0.5080986 0.7836137 0.2660067 0.5614177 0.811508 0.5422454 0.217772 0.8115281 0.5422444 0.2176994 -0.02975736 -0.01010092 0.9995062 0.01389907 0.02818407 0.9995061 -0.08982678 -0.2646182 0.9601606 -0.07029445 -0.2070784 0.9757957 -0.1759619 -0.3568198 0.9174514 -0.1278828 -0.3767331 0.917452 0.1091012 -0.3213872 0.9406419 0.08983366 -0.2646295 0.9601569 0.07760751 -0.3901748 0.9174643 0.1461661 -0.4306119 0.8906227 0.04266196 -0.2144757 0.9757972 0.03055784 -0.1536243 0.9876567 0.02602041 -0.3969862 0.9174556 0.07762828 -0.3902225 0.9174423 0.2998359 0.3418729 0.8906298 0.2526301 0.3780978 0.890629 0.02975745 0.01010098 0.9995061 -0.4232159 0.3711492 0.8265207 -0.4614691 0.4046963 0.7894726 -0.5321558 0.4667023 0.7063987 -0.6243221 0.4171544 0.6604576 0.03135882 0.002055343 0.9995061 -0.2100822 -0.1842429 0.9601666 -0.2101003 -0.1842676 0.960158 -0.006175215 -0.09422931 0.9955313 -0.01842383 -0.0926167 0.9955314 -0.00617744 -0.09423673 0.9955307 0.00617744 -0.09423673 0.9955307 0.4984926 -0.7460598 -0.4414747 0.3968488 -0.8047398 -0.4414804 0.162325 -0.816017 -0.5547674 0.1750536 -0.8800045 -0.4415295 0.1287966 -0.6474746 -0.7511245 0.1085554 -0.5457199 -0.8309064 0.2674499 -0.7878793 -0.5547221 0.1788485 -0.5268684 -0.8309169 0.1468021 -0.7380502 -0.6585826 0.3328506 -0.6749287 -0.6585451 0.5485955 -0.6255634 -0.5547193 0.496171 -0.5657837 -0.6585614 0.4962805 -0.4352371 -0.7511818 0.3667635 -0.5489128 -0.7511186 0.496181 -0.5658066 -0.6585342 0.4352685 -0.4963466 -0.75112 0.1950024 -0.9802998 0.03140699 0.06458068 -0.985611 0.1562058 0.0646184 -0.9856431 0.1559875 -0.0646184 -0.9856431 0.1559875 0.302514 -0.8911582 0.3381158 0.4247954 -0.8614143 0.2784139 -0.1791115 -0.9004327 0.396409 0.1791115 -0.9004327 0.396409 0.1835849 -0.9230069 0.3381641 0.06004436 -0.9161481 0.3963173 0.3087336 -0.9094906 0.2784068 0.0615585 -0.9390831 0.3381322 -0.1791032 -0.9004743 0.3963181 0.05829649 -0.8894792 0.453242 0.5100477 -0.763356 0.3964075 0.4952244 -0.7411709 0.4532313 0.2275178 -0.6702733 0.7063776 0.2128243 -0.626986 0.749396 0.0563426 -0.859394 0.5082001 0.1614458 -0.811681 0.5613458 0.1464829 -0.7364287 0.6604661 0.1542812 -0.7756344 0.6120364 0.1380958 -0.6942608 0.7063509 -0.1464839 -0.7364308 0.6604636 0.2660067 -0.7836137 0.5614177 0.2768446 -0.8155884 0.5081072 0.2413559 -0.7110284 0.6604438 0.2413546 -0.7110088 0.6604654 0.04329484 -0.6606514 0.7494433 0.1291552 -0.649349 0.749443 -0.04329484 -0.6606514 0.7494433 -0.02602041 -0.3969862 0.9174556 -0.06621145 -0.3328807 0.9406416 -0.02601475 -0.3969666 0.9174643 -0.1098044 -0.5520387 0.8265569 -0.1972947 -0.5811943 0.7894858 -0.02974084 -0.453824 0.8905949 -0.08872369 -0.4460584 0.8905953 -0.05414709 -0.8258321 0.5613104 -0.1614458 -0.811681 0.5613458 -0.1680095 -0.8446937 0.5081983 -0.2865319 -0.8440703 0.4532602 -0.1738943 -0.8742345 0.4532931 -0.1739031 -0.8742489 0.4532621 -0.1098167 -0.5520662 0.8265368 -0.1197441 -0.6019731 0.7894871 -0.2275178 -0.6702733 0.7063776 -0.2275262 -0.6702864 0.7063625 -0.05173571 -0.7890546 0.6121407 0.05173571 -0.7890546 0.6121407 -0.4368482 0.8858863 0.1561061 -0.4368505 0.8858801 0.156135 -0.4422834 0.8968753 0 -0.4422834 0.8968753 0 -0.6475576 0.5678718 0.5081247 -0.6474493 0.5678259 0.5083141 -0.4598088 0.6881369 0.5612873 -0.2768446 0.8155884 0.5081071 -0.2951109 0.8693498 0.3964095 -0.3087251 0.9094833 0.2784402 -0.4952153 0.7411643 0.4532519 -0.394254 0.7994534 0.4532526 -0.292832 0.593771 0.7494568 -0.3127134 0.4680179 0.8265406 -0.3321019 0.673438 0.6604466 -0.2413559 0.7110283 0.6604438 -0.3660197 0.7421821 0.5614227 -0.3809562 0.7724689 0.5080986 -0.5644985 0.4950525 0.6605032 -0.3321189 0.6734576 0.660418 -0.4171544 0.6243221 0.6604576 -0.4171621 0.6243448 0.6604313 -0.4365418 0.4977811 0.7494299 -0.4950877 0.5645223 0.6604564 -0.3932337 0.5885218 0.7064059 -0.4667023 0.5321558 0.7063987 -0.2489694 0.5048701 0.826511 -0.2714643 0.5504859 0.789476 -0.05830435 0.8894524 0.4532935 -0.05829649 0.8894792 0.453242 -0.462247 0.6918134 -0.5547268 -0.4622382 0.6917764 -0.5547804 -0.6745689 0.5915679 -0.4415929 -0.7121408 0.6245167 -0.3206779 -0.8494472 0.4189028 -0.3208737 -0.7875116 0.526176 -0.3208805 -0.879694 0.4338379 -0.1947389 -0.8949553 0.4413643 -0.06521163 -0.1625429 0.1086115 -0.9807056 -0.2677813 0.178932 -0.9467188 -0.2551826 0.2237807 0.9406403 -0.2991332 0.2623228 0.9174454 -0.3832912 0.3361613 0.860281 -0.3418729 0.2998359 0.8906298 -0.1644157 0.1441924 0.975795 -0.117771 0.1032851 0.9876549 0.08646731 0.1753456 -0.9807025 0.08646028 0.1753142 -0.9807087 -0.1424217 0.4195452 -0.896492 -0.1035208 0.304951 -0.9467251 0.2677813 0.178932 -0.9467188 0.2677683 0.1789178 -0.9467252 0.5678259 0.6474493 0.5083141 0.4316797 0.8753745 0.2176514 0.4420508 0.8964375 0.03147834 0.4420655 0.8964335 0.03138507 0.302514 0.8911582 0.3381158 0.3025115 0.8911784 0.3380648 0.2865319 0.8440703 0.4532602 0.2768441 0.8155316 0.5081984 0.587718 0.6701887 0.4532492 0.3809562 0.7724689 0.5080986 0.5228468 0.7824895 0.3381442 0.5100416 0.7633255 0.3964742 0.5100477 0.763356 0.3964075 0.4060441 0.8233714 0.3964692 0.4952153 0.7411643 0.4532519 0.5456782 0.622196 0.5613444 0.98031 0.1949777 0.03124382 0.9464585 0.3212942 0.03140542 -0.3137306 -0.9242113 0.2177304 -0.313747 -0.9242226 0.2176588 -0.8310516 0.5553086 0.03139243 -0.8310519 0.5553082 0.03138997 -0.8911784 0.3025115 0.3380647 -0.8911582 0.302514 0.3381158 -0.9242226 0.313747 0.2176588 -0.8753745 0.4316797 0.2176513 0.8302401 0.05440651 -0.5547444 0.6587475 0.04317313 -0.7511244 0.5551846 -0.03639298 -0.8309306 0.5551846 0.03639298 -0.8309306 0.6749287 -0.3328506 -0.6585451 0.8496299 -0.2884115 -0.4415288 0.6250924 -0.2121898 -0.7511557 0.7126012 -0.241895 -0.6585486 0.5489123 -0.3667631 -0.7511191 0.4626404 -0.3091193 -0.8309085 0.6255288 -0.5485823 -0.5547712 0.6255634 -0.5485955 -0.5547193 0.9390831 0.0615585 0.3381322 0.9390831 -0.0615585 0.3381322 0.8693498 -0.2951109 0.3964095 0.8742345 -0.1738943 0.4532931 0.8116811 -0.1614458 0.5613458 0.7756175 -0.1542727 0.61206 0.5520662 -0.1098167 0.8265368 0.5330119 -0.1809294 0.8265366 0.2144757 -0.04266196 0.9757971 0.03082128 -0.006130708 0.9995061 0.09262238 -0.01842366 0.9955308 0.218206 -0.0142994 0.975798 0.2144907 0.04266163 0.9757938 0.03082128 0.006130708 0.9995061 0.1536243 0.03055783 0.9876567 0.27408 -0.05451379 0.9601606 0.2740777 -0.05451383 0.9601613 0.2323187 -0.1552306 0.9601726 0.330808 -0.221044 0.9174452 0.1818474 -0.1214967 0.975792 0.1818115 -0.1214828 0.9758004 0.4460584 0.08872369 0.8905953 0.453824 0.02974084 0.8905949 0.3767562 0.1278854 0.9174422 0.3767331 0.1278828 0.917452 0.3969666 0.02601475 0.9174643 0.3901748 0.07760751 0.9174643 0.4460584 -0.08872369 0.8905953 0.4460025 -0.08872479 0.8906232 0.2070784 -0.07029444 0.9757957 0.2505974 -0.1235743 0.960172 0.5487751 -0.8212575 0.156147 0.4368505 -0.8858801 0.1561351 0.5228459 -0.7824889 0.3381466 0.5336125 -0.7986022 0.2783741 0.299851 -0.3419003 0.8906141 0.3419003 -0.299851 0.8906141 0.3361992 -0.3833602 0.8602354 0.3410023 -0.5103428 0.7894729 0.2100821 -0.1842429 0.9601667 0.2101003 -0.1842676 0.960158 0.1214967 -0.1818474 0.975792 0.09673243 -0.1961444 0.9757921 0.2210447 -0.3308088 0.9174448 0.1501008 -0.3043906 0.9406466 0.869351 -0.2951108 0.3964071 0.8440641 -0.2865269 0.4532751 0.1501008 0.3043906 0.9406466 0.1500979 0.3043791 0.9406508 0.1404884 0.06928074 0.9876554 0.2646295 0.08983365 0.9601569 0.2506389 0.1236075 0.960157 0.1961444 0.09673242 0.9757921 0.02362562 0.02071988 0.9995061 0.02612914 0.01745866 0.9995061 0.1842676 0.2101003 0.960158 0.1441796 0.1643923 0.9758009 0.8911582 0.302514 0.3381158 0.8693498 0.2951109 0.3964095 0.935324 0.3175087 0.1560678 0.9687483 0.1926831 0.1562049 0.7994371 0.3942523 0.453283 0.8440641 0.2865269 0.4532751 0.9427415 0.3200323 0.09390341 0.9764498 0.1942365 0.09390359 0.859394 -0.0563426 0.5082001 0.8593686 -0.05633234 0.5082442 0.6606514 -0.04329484 0.7494432 0.649349 -0.1291552 0.749443 0.7364308 0.1464839 0.6604637 0.6942608 0.1380958 0.7063509 0.7421821 0.3660197 0.5614227 0.742272 0.3660346 0.561294 -0.09673243 -0.1961444 0.9757921 -0.1214967 -0.1818474 0.975792 0.02601475 -0.3969666 0.9174643 0.02974084 -0.453824 0.8905949 0.05451383 -0.2740777 0.9601613 0.01828236 -0.2788476 0.9601613 0.3679947 -0.7462289 -0.5547274 0.462247 -0.6918135 -0.554727 0.2460931 -0.4990315 -0.8309066 0.2919817 -0.592085 -0.7511205 0.2121898 -0.6250924 -0.7511557 0.241895 -0.7126012 -0.6585486 0.4622382 -0.6917764 -0.5547804 0.4180668 -0.6256703 -0.6586023 0.3175128 -0.935316 0.1561078 0.1942365 -0.9764498 0.09390359 0.0638518 -0.9739499 0.2175878 0.06381676 -0.9739086 0.2177828 -0.06282385 -0.9583862 0.2784766 -0.06280244 -0.958429 0.2783335 0.4420508 -0.8964375 0.03147834 0.321283 -0.9464601 0.03147459 0.1927096 -0.9687655 0.1560657 0.3200282 -0.9427462 0.0938701 0.1791032 -0.9004743 0.3963182 0.1739031 -0.8742489 0.4532621 0.3809369 -0.7724493 0.5081429 0.3942541 -0.7994535 0.4532526 0.05633232 -0.8593686 0.5082442 0.1680129 -0.8446661 0.508243 0.161445 -0.8116897 0.5613335 0.1680095 -0.8446937 0.5081983 -0.07760751 -0.3901748 0.9174643 -0.07762828 -0.3902225 0.9174423 -0.06004436 -0.9161481 0.3963173 -0.05829649 -0.8894792 0.453242 -0.1680129 -0.8446661 0.508243 -0.05633232 -0.8593686 0.5082442 -0.04013962 -0.6125048 0.7894471 -0.1197425 -0.6020248 0.7894478 0.03680458 -0.5617543 0.8264851 -0.03680458 -0.5617543 0.8264851 -0.03682166 -0.5616465 0.8265576 -0.03335552 -0.5087769 0.860252 -0.04910677 -0.7492921 0.6604164 -0.04911518 -0.749249 0.6604647 0.04910677 -0.7492921 0.6604164 0.04911518 -0.749249 0.6604647 -0.4420655 0.8964335 0.03138509 -0.4420508 0.8964375 0.03147834 -0.4162316 0.8440433 0.3381451 -0.4162427 0.8440521 0.3381097 -0.3130882 0.6348443 0.7063628 -0.3130438 0.634792 0.7064295 -0.3660346 0.742272 0.561294 -0.3497662 0.7092817 0.6120319 -0.7462284 0.3679943 -0.5547282 -0.7462288 0.3679947 -0.5547274 -0.7460467 0.4984711 -0.4415213 -0.7460598 0.4984926 -0.4414747 -0.242101 0.2123124 -0.9467368 -0.2421194 0.2123386 -0.9467263 -0.2623819 0.2991768 0.9174142 -0.299851 0.3419003 0.8906141 -0.2461536 0.3683934 -0.8964902 -0.1959552 0.397372 -0.8964915 0.4422834 0.8968753 -0 0.4422834 0.8968753 0 0.4368482 0.8858863 0.1561061 0.3137306 0.9242113 0.2177304 0.3660197 0.7421821 0.5614227 0.3660346 0.742272 0.561294 0.633294 0.7221175 0.2783611 0.7221175 0.633294 0.2783611 0.5531375 0.8277859 0.09385879 0.5487752 0.8212576 0.1561469 0.5336115 0.7985869 0.2784201 0.4162316 0.8440433 0.338145 0.6205056 0.7075322 0.3381878 0.4247957 0.8614099 0.2784271 0.4784885 0.7161354 0.5081326 0.4598088 0.6881369 0.5612873 0.985611 0.06458067 0.1562058 0.9934521 0.06509445 0.09389213 0.7509149 0.04920824 -0.6585632 0.7508978 0.04921249 -0.6585823 0.6918135 -0.462247 -0.554727 0.7462289 -0.3679947 -0.5547274 0.816017 -0.162325 -0.5547674 0.7126297 -0.2418955 -0.6585176 0.7878549 -0.2674301 -0.5547663 0.7878793 -0.2674499 -0.5547221 0.1483253 -0.05034838 0.9876561 0.1483222 -0.05034804 0.9876567 0.09423673 0.00617744 0.9955307 0.1563084 0.01024315 0.9876552 0.0894262 0.03035508 0.9955308 0.08942517 0.03035497 0.9955308 0.3043791 -0.1500979 0.9406509 0.3043906 -0.1501008 0.9406466 0.5520662 0.1098167 0.8265369 0.5616465 0.03682166 0.8265575 0.2788476 0.01828236 0.9601613 0.3386666 0.02220433 0.9406444 0.1961444 -0.09673242 0.9757921 0.2506389 -0.1236075 0.960157 0.2832725 -0.4239557 0.8602431 0.3127356 -0.468039 0.8265204 0.1032851 -0.117771 0.9876549 0.1441924 -0.1644157 0.975795 0.1552306 -0.2323187 0.9601726 0.1885666 -0.2822033 0.9406402 0.9004327 -0.1791115 0.396409 0.8742489 -0.1739031 0.4532622 0.08469822 0.04176914 0.9955308 0.028184 0.01389901 0.9995061 0.9242226 0.313747 0.2176588 0.9242113 0.3137306 0.2177304 0.9004327 0.1791115 0.396409 0.8894524 0.05830435 0.4532936 0.8258166 0.05414124 0.5613339 0.859394 0.0563426 0.5082001 -0.1552487 -0.2323649 0.9601585 -0.1552306 -0.2323187 0.9601726 0.03135753 -0.00205556 0.9995062 0.3137306 -0.9242113 0.2177304 0.1873864 -0.9419967 0.2784392 0.4247957 -0.8614098 0.2784271 0.2951109 -0.8693499 0.3964094 -0.06005784 -0.9161084 0.3964068 0.06005784 -0.9161084 0.3964068 0.2865269 -0.8440641 0.4532751 0.2865319 -0.8440703 0.4532602 -0.05414125 -0.8258165 0.5613338 -0.0563426 -0.859394 0.5082001 -0.0433042 -0.6605971 0.7494907 -0.04630334 -0.7063484 0.7063484 -0.04630284 -0.7063469 0.7063499 -0.1380958 -0.6942608 0.7063509 -0.3678693 0.550547 0.7493799 -0.2928525 0.593862 0.7493766 0.4247954 0.8614143 0.2784139 0.3087336 0.9094906 0.2784068 0.4784861 0.7161266 0.5081474 0.3809369 0.7724493 0.5081429 0.7338022 0.6435415 0.2176896 0.6435415 0.7338022 0.2176896 0.4368505 0.8858801 0.1561351 0.5422454 0.811508 0.217772 0.5553086 0.8310516 0.03139243 0.5531268 0.8277864 0.09391612 0.3175128 0.935316 0.1561078 0.313747 0.9242226 0.2176588 0.6205088 0.707544 0.3381572 0.6332879 0.7221155 0.2783804 0.1563068 -0.0102434 0.9876554 0.09422931 -0.006175215 0.9955314 0.09261671 0.01842383 0.9955314 0.09422931 0.006175215 0.9955313 0.2070784 0.07029445 0.9757957 0.2144757 0.04266196 0.9757971 0.2991332 -0.2623228 0.9174454 0.3781326 -0.2526664 0.890604 0.3568198 -0.1759619 0.9174514 0.356836 -0.1759659 0.9174443 0.5520387 0.1098044 0.8265569 0.5000729 0.09946804 0.8602519 0.2489589 -0.5048259 0.8265412 0.3127133 -0.4680179 0.8265407 0.2237541 -0.2551345 0.9406596 0.1842429 -0.2100822 0.9601666 0.02975736 0.01010092 0.9995062 0.02818407 0.01389907 0.9995061 0.9390714 0.06156323 0.3381639 0.9230068 0.1835849 0.3381641 0.4403173 -0.892922 0.09386716 0.3175087 -0.935324 0.1560678 0.1904038 -0.9572887 0.2175881 0.1926831 -0.9687483 0.1562049 0.4060441 -0.8233714 0.3964692 0.4162427 -0.8440521 0.3381097 0.5228459 0.782489 0.3381466 0.5336125 0.7986023 0.2783741 0.5422444 0.8115281 0.2176994 0.5487679 0.8212913 0.1559946 0.1563069 0.0102434 0.9876555 0.1536324 0.0305614 0.9876553 0.2070726 0.07029089 0.9757972 0.1483222 0.05034804 0.9876567 0.9161481 0.06004436 0.3963173 0.9004743 0.1791032 0.3963181 0.4403175 -0.8929216 0.09386948 0.4368482 -0.8858863 0.1561062 0.3087251 -0.9094833 0.2784402 0.3025115 -0.8911784 0.3380647 0.2951108 -0.869351 0.3964071 0.4060647 -0.8233895 0.3964104 0.5228468 -0.7824896 0.3381441 0.5100416 -0.7633255 0.3964743 0.03135882 -0.002055343 0.9995061 0.8446661 0.1680129 0.508243 0.8593686 0.05633234 0.5082442 0.183609 -0.9230388 0.3380637 0.1873782 -0.9419875 0.2784762 0.1950734 0.9807886 -0 0.1950734 0.9807886 0 -0.7518235 -0.6593643 0 -0.7518235 -0.6593643 0 -0.9807886 -0.1950734 0 -0.9807886 -0.1950734 0 -0.1950734 0.9807886 0 -0.1950734 0.9807886 0 0.4422633 -0.8968853 0 0.4422632 -0.8968853 0 0.4422632 -0.8968853 0 0.8314683 -0.5555722 0 0.8314683 -0.5555722 0 0.8314683 -0.5555722 0 -0.9978587 -0.06540606 0 -0.9978587 -0.06540606 -0 -0.9978586 -0.06540619 1.977744e-08 -1 0 0 -1 0 0 0.3214643 -0.9469216 0 0.3214643 -0.9469216 0 0.6593643 0.7518235 -0 0.6593643 0.7518235 0 0.5555722 0.8314683 -0 0.5555722 0.8314683 0 0.5555722 0.8314683 0 -0.8968853 -0.4422632 0 -0.8968853 -0.4422632 -0 -0.8968853 -0.4422633 0 0.06540605 -0.9978586 0 0.06540606 -0.9978587 0 0.06540606 -0.9978587 0 -0.7518235 0.6593643 0 -0.7518235 0.6593643 0 -0.9469216 -0.3214643 0 -0.9469216 -0.3214643 0 0.6593643 -0.7518235 0 0.6593643 -0.7518235 0 -0.06540605 0.9978586 0 -0.06540606 0.9978587 0 -0.06540606 0.9978587 0 -0.8314683 0.5555722 0 -0.8314683 0.5555722 0 -0.8314683 0.5555722 0 -0.9978587 0.06540606 0 -0.9978518 0.06551138 0 -0.6045467 0 0.7965698 -0.9978588 0.06540606 0 -0.9978597 0.0653913 -2.149875e-06 -0.8314683 -0.5555722 -0 -0.8314683 -0.5555722 0 -0.8314683 -0.5555722 0 -0.3214643 0.9469216 0 -0.3214643 0.9469216 0 -0.3214643 -0.9469216 0 -0.3214643 -0.9469216 -0 -0.4422633 -0.8968853 0 -0.4422632 -0.8968853 0 -0.4422632 -0.8968853 -0 -0.9469245 0.3214563 0 -0.9469302 0.3214392 0.000185834 -0.9469344 0.3214255 0.0008527226 -0.9469216 0.3214643 6.971184e-07 -0.9468269 0.3217435 0 -0.6593643 -0.7518235 0 -0.6593643 -0.7518235 -0 0.9469216 0.3214643 0 0.9469216 0.3214643 0 0.9978586 0.06540605 0 0.9978587 0.06540606 -0 0.9978587 0.06540606 0 0.9469216 -0.3214643 0 0.9469216 -0.3214643 0 0.1950734 -0.9807886 0 0.1950734 -0.9807886 0 0.4422633 0.8968853 0 0.4422632 0.8968853 -0 0.4422632 0.8968853 0 -0.5555722 -0.8314683 0 -0.5555722 -0.8314683 0 -0.5555722 -0.8314683 0 -0.06540605 -0.9978586 0 -0.06540606 -0.9978587 0 -0.06540606 -0.9978587 0 -0.6593643 0.7518235 0 -0.6593643 0.7518235 0 -0.4422633 0.8968853 0 -0.4422632 0.8968853 0 -0.4422632 0.8968853 0 0.8968853 0.4422633 -0 0.8968853 0.4422632 0 0.8968853 0.4422632 0 -0.9807948 0.1950424 0 -0.9807919 0.1950507 -0.001531789 -0.3587852 0 0.9334201 -0.9807886 0.1950734 0 -0.9807837 0.1950984 2.132087e-06 -0.5555722 0.8314683 0 -0.5555722 0.8314683 0 -0.5555722 0.8314683 0 0.8968853 -0.4422633 0 0.8968853 -0.4422632 0 0.8968853 -0.4422632 0 0.3214643 0.9469216 -0 0.3214643 0.9469216 0 0.9978586 -0.06540605 0 0.9978587 -0.06540606 0 0.9978587 -0.06540606 0 0.9807886 -0.1950734 0 0.9807886 -0.1950734 0 -0.1950734 -0.9807886 0 -0.1950734 -0.9807886 -0 0.06540605 0.9978586 -0 0.06540606 0.9978587 0 0.06540606 0.9978587 0 0.5555722 -0.8314683 0 0.5555722 -0.8314683 0 0.5555722 -0.8314683 0 0.8314683 0.5555722 0 0.8314683 0.5555722 -0 0.8314683 0.5555722 0 0.7518235 0.6593643 0 0.7518235 0.6593643 0 -0.8968853 0.4422632 0 -0.8968853 0.4422632 0 -0.8968853 0.4422633 0 0.9807886 0.1950734 0 0.9807886 0.1950734 0 0.7518235 -0.6593643 0 0.7518235 -0.6593643 0 0.1625256 -0.1085917 -0.9807106 0.06194228 0.9450973 0.3208648 0.8494668 -0.4189073 -0.3208157 0.06193718 -0.9451169 -0.320808 -0.01278389 -0.06427252 0.9978505 0.1753356 0.08646536 0.9807045 0.7509468 0.04923574 -0.6585245 0.9978593 0.06539713 0 0.9978593 0.06539713 0 -0.03638542 -0.5552332 0.8308984 0.5261814 -0.7875068 0.3208833 0.7509469 -0.04923575 -0.6585246 -0.01278411 -0.1950687 0.9807063 -0.9786893 0.1946759 0.06533538 0.01278441 0.06427362 0.9978504 -0.06539713 0.9978593 0 -0.06539713 0.9978593 0 0.06428853 -0.01278562 -0.9978495 0.8302575 -0.05439765 0.5547192 0.1917045 -0.038132 -0.9807116 0.545632 -0.1085252 -0.8309681 0.8159823 0.1623081 0.5548234 -0.6467087 0.7374501 0.1947699 -0.6255388 -0.5485641 -0.5547779 -0.8953511 0.05868188 0.441478 -0.004285867 0.06539669 0.9978501 0.9787593 0.06414414 -0.1947196 0.7120954 0.6245078 -0.3207958 -0.05868188 -0.8953511 0.4414779 -0.3214156 0.02106862 -0.9467038 0.2460667 -0.4989934 0.8309373 0.3214156 -0.02106862 -0.9467038 -0.06526242 0.9957269 0.06533573 0.9957269 -0.06526242 0.06533573 0.9978593 -0.06539713 0 0.9978593 -0.06539713 0 0.9787688 0.06415095 0.1946697 0.6474395 0.1287872 0.7511565 0.9620129 -0.1913515 -0.1947198 0.8968654 -0.4423036 0 0.8968654 -0.4423036 0 0.6244888 -0.7120752 0.3208778 0.5262004 0.7875278 -0.320801 0.8155662 0.5449352 -0.1946724 0.04317363 -0.6587494 -0.7511226 0.3973394 0.1959562 -0.8965058 -0.1085252 0.545632 -0.8309681 -0.435205 0.4962911 0.7511936 -0.1469542 -0.1288835 -0.9807107 0.9450952 0.06195727 -0.3208679 0.3214234 0.02107278 -0.9467011 0.4420826 -0.02898331 -0.8965059 0.142418 -0.4195499 -0.8964904 0.05868188 0.8953511 0.441478 -0.02106602 -0.06205476 0.9978504 0.5543845 0.8296995 0.06524226 0.7518251 0.6593626 0 0.7518251 0.6593626 0 0.8297023 0.5543749 0.06528923 0.9288098 0.3152981 0.194678 0.4195379 0.1424175 0.8964961 0.9787688 -0.06415095 0.1946697 0.5488394 0.3667206 0.7511932 0.01278389 -0.06427251 0.9978505 0.7380801 0.1468153 0.6585461 0.9289413 0.1847728 0.3208223 0.06206469 -0.02106687 0.9978498 0.288864 0.1424574 0.9467119 0.4183478 -0.3668554 0.8309045 0.195041 0.01278696 -0.9807117 0.8797069 -0.4338266 0.1947052 0.9807848 -0.1950928 0 0.9807848 -0.1950928 0 0.02106687 0.06206469 0.9978498 0.01278411 0.1950687 0.9807063 -0.2461497 0.3683731 0.8964997 0.7875295 -0.5262321 0.3207444 -0.9288086 -0.3152955 0.194688 0.2122214 0.6251494 -0.7510995 0.3683684 0.2461398 -0.8965043 -0.06416302 0.9787791 0.1946141 0.3330933 0.2921095 -0.8965048 -0.0364113 -0.0544935 0.99785 -0.750221 0.6579557 0.06528996 0.3050135 -0.1035337 -0.9467035 0.1424083 -0.4195396 -0.8964968 -0.06282724 -0.1850872 -0.9807118 -0.1288835 -0.1469542 -0.9807107 -0.08645527 0.1753091 -0.98071 0.7126021 0.2418905 -0.6585492 0.8953311 -0.05867453 -0.4415196 0.9787696 -0.06416485 -0.1946612 0.06206798 -0.02107209 -0.9978494 0.06206452 -0.0210676 -0.9978498 0.3049936 -0.1035357 -0.9467097 0.05449267 -0.0364109 -0.9978501 0.05449755 -0.03641571 -0.9978496 0.05449573 -0.03641133 -0.9978499 0.1917414 0.03814099 0.9807041 0.18512 0.06284354 0.9807045 0.6467441 0.7374519 0.1946456 0.8155593 0.5449363 0.1946984 -0.08643459 0.4345188 -0.8965057 -0.06282943 0.3158646 0.9467217 0.06526242 0.9957269 0.06533573 0.7120759 0.6244889 0.3208762 0.6746255 0.591645 0.4414031 0.8160095 0.1623151 -0.5547814 0.8296995 -0.5543845 0.06524226 0.8800319 -0.1750444 0.4414785 0.9957289 0.0652575 0.06531059 0.9957289 -0.0652575 0.0653106 0.8797069 0.4338267 0.1947052 0.7509335 -0.04920939 0.6585418 0.3090948 -0.4625868 -0.8309475 0.4622416 -0.6917853 -0.5547665 -0.1913482 -0.9620159 -0.1947086 0.02106308 -0.3213861 0.9467139 0.5268824 -0.1788544 0.8309067 0.4181043 -0.625735 0.6585168 0.8047173 -0.3968192 0.441548 0.6579365 -0.7502534 0.06511164 0.06427251 -0.01278389 0.9978505 -0.01278411 0.1950687 0.9807063 -0.04927057 -0.04321227 0.9978502 -0.004286869 0.06539104 0.9978505 -0.06539106 -0.004286869 0.9978506 -0.1917516 0.03814056 0.9807022 -0.06282943 -0.3158645 0.9467217 0.4626378 -0.3091382 0.830903 -0.5449336 -0.8155721 0.1946523 0.1085252 -0.5456319 -0.8309681 0.1289008 -0.1469827 0.9807041 -0.8494668 -0.4189073 -0.3208157 -0.2421546 -0.2123682 0.9467106 -0.1288835 0.1469542 -0.9807107 -0.8155603 -0.5449381 -0.194689 -0.5485785 0.625543 -0.554759 0.8297023 0.5543749 -0.0652882 -0.3667659 0.5488966 -0.7511294 -0.3968391 -0.8047131 -0.4415378 0.02107278 0.3214234 -0.9467011 -0.1946766 0.9786927 -0.06528147 -0.6467336 0.7374283 -0.1947698 -0.8494668 0.4189073 -0.3208157 -0.3328474 0.67496 0.6585149 -0.7374283 0.6467336 -0.1947699 -0.4963646 0.4352887 -0.7510964 0.02106581 0.3213705 0.9467192 0.04921027 -0.75093 0.6585457 0.1035337 -0.3050135 -0.9467035 -0.4423036 -0.8968654 0 -0.4423036 -0.8968654 -0 0.06525762 -0.9957307 -0.06528158 0.06525637 -0.9957306 -0.0652853 -0.02899122 -0.05878449 -0.9978496 -0.028991 -0.05878628 -0.9978496 0.2678304 -0.1789598 -0.9466996 0.2919798 0.5920788 -0.7511261 -0.02107278 -0.3214233 -0.9467011 0.4989792 0.2460629 -0.830947 0.5489039 0.3667668 -0.7511236 0.05878449 -0.02899122 -0.9978496 0.05878628 -0.028991 -0.9978496 0.7380946 0.1468193 -0.658529 0.4420952 -0.02897854 -0.8964999 0.4345188 -0.08643459 -0.8965057 0.7374634 -0.6467217 -0.1946761 0.9957307 -0.06525762 -0.06528158 0.9807848 0.1950928 0 0.9807848 0.1950928 0 0.8155603 0.5449381 -0.194689 0.9451169 0.06193718 -0.320808 0.7878663 0.2674448 -0.5547432 0.8953311 -0.05867448 -0.4415195 0.5551533 -0.0363893 -0.8309516 0.2888722 -0.1424579 -0.9467093 0.5456544 -0.1085417 -0.8309513 0.1850937 -0.06283343 -0.9807101 0.1850872 -0.06282724 -0.9807118 0.06428646 -0.01278912 -0.9978495 0.0642841 -0.01278677 -0.9978498 0.004286365 -0.06539973 -0.99785 0.4961957 0.5658324 0.658501 0.5920639 0.2919784 0.7511384 0.3049617 0.1035219 0.9467215 0.3158722 0.06283295 0.946719 -0.03641248 0.05449674 0.9978498 0.04321533 0.04927647 0.9978498 0.2421546 0.2123682 0.9467105 0.8800231 0.1750465 0.4414953 0.03641131 -0.05449351 0.99785 -0.004286868 -0.06539105 0.9978505 0.06283294 0.3158721 0.9467189 0.2121851 0.6251133 0.7511396 0.0652575 0.9957289 0.0653106 0.1847703 0.9289479 0.320805 0.1424419 0.2888457 0.9467199 0.1789371 0.2678019 0.946712 0.33307 0.2920866 0.896521 0.8047131 0.3968391 -0.4415378 0.8314763 0.5555603 0 0.8314763 0.5555603 0 0.9449086 0.320763 0.06525981 0.6579557 0.750221 0.06528996 0.5555603 0.8314763 -0 0.5555603 0.8314763 0 0.8968698 0.3044551 0.3208295 0.8968654 0.4423036 0 0.8968654 0.4423036 0 0.8494688 0.4189137 -0.3208022 0.691793 0.4622418 -0.5547567 0.9451166 -0.06195631 0.3208051 0.6474342 -0.1287845 0.7511615 0.9786893 0.1946759 0.06533536 0.9957269 0.06526242 0.06533573 0.7381136 0.1468339 0.6585045 0.8953108 0.05865987 0.4415628 0.4989792 -0.2460629 -0.830947 0.04927605 -0.04320931 -0.9978502 0.8297023 -0.5543749 0.06528923 0.3207472 -0.9449131 -0.06527293 0.1085534 -0.5457198 0.8309068 0.5543845 -0.8296995 0.06524226 0.9620233 -0.1913491 0.1946708 0.8968792 -0.3044471 -0.3208107 0.3667473 -0.5488621 0.7511636 0.3158721 -0.06283294 0.9467189 0.5485785 -0.6255431 -0.554759 0.8047155 -0.3968386 -0.4415339 0.5449363 -0.8155593 0.1946985 0.8949535 -0.4413607 -0.06526148 0.8949581 -0.4413389 0.0653448 0.8949549 -0.4413614 0.06523694 0.1913482 -0.9620159 -0.1947086 0.3207457 -0.9449088 0.06534183 0.1085588 0.5457309 0.8308988 0.06284353 0.18512 0.9807045 0.1753373 0.08646575 0.9807041 -0.05449351 0.03641131 0.99785 0.849638 -0.2884383 0.4414958 0.75093 -0.04921027 0.6585458 -0.6257457 0.4181074 0.6585048 -0.8797172 0.433823 0.194667 -0.4181043 -0.625735 0.6585168 -0.1469753 -0.1288969 0.9807057 -0.4345391 -0.08643528 0.8964958 -0.3214326 -0.9469324 0 -0.3214326 -0.9469324 -0 -0.3152853 -0.9288075 -0.1947096 -0.7878596 -0.2674656 0.5547426 -0.591574 -0.674594 0.4415463 -0.4195499 0.142418 -0.8964904 -0.9786893 -0.1946759 0.06533538 -0.8296995 -0.5543845 0.06524226 0.2421524 0.2123754 -0.9467095 0.3207517 0.9449125 -0.06525958 -0.4625876 -0.3090961 -0.8309466 -0.2678213 0.1789452 -0.946705 -0.3214326 0.9469324 0 -0.3214326 0.9469324 0 0.3328461 0.674928 -0.6585482 -0.04317363 0.6587494 -0.7511226 0.0363893 0.5551533 -0.8309516 0.5543749 0.8297023 -0.0652882 0.4423036 0.8968654 -0 0.4423036 0.8968654 0 -0.8797064 0.4338253 -0.194711 -0.315285 0.9288079 -0.1947084 -0.7518251 0.6593626 0 -0.7518251 0.6593626 0 -0.03638491 0.5552358 0.8308967 -0.06205476 0.02106602 0.9978504 -0.67496 0.3328474 0.6585149 -0.6593626 0.7518251 0 -0.6593626 0.7518251 0 0.1788325 -0.5267942 -0.8309674 -0.1468178 -0.7380995 -0.658524 -0.1847728 -0.9289413 0.3208223 0.1847706 -0.9289467 -0.3208079 -0.04317363 -0.6587494 -0.7511226 -0.04921389 -0.7509127 -0.6585651 -0.1035357 -0.3049936 -0.9467097 -0.03641132 0.05449573 -0.9978499 -0.03641571 0.05449756 -0.9978496 -0.142418 0.4195499 -0.8964904 -0.4984858 -0.7460279 -0.4415364 -0.9450952 -0.06195727 -0.3208679 -0.1847693 -0.9289486 -0.3208032 0.195041 -0.01278696 -0.9807117 0.6475033 0.1287992 -0.7510993 0.5267942 0.1788325 -0.8309674 0.7875272 0.5262004 -0.3208019 0.674928 0.3328461 -0.6585482 0.6746088 0.5915959 -0.4414944 0.02898331 0.4420826 -0.8965059 0.05878046 -0.02898352 -0.9978501 0.2678213 0.1789452 -0.946705 0.1917042 0.03813178 -0.9807117 0.2888796 0.142467 -0.9467058 0.9451169 -0.06193718 -0.320808 0.8160094 -0.1623151 -0.5547813 0.9787696 0.06416485 -0.1946612 0.9450952 -0.06195727 -0.3208679 0.9957306 -0.06525637 -0.06528529 0.8968793 0.3044472 -0.3208107 0.7460279 0.4984858 -0.4415364 0.4345394 0.08642973 -0.8964962 0.9289468 0.1847706 -0.320808 0.6587531 -0.04317207 -0.7511195 0.5915959 -0.6746088 -0.4414944 0.7380993 -0.1468178 -0.658524 0.6587494 0.04317363 -0.7511226 0.526816 -0.17883 -0.8309541 0.6474826 -0.1287831 -0.75112 0.1625256 0.1085917 -0.9807106 0 -0.1688112 -0.9856484 0.06206829 -0.02106713 -0.9978496 0.08645326 -0.1753074 -0.9807105 0.1753091 -0.08645527 -0.98071 0.242148 0.2123588 0.9467143 0.5552332 0.03638542 0.8308984 0.3049657 0.1035245 0.9467199 0.4195312 0.1424132 0.8964999 0.6474342 0.1287845 0.7511615 0.06427363 -0.01278441 0.9978504 0.3158646 0.06282943 0.9467217 0.2920866 0.33307 0.896521 0.05878285 -0.02898907 0.9978498 0.04316689 0.6587103 0.7511573 0.2419105 0.7126617 0.6584774 0.1086133 0.1625517 0.9807038 0.2460666 0.4989934 0.8309373 0.1959471 0.3973569 0.8965001 -0.1424175 0.4195379 0.8964961 -0.3152955 0.9288086 0.194688 -0.1468339 0.7381136 0.6585045 0.1913491 0.9620233 0.1946708 0.3207457 0.9449088 0.0653418 0.05441018 0.8302608 -0.554713 0.5915934 0.6745648 -0.441565 0.6579296 0.7502439 -0.06528911 0.6245167 0.7120959 -0.3207779 0.8797172 0.433823 0.194667 0.2884123 0.8496106 0.4415655 0.9288075 0.3152853 -0.1947096 0.8949535 0.4413607 -0.06526149 0.9469324 0.3214326 0 0.9469324 0.3214326 0 0.3683353 0.2461081 0.8965266 0.8494652 0.4188896 0.3208434 0.3973569 0.1959471 0.8965001 0.3973025 0.1959353 0.8965267 0.674594 0.591574 0.4415463 0.4413614 0.8949548 0.06523694 0.8953108 -0.05865987 0.4415628 0.9787791 -0.06416302 0.1946141 0.8302574 0.05439765 0.5547192 0.9289479 -0.1847703 0.320805 0.8160213 0.1623322 0.554759 0.9450973 -0.06194228 0.3208648 0.9620207 0.1913451 0.1946875 0.978697 0.194662 0.06525984 0.8968726 0.3044544 0.3208222 0.9288086 0.3152955 0.194688 0.8953511 -0.05868188 0.4414779 0.6587061 0.04316537 0.7511612 0.7126021 -0.2418905 -0.6585493 0.4195499 -0.142418 -0.8964904 0.1753074 -0.08645325 -0.9807105 0.3683684 -0.2461398 -0.8965043 0.5543846 -0.8296983 -0.06525727 0.5449352 -0.8155662 -0.1946724 -0.4413614 -0.8949549 0.06523694 -0.05865987 -0.8953108 0.4415628 0.7374519 -0.646744 0.1946456 0.03638491 -0.5552358 0.8308967 0.978697 -0.194662 0.06525984 0.9786893 -0.1946759 0.06533538 0.8155593 -0.5449363 0.1946985 0.8494858 -0.4189231 0.320745 0.9620207 -0.1913451 0.1946874 0.7462221 -0.3679893 0.55474 0.2921221 -0.3330946 0.8965002 0.8494689 -0.4189138 -0.3208022 0.8314763 -0.5555603 0 0.8314763 -0.5555603 0 0.6251494 -0.2122214 -0.7510995 0.7120758 -0.6244889 0.3208762 0.646744 -0.7374519 0.1946456 0.01278743 0.1950793 0.9807041 0.02106602 0.06205476 0.9978504 0.03814099 0.1917414 0.9807041 0.08643528 0.4345391 0.8964958 0.08646575 0.1753373 0.9807041 0.08646536 0.1753356 0.9807044 -0.06427362 -0.01278441 0.9978504 0.02898907 0.05878285 0.9978498 0.2888456 -0.1424419 0.9467199 0.4420966 -0.02897424 0.8964993 0.06205476 -0.02106602 0.9978504 -0.04321533 -0.04927647 0.9978498 0.1950687 0.01278411 0.9807063 0.1950793 0.01278743 0.9807041 -0.9469324 0.3214326 0 -0.9469324 0.3214326 0 -0.9978593 0.06539713 0 -0.9978593 0.06539713 0 -0.7878664 0.2674448 -0.5547432 -0.5551534 -0.03638929 -0.8309516 0.05449351 -0.03641131 0.99785 -0.1917516 -0.03814056 0.9807022 -0.1789371 -0.267802 0.946712 -0.01278441 -0.06427363 0.9978504 -0.7518251 -0.6593626 0 -0.7518251 -0.6593626 0 -0.67496 -0.3328474 0.6585148 -0.1625517 -0.1086133 0.9807038 -0.3668348 -0.4183064 0.8309343 -0.3049617 0.103522 0.9467215 -0.8968698 -0.3044551 0.3208296 -0.6474826 -0.1287831 -0.75112 -0.6579602 -0.7502261 -0.06518523 -0.4420966 -0.02897424 0.8964993 -0.1625488 -0.1086102 0.9807047 -0.8297023 -0.5543749 0.06528915 -0.7502261 -0.6579602 -0.06518523 0.7462134 0.3680011 -0.5547439 0.5485641 0.6255388 -0.5547779 -0.1789598 0.2678304 -0.9466996 -0.4961803 0.5657722 -0.6585643 -0.625724 0.4180965 -0.6585323 -0.3159248 0.06283733 -0.9467011 -0.5543749 0.8297023 -0.0652882 -0.4984858 0.7460279 -0.4415365 0.04923574 0.7509468 -0.6585245 0.5915959 0.6746088 -0.4414944 0.1623129 0.8160154 -0.5547733 0.7502261 0.6579602 -0.06518523 0.4413389 0.8949581 0.0653448 0.06415095 0.9787688 0.1946697 -0.6917853 0.4622416 -0.5547665 -0.7120959 0.6245167 -0.3207779 -0.6579365 0.7502533 0.06511164 -0.9289413 0.1847728 0.3208223 -0.462241 0.6917678 0.5547888 -0.6918021 0.4622491 0.5547393 -0.8296995 0.5543845 0.06524226 -0.7380801 -0.1468153 0.6585462 -0.03814099 0.1917414 0.9807041 -0.01278743 0.1950793 0.9807041 -0.02898907 0.05878285 0.9978498 0.05867453 -0.8953311 -0.4415196 0.0544332 -0.8302189 -0.5547736 0.1623129 -0.8160154 -0.5547734 -0.3207472 -0.9449131 -0.06527289 0.06283343 -0.1850937 -0.9807101 0.04923575 -0.7509469 -0.6585246 0.06195631 -0.9451166 0.3208051 0.1623322 -0.8160213 0.5547589 0.06539713 -0.9978593 0 0.06539713 -0.9978593 0 -0.06526242 -0.9957269 0.06533573 -0.1950928 -0.9807848 0 -0.1950928 -0.9807848 -0 0.1913491 -0.9620233 0.1946708 -0.1085588 -0.5457309 0.8308988 0.5262004 -0.7875278 -0.320801 0.2123754 -0.2421524 -0.9467095 0.3330933 -0.2921095 -0.8965048 0.1287992 -0.6475034 -0.7510993 0.01278696 -0.195041 -0.9807117 0.2921095 -0.3330933 -0.8965048 -0.03641133 -0.05449573 -0.9978499 -0.03641571 -0.05449755 -0.9978496 -0.142467 -0.2888796 -0.9467057 -0.3214156 -0.02106862 -0.9467038 -0.5262005 -0.7875273 -0.3208019 -0.1625261 -0.1085918 -0.9807105 -0.1085918 -0.1625261 -0.9807105 0.01278514 0.1950457 -0.9807108 0.17883 0.526816 -0.8309541 0.2123846 0.2421827 -0.9466997 -0.2921058 0.3330916 -0.8965067 -0.142467 0.2888796 -0.9467058 0.6251249 0.2121966 -0.7511269 0.7126215 0.241887 -0.6585296 0.4625876 0.3090961 -0.8309466 0.4182908 0.3668216 -0.8309481 0.04320931 0.04927605 -0.9978502 0.2461398 0.3683684 -0.8965043 0.2678304 0.1789598 -0.9466996 0.3683661 0.2461361 -0.8965062 0.02898352 -0.05878045 -0.9978501 0.526816 0.17883 -0.8309541 0.3973722 0.1959572 -0.896491 0.06539973 0.004286368 -0.99785 0.3159248 -0.06283733 -0.9467011 0.3159176 0.06283901 -0.9467034 0.1917042 -0.03813178 -0.9807117 0.9787593 -0.06414414 -0.1947196 0.691793 -0.4622418 -0.5547568 0.9957306 0.06525637 -0.0652853 0.9786927 0.1946766 -0.06528148 0.7380994 0.1468178 -0.658524 0.8496264 0.2884095 -0.4415369 0.9957307 0.06525762 -0.06528158 0.8949543 0.4413571 -0.06527217 0.9449131 0.3207472 -0.06527289 0.7462041 0.3679858 -0.5547664 0.6917853 0.4622416 -0.5547665 0.7509127 0.0492139 -0.6585651 0.8800045 0.1750342 -0.4415371 0.5551681 0.03638351 -0.830942 0.5551681 -0.03638351 -0.830942 0.9786955 -0.1946698 -0.06525997 0.9620159 -0.1913482 -0.1947086 0.4963299 -0.4352797 -0.7511247 0.2674211 -0.7878473 -0.5547815 0.6245167 -0.7120959 -0.3207779 -0.195041 -0.01278696 -0.9807117 0.1625488 0.1086102 0.9807048 0.267802 0.1789371 0.946712 0.1289008 0.1469827 0.9807041 0.2123588 0.242148 0.9467143 0.67496 0.3328474 0.6585149 0.2677979 0.1789327 0.946714 0.4420967 0.02897424 0.8964993 0.5268444 0.1788292 0.8309364 0.06539106 -0.004286869 0.9978506 0.06205476 0.02106602 0.9978504 0.03638491 0.5552358 0.8308967 0.04921027 0.75093 0.6585458 0.1287872 0.6474394 0.7511564 0.2121839 0.6250878 0.7511612 -0.1913482 0.9620159 -0.1947086 -0.05878285 -0.02898907 0.9978498 0.06195631 0.9451166 0.3208051 0.05440579 0.8302304 0.554759 0.04920939 0.7509335 0.6585418 0.2674305 0.7878166 0.5548207 0.1623081 0.8159823 0.5548235 0.4180965 0.625724 -0.6585323 0.06539713 0.9978593 -0 0.06539713 0.9978593 0 0.1847693 0.9289486 -0.3208032 0.0544332 0.8302189 -0.5547736 0.6579602 0.7502261 -0.06518523 0.7120959 0.6245167 -0.3207779 0.6467336 0.7374283 -0.1947698 0.7374283 0.6467336 -0.1947698 0.5449336 0.8155721 0.1946523 0.8296981 0.5543846 -0.06525727 0.9449125 0.3207517 -0.06525958 0.8296995 0.5543845 0.06524218 0.9449088 0.3207457 0.06534183 0.7120752 0.6244888 0.3208778 0.7875295 0.5262321 0.3207444 0.6250878 0.2121839 0.7511612 0.6918021 0.4622491 0.5547393 0.3668348 0.4183064 0.8309343 0.5658323 0.4961957 0.658501 0.7878596 0.2674656 0.5547426 0.7126367 0.2419101 0.6585047 0.6251134 0.2121851 0.7511396 0.4989935 0.2460667 0.8309373 0.9451166 0.06195631 0.3208051 0.9787791 0.06416302 0.1946141 0.6250879 -0.2121839 0.7511612 0.5457309 -0.1085588 0.8308988 0.9620233 0.1913491 0.1946708 0.9289479 0.1847703 0.320805 0.8496106 0.2884123 0.4415655 0.8800319 0.1750444 0.4414786 0.3973722 -0.1959572 -0.896491 0.4989678 -0.2460627 -0.830954 0.4345394 -0.08642973 -0.8964962 0.4195396 -0.1424083 -0.8964967 0.4182907 -0.3668214 -0.8309482 0.4625877 -0.3090961 -0.8309466 0.1625261 -0.1085918 -0.9807105 0.3668214 -0.4182907 -0.8309482 0.06416485 -0.9787696 -0.1946612 0.1946766 -0.9786927 -0.06528148 0.5555603 -0.8314763 0 0.5555603 -0.8314763 0 0.1750465 -0.8800231 0.4414953 0.2123588 -0.242148 0.9467143 0.2884383 -0.849638 0.4414958 0.1287845 -0.6474342 0.7511615 0.462249 -0.6918021 0.5547393 0.5920335 -0.2919729 0.7511645 0.9289467 -0.1847706 -0.3208079 0.7460279 -0.4984858 -0.4415365 0.7875273 -0.5262005 -0.3208018 0.6244889 -0.7120758 0.3208762 0.7120752 -0.6244888 0.3208778 0.8155721 -0.5449336 0.1946523 0.7126368 -0.2419101 0.6585047 0.8800231 -0.1750465 0.4414953 0.8968726 -0.3044544 0.3208223 0.9289413 -0.1847728 0.3208223 0.2919784 -0.5920639 0.7511384 0.3668554 -0.4183478 0.8309045 0.5657722 -0.4961802 -0.6585643 0.3679858 -0.7462041 -0.5547664 0.6579296 -0.7502439 -0.06528912 0.5543749 -0.8297023 -0.0652882 0.4188896 -0.8494652 0.3208433 0.5262321 -0.7875295 0.3207444 0.01278389 0.06427252 0.9978505 0.004285867 0.06539669 0.9978501 0.02106308 0.3213861 0.9467139 0.08643625 0.4345196 0.8965051 0.06284457 0.1851316 0.9807022 0.03814056 0.1917516 0.9807022 0.1959353 0.3973025 0.8965266 0.1287845 0.6474341 0.7511615 0.2123682 0.2421546 0.9467106 0.1086102 0.1625488 0.9807047 0.5658324 -0.4961957 0.658501 0.3330946 -0.2921221 0.8965002 0.3973025 -0.1959353 0.8965267 0.3683731 -0.2461497 0.8964996 0.7126618 -0.2419105 0.6584774 0.4183064 -0.3668348 0.8309343 -0.06539669 -0.004285867 0.9978501 0.103522 -0.3049617 0.9467215 0.03641248 -0.05449674 0.9978498 0.2123682 -0.2421546 0.9467106 0.06539669 0.004285867 0.9978501 0.3213705 0.02106581 0.9467192 -0.9620129 0.1913515 -0.1947198 -0.8047155 0.3968386 -0.4415338 -0.4989934 -0.2460667 0.8309373 -0.8297023 0.5543749 0.06528923 -0.9957306 -0.06525637 -0.0652853 -0.6746088 0.5915959 -0.4414944 -0.8297023 0.5543749 -0.0652882 -0.4413389 0.8949581 0.0653448 -0.3330946 0.2921222 0.8965002 -0.2919784 -0.5920639 0.7511384 -0.1424574 0.288864 0.9467119 -0.1086133 0.1625517 0.9807038 -0.2461497 -0.3683731 0.8964996 -0.3091382 -0.4626378 0.830903 -0.2884123 -0.8496106 0.4415655 -0.2419105 -0.7126618 0.6584774 -0.462249 -0.6918021 0.5547393 -0.1288969 -0.1469753 0.9807057 -0.08646575 -0.1753373 0.9807041 0.1469827 -0.1289008 0.9807041 -0.7878166 -0.2674305 0.5548207 -0.1950793 -0.01278743 0.9807041 -0.9469324 -0.3214326 0 -0.9469324 -0.3214326 0 -0.8949535 -0.4413607 -0.06526148 -0.9807848 -0.1950928 0 -0.9807848 -0.1950928 0 -0.6467217 -0.7374634 -0.194676 -0.4625868 -0.3090948 -0.8309475 -0.8314763 -0.5555603 0 -0.8314763 -0.5555603 0 -0.8047084 -0.396819 0.4415643 -0.3683353 -0.2461081 0.8965266 -0.3683731 -0.2461497 0.8964997 0.6245078 0.7120954 -0.3207958 0.3679858 0.7462041 -0.5547664 -0.7460279 0.4984858 -0.4415364 -0.691793 0.4622418 -0.5547568 -0.241887 0.7126215 -0.6585296 -0.5262004 0.7875278 -0.320801 -0.1424579 0.2888722 -0.9467093 -0.4345394 0.08642973 -0.8964962 -0.03638351 0.5551681 -0.830942 0.05867448 0.8953311 -0.4415195 0.1085417 0.5456544 -0.8309513 0.2121966 0.6251249 -0.7511269 0.3090961 0.4625876 -0.8309466 0.4961803 0.5657722 -0.6585643 0.2460627 0.4989677 -0.8309539 0.4984674 0.7460218 -0.4415672 0.6593626 0.7518251 -0 0.6593626 0.7518251 0 0.7374501 0.6467087 0.1947699 0.5449352 0.8155662 -0.1946724 0.6467217 0.7374634 -0.194676 -0.6579602 0.7502261 -0.06518523 -0.7502261 0.6579602 -0.06518524 -0.5555603 0.8314763 0 -0.5555603 0.8314763 0 -0.5915741 0.674594 0.4415463 -0.7502533 0.6579365 0.06511164 -0.8968654 0.4423036 0 -0.8968654 0.4423036 0 -0.8155721 0.5449336 0.1946523 -0.625563 0.5485753 0.5547397 -0.0587802 0.02898683 0.9978501 0.03641131 0.05449351 0.99785 -0.06539104 0.004286869 0.9978505 -0.5920638 0.2919784 0.7511384 -0.1424419 0.2888457 0.9467199 -0.5488394 0.3667206 0.7511932 -0.2123588 0.242148 0.9467143 -0.1085534 0.5457197 0.8309069 0.3044502 -0.8968806 -0.3208039 0.2884095 -0.8496264 -0.4415369 -0.02106862 -0.3214156 -0.9467038 -0.04317206 -0.6587532 -0.7511195 -0.06525637 -0.9957306 -0.0652853 -0.06416485 -0.9787696 -0.1946612 -0.1946698 -0.9786955 -0.06525997 -0.06194228 -0.9450973 0.3208648 -0.06415095 -0.9787688 0.1946697 -0.1287845 -0.6474342 0.7511615 0.004285868 -0.06539669 0.9978501 -0.1287992 -0.6475033 -0.7510993 -0.03638351 -0.5551681 -0.830942 0.142458 -0.2888722 -0.9467093 0.17883 -0.526816 -0.8309541 0.02899122 -0.0587845 -0.9978496 0.02899099 -0.05878628 -0.9978496 0.05878046 0.02898352 -0.9978501 0.04927986 -0.04321968 -0.9978495 0.04928046 -0.04321976 -0.9978494 0.01278912 -0.06428646 -0.9978495 0.01278677 -0.06428411 -0.9978498 0.038132 -0.1917045 -0.9807116 0.01278562 -0.06428853 -0.9978495 -0.04320931 -0.04927605 -0.9978502 0.3050135 0.1035337 -0.9467035 -0.05878045 -0.02898352 -0.9978501 -0.1424083 -0.4195396 -0.8964968 -0.08645527 -0.1753091 -0.98071 -0.062839 -0.3159176 -0.9467034 -0.5485785 -0.6255431 -0.554759 -0.2123846 0.2421827 -0.9466997 -0.8953311 0.05867448 -0.4415195 -0.06206829 0.02106713 -0.9978496 0 0.1688112 -0.9856484 -0.1950457 0.01278514 -0.9807108 0.142418 0.4195499 -0.8964904 0.1788325 0.5267942 -0.8309674 -0.4625868 0.3090948 -0.8309475 -0.2888722 0.142458 -0.9467093 -0.526816 0.17883 -0.8309541 -0.2888795 0.142467 -0.9467058 -0.2921095 0.3330933 -0.8965048 0.4989677 0.2460627 -0.8309539 0.4195396 0.1424083 -0.8964968 0.6587531 0.04317207 -0.7511196 0.6474826 0.1287831 -0.75112 0.5920788 0.2919798 -0.7511261 0.6251494 0.2122214 -0.7510995 0.4961866 0.5658005 -0.6585353 0.5485785 0.625543 -0.554759 0.1288835 0.1469542 -0.9807107 0.2421827 0.2123846 -0.9466997 0.06206452 0.0210676 -0.9978498 0.06206798 0.02107209 -0.9978494 0.1850872 0.06282724 -0.9807118 0.3159248 0.06283733 -0.9467011 0.4195499 0.142418 -0.8964904 0.02106713 -0.06206829 -0.9978496 0.1688913 0 -0.9856347 -0.004286365 -0.06539973 -0.99785 0.3214233 -0.02107278 -0.9467011 0.3159176 -0.06283901 -0.9467034 0.1950457 -0.01278514 -0.9807108 0.8968806 0.3044502 -0.3208039 0.8496265 0.2884095 -0.4415368 0.9620129 0.1913515 -0.1947198 0.9786955 0.1946698 -0.06525996 0.7878474 0.2674211 -0.5547815 0.6745648 0.5915934 -0.441565 0.8047155 0.3968386 -0.4415338 0.8494668 0.4189073 -0.3208157 0.6475033 -0.1287992 -0.7510993 0.9289486 0.1847693 -0.3208032 0.8302608 0.05441018 -0.554713 0.8302189 0.0544332 -0.5547736 0.5551534 0.0363893 -0.8309516 0.4420952 0.02897854 -0.8964999 0.7509127 -0.0492139 -0.6585651 0.6587494 -0.04317363 -0.7511226 0.8302608 -0.05441017 -0.554713 0.8302189 -0.0544332 -0.5547736 0.5920827 -0.291985 -0.751121 0.4625868 -0.3090948 -0.8309475 0.8800115 -0.1750423 -0.4415201 0.8160154 -0.1623129 -0.5547734 0.05449674 0.03641248 0.9978498 0.04927056 0.04321226 0.9978502 0.2888457 0.142442 0.9467199 0.1851316 0.06284457 0.9807022 -0.6587103 0.04316689 0.7511573 0.04927647 0.04321533 0.9978498 0.04321227 0.04927057 0.9978502 0.75093 0.04921027 0.6585457 0.6587103 0.04316689 0.7511573 0.3213861 -0.02106308 0.9467139 0.3213861 0.02106308 0.9467139 0.4345392 0.08643529 0.8964958 0.4420854 0.02897065 0.896505 0.5457197 0.1085534 0.8309069 0.5268824 0.1788544 0.8309068 0.1468153 0.7380801 0.6585462 0.1788292 0.5268444 0.8309364 -0.04316537 0.6587061 0.7511612 0.04316538 0.6587061 0.7511611 0.4961466 0.5657197 0.6586347 0.2919729 0.5920336 0.7511645 0.1788545 0.5268824 0.8309067 0.1085534 0.5457197 0.8309069 -0.0652575 0.9957289 0.06531059 -0.1946759 0.9786893 0.06533538 -0.05865987 0.8953108 0.4415628 0.3044544 0.8968726 0.3208223 0.1946759 0.9786893 0.06533538 0.06416302 0.9787791 0.1946141 -0.3044544 0.8968726 0.3208223 -0.1847728 0.9289413 0.3208223 0.2419101 0.7126367 0.6585047 0.1847728 0.9289414 0.3208223 0.433823 0.8797172 0.194667 0.320763 0.9449086 0.06525978 0.5262321 0.7875295 0.3207444 0.1750444 0.8800319 0.4414785 -0.06195727 0.9450952 -0.3208679 -0.1468178 0.7380993 -0.658524 0.1750423 0.8800116 -0.4415201 0.7460218 0.4984674 -0.4415672 0.7875278 0.5262004 -0.320801 0.7502533 0.6579365 0.06511164 0.750221 0.6579557 0.06529008 0.8797072 0.4338378 -0.1946792 0.8797064 0.4338253 -0.194711 0.7502439 0.6579296 -0.06528911 0.7374634 0.6467217 -0.194676 0.8949548 0.4413614 0.06523694 0.8949581 0.4413389 0.0653448 0.6917678 0.462241 0.5547888 0.6255593 0.5485739 0.5547452 0.3968192 0.8047172 0.441548 0.396819 0.8047084 0.4415643 0.4183065 0.3668348 0.8309343 0.496291 0.435205 0.7511936 0.7462221 0.3679893 0.55474 0.7460214 0.4984934 0.4415387 0.7460158 0.4984924 0.4415491 0.7461957 0.3679613 0.5547941 0.4963673 0.4353232 0.7510747 0.4626551 0.3091441 0.8308911 0.5488622 0.3667473 0.7511637 0.625735 0.4181043 0.6585168 0.8953511 0.05868188 0.441478 0.9450973 0.06194228 0.3208648 0.7381135 -0.1468339 0.6585045 0.7380801 -0.1468153 0.6585462 0.4420854 -0.02897065 0.896505 0.6474394 -0.1287872 0.7511565 0.7878166 0.2674305 0.5548206 0.849638 0.2884383 0.4414959 0.2421827 -0.2123846 -0.9466997 0.2674448 -0.7878664 -0.5547432 0.04321968 -0.04927986 -0.9978495 0.04321976 -0.04928046 -0.9978494 0.1288835 -0.1469542 -0.9807107 0.3683661 -0.2461361 -0.8965062 0.3973394 -0.1959562 -0.8965058 0.3152853 -0.9288075 -0.1947095 0.4189137 -0.8494688 -0.3208023 -0.04923575 -0.7509469 -0.6585246 0.2884095 -0.8496265 -0.4415369 0.291985 -0.5920827 -0.751121 0.1623081 -0.8159823 0.5548234 0.1468339 -0.7381135 0.6585045 0.06427252 0.01278389 0.9978505 -0.04316537 -0.6587061 0.7511612 -0.004285867 -0.06539669 0.9978501 0.02897424 -0.4420966 0.8964993 0.06415095 -0.9787688 0.1946697 0.194662 -0.978697 0.06525984 0.2419101 -0.7126368 0.6585047 0.06282943 -0.3158645 0.9467217 0.05868188 -0.8953511 0.4414779 0.9449131 -0.3207472 -0.06527289 0.9469324 -0.3214326 0 0.9469324 -0.3214326 0 0.9288098 -0.3152981 0.194678 0.8968698 -0.3044551 0.3208295 0.8494652 -0.4188896 0.3208433 0.67496 -0.3328474 0.6585148 0.7878596 -0.2674655 0.5547426 0.7502534 -0.6579365 0.06511164 0.7875068 -0.5261814 0.3208833 0.8797172 -0.433823 0.194667 0.9288086 -0.3152955 0.194688 0.4961957 -0.5658324 0.658501 0.4181074 -0.6257457 0.6585048 0.2921058 -0.3330916 -0.8965066 0.4622418 -0.691793 -0.5547568 0.6467217 -0.7374634 -0.194676 0.4984858 -0.7460279 -0.4415364 0.6746088 -0.5915959 -0.4414944 0.5485641 -0.6255388 -0.5547779 0.6593626 -0.7518251 0 0.6593626 -0.7518251 0 0.7502209 -0.6579557 0.06528996 0.7502439 -0.6579296 -0.06528904 0.9288075 -0.3152853 -0.1947096 0.7502261 -0.6579602 -0.06518523 0.6579602 -0.7502261 -0.06518524 0.6579557 -0.7502209 0.06528996 0.5543749 -0.8297023 0.06528923 0.3968192 -0.8047173 0.441548 0.5485739 -0.6255593 0.5547451 -0.2123588 -0.242148 0.9467143 0.004286869 0.06539106 0.9978506 0.02897065 0.4420854 0.896505 0.03638542 0.5552332 0.8308984 -0.1788292 0.5268444 0.8309364 0.02897424 0.4420966 0.8964993 0.103522 0.3049617 0.9467215 0.06282943 0.3158646 0.9467217 0.1035245 0.3049656 0.9467199 0.1424574 0.288864 0.9467119 0.3973569 -0.1959471 0.8965001 0.4963673 -0.4353232 0.7510747 0.6251133 -0.2121851 0.7511397 0.2677978 -0.1789326 0.946714 0.6749843 -0.3328709 0.6584779 0.5920639 -0.2919784 0.7511384 0.4990508 -0.2461166 0.830888 0.3683353 -0.2461081 0.8965266 -0.06206469 0.02106687 0.9978498 0.1917516 -0.03814056 0.9807022 0.1851316 -0.06284457 0.9807022 0.18512 -0.06284353 0.9807045 -0.06427362 0.01278441 0.9978504 0.0587802 0.02898683 0.9978501 0.4345196 -0.08643624 0.8965052 0.1950687 -0.01278411 0.9807063 -0.4420826 0.02898331 -0.8965059 -0.7878474 0.2674211 -0.5547815 -0.8949543 0.4413571 -0.06527217 -0.9450952 0.06195727 -0.3208679 -0.6746255 -0.591645 0.4414031 -0.7875069 0.5261814 0.3208833 -0.9978593 -0.06539713 0 -0.9978593 -0.06539713 0 -0.9957269 0.06526242 0.06533573 -0.8155662 0.5449352 -0.1946724 -0.7374634 0.6467217 -0.194676 -0.7502439 0.6579296 -0.06528911 -0.8949535 0.4413607 -0.06526145 -0.5658324 0.4961957 0.658501 -0.3668554 0.4183478 0.8309045 -0.1424574 -0.288864 0.9467119 -0.03814056 -0.1917517 0.9807022 -0.06206469 -0.02106687 0.9978498 -0.02106687 -0.06206469 0.9978498 0.03641248 0.05449675 0.9978498 0.02898683 0.0587802 0.99785 -0.1789326 -0.2677978 0.946714 -0.1959353 -0.3973025 0.8965267 -0.8494652 -0.4188896 0.3208433 -0.496291 -0.435205 0.7511936 -0.3152981 -0.9288098 0.194678 -0.5449363 -0.8155593 0.1946984 -0.4188896 -0.8494652 0.3208434 -0.4413389 -0.8949581 0.0653448 -0.646744 -0.7374519 0.1946456 -0.6579365 -0.7502534 0.06511164 -0.4963673 -0.4353232 0.7510748 -0.2920866 -0.33307 0.896521 -0.5457197 -0.1085534 0.8309069 -0.3158721 -0.06283294 0.9467189 -0.0587802 -0.02898683 0.99785 0.04321533 -0.04927647 0.9978498 -0.9957289 0.0652575 0.0653106 -0.8968726 -0.3044544 0.3208223 -0.9449131 -0.3207472 -0.06527289 -0.8949543 -0.4413572 -0.06527217 -0.8297023 -0.5543749 -0.0652882 -0.8949548 -0.4413614 0.06523694 -0.8968654 -0.4423036 0 -0.8968654 -0.4423036 0 -0.5658005 -0.4961865 -0.6585353 -0.4413572 -0.8949543 -0.06527217 -0.6593626 -0.7518251 0 -0.6593626 -0.7518251 -0 -0.4413607 -0.8949535 -0.06526148 -0.4189073 -0.8494668 -0.3208157 -0.3968386 -0.8047155 -0.4415338 -0.3973569 -0.1959471 0.8965001 -0.1851316 -0.06284457 0.9807022 -0.6749843 -0.3328709 0.6584779 -0.7126368 -0.2419101 0.6585047 -0.4345196 -0.08643625 0.8965051 -0.3158646 -0.06282943 0.9467217 0.5262004 0.7875272 -0.3208019 0.5449381 0.8155603 -0.194689 -0.6255388 0.5485641 -0.5547779 -0.9289486 0.1847693 -0.3208032 -0.9288075 0.3152853 -0.1947095 -0.7380993 -0.1468178 -0.658524 -0.5658005 0.4961866 -0.6585353 -0.4989677 0.2460627 -0.8309539 -0.6257235 0.4180955 -0.6585333 -0.5489039 0.3667668 -0.7511236 -0.1913515 0.9620129 -0.1947198 -0.5657721 0.4961802 -0.6585643 -0.6245167 0.7120959 -0.3207779 -0.5485641 0.6255388 -0.5547779 -0.4195396 0.1424083 -0.8964968 -0.1753074 0.08645326 -0.9807105 -0.6245078 0.7120954 -0.3207957 -0.2122214 0.6251494 -0.7510995 0.0492139 0.7509127 -0.6585651 -0.0492139 0.7509127 -0.6585651 0.1468178 0.7380994 -0.658524 0.1287992 0.6475033 -0.7510993 0.3328455 0.6749391 -0.658537 0.4352797 0.4963299 -0.7511247 0.4625868 0.3090948 -0.8309475 0.5488966 0.3667659 -0.7511294 0.3968386 0.8047155 -0.4415338 0.241887 0.7126215 -0.6585296 0.142458 0.2888722 -0.9467093 0.3667659 0.5488966 -0.7511294 0.4338266 0.8797069 0.1947052 0.5543749 0.8297023 0.06528915 -0.5262321 0.7875295 0.3207444 -0.320763 0.9449086 0.06525978 -0.5449352 0.8155662 -0.1946724 -0.4423036 0.8968654 0 -0.4423036 0.8968654 0 -0.7374501 0.6467087 0.1947699 -0.674594 0.5915741 0.4415463 -0.1288969 0.1469753 0.9807057 -0.242148 0.2123588 0.9467143 -0.3683731 0.2461497 0.8964997 -0.1851316 0.06284457 0.9807022 0.1424574 -0.288864 0.9467119 -0.1035245 0.3049657 0.9467199 -0.3667473 0.5488621 0.7511637 -0.02106602 0.06205476 0.9978504 -0.2123682 0.2421546 0.9467105 -0.4181074 0.6257457 0.6585048 -0.3667206 0.5488394 0.7511932 -0.01278441 0.06427362 0.9978504 -0.01278389 0.06427252 0.9978505 -0.04927647 0.04321533 0.9978498 -0.04321533 0.04927647 0.9978498 0.2919798 -0.5920788 -0.7511261 0.241887 -0.7126215 -0.6585296 0.05867448 -0.8953311 -0.4415195 0.1750423 -0.8800115 -0.44152 0.04921389 -0.7509127 -0.6585651 -0.1468193 -0.7380946 -0.658529 0.1085417 -0.5456544 -0.8309513 -0.02897854 -0.4420952 -0.8964999 -0.1913515 -0.9620129 -0.1947198 -0.06195727 -0.9450952 -0.3208679 0.06414414 -0.9787593 -0.1947196 0.4338378 -0.8797072 -0.1946792 -0.05867453 -0.8953311 -0.4415196 0.06195727 -0.9450952 -0.3208679 -0.06525762 -0.9957307 -0.06528158 -0.1946766 -0.9786927 -0.06528148 -0.3044544 -0.8968726 0.3208222 -0.1946759 -0.9786893 0.06533536 -0.0652575 -0.9957289 0.06531059 -0.1913491 -0.9620233 0.1946708 -0.04921027 -0.75093 0.6585457 -0.1750444 -0.8800319 0.4414786 -0.2884383 -0.849638 0.4414959 -0.3328709 -0.6749843 0.6584779 0.06283733 -0.3159248 -0.9467011 0.02106862 -0.3214156 -0.9467038 0.01278514 -0.1950457 -0.9807108 -0.01278514 -0.1950457 -0.9807108 0.4182909 -0.3668217 -0.8309481 0.1035357 -0.3049936 -0.9467097 0.02107209 -0.06206798 -0.9978494 0.0210676 -0.06206452 -0.9978498 0.038132 0.1917045 -0.9807116 0.06282724 -0.1850872 -0.9807118 0.08645527 -0.1753091 -0.98071 0.004285587 -0.06540608 -0.9978496 0.004287793 -0.06540224 -0.9978498 -0.05449266 0.03641089 -0.9978501 -0.3330916 0.2921058 -0.8965066 -0.0364109 -0.05449267 -0.9978501 -0.1789598 -0.2678304 -0.9466996 -0.1035337 -0.3050135 -0.9467035 -0.142458 -0.2888722 -0.9467093 -0.08645325 -0.1753074 -0.9807105 -0.06539973 -0.004286365 -0.99785 -0.2461361 -0.3683661 -0.8965062 -0.1753091 0.08645527 -0.98071 -0.5456544 0.1085417 -0.8309513 -0.8160095 0.1623151 -0.5547814 -0.3214233 0.02107278 -0.9467011 -0.2678213 -0.1789452 -0.946705 -0.1753091 -0.08645527 -0.98071 0.2123754 0.2421524 -0.9467095 -0.01278514 0.1950457 -0.9807108 -0.1688112 -0 -0.9856484 -0.02106713 -0.06206829 -0.9978496 0.02897854 0.4420952 -0.8964999 -0.02898331 0.4420826 -0.8965059 -0.1287831 0.6474826 -0.75112 -0.02899122 0.0587845 -0.9978496 -0.02899099 0.05878628 -0.9978496 -0.1959572 0.3973722 -0.896491 0.06206829 0.02106713 -0.9978496 0 0.1688913 -0.9856347 -0.02898352 0.05878046 -0.9978501 -0.1085918 0.1625261 -0.9807105 -0.0642841 0.01278677 -0.9978498 -0.06428646 0.01278912 -0.9978495 -0.2123754 0.2421524 -0.9467095 -0.195041 0.01278696 -0.9807117 -0.06540224 0.004287794 -0.9978498 -0.06540608 0.004285587 -0.9978496 -0.2421524 0.2123754 -0.9467095 -0.1789452 0.2678213 -0.946705 0.6257235 0.4180955 -0.6585333 0.5920827 0.291985 -0.751121 0.625724 0.4180965 -0.6585323 0.6749391 0.3328455 -0.658537 0.5658005 0.4961866 -0.6585353 0.3668216 0.4182908 -0.8309481 0.3330916 0.2921058 -0.8965067 0.4182907 0.3668214 -0.8309482 0.1959562 0.3973394 -0.8965058 -0.05449756 -0.03641571 -0.9978496 -0.05449573 -0.03641132 -0.9978499 0.06539973 -0.004286368 -0.99785 0.06540608 -0.004285587 -0.9978496 0.06540224 -0.004287794 -0.9978498 0.2888722 0.142458 -0.9467093 0.03641571 0.05449755 -0.9978496 0.03641133 0.05449573 -0.9978499 0.5456544 0.1085417 -0.8309513 0.545632 0.1085252 -0.8309681 0.4420826 0.02898331 -0.8965059 0.4345188 0.08643459 -0.8965057 0.3214156 0.02106862 -0.9467038 0.1950457 0.01278514 -0.9807108 0.9288079 0.315285 -0.1947083 0.9620159 0.1913482 -0.1947086 0.8953311 0.05867448 -0.4415195 0.8953311 0.05867453 -0.4415196 0.8160154 0.1623129 -0.5547733 0.8800116 0.1750423 -0.4415201 0.6917853 -0.4622416 -0.5547665 0.7380946 -0.1468193 -0.658529 0.6749391 -0.3328455 -0.658537 0.5267941 -0.1788324 -0.8309674 0.3668216 -0.4182908 -0.8309481 0.5488966 -0.3667659 -0.7511294 0.04927057 -0.04321227 0.9978502 0.1469827 0.1289008 0.9807041 0.02106602 -0.06205476 0.9978504 0.1625517 0.1086133 0.9807038 0.0544935 0.0364113 0.99785 0.5457198 -0.1085534 0.8309068 0.5552358 0.03638491 0.8308967 0.4345196 0.08643625 0.8965051 0.5457309 0.1085588 0.8308988 0.3328709 0.6749843 0.6584779 0.2919784 0.5920638 0.7511384 -0.1950928 0.9807848 0 -0.1950928 0.9807848 0 -0.05439765 0.8302574 0.5547192 -0.2121839 0.6250878 0.7511612 -0.1287872 0.6474394 0.7511564 0.05865987 0.8953108 0.4415628 -0.04316689 0.6587103 0.7511573 0.05439765 0.8302575 0.5547192 -0.3679894 0.7462221 0.55474 -0.4188896 0.8494652 0.3208433 -0.2884123 0.8496106 0.4415655 -0.1913491 0.9620233 0.1946708 0.1468339 0.7381135 0.6585045 0.1623322 0.8160213 0.5547588 0.194662 0.978697 0.06525983 0.1913451 0.9620207 0.1946874 0.3044551 0.8968698 0.3208296 0.3679612 0.7461956 0.5547941 0.4984925 0.7460159 0.4415491 0.1750465 0.8800231 0.4414953 -0.1946698 0.9786955 -0.06525996 -0.5449381 0.8155603 -0.194689 -0.06414414 0.9787593 -0.1947196 0.1946766 0.9786927 -0.06528148 0.3214326 0.9469324 -0 0.3214326 0.9469324 0 0.1950928 0.9807848 -0 0.1950928 0.9807848 0 0.8494858 0.4189231 0.3207449 0.7374519 0.646744 0.1946456 0.7875069 0.5261814 0.3208833 0.8155721 0.5449336 0.1946523 0.591645 0.6746255 0.4414031 0.4181043 0.625735 0.6585168 0.6257457 0.4181074 0.6585048 0.5657197 0.4961466 0.6586347 0.5449363 0.8155593 0.1946985 0.4353232 0.4963673 0.7510748 0.2921222 0.3330946 0.8965002 0.1789327 0.2677979 0.946714 0.3091441 0.4626551 0.8308911 0.3668554 0.4183478 0.8309045 0.6749843 0.3328709 0.6584779 0.7126618 0.2419105 0.6584774 0.3330946 0.2921221 0.8965002 0.3683731 0.2461497 0.8964997 0.5920335 0.2919729 0.7511645 0.4990509 0.2461167 0.830888 0.7509335 0.04920939 0.6585417 0.8302303 0.05440579 0.554759 0.8160213 -0.1623322 0.5547589 0.8302304 -0.05440579 0.554759 0.4195312 -0.1424132 0.8964999 0.6587061 -0.04316537 0.7511611 0.8047173 0.3968192 0.441548 0.8047084 0.396819 0.4415643 0.2461361 -0.3683661 -0.8965062 0.1959562 -0.3973393 -0.8965058 0.1789452 -0.2678213 -0.946705 0.1085917 -0.1625256 -0.9807106 0.1789598 -0.2678304 -0.9466996 0.3330916 -0.2921058 -0.8965066 0.03641571 -0.05449756 -0.9978496 0.03641132 -0.05449573 -0.9978499 0.2678213 -0.1789452 -0.946705 0.2888796 -0.142467 -0.9467057 0.4423036 -0.8968654 0 0.4423036 -0.8968654 0 0.4413572 -0.8949543 -0.06527217 0.5449381 -0.8155603 -0.194689 0.4413614 -0.8949549 0.06523694 0.4984675 -0.7460219 -0.4415672 0.3044471 -0.8968792 -0.3208107 0.1750342 -0.8800046 -0.441537 0.1847693 -0.9289486 -0.3208032 0.1789326 -0.2677978 0.946714 0.3091382 -0.4626378 0.830903 -0.05439765 -0.8302574 0.5547192 0.1468153 -0.7380801 0.6585462 -0.03638491 -0.5552358 0.8308967 -0.3668554 -0.4183478 0.8309045 0.01278441 -0.06427363 0.9978504 0.06539105 0.004286868 0.9978505 0.06284353 -0.18512 0.9807045 0.04316537 -0.6587061 0.7511611 -0.1750465 -0.8800231 0.4414953 0.1913451 -0.9620207 0.1946874 0.2419105 -0.7126618 0.6584774 0.3328709 -0.6749843 0.6584779 0.3044551 -0.8968698 0.3208295 0.4413389 -0.8949581 0.0653448 0.320763 -0.9449086 0.06525978 0.1946759 -0.9786893 0.06533538 0.9289486 -0.1847693 -0.3208032 0.8800046 -0.1750342 -0.4415371 0.9786927 -0.1946766 -0.06528147 0.9449086 -0.320763 0.06525978 0.9449088 -0.3207457 0.06534183 0.8496106 -0.2884123 0.4415655 0.8047084 -0.396819 0.4415643 0.625735 -0.4181043 0.6585168 0.6257457 -0.4181074 0.6585048 0.625563 -0.5485753 0.5547397 0.7460159 -0.4984925 0.4415491 0.6467087 -0.7374501 0.1947699 0.7374501 -0.6467087 0.1947699 0.5657197 -0.4961466 0.6586348 0.3667206 -0.5488394 0.7511932 0.3667659 -0.5488966 -0.7511294 0.3667668 -0.5489039 -0.7511236 0.5262005 -0.7875273 -0.3208019 0.6245078 -0.7120955 -0.3207958 0.5915934 -0.6745648 -0.441565 0.3968391 -0.8047131 -0.4415378 0.6255388 -0.5485641 -0.5547779 0.625543 -0.5485785 -0.554759 0.7120959 -0.6245167 -0.3207779 0.8296981 -0.5543846 -0.06525727 0.8797064 -0.4338253 -0.1947111 0.8297023 -0.5543749 -0.0652882 0.7518251 -0.6593626 0 0.7518251 -0.6593626 0 0.3328474 -0.67496 0.6585148 0.3679613 -0.7461956 0.5547942 0.4984934 -0.7460214 0.4415387 0.462241 -0.6917678 0.5547888 0.2884123 -0.8496106 0.4415655 0.4984925 -0.7460159 0.4415491 0.1424175 0.4195379 0.8964961 0.1424132 0.4195312 0.8964999 0.05878019 -0.02898683 0.99785 0.05449674 -0.03641248 0.9978498 0.06539669 -0.004285868 0.9978501 0.3213705 -0.02106581 0.9467192 0.496291 -0.435205 0.7511936 0.5488394 -0.3667206 0.7511932 0.02106687 -0.06206469 0.9978498 -0.04927056 0.04321226 0.9978502 0.1950793 -0.01278743 0.9807041 0.1917414 -0.03814099 0.9807041 -0.02898906 -0.05878284 0.9978498 0 0 1 0 0 1 0 0 1 0 0 1 0 0 1 0 0 1 0 0 1 0 0 1 0 0 1 0 0 1 0 0 1 0 0 1 0 0 1 0 0 1 0 0 1 0 0 1 0 0 1 0 0 1 0 0 1 0 0 1 0 0 1 0 0 1 0 0 1 -0 0 1 0 0 1 -0 0 1 0 0 1 -0 0 1 0 0 1 -0 0 1 0 0 1 -0 0 1 0 0 1 -0 0 1 0 0 1 -0 0 1 0 0 1 -0 0 1 0 0 1 -0 0 1 0 0 1 -0 0 1 0 0 1 -0 0 1 0 0 1 0 -0 1 -0.9449131 0.3207472 -0.06527293 -0.8797072 0.4338378 -0.1946792 -0.8314763 0.5555603 0 -0.8314763 0.5555603 0 -0.8800231 0.1750465 0.4414953 -0.6474342 0.1287845 0.7511615 -0.3973025 0.1959353 0.8965267 -0.5268444 -0.1788292 0.8309364 -0.9620233 -0.1913491 0.1946708 -0.4345196 0.08643625 0.8965051 -0.8296981 0.5543846 -0.06525727 -0.8155603 0.5449381 -0.194689 -0.1625488 0.1086102 0.9807048 -0.1625517 0.1086133 0.9807038 -0.02897065 -0.4420854 0.896505 -0.2121851 -0.6251133 0.7511397 -0.01278743 -0.1950793 0.9807041 -0.03814099 -0.1917414 0.9807041 -0.03641248 -0.05449674 0.9978498 -0.04321226 0.04927056 0.9978502 -0.3049617 -0.103522 0.9467215 -0.05449351 -0.03641131 0.99785 -0.06427251 -0.01278389 0.9978505 -0.1469827 -0.1289008 0.9807041 -0.02898683 -0.05878019 0.99785 -0.1035219 -0.3049617 0.9467215 -0.6917678 -0.462241 0.5547888 -0.625735 -0.4181043 0.6585168 -0.3207457 -0.9449088 0.06534183 -0.5543845 -0.8296995 0.06524218 -0.5543749 -0.8297023 0.06528923 -0.7502209 -0.6579557 0.06528996 -0.4338266 -0.8797069 0.1947052 -0.433823 -0.8797172 0.194667 -0.7462221 -0.3679893 0.55474 -0.8155593 -0.5449363 0.1946985 -0.242148 -0.2123588 0.9467143 -0.2678019 -0.1789371 0.946712 -0.4183478 -0.3668554 0.8309045 -0.5488394 -0.3667206 0.7511932 -0.06205476 -0.02106602 0.9978504 -0.2677979 -0.1789327 0.946714 -0.18512 -0.06284353 0.9807045 -0.2888456 -0.1424419 0.9467199 -0.06427252 0.01278389 0.9978505 -0.1917414 -0.03814099 0.9807041 0.02898683 -0.05878019 0.99785 -0.8800231 -0.1750465 0.4414953 -0.7126617 -0.2419105 0.6584774 -0.9449088 -0.3207457 0.0653418 -0.9449086 -0.320763 0.06525978 -0.9786927 -0.1946766 -0.06528148 -0.9620159 -0.1913482 -0.1947086 -0.9288098 -0.3152981 0.1946779 -0.8949581 -0.4413389 0.0653448 -0.3050135 -0.1035337 -0.9467035 -0.8296983 -0.5543846 -0.06525727 -0.6245078 -0.7120955 -0.3207958 -0.5485641 -0.6255388 -0.5547779 -0.17883 -0.526816 -0.8309541 -0.3667668 -0.5489039 -0.7511236 -0.5555603 -0.8314763 0 -0.5555603 -0.8314763 -0 -0.3044502 -0.8968806 -0.3208039 -0.1287831 -0.6474826 -0.75112 -0.06414414 -0.9787593 -0.1947196 -0.1623151 -0.8160094 -0.5547813 -0.6250879 -0.2121839 0.7511612 -0.8159823 -0.1623081 0.5548235 0.5543846 0.8296981 -0.06525727 0.3152853 0.9288075 -0.1947096 -0.7875272 0.5262004 -0.3208019 -0.8494688 0.4189137 -0.3208023 -0.7462041 0.3679858 -0.5547664 -0.8047131 0.3968391 -0.4415378 -0.8160154 0.1623129 -0.5547733 -0.4345394 -0.08642973 -0.8964962 -0.6251249 0.2121966 -0.7511269 -0.674928 0.3328461 -0.6585482 -0.3973393 0.1959562 -0.8965058 -0.4182907 0.3668214 -0.8309482 -0.7460219 0.4984675 -0.4415672 -0.6745648 0.5915934 -0.441565 -0.3668214 0.4182907 -0.8309482 -0.625543 0.5485785 -0.554759 -0.3090948 0.4625868 -0.8309475 -0.2460629 0.4989792 -0.830947 -0.3044472 0.8968793 -0.3208107 -0.5543846 0.8296981 -0.06525727 -0.3683684 0.2461398 -0.8965043 -0.4625876 0.3090961 -0.8309466 0.1085252 0.545632 -0.8309681 0.08643459 0.4345188 -0.8965057 0.2674211 0.7878474 -0.5547815 0.1468193 0.7380946 -0.658529 0.4352888 0.4963646 -0.7510965 0.5657722 0.4961803 -0.6585643 0.3968391 0.8047131 -0.4415378 0.315285 0.9288079 -0.1947083 0.291985 0.5920827 -0.751121 0.3667668 0.5489039 -0.7511236 0.2460629 0.4989792 -0.830947 0.1959572 0.3973722 -0.896491 0.6579365 0.7502534 0.06511163 0.6467087 0.7374501 0.1947699 -0.6467441 0.7374519 0.1946456 -0.433823 0.8797172 0.194667 -0.5261814 0.7875069 0.3208833 -0.3152981 0.9288098 0.194678 -0.6579296 0.7502439 -0.06528904 -0.6467217 0.7374634 -0.1946761 -0.6255593 0.5485739 0.5547452 -0.4961957 0.5658324 0.658501 -0.7461957 0.3679613 0.5547941 -0.978697 0.194662 0.06525984 -0.7120759 0.6244889 0.3208762 -0.6244889 0.7120759 0.3208762 -0.2421546 0.2123682 0.9467105 -0.1469827 0.1289008 0.9807041 -0.18512 0.06284354 0.9807045 -0.4990509 0.2461167 0.830888 -0.1753356 0.08646536 0.9807044 -0.1753373 0.08646575 0.9807041 -0.04321227 -0.04927057 0.9978502 -0.5485753 0.625563 0.5547397 -0.4622491 0.6918021 0.5547393 -0.3091382 0.4626378 0.830903 -0.2921222 0.3330946 0.8965002 -0.4353232 0.4963673 0.7510747 -0.4963673 0.4353232 0.7510747 -0.5485739 0.6255593 0.5547452 -0.4181043 0.625735 0.6585168 -0.1086102 0.1625488 0.9807048 -0.1289008 0.1469827 0.9807041 -0.08646575 0.1753373 0.9807041 -0.06284457 0.1851316 0.9807022 -0.02106687 0.06206469 0.9978498 0.1287831 -0.6474826 -0.75112 0.2122214 -0.6251494 -0.7510994 -0.0544332 -0.8302189 -0.5547736 0.1468193 -0.7380946 -0.658529 0.1468178 -0.7380995 -0.658524 0.1623151 -0.8160095 -0.5547814 -0.05441017 -0.8302608 -0.554713 0.05441017 -0.8302608 -0.554713 -0.06283733 -0.3159248 -0.9467011 -0.291985 -0.5920827 -0.751121 -0.05867448 -0.8953311 -0.4415195 -0.1623129 -0.8160154 -0.5547734 -0.06193718 -0.9451169 -0.320808 -0.1847706 -0.9289467 -0.3208079 -0.06539713 -0.9978593 0 -0.06539713 -0.9978593 -0 -0.1913451 -0.9620207 0.1946874 -0.3152955 -0.9288086 0.194688 0.05865987 -0.8953108 0.4415628 0.06194228 -0.9450973 0.3208648 -0.1847703 -0.9289479 0.320805 -0.06195631 -0.9451166 0.3208051 -0.2121839 -0.6250878 0.7511612 -0.1468153 -0.7380801 0.6585461 -0.1468339 -0.7381135 0.6585045 0.05439765 -0.8302575 0.5547192 -0.396819 -0.8047084 0.4415643 -0.3044551 -0.8968698 0.3208295 0.03813178 -0.1917042 -0.9807117 0.06283901 -0.3159176 -0.9467034 0.0363893 -0.5551534 -0.8309516 0.02107278 -0.3214233 -0.9467011 -0.0210676 -0.06206452 -0.9978498 -0.02107209 -0.06206798 -0.9978494 -0.06283343 -0.1850937 -0.9807101 0.2460629 -0.4989792 -0.830947 0.142467 -0.2888795 -0.9467058 0.03641089 -0.05449266 -0.9978501 -0.06428853 -0.01278562 -0.9978495 0.1917045 0.038132 -0.9807116 -0.03813178 -0.1917042 -0.9807117 -0.01278696 -0.195041 -0.9807117 -0.1085917 -0.1625256 -0.9807106 -0.1789452 -0.2678213 -0.946705 -0.04927605 -0.04320931 -0.9978502 -0.3159176 -0.062839 -0.9467034 -0.1625256 -0.1085917 -0.9807106 -0.3090948 -0.4625868 -0.8309475 -0.01278562 0.06428853 -0.9978495 -0.02898352 -0.05878045 -0.9978501 -0.4345188 0.0864346 -0.8965057 -0.7126215 -0.241887 -0.6585296 -0.4420952 -0.02897854 -0.8964999 -0.2888796 -0.142467 -0.9467057 -0.02897854 0.4420952 -0.8964999 -0.01278696 0.195041 -0.9807117 0.04321976 0.04928046 -0.9978494 0.04321968 0.04927986 -0.9978495 0.1424083 0.4195396 -0.8964968 0.08642973 0.4345394 -0.8964962 0.02107209 0.06206798 -0.9978494 0.0210676 0.06206452 -0.9978498 0.02106862 0.3214156 -0.9467038 0.1287831 0.6474826 -0.75112 -0.04317207 0.6587531 -0.7511195 0.03638351 0.5551681 -0.830942 -0.3207517 0.9449125 -0.06525958 -0.4622416 0.6917853 -0.5547665 -0.1287992 0.6475033 -0.7510993 -0.1424083 0.4195396 -0.8964967 -0.06283901 0.3159176 -0.9467034 0.06428853 0.01278562 -0.9978495 -0.03641089 0.05449266 -0.9978501 0.05449266 0.03641089 -0.9978501 0.1288847 0.1469582 -0.98071 -0.1469582 0.1288847 -0.98071 -0.04927605 0.04320931 -0.9978502 -0.1469542 0.1288835 -0.9807107 -0.1288847 0.1469582 -0.98071 -0.06428853 0.01278562 -0.9978495 -0.05878628 0.028991 -0.9978496 -0.05878449 0.02899122 -0.9978496 0.625543 0.5485785 -0.554759 0.6255388 0.5485641 -0.5547779 0.1625261 0.1085918 -0.9807105 0.1469542 0.1288835 -0.9807107 0.142467 0.2888796 -0.9467058 0.08645527 0.1753091 -0.98071 -0.06539973 0.004286368 -0.99785 0.06428411 0.01278677 -0.9978498 0.06428646 0.01278912 -0.9978495 0.06540608 0.004285587 -0.9978496 0.06540224 0.004287793 -0.9978498 0.1850937 0.06283344 -0.9807101 0.3049936 0.1035357 -0.9467097 -0.06206829 -0.02106713 -0.9978496 0 -0.1688913 -0.9856347 0.674928 -0.3328461 -0.6585482 0.8047131 -0.3968391 -0.4415378 0.8496265 -0.2884095 -0.4415368 0.7462041 -0.3679858 -0.5547664 0.5658005 -0.4961865 -0.6585353 0.6257235 -0.4180955 -0.6585333 0.1288969 0.1469753 0.9807057 0.1469753 0.1288969 0.9807057 0.06525762 0.9957307 -0.06528158 -0.06525762 0.9957307 -0.06528158 -0.06415095 0.9787688 0.1946697 -0.06194228 0.9450973 0.3208648 -0.194662 0.978697 0.06525984 -0.1913451 0.9620207 0.1946875 -0.2419105 0.7126618 0.6584774 -0.04920939 0.7509335 0.6585417 -0.06284354 0.18512 0.9807045 -0.08643529 0.4345391 0.8964958 -0.3328709 0.6749843 0.6584779 -0.1750465 0.8800231 0.4414953 0.3152955 0.9288086 0.194688 0.3152981 0.9288098 0.1946779 -0.06416485 0.9787696 -0.1946612 0.06195727 0.9450952 -0.3208679 -0.06525637 0.9957306 -0.0652853 0.1913482 0.9620159 -0.1947086 0.1750342 0.8800045 -0.4415371 0.4338378 0.8797072 -0.1946792 0.6244888 0.7120752 0.3208777 0.6244889 0.7120759 0.3208762 0.5485753 0.625563 0.5547396 0.625563 0.5485753 0.5547397 0.2461166 0.4990508 0.830888 0.4181074 0.6257457 0.6585047 0.4626378 0.3091382 0.830903 0.4183478 0.3668554 0.8309045 0.2461081 0.3683353 0.8965266 0.2461497 0.3683731 0.8964997 0.3667473 0.5488621 0.7511637 0.3091382 0.4626378 0.830903 0.7878166 -0.2674305 0.5548207 0.8159823 -0.1623081 0.5548234 0.4989934 -0.2460667 0.8309373 0.5268444 -0.1788292 0.8309364 0.4195379 -0.1424175 0.8964961 0.6587104 -0.04316689 0.7511573 0.5552332 -0.03638542 0.8308984 0.5552358 -0.03638491 0.8308967 0.4352887 -0.4963646 -0.7510964 0.4963646 -0.4352887 -0.7510965 0.2460627 -0.4989678 -0.830954 0.1959572 -0.3973722 -0.896491 0.1288847 -0.1469582 -0.98071 0.2123846 -0.2421827 -0.9466997 0.1085918 -0.1625261 -0.9807104 0.2421524 -0.2123754 -0.9467095 0.1913515 -0.9620129 -0.1947198 0.1946698 -0.9786955 -0.06525996 0.1950928 -0.9807848 0 0.1950928 -0.9807848 0 0.4338253 -0.8797064 -0.194711 0.4413607 -0.8949535 -0.06526145 0.1959471 -0.3973569 0.8965001 0.1959353 -0.3973025 0.8965267 0.2461497 -0.3683731 0.8964996 0.2461081 -0.3683353 0.8965266 -0.05440579 -0.8302303 0.554759 -0.04920939 -0.7509335 0.6585417 0.1035245 -0.3049657 0.9467199 0.08643624 -0.4345196 0.8965052 0.02897065 -0.4420854 0.896505 0.06526242 -0.9957269 0.06533573 0.0652575 -0.9957289 0.0653106 0.396819 -0.8047084 0.4415643 0.2674305 -0.7878166 0.5548207 0.3214326 -0.9469324 0 0.3214326 -0.9469324 0 0.3044544 -0.8968726 0.3208223 0.1750444 -0.8800319 0.4414785 0.5449336 -0.8155721 0.1946523 0.433823 -0.8797172 0.194667 0.3152955 -0.9288086 0.194688 0.3152981 -0.9288098 0.194678 0.8797072 -0.4338378 -0.1946792 0.8949543 -0.4413571 -0.06527218 0.8496265 -0.2884096 -0.4415369 0.8968806 -0.3044502 -0.3208039 0.6918021 -0.462249 0.5547393 0.7461956 -0.3679613 0.5547942 0.6917678 -0.462241 0.5547888 0.7460214 -0.4984934 0.4415387 0.6746255 -0.591645 0.4414031 0.591645 -0.6746255 0.4414031 0.4961466 -0.5657197 0.6586348 0.3668348 -0.4183064 0.8309343 0.2418905 -0.7126021 -0.6585493 0.4180955 -0.6257235 -0.6585333 0.4961865 -0.5658005 -0.6585353 0.4180965 -0.625724 -0.6585324 0.3968386 -0.8047155 -0.4415338 0.4189073 -0.8494668 -0.3208157 0.6745648 -0.5915934 -0.441565 0.7120954 -0.6245078 -0.3207957 0.6467336 -0.7374283 -0.1947699 0.7374283 -0.6467336 -0.1947698 0.8155603 -0.5449381 -0.194689 0.8155662 -0.5449352 -0.1946723 0.4338266 -0.8797069 0.1947052 0.4189231 -0.8494858 0.320745 0.1288969 -0.1469753 0.9807057 0.04321227 -0.04927057 0.9978502 0.2421546 -0.2123682 0.9467106 0.242148 -0.2123588 0.9467143 0.1753373 -0.08646575 0.9807041 0.1753356 -0.08646537 0.9807044 0.06206469 0.02106687 0.9978498 0.05878284 0.02898906 0.9978498 -0.02898683 0.0587802 0.9978501 -0.03641131 0.05449351 0.99785 -0.9449125 0.3207517 -0.06525958 -0.9957307 0.06525762 -0.06528158 -0.9807848 0.1950928 0 -0.9807848 0.1950928 0 -0.9288086 0.3152955 0.194688 -0.9289479 0.1847703 0.320805 -0.8968698 0.3044551 0.3208295 -0.625735 0.4181043 0.6585168 -0.2677979 0.1789327 0.946714 -0.2678019 0.1789371 0.946712 -0.9450973 -0.06194228 0.3208648 -0.7381136 0.1468339 0.6585045 -0.4626551 0.3091441 0.8308911 -0.4626378 0.3091382 0.830903 -0.02106308 -0.3213861 0.9467139 -0.02897424 -0.4420967 0.8964993 -0.05449675 -0.03641248 0.9978498 -0.04927647 -0.04321533 0.9978498 -0.06284353 -0.18512 0.9807045 -0.06284457 -0.1851316 0.9807022 -0.8494858 -0.4189231 0.3207449 -0.6467087 -0.7374501 0.1947699 -0.4984934 -0.7460214 0.4415387 -0.5657197 -0.4961466 0.6586347 -0.625563 -0.5485753 0.5547396 -0.591645 -0.6746255 0.4414031 -0.6579557 -0.750221 0.06529008 -0.7875295 -0.5262321 0.3207444 -0.1289008 -0.1469827 0.9807041 -0.08646536 -0.1753356 0.9807045 -0.3330946 -0.2921221 0.8965002 -0.33307 -0.2920866 0.896521 -0.4626378 -0.3091382 0.830903 -0.4183064 -0.3668348 0.8309343 -0.1753356 -0.08646537 0.9807044 -0.1753373 -0.08646575 0.9807041 -0.1950687 -0.01278411 0.9807063 -0.4345391 0.08643529 0.8964958 -0.9957289 -0.0652575 0.0653106 -0.288864 0.1424574 0.9467119 -0.7461956 -0.3679612 0.5547941 -0.8047172 -0.3968192 0.441548 -0.8494689 -0.4189138 -0.3208022 -0.6746088 -0.5915959 -0.4414944 -0.978697 -0.194662 0.06525983 -0.9620207 -0.1913451 0.1946874 -0.6257235 -0.4180955 -0.6585333 -0.6255431 -0.5485785 -0.554759 -0.2421524 -0.2123754 -0.9467095 -0.3683661 -0.2461361 -0.8965062 -0.7374634 -0.6467217 -0.194676 -0.7502439 -0.6579296 -0.06528912 -0.4189138 -0.8494689 -0.3208022 -0.5262004 -0.7875278 -0.320801 -0.4352796 -0.4963299 -0.7511247 -0.5915959 -0.6746088 -0.4414944 -0.3667659 -0.5488966 -0.7511294 -0.3668214 -0.4182907 -0.8309482 -0.142418 -0.4195499 -0.8964904 -0.1959562 -0.3973394 -0.8965058 -0.5449381 -0.8155603 -0.194689 -0.5449352 -0.8155662 -0.1946723 -0.3680011 -0.7462134 -0.5547439 -0.2418905 -0.7126021 -0.6585493 -0.3044471 -0.8968792 -0.3208107 -0.2884095 -0.8496265 -0.4415368 -0.241887 -0.7126215 -0.6585296 -0.1750423 -0.8800115 -0.44152 -0.75093 0.04921027 0.6585458 -0.6587061 -0.04316537 0.7511611 -0.4195312 -0.1424132 0.8964999 -0.5268824 -0.1788544 0.8309067 -0.5920639 -0.2919784 0.7511384 -0.6251133 -0.2121851 0.7511396 -0.6474341 -0.1287845 0.7511615 -0.75093 -0.04921027 0.6585458 0.4413607 0.8949535 -0.06526149 0.4338253 0.8797064 -0.194711 -0.6587532 -0.04317206 -0.7511195 -0.9288079 0.315285 -0.1947083 -0.8496265 0.2884095 -0.4415369 -0.9786927 0.1946766 -0.06528148 -0.5920788 0.2919798 -0.7511261 -0.7380946 0.1468193 -0.658529 -0.7462134 0.3680011 -0.5547439 -0.8496264 0.2884095 -0.4415369 -0.7120954 0.6245078 -0.3207958 -0.7875278 0.5262004 -0.320801 -0.4961865 0.5658005 -0.6585353 -0.2674448 0.7878663 -0.5547432 -0.6749391 0.3328455 -0.658537 -0.5920827 0.291985 -0.751121 -0.4963299 0.4352797 -0.7511247 -0.5488966 0.3667659 -0.7511294 -0.3667668 0.5489039 -0.7511236 -0.1788324 0.5267941 -0.8309674 -0.4984674 0.7460218 -0.4415672 -0.1468193 0.7380946 -0.658529 -0.5915934 0.6745648 -0.441565 -0.5915959 0.6746088 -0.4414944 0.2418905 0.7126021 -0.6585492 0.1623151 0.8160095 -0.5547814 0.2884095 0.8496265 -0.4415368 0.4189137 0.8494688 -0.3208022 0.4622416 0.6917853 -0.5547665 0.4984858 0.7460279 -0.4415364 0.3668214 0.4182907 -0.8309482 0.3090948 0.4625868 -0.8309475 -0.6244888 0.7120752 0.3208777 -0.5449363 0.8155593 0.1946985 -0.6579557 0.750221 0.06528996 -0.5543749 0.8297023 0.06528923 -0.3044551 0.8968698 0.3208295 -0.3679613 0.7461957 0.5547941 -0.5449336 0.8155721 0.1946523 -0.3207457 0.9449088 0.06534183 -0.7460214 0.4984934 0.4415387 -0.6917678 0.462241 0.5547888 -0.8494652 0.4188896 0.3208433 -0.8496106 0.2884123 0.4415655 -0.9620207 0.1913451 0.1946875 -0.7374519 0.6467441 0.1946456 -0.7120752 0.6244888 0.3208777 -0.05878285 0.02898907 0.9978498 -0.1469753 0.1288969 0.9807057 -0.05449674 0.03641248 0.9978498 -0.2919729 0.5920335 0.7511645 -0.1959353 0.3973025 0.8965267 -0.4183065 0.3668348 0.8309343 -0.3668348 0.4183065 0.8309343 -0.4961466 0.5657197 0.6586347 -0.5657197 0.4961466 0.6586347 -0.3968192 0.8047173 0.441548 -0.396819 0.8047084 0.4415643 0.3680011 -0.7462134 -0.5547439 0.2121966 -0.6251249 -0.7511269 -0.1788325 -0.5267942 -0.8309674 -0.2122214 -0.6251494 -0.7510994 0.04317207 -0.6587531 -0.7511196 0.03638351 -0.5551681 -0.830942 -0.1085252 -0.545632 -0.8309681 -0.08642973 -0.4345394 -0.8964962 -0.194662 -0.978697 0.06525984 -0.320763 -0.9449086 0.06525981 0.1847728 -0.9289413 0.3208223 0.1847703 -0.9289479 0.320805 -0.435205 -0.496291 0.7511936 -0.1085534 -0.5457198 0.8309068 -0.1287872 -0.6474395 0.7511565 -0.04316689 -0.6587104 0.7511573 -0.1623322 -0.8160213 0.554759 -0.1623081 -0.8159823 0.5548234 -0.2461081 -0.3683353 0.8965266 -0.2461166 -0.4990508 0.830888 -0.4189231 -0.8494858 0.320745 -0.462241 -0.6917678 0.5547888 0.0864346 -0.4345188 -0.8965057 0.08642973 -0.4345394 -0.8964962 -0.0864346 -0.4345188 -0.8965057 -0.02898331 -0.4420826 -0.8965059 -0.05878628 -0.02899099 -0.9978496 -0.0587845 -0.02899122 -0.9978496 -0.004285587 -0.06540608 -0.9978496 -0.004287794 -0.06540224 -0.9978498 -0.01278562 -0.06428853 -0.9978495 -0.2123754 -0.2421524 -0.9467095 -0.2123846 -0.2421827 -0.9466997 -0.3159248 -0.06283733 -0.9467011 -0.3214233 -0.02107278 -0.9467011 -0.1850937 -0.06283343 -0.9807101 -0.3049936 -0.1035357 -0.9467097 -0.04928046 -0.04321976 -0.9978494 -0.04927986 -0.04321968 -0.9978495 -0.1469582 -0.1288847 -0.98071 -0.6251249 -0.2121966 -0.7511269 -0.6749391 -0.3328455 -0.658537 -0.06206798 0.02107209 -0.9978494 -0.06206452 0.0210676 -0.9978498 -0.1625256 0.1085917 -0.9807106 -0.6474826 0.1287831 -0.75112 -0.6587531 0.04317207 -0.7511196 -0.2888722 -0.142458 -0.9467093 -0.1753074 -0.08645325 -0.9807105 -0.3973722 -0.1959572 -0.896491 -0.526816 -0.17883 -0.8309541 0.1688112 0 -0.9856484 0.02106713 0.06206829 -0.9978496 -0.02106862 0.3214156 -0.9467038 0.04927986 0.04321968 -0.9978495 0.04928046 0.04321976 -0.9978494 0.06283733 0.3159248 -0.9467011 0.04317207 0.6587531 -0.7511195 0.04317363 0.6587494 -0.7511226 -0.0363893 0.5551533 -0.8309516 -0.1085417 0.5456544 -0.8309513 -0.291985 0.5920827 -0.751121 -0.2919798 0.5920788 -0.7511261 -0.05867453 0.8953311 -0.4415196 -0.3968386 0.8047155 -0.4415339 -0.3090961 0.4625877 -0.8309466 -0.2461398 0.3683684 -0.8965043 -0.1085917 0.1625256 -0.9807106 -0.08645324 0.1753074 -0.9807105 -0.08642973 0.4345394 -0.8964962 0.04320931 -0.04927605 -0.9978502 -0.01278677 0.06428411 -0.9978498 -0.01278912 0.06428646 -0.9978495 -0.06206798 -0.02107209 -0.9978494 -0.06206452 -0.0210676 -0.9978498 -0.2421827 0.2123846 -0.9466997 -0.3330933 0.2921095 -0.8965048 -0.04928046 0.04321976 -0.9978494 -0.04927986 0.04321968 -0.9978495 -0.04321968 0.04927986 -0.9978495 -0.04321976 0.04928046 -0.9978494 -0.1850937 0.06283343 -0.9807101 -0.05878046 0.02898352 -0.9978501 0.4622418 0.691793 -0.5547567 0.4180955 0.6257235 -0.6585333 0.4963646 0.4352888 -0.7510965 0.4963299 0.4352797 -0.7511247 0.01278562 0.06428853 -0.9978495 -0.05449267 -0.0364109 -0.9978501 0.05449573 0.03641132 -0.9978499 0.05449756 0.03641571 -0.9978496 0.0587845 0.02899122 -0.9978496 0.05878628 0.02899099 -0.9978496 0.1789598 0.2678304 -0.9466996 0.2461361 0.3683661 -0.8965062 0.1035357 0.3049936 -0.9467097 0.1035337 0.3050135 -0.9467035 0.028991 0.05878628 -0.9978496 0.02899122 0.05878449 -0.9978496 0.1753074 0.08645324 -0.9807105 0.1753091 0.08645527 -0.98071 0.5920788 -0.2919798 -0.7511261 0.6251249 -0.2121966 -0.7511269 0.5489039 -0.3667668 -0.7511236 0.625724 -0.4180965 -0.6585324 0.7878474 -0.2674211 -0.5547815 0.7126215 -0.241887 -0.6585296 -0.4413571 0.8949543 -0.06527218 -0.4338378 0.8797072 -0.1946792 -0.1750444 0.8800319 0.4414785 -0.05868188 0.8953511 0.441478 -0.06195631 0.9451166 0.3208051 -0.1847703 0.9289479 0.320805 -0.03638542 0.5552332 0.8308985 -0.02106308 0.3213861 0.9467139 -0.04921027 0.75093 0.6585458 -0.2419101 0.7126367 0.6585047 -0.03814056 0.1917516 0.9807022 -0.02106581 0.3213705 0.9467192 -0.08646536 0.1753356 0.9807044 -0.3091441 0.4626551 0.8308911 -0.2919784 0.5920638 0.7511384 -0.2121851 0.6251134 0.7511396 0.5261814 0.7875069 0.3208833 0.3328474 0.67496 0.6585148 0.06414414 0.9787593 -0.1947196 0.1946698 0.9786955 -0.06525996 0.1913515 0.9620129 -0.1947198 0.05867453 0.8953311 -0.4415196 0.5915741 0.674594 0.4415463 0.5485739 0.6255593 0.5547452 0.3667206 0.5488394 0.7511932 0.435205 0.4962911 0.7511936 0.3049657 -0.1035245 0.9467199 0.3049617 -0.103522 0.9467215 0.3090961 -0.4625876 -0.8309466 0.2461398 -0.3683684 -0.8965043 0.1469542 -0.1288835 -0.9807107 0.1469582 -0.1288847 -0.98071 0.315285 -0.9288079 -0.1947083 0.3207517 -0.9449125 -0.06525957 0.2121851 -0.6251133 0.7511397 0.3091441 -0.4626551 0.8308911 0.05440579 -0.8302303 0.554759 0.04920939 -0.7509335 0.6585418 0.1086133 -0.1625517 0.9807038 0.02898907 -0.05878285 0.9978498 0.03814056 -0.1917517 0.9807022 0.06283294 -0.3158721 0.9467189 0.02106581 -0.3213705 0.9467192 0.03814099 -0.1917414 0.9807041 0.1424175 -0.4195379 0.8964961 0.08643529 -0.4345392 0.8964958 0.1788292 -0.5268444 0.8309364 0.2121839 -0.6250879 0.7511612 0.03638542 -0.5552332 0.8308984 0.1085588 -0.5457309 0.8308988 -0.06416302 -0.9787791 0.1946141 0.06416302 -0.9787791 0.1946141 0.2674655 -0.7878596 0.5547426 0.3679893 -0.7462221 0.55474 0.9449125 -0.3207517 -0.06525958 0.9288079 -0.315285 -0.1947084 0.591574 -0.674594 0.4415463 0.5485753 -0.625563 0.5547397 0.4353232 -0.4963673 0.7510747 0.435205 -0.496291 0.7511936 0.4961802 -0.5657721 -0.6585643 0.4352796 -0.4963299 -0.7511247 0.7460217 -0.4984674 -0.4415672 0.7875278 -0.5262004 -0.320801 0.04927647 -0.04321533 0.9978498 0.1469753 -0.1288969 0.9807057 0.288864 -0.1424574 0.9467119 0.2678019 -0.1789371 0.946712 0.1917517 0.03814056 0.9807022 0.06427362 0.01278441 0.9978504 -0.9787688 0.06415095 0.1946697 -0.9620233 0.1913491 0.1946708 -0.9787791 -0.06416302 0.1946141 -0.9450973 0.06194228 0.3208648 -0.5488621 0.3667473 0.7511637 -0.5920335 0.2919729 0.7511645 -0.4962911 0.435205 0.7511936 -0.4183478 0.3668554 0.8309045 -0.6587061 0.04316538 0.7511611 -0.3973569 0.1959471 0.8965001 -0.5457197 0.1085534 0.8309069 -0.7380801 0.1468153 0.6585462 -0.4195312 0.1424132 0.8964999 -0.4195379 0.1424175 0.8964961 -0.02106581 -0.3213705 0.9467192 -0.06283295 -0.3158722 0.946719 -0.8797172 -0.433823 0.194667 -0.8797069 -0.4338266 0.1947052 -0.7120759 -0.6244889 0.3208762 -0.7120752 -0.6244888 0.3208778 -0.7875069 -0.5261814 0.3208833 -0.7460159 -0.4984925 0.4415491 -0.5262321 -0.7875295 0.3207444 -0.5261814 -0.7875068 0.3208833 -0.6244889 -0.7120758 0.3208762 -0.6244888 -0.7120752 0.3208778 -0.1086102 -0.1625488 0.9807048 -0.1086133 -0.1625517 0.9807038 -0.2921221 -0.3330946 0.8965002 -0.2123682 -0.2421546 0.9467106 -0.5920336 -0.2919729 0.7511645 -0.4990508 -0.2461166 0.830888 -0.5488621 -0.3667473 0.7511636 -0.4626551 -0.3091441 0.8308911 -0.3973025 -0.1959353 0.8965266 -0.288864 -0.1424574 0.9467119 -0.3213705 -0.02106581 0.9467192 -0.3213861 -0.02106308 0.9467139 -0.8800319 -0.1750444 0.4414785 -0.9289414 -0.1847728 0.3208223 -0.8496106 -0.2884123 0.4415655 -0.849638 -0.2884383 0.4414958 -0.8047155 -0.3968386 -0.4415338 -0.6917853 -0.4622416 -0.5547665 -0.4963299 -0.4352796 -0.7511247 -0.5657722 -0.4961802 -0.6585643 -0.5543846 -0.8296983 -0.06525727 -0.7875273 -0.5262005 -0.3208019 -0.4984674 -0.7460217 -0.4415672 -0.5915934 -0.6745648 -0.441565 -0.3679858 -0.7462041 -0.5547664 -0.4622416 -0.6917853 -0.5547665 -0.691793 -0.4622418 -0.5547568 -0.7120955 -0.6245078 -0.3207958 -0.4961802 -0.5657722 -0.6585643 -0.4622418 -0.691793 -0.5547568 -0.4182907 -0.3668214 -0.8309482 -0.3330916 -0.2921058 -0.8965066 -0.2921095 -0.3330933 -0.8965048 -0.2460627 -0.4989678 -0.830954 -0.3207517 -0.9449125 -0.06525957 -0.315285 -0.9288079 -0.1947083 -0.4338378 -0.8797072 -0.1946792 -0.4338253 -0.8797064 -0.194711 -0.2121966 -0.6251249 -0.7511269 -0.2460629 -0.4989792 -0.830947 -0.1750342 -0.8800046 -0.4415371 -0.2884095 -0.8496264 -0.4415369 -0.5457309 -0.1085588 0.8308988 -0.4420854 -0.02897065 0.896505 -0.8953511 -0.05868188 0.441478 -0.5552358 0.03638491 0.8308967 -0.7381135 -0.1468339 0.6585045 -0.8160213 -0.1623322 0.5547589 -0.4420826 -0.02898331 -0.8965059 -0.7462134 -0.3680011 -0.5547439 -0.9957307 -0.06525762 -0.06528158 -0.8968806 -0.3044502 -0.3208039 -0.8968806 0.3044502 -0.3208039 -0.8968792 0.3044471 -0.3208107 -0.8302189 0.0544332 -0.5547736 -0.7509469 -0.04923575 -0.6585246 -0.3973722 0.1959572 -0.896491 -0.4989792 0.2460629 -0.830947 -0.4352888 0.4963646 -0.7510965 -0.4352797 0.4963299 -0.7511247 -0.4180965 0.625724 -0.6585324 -0.3680011 0.7462134 -0.5547438 -0.4189073 0.8494668 -0.3208157 -0.2884095 0.8496265 -0.4415368 -0.3207472 0.9449131 -0.06527289 -0.4413607 0.8949535 -0.06526149 -0.4189137 0.8494688 -0.3208022 -0.5262005 0.7875273 -0.3208018 0.3680011 0.7462134 -0.5547439 0.2674448 0.7878663 -0.5547432 0.4413571 0.8949543 -0.06527217 0.3207472 0.9449131 -0.06527289 0.4189073 0.8494668 -0.3208157 0.3044472 0.8968793 -0.3208107 0.2921095 0.3330933 -0.8965048 0.2921058 0.3330916 -0.8965067 -0.591645 0.6746255 0.4414031 -0.6746255 0.591645 0.4414031 -0.5543845 0.8296995 0.06524226 -0.4413614 0.8949548 0.06523694 -0.2674656 0.7878596 0.5547426 -0.2884383 0.849638 0.4414959 -0.8494858 0.4189231 0.3207449 -0.7875295 0.5262321 0.3207444 -0.9449088 0.3207457 0.06534183 -0.8968726 0.3044544 0.3208223 -0.8949581 0.4413389 0.0653448 -0.8949548 0.4413614 0.06523694 -0.6749843 0.3328709 0.6584779 -0.7878166 0.2674305 0.5548207 -0.8155593 0.5449363 0.1946985 -0.8797069 0.4338267 0.1947052 -0.2461167 0.4990509 0.830888 -0.2460666 0.4989934 0.8309373 -0.2920866 0.33307 0.896521 -0.33307 0.2920866 0.896521 -0.4984934 0.7460214 0.4415387 -0.4984925 0.7460159 0.4415491 0.3328461 -0.674928 -0.6585482 0.3328455 -0.6749391 -0.658537 -0.1959572 -0.3973722 -0.896491 -0.2919798 -0.5920788 -0.7511261 -0.08643529 -0.4345392 0.8964958 -0.08643625 -0.4345196 0.8965051 -0.1424175 -0.4195379 0.8964961 -0.1788544 -0.5268824 0.8309068 -0.4984924 -0.7460158 0.4415491 -0.4353232 -0.4963673 0.7510747 0.02898331 -0.4420826 -0.8965059 0.02897854 -0.4420952 -0.8964999 -0.1085417 -0.5456544 -0.8309513 -0.03638929 -0.5551534 -0.8309516 -0.01278677 -0.0642841 -0.9978498 -0.01278912 -0.06428646 -0.9978495 -0.038132 -0.1917045 -0.9807116 -0.06540224 -0.004287793 -0.9978498 -0.06540608 -0.004285587 -0.9978496 -0.1950457 -0.01278514 -0.9807108 -0.4195499 -0.142418 -0.8964904 -0.4195396 -0.1424083 -0.8964968 -0.004285587 0.06540608 -0.9978496 -0.004287793 0.06540224 -0.9978498 -0.1288847 -0.1469582 -0.98071 -0.04321968 -0.04927986 -0.9978495 -0.04321976 -0.04928046 -0.9978494 -0.3973394 -0.1959562 -0.8965058 -0.2421827 -0.2123846 -0.9466997 -0.1917045 -0.038132 -0.9807116 -0.06428646 -0.01278912 -0.9978495 -0.06428411 -0.01278677 -0.9978498 0.04927605 0.04320931 -0.9978502 -0.5456319 0.1085252 -0.8309681 -0.5267942 0.1788325 -0.8309674 -0.6251494 0.2122214 -0.7510995 -0.6475034 0.1287992 -0.7510993 -0.06283344 0.1850937 -0.9807101 -0.02107278 0.3214234 -0.9467011 -0.06283733 0.3159248 -0.9467011 -0.03813178 0.1917042 -0.9807117 -0.2121966 0.6251249 -0.7511269 -0.2418905 0.7126021 -0.6585492 -0.1623151 0.8160095 -0.5547814 -0.2674211 0.7878474 -0.5547815 -0.04923574 0.7509468 -0.6585245 -0.05441018 0.8302608 -0.554713 -0.1959562 0.3973394 -0.8965058 -0.2461361 0.3683661 -0.8965062 -0.04320931 0.04927605 -0.9978502 -0.3668216 0.4182908 -0.8309481 -0.4182908 0.3668216 -0.8309481 -0.3683661 0.2461361 -0.8965062 -0.2678304 0.1789598 -0.9466996 -0.3049936 0.1035357 -0.9467097 -0.3050135 0.1035337 -0.9467035 -0.3159176 0.06283901 -0.9467034 -0.1850872 0.06282724 -0.9807118 0.06283901 0.3159176 -0.9467034 0.03813178 0.1917042 -0.9807117 0.1085918 0.1625261 -0.9807105 0.1789452 0.2678213 -0.946705 0.06283344 0.1850937 -0.9807101 0.06282724 0.1850872 -0.9807118 -0.004286368 0.06539973 -0.99785 0.7878664 -0.2674448 -0.5547432 0.7462134 -0.3680011 -0.5547438 -0.1623322 0.8160213 0.5547588 -0.05440579 0.8302303 0.554759 -0.06283294 0.3158721 0.9467189 -0.1085588 0.5457309 0.8308988 -0.1468153 0.7380801 0.6585462 -0.1287845 0.6474342 0.7511615 -0.103522 0.3049617 0.9467215 -0.08643625 0.4345196 0.8965051 -0.2461081 0.3683353 0.8965266 -0.1959471 0.3973569 0.8965001 0.2674656 0.7878596 0.5547426 0.2884383 0.849638 0.4414959 0.06416485 0.9787696 -0.1946612 0.06525637 0.9957306 -0.0652853 0.2884095 0.8496264 -0.4415369 0.3044502 0.8968806 -0.3208039 0.06193718 0.9451169 -0.320808 0.1847706 0.9289468 -0.320808 -0.1847693 0.9289486 -0.3208032 -0.1750342 0.8800045 -0.4415371 0.4984934 0.7460214 0.4415387 0.3679894 0.7462221 0.55474 0.4345391 -0.08643528 0.8964958 0.3158645 -0.06282943 0.9467217 0.2461166 -0.4990508 0.830888 0.2919729 -0.5920335 0.7511645 0.1086102 -0.1625488 0.9807048 0.1789371 -0.2678019 0.946712 0.01278743 -0.1950793 0.9807041 0.01278411 -0.1950687 0.9807063 0.08646575 -0.1753373 0.9807041 0.06284457 -0.1851316 0.9807022 0.1287872 -0.6474394 0.7511565 0.04316689 -0.6587104 0.7511573 0.6255593 -0.5485739 0.5547451 0.674594 -0.591574 0.4415463 0.2920866 -0.33307 0.896521 0.33307 -0.2920866 0.896521 0.4626551 -0.3091441 0.8308911 0.5488621 -0.3667473 0.7511636 0.1625517 -0.1086133 0.9807038 0.1625488 -0.1086102 0.9807048 -0.7509335 0.04920939 0.6585417 -0.8800319 0.1750444 0.4414785 -0.5457309 0.1085588 0.8308988 -0.1950793 0.01278743 0.9807041 -0.7126618 0.2419105 0.6584774 -0.6474394 0.1287872 0.7511564 -0.3683353 0.2461081 0.8965266 -0.4989934 0.2460666 0.8309373 -0.7460214 -0.4984934 0.4415387 -0.674594 -0.591574 0.4415463 -0.7502534 -0.6579365 0.06511163 -0.7374501 -0.6467087 0.1947699 -0.4195379 -0.1424175 0.8964961 -0.3049656 -0.1035245 0.9467199 -0.1950687 0.01278411 0.9807063 -0.06539669 0.004285867 0.9978501 -0.9451166 -0.06195631 0.3208051 -0.9289479 -0.1847703 0.320805 -0.8797064 -0.4338253 -0.194711 -0.8797072 -0.4338378 -0.1946792 -0.7875278 -0.5262004 -0.320801 -0.8155662 -0.5449352 -0.1946723 -0.7878473 -0.2674211 -0.5547815 -0.7460279 -0.4984858 -0.4415364 -0.625724 -0.4180965 -0.6585324 -0.4989792 -0.2460629 -0.830947 -0.4963646 -0.4352887 -0.7510965 -0.4352887 -0.4963646 -0.7510965 -0.6467336 -0.7374283 -0.1947698 -0.6245167 -0.7120959 -0.3207779 -0.6579296 -0.7502439 -0.06528912 -0.5543749 -0.8297023 -0.0652882 -0.3328461 -0.674928 -0.6585482 -0.3328455 -0.6749391 -0.658537 -0.2678304 -0.1789598 -0.9466996 -0.4989678 -0.2460627 -0.830954 -0.2921058 -0.3330916 -0.8965066 -0.4961865 -0.5658005 -0.6585353 -0.3090961 -0.4625876 -0.8309466 -0.2461398 -0.3683684 -0.8965043 -0.2674211 -0.7878473 -0.5547815 -0.2674448 -0.7878664 -0.5547432 -0.6587103 -0.04316689 0.7511573 -0.6474394 -0.1287872 0.7511565 -0.9787593 -0.06414414 -0.1947196 -0.9288079 -0.315285 -0.1947083 -0.9787696 0.06416485 -0.1946612 -0.9786955 0.1946698 -0.06525996 -0.4338253 0.8797064 -0.1947111 -0.3152853 0.9288075 -0.1947096 -0.1750423 0.8800115 -0.4415201 -0.05867448 0.8953311 -0.4415195 -0.3328455 0.6749391 -0.658537 -0.3328461 0.674928 -0.6585482 -0.4338267 0.8797069 0.1947052 -0.4189231 0.8494858 0.3207449 -0.1623081 0.8159823 0.5548234 -0.2674305 0.7878166 0.5548207 -0.8047084 0.396819 0.4415643 -0.7460159 0.4984925 0.4415491 -0.9449086 0.320763 0.06525978 -0.9288098 0.3152981 0.194678 -0.8047173 0.3968192 0.441548 -0.7462221 0.3679894 0.55474 0.004286868 -0.06539105 0.9978505 -0.2419101 -0.7126367 0.6585047 -0.2674305 -0.7878166 0.5548206 -0.1959471 -0.3973569 0.8965001 -0.1424132 -0.4195312 0.8964999 -0.7509127 0.0492139 -0.6585651 -0.5920788 -0.2919798 -0.7511261 -0.1917042 -0.03813178 -0.9807117 -0.1850872 -0.06282724 -0.9807118 -0.7509127 -0.04921389 -0.6585651 -0.7380995 0.1468178 -0.658524 -0.7126021 0.2418905 -0.6585493 -0.7126215 0.241887 -0.6585296 -0.038132 0.1917045 -0.9807116 -0.06282724 0.1850872 -0.9807118 -0.1688913 0 -0.9856347 -0.02106713 0.06206829 -0.9978496 -0.0210676 0.06206452 -0.9978498 -0.02107209 0.06206798 -0.9978494 0.004286368 0.06539973 -0.99785 0.01278696 0.195041 -0.9807117 0.02898352 0.05878046 -0.9978501 -0.2460627 0.4989678 -0.830954 -0.17883 0.526816 -0.8309541 -0.0544332 0.8302189 -0.5547736 -0.1623129 0.8160154 -0.5547734 -0.1917042 0.03813178 -0.9807117 -0.1917045 0.038132 -0.9807116 -0.05449755 0.03641571 -0.9978496 -0.05449573 0.03641133 -0.9978499 -0.1625261 0.1085918 -0.9807104 0.1085917 0.1625256 -0.9807106 0.08645324 0.1753074 -0.9807105 0.1469582 0.1288847 -0.98071 -0.1424132 0.4195312 0.8964999 -0.1788545 0.5268824 0.8309067 -0.02897065 0.4420854 0.896505 -0.02897424 0.4420967 0.8964993 -0.1789371 0.2678019 0.946712 -0.1789327 0.2677979 0.946714 -0.06193718 0.9451169 -0.320808 -0.1847706 0.9289467 -0.3208079 0.462241 0.6917678 0.5547888 0.462249 0.691802 0.5547393 0.4188896 0.8494652 0.3208433 0.4189231 0.8494858 0.3207449 0.1788544 -0.5268824 0.8309067 0.1424132 -0.4195312 0.8964999 0.08646537 -0.1753356 0.9807044 0.1424419 -0.2888456 0.9467199 -0.7509335 -0.04920939 0.6585418 -0.8302304 -0.05440579 0.554759 -0.4420854 0.02897065 0.896505 -0.5552332 0.03638542 0.8308985 -0.6250878 0.2121839 0.7511612 -0.6251134 0.2121851 0.7511396 -0.8302303 0.05440579 0.554759 -0.7126367 0.2419101 0.6585047 -0.5268824 0.1788545 0.8309067 -0.5268444 0.1788292 0.8309364 -0.691802 -0.462249 0.5547393 -0.6255593 -0.5485739 0.5547451 -0.7374519 -0.646744 0.1946456 -0.8155721 -0.5449336 0.1946523 -0.9787688 -0.06415095 0.1946697 -0.9957269 -0.06526242 0.06533573 -0.7460217 -0.4984674 -0.4415672 -0.6745648 -0.5915934 -0.441565 -0.7374283 -0.6467336 -0.1947698 -0.7120959 -0.6245167 -0.3207779 -0.8496265 -0.2884095 -0.4415368 -0.7878664 -0.2674448 -0.5547432 -0.5489039 -0.3667668 -0.7511236 -0.5488966 -0.3667659 -0.7511294 -0.4180955 -0.6257235 -0.6585333 -0.4180965 -0.625724 -0.6585324 -0.3668217 -0.4182909 -0.8309481 -0.4182909 -0.3668217 -0.8309481 -0.3683684 -0.2461398 -0.8965043 -0.3330933 -0.2921095 -0.8965048 -0.8160094 -0.1623151 -0.5547813 -0.8160154 -0.1623129 -0.5547734 -0.9787696 -0.06416485 -0.1946612 -0.8800046 -0.1750342 -0.4415371 -0.9787593 0.06414414 -0.1947196 -0.9620129 -0.1913515 -0.1947198 -0.8800116 0.1750423 -0.4415201 -0.8800046 0.1750342 -0.441537 -0.3968391 0.8047131 -0.4415378 -0.3679858 0.7462041 -0.5547664 -0.4622418 0.691793 -0.5547567 -0.4180955 0.6257235 -0.6585333 -0.7878596 0.2674656 0.5547426 -0.849638 0.2884383 0.4414959 -0.3679893 -0.7462221 0.55474 -0.2674655 -0.7878596 0.5547426 -0.4961466 -0.5657197 0.6586348 -0.3328474 -0.67496 0.6585148 -0.142442 -0.2888457 0.9467199 -0.1035245 -0.3049657 0.9467199 -0.2460667 -0.4989935 0.8309373 -0.1788292 -0.5268444 0.8309364 -0.8953311 0.05867453 -0.4415196 -0.8302608 0.05441017 -0.554713 -0.5456544 -0.1085417 -0.8309513 -0.4345188 -0.08643459 -0.8965057 -0.8800115 -0.1750423 -0.44152 -0.7509469 0.04923575 -0.6585246 -0.1035337 0.3050135 -0.9467035 -0.1035357 0.3049936 -0.9467097 0.03641089 0.05449266 -0.9978501 0.004287794 0.06540224 -0.9978498 0.004285587 0.06540608 -0.9978496 0.01278912 0.06428646 -0.9978495 0.01278677 0.0642841 -0.9978498 -0.8953108 -0.05865987 0.4415628 -0.8953108 0.05865987 0.4415628 -0.5552332 -0.03638542 0.8308984 -0.5552358 -0.03638491 0.8308967 -0.3158646 0.06282943 0.9467217 -0.3213705 0.02106581 0.9467192 -0.8160213 0.1623322 0.5547588 -0.8159823 0.1623081 0.5548234 -0.2888457 0.1424419 0.9467199 -0.3049657 0.1035245 0.9467199 -0.6257457 -0.4181074 0.6585047 -0.5658324 -0.4961957 0.658501 -0.7462041 -0.3679858 -0.5547664 -0.8047131 -0.3968391 -0.4415378 -0.5920827 -0.291985 -0.751121 -0.545632 -0.1085252 -0.8309681 -0.9289486 -0.1847693 -0.3208032 -0.8496264 -0.2884095 -0.4415369 -0.9288075 -0.3152853 -0.1947096 -0.8968792 -0.3044471 -0.3208107 -0.8953311 -0.05867448 -0.4415195 -0.8953311 -0.05867453 -0.4415196 -0.9451169 0.06193718 -0.320808 -0.9957306 0.06525637 -0.0652853 -0.9289468 0.1847706 -0.320808 -0.9620159 0.1913482 -0.1947086 -0.2884096 0.8496265 -0.4415369 -0.3044502 0.8968806 -0.3208039 -0.3679613 -0.7461956 0.5547942 -0.3968192 -0.8047173 0.441548 -0.4961957 -0.5658323 0.658501 -0.4181074 -0.6257457 0.6585048 -0.3667206 -0.5488394 0.7511932 -0.2919729 -0.5920335 0.7511645 -0.6475033 -0.1287992 -0.7510993 -0.7380946 -0.1468193 -0.658529 -0.4420952 0.02897854 -0.8964999 -0.5551534 0.0363893 -0.8309516 -0.8302608 -0.05441017 -0.554713 -0.8302189 -0.0544332 -0.5547736 -0.9787791 0.06416302 0.1946141 -0.9451166 0.06195631 0.3208051 -0.8302574 0.05439765 0.5547192 -0.8302575 -0.05439765 0.5547192 -0.3158721 0.06283294 0.9467189 -0.1917414 0.03814099 0.9807041 -0.4420966 0.02897424 0.8964993 -0.3213861 0.02106308 0.9467139 -0.7126021 -0.2418905 -0.6585493 -0.674928 -0.3328461 -0.6585482 -0.9786955 -0.1946698 -0.06525997 -0.9449125 -0.3207517 -0.06525957 -0.9289467 -0.1847706 -0.3208079 -0.9451169 -0.06193718 -0.320808 -0.5485739 -0.6255593 0.5547452 -0.5485753 -0.625563 0.5547397 -0.3667473 -0.5488622 0.7511637 -0.3091441 -0.4626551 0.8308911 -0.6251494 -0.2122214 -0.7510994 -0.5267942 -0.1788325 -0.8309674 -0.5551681 -0.03638351 -0.830942 -0.5551681 0.03638351 -0.830942 -0.6587494 -0.04317363 -0.7511226 -0.6587494 0.04317363 -0.7511226 0.5000002 0 -0.8660252 0.5000002 0 -0.8660252 0.5000002 0 -0.8660252 0 -1 0 -0 -1 0 0.9961954 0.08714694 0 0.9961954 0.08714694 0 1 -0 0 1 0 0 0.5041378 0.01197414 0.8635402 0.5041426 0.01196869 0.8635375 0.5041233 0.01200857 0.8635482 0.5057364 0 -0.8626881 0.4985628 0.07577287 -0.8635355 0.4985425 0.07574045 -0.8635501 0.4932767 0.0821413 -0.8659855 0.4931745 0.08233831 -0.866025 1 -0 0 1 0 0 0.5057364 0 -0.8626881 0.4999948 0.004635178 0.866016 0.5000002 0 0.8660252 0.5000002 -0 0.8660252 0.5000002 0 0.8660252 0.965924 0.258826 0 0.965924 0.258826 0 1 -0 0 1 0 0 0.4568047 0 0.889567 0.491584 0.09135811 0.8660248 0.1388847 0 0.9903086 0.5234747 0 0.8520412 0.5234747 -0 0.8520412 0.4943862 0.09933945 0.8635473 0.4945382 0.09972961 0.8634154 0.4943876 0.09933829 0.8635467 0.4714506 0.1666338 -0.8660067 0.4778309 0.1611251 -0.8635487 0.4778508 0.1611769 -0.8635281 0.4775051 0.1614535 -0.8636676 0.4425929 0.2417326 -0.8635259 0.4425997 0.2416369 -0.8635491 0.4426164 0.2417162 -0.8635184 0.4696346 0.1836882 0.8635404 0.4696561 0.1836768 0.8635311 0.4353088 0.2460301 -0.8660112 0.4682423 0.1753562 0.8660251 0.4682436 0.1753273 0.8660302 0.9063019 0.4226311 0 0.9063019 0.4226311 0 0.4306057 0.2624321 0.863544 0.4306208 0.2624271 0.8635379 0.430575 0.2624582 0.8635514 0.8191605 0.5735645 0 0.8191605 0.5735645 0 0.3939132 0.3148669 -0.8635342 0.3939138 0.314884 -0.8635277 0.430687 0.2540347 0.866011 0.3859761 0.3178607 -0.8660179 0.3860279 0.3178276 -0.866007 0.3800452 0.3249052 0.8660267 0.7071068 0.7071068 0 0.7071068 0.7071068 0 0.3249051 0.3800452 -0.8660267 0.3332442 0.3785096 -0.8635269 0.3332496 0.3784758 -0.8635396 0.3336622 0.3784127 -0.863408 0.3784759 0.3332496 0.8635397 0.3784127 0.3336622 0.863408 0.3785096 0.3332442 0.8635269 0.314884 0.3939138 0.8635277 0.3148669 0.3939132 0.8635342 0.5735645 0.8191605 0 0.5735645 0.8191605 0 0.2624582 0.430575 -0.8635514 0.2624271 0.4306209 -0.8635378 0.2624321 0.4306057 -0.863544 0.3178276 0.3860279 0.866007 0.3178607 0.3859761 0.8660179 0.2540348 0.430687 -0.866011 0.4226311 0.9063019 0 0.4226311 0.9063019 0 0 1 -0 0 1 0 0.2417162 0.4426164 0.8635184 0.2416369 0.4425997 0.8635491 0.2417326 0.4425929 0.8635259 0.2460301 0.4353088 0.8660112 0.1836768 0.4696561 -0.8635311 0.1836882 0.4696346 -0.8635404 0 0.5234747 -0.8520412 0 0.5234747 -0.8520412 0.1753273 0.4682436 -0.8660302 0.1753562 0.4682423 -0.8660251 0.1666338 0.4714506 0.8660066 0.258826 0.965924 0 0.258826 0.965924 0 0 0.505621 0.8627557 0.1614535 0.4775051 0.8636676 0.1611769 0.4778508 0.8635281 0.1611251 0.4778309 0.8635487 -0 0.5057364 0.8626881 0 1 -0 0 1 0 0.09933829 0.4943876 -0.8635467 0.09972961 0.4945382 -0.8634154 0.09933945 0.4943862 -0.8635473 0 0.1417505 -0.9899024 0 0.4568047 -0.889567 0.09135808 0.491584 -0.8660248 0 0.5000002 -0.8660252 0 0.5000002 -0.8660252 0 0.5000002 -0.8660252 0.08714694 0.9961954 0 0.08714694 0.9961954 0 0.07574045 0.4985425 0.8635501 0.07577287 0.4985628 0.8635355 0 1 -0 0 1 0 0.01200857 0.5041233 -0.8635482 0.01196871 0.5041426 -0.8635375 0.01197414 0.5041378 -0.8635402 0.00463519 0.4999948 -0.866016 0.08233831 0.4931745 0.866025 0.0821413 0.4932767 0.8659855 0 0.5000002 0.8660252 -0 0.5000002 0.8660252 0 0.5000002 0.8660252 -0.07577287 0.4985628 -0.8635355 -0.07574045 0.4985425 -0.8635501 -0.01197414 0.5041378 0.8635402 -0.01196871 0.5041426 0.8635375 -0.01200857 0.5041233 0.8635482 0 1 -0 0 1 0 -0.0821413 0.4932767 -0.8659855 -0.08233831 0.4931745 -0.866025 0 0.5057364 -0.8626881 0 0.5057364 -0.8626881 -0.004635178 0.4999948 0.866016 -0.08714694 0.9961954 0 -0.08714694 0.9961954 0 0 1 -0 0 1 0 -0 0.4568047 0.889567 -0.09135811 0.491584 0.8660248 0 0.1388847 0.9903086 -0 0.5234747 0.8520412 0 0.5234747 0.8520412 -0.09972961 0.4945382 0.8634154 -0.09933946 0.4943862 0.8635473 -0.09933829 0.4943876 0.8635467 -0.1666338 0.4714506 -0.8660067 -0.1611251 0.4778309 -0.8635487 -0.1614535 0.4775051 -0.8636676 -0.1611769 0.4778507 -0.8635281 -0.258826 0.965924 0 -0.258826 0.965924 0 -0.2417326 0.4425929 -0.8635259 -0.2416369 0.4425997 -0.8635491 -0.2417162 0.4426164 -0.8635184 -0.1836882 0.4696346 0.8635404 -0.1836768 0.4696561 0.8635311 -0.2460301 0.4353088 -0.8660112 -0.1753562 0.4682423 0.8660251 -0.1753273 0.4682436 0.8660302 -0.4226311 0.9063019 0 -0.4226311 0.9063019 0 -0.2624321 0.4306057 0.863544 -0.2624271 0.4306209 0.8635378 -0.2624582 0.430575 0.8635514 -0.5735645 0.8191605 0 -0.5735645 0.8191605 0 -0.3148669 0.3939132 -0.8635342 -0.314884 0.3939138 -0.8635277 -0.2540347 0.430687 0.866011 -0.3178607 0.3859761 -0.8660179 -0.3178276 0.3860279 -0.866007 -0.3249051 0.3800452 0.8660268 -0.7071068 0.7071068 0 -0.7071068 0.7071068 0 -0.3800452 0.3249051 -0.8660268 -0.3785096 0.3332442 -0.8635269 -0.3784127 0.3336622 -0.863408 -0.3784759 0.3332496 -0.8635397 -0.3336622 0.3784127 0.863408 -0.3332496 0.3784758 0.8635396 -0.3332442 0.3785096 0.8635269 -0.3939138 0.314884 0.8635277 -0.3939132 0.3148669 0.8635342 -0.8191605 0.5735645 0 -0.8191605 0.5735645 0 -0.430575 0.2624582 -0.8635514 -0.4306209 0.2624271 -0.8635378 -0.4306057 0.2624321 -0.863544 -0.3859761 0.3178607 0.8660179 -0.3860279 0.3178276 0.866007 -0.430687 0.2540348 -0.866011 -0.9063019 0.4226311 0 -0.9063019 0.4226311 0 -0.4426164 0.2417162 0.8635184 -0.4425997 0.2416369 0.8635491 -0.4425929 0.2417326 0.8635259 -0.4353088 0.2460301 0.8660112 -0.4696561 0.1836768 -0.8635311 -0.4696346 0.1836882 -0.8635404 -1 0 0 -1 -0 0 -0.5234747 0 -0.8520412 -0.5234747 -0 -0.8520412 -0.4682436 0.1753273 -0.8660302 -0.4682423 0.1753562 -0.8660251 -0.4714506 0.1666338 0.8660067 -0.965924 0.258826 0 -0.965924 0.258826 0 -0.5057364 0 0.8626881 -0.4775051 0.1614535 0.8636676 -0.4778508 0.1611769 0.8635281 -0.4778309 0.1611251 0.8635487 -0.5057364 0 0.8626881 -1 0 0 -1 -0 0 -0.4943876 0.09933829 -0.8635467 -0.4945382 0.09972961 -0.8634154 -0.4943862 0.09933945 -0.8635473 -0.1417505 0 -0.9899024 -0.4568047 -0 -0.889567 -0.491584 0.09135808 -0.8660248 0 0 0 -0.5000002 0 -0.8660252 -0.5000002 0 -0.8660252 -0.9961954 0.08714694 0 -0.9961954 0.08714694 0 -0.4985425 0.07574045 0.8635501 -0.4985628 0.07577287 0.8635355 -1 0 0 -1 -0 0 -0.5041233 0.01200857 -0.8635482 -0.5041426 0.01196871 -0.8635375 -0.5041378 0.01197414 -0.8635402 -0.4999948 0.004635188 -0.866016 -0.4932767 0.0821413 0.8659855 -0.4931745 0.08233831 0.866025 0 0 0 -0.5000002 0 0.8660252 -0.5000002 0 0.8660252 -0.4985425 -0.07574045 -0.8635501 -0.4985628 -0.07577287 -0.8635355 -0.5041233 -0.01200857 0.8635482 -0.5041426 -0.01196871 0.8635375 -0.5041378 -0.01197414 0.8635402 -1 0 0 -1 -0 0 -0.4932767 -0.0821413 -0.8659855 -0.4931745 -0.08233831 -0.866025 -0.5057364 -0 -0.8626881 -0.5057364 0 -0.8626881 -0.4999948 -0.004635188 0.866016 -0.9961954 -0.08714694 0 -0.9961954 -0.08714694 0 -0.965924 -0.258826 0 -0.965924 -0.258826 0 -1 0 0 -1 -0 0 -0.4568047 0 0.889567 -0.491584 -0.09135808 0.8660248 -0.1417505 0 0.9899024 -0.5234747 0 0.8520412 -0.5234747 0 0.8520412 -0.4943876 -0.09933829 0.8635467 -0.4945382 -0.09972961 0.8634154 -0.4943862 -0.09933945 0.8635473 -0.4714506 -0.1666338 -0.8660067 -0.4775051 -0.1614535 -0.8636676 -0.4778508 -0.1611769 -0.8635281 -0.4778309 -0.1611251 -0.8635487 -0.4426164 -0.2417162 -0.8635184 -0.4425997 -0.2416369 -0.8635491 -0.4425929 -0.2417326 -0.8635259 -0.4696561 -0.1836768 0.8635311 -0.4696346 -0.1836882 0.8635404 -0.4353088 -0.2460301 -0.8660112 -0.4682436 -0.1753273 0.8660302 -0.4682423 -0.1753562 0.8660251 -0.9063019 -0.4226311 0 -0.9063019 -0.4226311 0 -0.430575 -0.2624582 0.8635514 -0.4306209 -0.2624271 0.8635378 -0.4306057 -0.2624321 0.863544 -0.8191605 -0.5735645 0 -0.8191605 -0.5735645 0 -0.3939138 -0.314884 -0.8635277 -0.3939132 -0.3148669 -0.8635342 -0.430687 -0.2540348 0.866011 -0.3859761 -0.3178607 -0.8660179 -0.3860279 -0.3178276 -0.866007 -0.3800452 -0.3249051 0.8660268 -0.7071068 -0.7071068 0 -0.7071068 -0.7071068 0 -0.3249051 -0.3800452 -0.8660268 -0.3336622 -0.3784127 -0.863408 -0.3332496 -0.3784758 -0.8635396 -0.3332442 -0.3785096 -0.8635269 -0.3785096 -0.3332442 0.8635269 -0.3784127 -0.3336622 0.863408 -0.3784759 -0.3332496 0.8635397 -0.3148669 -0.3939132 0.8635342 -0.314884 -0.3939138 0.8635277 -0.5735645 -0.8191605 0 -0.5735645 -0.8191605 0 -0.2624321 -0.4306057 -0.863544 -0.2624271 -0.4306209 -0.8635378 -0.2624582 -0.430575 -0.8635514 -0.3178607 -0.3859761 0.8660179 -0.3178276 -0.3860279 0.866007 -0.2540347 -0.430687 -0.866011 -0.4226311 -0.9063019 0 -0.4226311 -0.9063019 0 -0.2417326 -0.4425929 0.8635259 -0.2416369 -0.4425997 0.8635491 -0.2417162 -0.4426164 0.8635184 -0.2460301 -0.4353088 0.8660112 -0.1836882 -0.4696346 -0.8635404 -0.1836768 -0.4696561 -0.8635311 0 -1 0 0 -1 -0 0 -0.5234747 -0.8520412 -0 -0.5234747 -0.8520412 -0.1753562 -0.4682423 -0.8660251 -0.1753273 -0.4682436 -0.8660302 -0.1666338 -0.4714506 0.8660067 0 -0.5057364 0.8626881 -0.1611251 -0.4778309 0.8635487 -0.1614535 -0.4775051 0.8636676 -0.1611769 -0.4778507 0.8635281 0 -0.5057364 0.8626881 0 -1 0 0 -1 -0 -0.09972961 -0.4945382 -0.8634154 -0.09933946 -0.4943862 -0.8635473 -0.09933829 -0.4943876 -0.8635467 0 -0.1388847 -0.9903086 0 -0.4568047 -0.889567 -0.09135811 -0.491584 -0.8660248 -0.258826 -0.965924 0 -0.258826 -0.965924 0 0 -0.5000002 -0.8660252 0 -0.5000002 -0.8660252 -0 -0.5000002 -0.8660252 -0.07577287 -0.4985628 0.8635355 -0.07574045 -0.4985425 0.8635501 0 -1 0 0 -1 -0 -0.01197414 -0.5041378 -0.8635402 -0.01196871 -0.5041426 -0.8635375 -0.01200857 -0.5041233 -0.8635482 -0.004635178 -0.4999948 -0.866016 -0.08714694 -0.9961954 0 -0.08714694 -0.9961954 0 -0.0821413 -0.4932767 0.8659855 -0.08233831 -0.4931745 0.866025 0 -0.5000002 0.8660252 0 -0.5000002 0.8660252 0 -0.5000002 0.8660252 0.07574045 -0.4985425 -0.8635501 0.07577287 -0.4985628 -0.8635355 0.01200857 -0.5041233 0.8635482 0.01196871 -0.5041426 0.8635375 0.01197414 -0.5041378 0.8635402 0.08233831 -0.4931745 -0.866025 0.0821413 -0.4932767 -0.8659855 0 -0.5057364 -0.8626881 0 -1 0 0 -1 -0 0 -0.505621 -0.8627557 0.004635188 -0.4999948 0.866016 0.08714694 -0.9961954 0 0.08714694 -0.9961954 0 0.258826 -0.965924 0 0.258826 -0.965924 0 0 -1 0 0 -1 -0 0 -0.4568047 0.889567 0.09135808 -0.491584 0.8660248 0 -0.1417505 0.9899024 0 -0.5234747 0.8520412 0 -0.5234747 0.8520412 0.09933829 -0.4943876 0.8635467 0.09972961 -0.4945382 0.8634154 0.09933945 -0.4943862 0.8635473 0.1666338 -0.4714506 -0.8660066 0.1614535 -0.4775051 -0.8636676 0.1611769 -0.4778508 -0.8635281 0.1611251 -0.4778309 -0.8635487 0.2417162 -0.4426164 -0.8635184 0.2416369 -0.4425997 -0.8635491 0.2417326 -0.4425929 -0.8635259 0.1836768 -0.4696561 0.8635311 0.1836882 -0.4696346 0.8635404 0.2460301 -0.4353088 -0.8660112 0.1753273 -0.4682436 0.8660302 0.1753562 -0.4682423 0.8660251 0.4226311 -0.9063019 0 0.4226311 -0.9063019 0 0.2624582 -0.430575 0.8635514 0.2624271 -0.4306209 0.8635378 0.2624321 -0.4306057 0.863544 0.5735645 -0.8191605 0 0.5735645 -0.8191605 0 0.314884 -0.3939138 -0.8635277 0.3148669 -0.3939132 -0.8635342 0.2540348 -0.430687 0.866011 0.3178276 -0.3860279 -0.866007 0.3178607 -0.3859761 -0.8660179 0.3249051 -0.3800452 0.8660267 0.7071068 -0.7071068 0 0.7071068 -0.7071068 0 0.3800452 -0.3249052 -0.8660267 0.3784759 -0.3332496 -0.8635397 0.3784127 -0.3336622 -0.863408 0.3785096 -0.3332442 -0.8635269 0.3332442 -0.3785096 0.8635269 0.3332496 -0.3784758 0.8635396 0.3336622 -0.3784127 0.863408 0.3939132 -0.3148669 0.8635342 0.3939138 -0.314884 0.8635277 0.8191605 -0.5735645 0 0.8191605 -0.5735645 0 0.4306057 -0.2624321 -0.863544 0.4306208 -0.2624271 -0.8635379 0.430575 -0.2624582 -0.8635514 0.3859761 -0.3178607 0.8660179 0.3860279 -0.3178276 0.866007 0.430687 -0.2540347 -0.866011 0.9063019 -0.4226311 0 0.9063019 -0.4226311 0 0.4425929 -0.2417326 0.8635259 0.4425997 -0.2416369 0.8635491 0.4426164 -0.2417162 0.8635184 0.4353088 -0.2460301 0.8660112 0.4696346 -0.1836882 -0.8635404 0.4696561 -0.1836768 -0.8635311 1 -0 0 1 0 0 0.5234747 0 -0.8520412 0.5234747 0 -0.8520412 0.4682423 -0.1753562 -0.8660251 0.4682436 -0.1753273 -0.8660302 0.4714506 -0.1666338 0.8660067 0.965924 -0.258826 0 0.965924 -0.258826 0 0.5057364 0 0.8626881 0.4778309 -0.1611251 0.8635487 0.4778508 -0.1611769 0.8635281 0.4775051 -0.1614535 0.8636676 0.5057364 0 0.8626881 1 -0 0 1 0 0 0.4943862 -0.09933945 -0.8635473 0.4945382 -0.09972961 -0.8634154 0.4943876 -0.09933829 -0.8635467 0.1388847 0 -0.9903086 0.4568047 0 -0.889567 0.491584 -0.09135811 -0.8660248 0.4985628 -0.07577287 0.8635355 0.4985425 -0.07574045 0.8635501 1 -0 0 1 0 0 0.5041378 -0.01197414 -0.8635402 0.5041426 -0.01196869 -0.8635375 0.5041233 -0.01200857 -0.8635482 0.4999948 -0.004635178 -0.866016 0.5000002 0 -0.8660252 0.5000002 0 -0.8660252 0.5000002 0 -0.8660252 0.9961954 -0.08714694 0 0.9961954 -0.08714694 0 0.4932767 -0.0821413 0.8659855 0.4931745 -0.08233831 0.866025 0.5000002 0 0.8660252 0.5000002 -0 0.8660252 0.5000002 0 0.8660252 0.9961954 0.08714694 0 0.9961954 0.08714694 0 0.5041378 0.01197414 0.8635402 0.5041426 0.01196869 0.8635375 0.5041233 0.01200857 0.8635482 0.5057364 0 -0.8626881 0.4985628 0.07577287 -0.8635355 0.4985425 0.07574045 -0.8635501 0.4932767 0.0821413 -0.8659855 0.4931745 0.08233831 -0.866025 1 -0 0 1 0 0 0.5057364 0 -0.8626881 0.4999948 0.004635178 0.866016 0.965924 0.258826 0 0.965924 0.258826 0 1 -0 0 1 0 0 0.4568047 0 0.889567 0.491584 0.09135811 0.8660248 0.1388847 0 0.9903086 0.5234747 0 0.8520412 0.5234747 -0 0.8520412 0.4943862 0.09933945 0.8635473 0.4945382 0.09972961 0.8634154 0.4943876 0.09933829 0.8635467 0.4714506 0.1666338 -0.8660067 0.4778309 0.1611251 -0.8635487 0.4778508 0.1611769 -0.8635281 0.4775051 0.1614535 -0.8636676 0.4425929 0.2417326 -0.8635259 0.4425997 0.2416369 -0.8635491 0.4426164 0.2417162 -0.8635184 0.4696346 0.1836882 0.8635404 0.4696561 0.1836768 0.8635311 0.4353088 0.2460301 -0.8660112 0.4682423 0.1753562 0.8660251 0.4682436 0.1753273 0.8660302 0.9063019 0.4226311 0 0.9063019 0.4226311 0 0.4306057 0.2624321 0.863544 0.4306208 0.2624271 0.8635379 0.430575 0.2624582 0.8635514 0.8191605 0.5735645 0 0.8191605 0.5735645 0 0.3939132 0.3148669 -0.8635342 0.3939138 0.314884 -0.8635277 0.430687 0.2540347 0.866011 0.3859761 0.3178607 -0.8660179 0.3860279 0.3178276 -0.866007 0.3800452 0.3249052 0.8660267 0.7071068 0.7071068 0 0.7071068 0.7071068 0 0.3249051 0.3800452 -0.8660267 0.3332442 0.3785096 -0.8635269 0.3332496 0.3784758 -0.8635396 0.3336622 0.3784127 -0.863408 0.3784759 0.3332496 0.8635397 0.3784127 0.3336622 0.863408 0.3785096 0.3332442 0.8635269 0.314884 0.3939138 0.8635277 0.3148669 0.3939132 0.8635342 0.5735645 0.8191605 0 0.5735645 0.8191605 0 0.2624582 0.430575 -0.8635514 0.2624271 0.4306209 -0.8635378 0.2624321 0.4306057 -0.863544 0.3178276 0.3860279 0.866007 0.3178607 0.3859761 0.8660179 0.2540348 0.430687 -0.866011 0.4226311 0.9063019 0 0.4226311 0.9063019 0 0 1 -0 0 1 0 0.2417162 0.4426164 0.8635184 0.2416369 0.4425997 0.8635491 0.2417326 0.4425929 0.8635259 0.2460301 0.4353088 0.8660112 0.1836768 0.4696561 -0.8635311 0.1836882 0.4696346 -0.8635404 0 0.5234747 -0.8520412 0 0.5234747 -0.8520412 0.1753273 0.4682436 -0.8660302 0.1753562 0.4682423 -0.8660251 0.1666338 0.4714506 0.8660066 0.258826 0.965924 0 0.258826 0.965924 0 0 0.505621 0.8627557 0.1614535 0.4775051 0.8636676 0.1611769 0.4778508 0.8635281 0.1611251 0.4778309 0.8635487 -0 0.5057364 0.8626881 0 1 -0 0 1 0 0.09933829 0.4943876 -0.8635467 0.09972961 0.4945382 -0.8634154 0.09933945 0.4943862 -0.8635473 0 0.1417505 -0.9899024 0 0.4568047 -0.889567 0.09135808 0.491584 -0.8660248 0 0.5000002 -0.8660252 0 0.5000002 -0.8660252 0 0.5000002 -0.8660252 0.08714694 0.9961954 0 0.08714694 0.9961954 0 0.07574045 0.4985425 0.8635501 0.07577287 0.4985628 0.8635355 0 1 -0 0 1 0 0.01200857 0.5041233 -0.8635482 0.01196871 0.5041426 -0.8635375 0.01197414 0.5041378 -0.8635402 0.00463519 0.4999948 -0.866016 0.08233831 0.4931745 0.866025 0.0821413 0.4932767 0.8659855 0 0.5000002 0.8660252 -0 0.5000002 0.8660252 0 0.5000002 0.8660252 -0.07577287 0.4985628 -0.8635355 -0.07574045 0.4985425 -0.8635501 -0.01197414 0.5041378 0.8635402 -0.01196871 0.5041426 0.8635375 -0.01200857 0.5041233 0.8635482 0 1 -0 0 1 0 -0.0821413 0.4932767 -0.8659855 -0.08233831 0.4931745 -0.866025 0 0.5057364 -0.8626881 0 0.5057364 -0.8626881 -0.004635178 0.4999948 0.866016 -0.08714694 0.9961954 0 -0.08714694 0.9961954 0 0 1 -0 0 1 0 -0 0.4568047 0.889567 -0.09135811 0.491584 0.8660248 0 0.1388847 0.9903086 -0 0.5234747 0.8520412 0 0.5234747 0.8520412 -0.09972961 0.4945382 0.8634154 -0.09933946 0.4943862 0.8635473 -0.09933829 0.4943876 0.8635467 -0.1666338 0.4714506 -0.8660067 -0.1611251 0.4778309 -0.8635487 -0.1614535 0.4775051 -0.8636676 -0.1611769 0.4778507 -0.8635281 -0.258826 0.965924 0 -0.258826 0.965924 0 -0.2417326 0.4425929 -0.8635259 -0.2416369 0.4425997 -0.8635491 -0.2417162 0.4426164 -0.8635184 -0.1836882 0.4696346 0.8635404 -0.1836768 0.4696561 0.8635311 -0.2460301 0.4353088 -0.8660112 -0.1753562 0.4682423 0.8660251 -0.1753273 0.4682436 0.8660302 -0.4226311 0.9063019 0 -0.4226311 0.9063019 0 -0.2624321 0.4306057 0.863544 -0.2624271 0.4306209 0.8635378 -0.2624582 0.430575 0.8635514 -0.5735645 0.8191605 0 -0.5735645 0.8191605 0 -0.3148669 0.3939132 -0.8635342 -0.314884 0.3939138 -0.8635277 -0.2540347 0.430687 0.866011 -0.3178607 0.3859761 -0.8660179 -0.3178276 0.3860279 -0.866007 -0.3249051 0.3800452 0.8660268 -0.7071068 0.7071068 0 -0.7071068 0.7071068 0 -0.3800452 0.3249051 -0.8660268 -0.3785096 0.3332442 -0.8635269 -0.3784127 0.3336622 -0.863408 -0.3784759 0.3332496 -0.8635397 -0.3336622 0.3784127 0.863408 -0.3332496 0.3784758 0.8635396 -0.3332442 0.3785096 0.8635269 -0.3939138 0.314884 0.8635277 -0.3939132 0.3148669 0.8635342 -0.8191605 0.5735645 0 -0.8191605 0.5735645 0 -0.430575 0.2624582 -0.8635514 -0.4306209 0.2624271 -0.8635378 -0.4306057 0.2624321 -0.863544 -0.3859761 0.3178607 0.8660179 -0.3860279 0.3178276 0.866007 -0.430687 0.2540348 -0.866011 -0.9063019 0.4226311 0 -0.9063019 0.4226311 0 -0.4426164 0.2417162 0.8635184 -0.4425997 0.2416369 0.8635491 -0.4425929 0.2417326 0.8635259 -0.4353088 0.2460301 0.8660112 -0.4696561 0.1836768 -0.8635311 -0.4696346 0.1836882 -0.8635404 -1 0 0 -1 -0 0 -0.5234747 0 -0.8520412 -0.5234747 -0 -0.8520412 -0.4682436 0.1753273 -0.8660302 -0.4682423 0.1753562 -0.8660251 -0.4714506 0.1666338 0.8660067 -0.965924 0.258826 0 -0.965924 0.258826 0 -0.5057364 0 0.8626881 -0.4775051 0.1614535 0.8636676 -0.4778508 0.1611769 0.8635281 -0.4778309 0.1611251 0.8635487 -0.5057364 0 0.8626881 -1 0 0 -1 -0 0 -0.4943876 0.09933829 -0.8635467 -0.4945382 0.09972961 -0.8634154 -0.4943862 0.09933945 -0.8635473 -0.1417505 0 -0.9899024 -0.4568047 -0 -0.889567 -0.491584 0.09135808 -0.8660248 0 0 0 -0.5000002 0 -0.8660252 -0.5000002 0 -0.8660252 -0.9961954 0.08714694 0 -0.9961954 0.08714694 0 -0.4985425 0.07574045 0.8635501 -0.4985628 0.07577287 0.8635355 -1 0 0 -1 -0 0 -0.5041233 0.01200857 -0.8635482 -0.5041426 0.01196871 -0.8635375 -0.5041378 0.01197414 -0.8635402 -0.4999948 0.004635188 -0.866016 -0.4932767 0.0821413 0.8659855 -0.4931745 0.08233831 0.866025 0 0 0 -0.5000002 0 0.8660252 -0.5000002 0 0.8660252 -0.4985425 -0.07574045 -0.8635501 -0.4985628 -0.07577287 -0.8635355 -0.5041233 -0.01200857 0.8635482 -0.5041426 -0.01196871 0.8635375 -0.5041378 -0.01197414 0.8635402 -1 0 0 -1 -0 0 -0.4932767 -0.0821413 -0.8659855 -0.4931745 -0.08233831 -0.866025 -0.5057364 -0 -0.8626881 -0.5057364 0 -0.8626881 -0.4999948 -0.004635188 0.866016 -0.9961954 -0.08714694 0 -0.9961954 -0.08714694 0 -0.965924 -0.258826 0 -0.965924 -0.258826 0 -1 0 0 -1 -0 0 -0.4568047 0 0.889567 -0.491584 -0.09135808 0.8660248 -0.1417505 0 0.9899024 -0.5234747 0 0.8520412 -0.5234747 0 0.8520412 -0.4943876 -0.09933829 0.8635467 -0.4945382 -0.09972961 0.8634154 -0.4943862 -0.09933945 0.8635473 -0.4714506 -0.1666338 -0.8660067 -0.4775051 -0.1614535 -0.8636676 -0.4778508 -0.1611769 -0.8635281 -0.4778309 -0.1611251 -0.8635487 -0.4426164 -0.2417162 -0.8635184 -0.4425997 -0.2416369 -0.8635491 -0.4425929 -0.2417326 -0.8635259 -0.4696561 -0.1836768 0.8635311 -0.4696346 -0.1836882 0.8635404 -0.4353088 -0.2460301 -0.8660112 -0.4682436 -0.1753273 0.8660302 -0.4682423 -0.1753562 0.8660251 -0.9063019 -0.4226311 0 -0.9063019 -0.4226311 0 -0.430575 -0.2624582 0.8635514 -0.4306209 -0.2624271 0.8635378 -0.4306057 -0.2624321 0.863544 -0.8191605 -0.5735645 0 -0.8191605 -0.5735645 0 -0.3939138 -0.314884 -0.8635277 -0.3939132 -0.3148669 -0.8635342 -0.430687 -0.2540348 0.866011 -0.3859761 -0.3178607 -0.8660179 -0.3860279 -0.3178276 -0.866007 -0.3800452 -0.3249051 0.8660268 -0.7071068 -0.7071068 0 -0.7071068 -0.7071068 0 -0.3249051 -0.3800452 -0.8660268 -0.3336622 -0.3784127 -0.863408 -0.3332496 -0.3784758 -0.8635396 -0.3332442 -0.3785096 -0.8635269 -0.3785096 -0.3332442 0.8635269 -0.3784127 -0.3336622 0.863408 -0.3784759 -0.3332496 0.8635397 -0.3148669 -0.3939132 0.8635342 -0.314884 -0.3939138 0.8635277 -0.5735645 -0.8191605 0 -0.5735645 -0.8191605 0 -0.2624321 -0.4306057 -0.863544 -0.2624271 -0.4306209 -0.8635378 -0.2624582 -0.430575 -0.8635514 -0.3178607 -0.3859761 0.8660179 -0.3178276 -0.3860279 0.866007 -0.2540347 -0.430687 -0.866011 -0.4226311 -0.9063019 0 -0.4226311 -0.9063019 0 -0.2417326 -0.4425929 0.8635259 -0.2416369 -0.4425997 0.8635491 -0.2417162 -0.4426164 0.8635184 -0.2460301 -0.4353088 0.8660112 -0.1836882 -0.4696346 -0.8635404 -0.1836768 -0.4696561 -0.8635311 0 -1 0 0 -1 -0 0 -0.5234747 -0.8520412 -0 -0.5234747 -0.8520412 -0.1753562 -0.4682423 -0.8660251 -0.1753273 -0.4682436 -0.8660302 -0.1666338 -0.4714506 0.8660067 0 -0.5057364 0.8626881 -0.1611251 -0.4778309 0.8635487 -0.1614535 -0.4775051 0.8636676 -0.1611769 -0.4778507 0.8635281 0 -0.5057364 0.8626881 0 -1 0 0 -1 -0 -0.09972961 -0.4945382 -0.8634154 -0.09933946 -0.4943862 -0.8635473 -0.09933829 -0.4943876 -0.8635467 0 -0.1388847 -0.9903086 0 -0.4568047 -0.889567 -0.09135811 -0.491584 -0.8660248 -0.258826 -0.965924 0 -0.258826 -0.965924 0 0 -0.5000002 -0.8660252 0 -0.5000002 -0.8660252 -0 -0.5000002 -0.8660252 -0.07577287 -0.4985628 0.8635355 -0.07574045 -0.4985425 0.8635501 0 -1 0 0 -1 -0 -0.01197414 -0.5041378 -0.8635402 -0.01196871 -0.5041426 -0.8635375 -0.01200857 -0.5041233 -0.8635482 -0.004635178 -0.4999948 -0.866016 -0.08714694 -0.9961954 0 -0.08714694 -0.9961954 0 -0.0821413 -0.4932767 0.8659855 -0.08233831 -0.4931745 0.866025 0 -0.5000002 0.8660252 0 -0.5000002 0.8660252 0 -0.5000002 0.8660252 0.07574045 -0.4985425 -0.8635501 0.07577287 -0.4985628 -0.8635355 0.01200857 -0.5041233 0.8635482 0.01196871 -0.5041426 0.8635375 0.01197414 -0.5041378 0.8635402 0.08233831 -0.4931745 -0.866025 0.0821413 -0.4932767 -0.8659855 0 -0.5057364 -0.8626881 0 -1 0 0 -1 -0 0 -0.505621 -0.8627557 0.004635188 -0.4999948 0.866016 0.08714694 -0.9961954 0 0.08714694 -0.9961954 0 0.258826 -0.965924 0 0.258826 -0.965924 0 0 -1 0 0 -1 -0 0 -0.4568047 0.889567 0.09135808 -0.491584 0.8660248 0 -0.1417505 0.9899024 0 -0.5234747 0.8520412 0 -0.5234747 0.8520412 0.09933829 -0.4943876 0.8635467 0.09972961 -0.4945382 0.8634154 0.09933945 -0.4943862 0.8635473 0.1666338 -0.4714506 -0.8660066 0.1614535 -0.4775051 -0.8636676 0.1611769 -0.4778508 -0.8635281 0.1611251 -0.4778309 -0.8635487 0.2417162 -0.4426164 -0.8635184 0.2416369 -0.4425997 -0.8635491 0.2417326 -0.4425929 -0.8635259 0.1836768 -0.4696561 0.8635311 0.1836882 -0.4696346 0.8635404 0.2460301 -0.4353088 -0.8660112 0.1753273 -0.4682436 0.8660302 0.1753562 -0.4682423 0.8660251 0.4226311 -0.9063019 0 0.4226311 -0.9063019 0 0.2624582 -0.430575 0.8635514 0.2624271 -0.4306209 0.8635378 0.2624321 -0.4306057 0.863544 0.5735645 -0.8191605 0 0.5735645 -0.8191605 0 0.314884 -0.3939138 -0.8635277 0.3148669 -0.3939132 -0.8635342 0.2540348 -0.430687 0.866011 0.3178276 -0.3860279 -0.866007 0.3178607 -0.3859761 -0.8660179 0.3249051 -0.3800452 0.8660267 0.7071068 -0.7071068 0 0.7071068 -0.7071068 0 0.3800452 -0.3249052 -0.8660267 0.3784759 -0.3332496 -0.8635397 0.3784127 -0.3336622 -0.863408 0.3785096 -0.3332442 -0.8635269 0.3332442 -0.3785096 0.8635269 0.3332496 -0.3784758 0.8635396 0.3336622 -0.3784127 0.863408 0.3939132 -0.3148669 0.8635342 0.3939138 -0.314884 0.8635277 0.8191605 -0.5735645 0 0.8191605 -0.5735645 0 0.4306057 -0.2624321 -0.863544 0.4306208 -0.2624271 -0.8635379 0.430575 -0.2624582 -0.8635514 0.3859761 -0.3178607 0.8660179 0.3860279 -0.3178276 0.866007 0.430687 -0.2540347 -0.866011 0.9063019 -0.4226311 0 0.9063019 -0.4226311 0 0.4425929 -0.2417326 0.8635259 0.4425997 -0.2416369 0.8635491 0.4426164 -0.2417162 0.8635184 0.442569 -0.241709 0.8635448 0.4425541 -0.2416921 0.863557 0.4353088 -0.2460301 0.8660112 0.4353199 -0.2459582 0.866026 0.4696346 -0.1836882 -0.8635404 0.4696561 -0.1836768 -0.8635311 1 -0 0 1 0 0 0.5234747 0 -0.8520412 0.5234747 0 -0.8520412 0.4682423 -0.1753562 -0.8660251 0.4682436 -0.1753273 -0.8660302 0.4714506 -0.1666338 0.8660067 0.4715122 -0.1666874 0.8659627 0.4715143 -0.1666885 0.8659614 0.4714106 -0.1666661 0.8660222 0.965924 -0.258826 0 0.965924 -0.258826 0 0.5057364 0 0.8626881 0.5057563 -0 0.8626764 0.5057563 0 0.8626764 0.4778309 -0.1611251 0.8635487 0.4778508 -0.1611769 0.8635281 0.4775051 -0.1614535 0.8636676 0.4778849 -0.1609577 0.86355 0.4779525 -0.161176 0.8634719 0.5057364 0 0.8626881 1 -0 0 1 0 0 0.4943862 -0.09933945 -0.8635473 0.4945382 -0.09972961 -0.8634154 0.4943876 -0.09933829 -0.8635467 0.1388847 0 -0.9903086 0.4568047 0 -0.889567 0.491584 -0.09135811 -0.8660248 0 1 -0 0 1 0 0 1 0 0.4985628 -0.07577287 0.8635355 0.4985425 -0.07574045 0.8635501 0.4985092 -0.07575776 0.8635678 0.4985005 -0.07573156 0.8635751 1 -0 0 1 0 0 0.5041378 -0.01197414 -0.8635402 0.5041426 -0.01196869 -0.8635375 0.5041233 -0.01200857 -0.8635482 0.4999948 -0.004635178 -0.866016 0.5000002 0 -0.8660252 0.5000002 0 -0.8660252 0.5000002 0 -0.8660252 0.9961954 -0.08714694 0 0.9961954 -0.08714694 0 0.4932767 -0.0821413 0.8659855 0.4931745 -0.08233831 0.866025 0.4931323 -0.08225682 0.8660567 0.4931459 -0.08226324 0.8660485 0.4932108 -0.08223841 0.8660138 0.5000002 0 0.8660252 0.5000002 -0 0.8660252 0.5000002 0 0.8660252 0.499946 0 0.8660566 0.499946 -0 0.8660566 0.499946 0 0.8660566 0.06539313 -0.9978596 1.609654e-05 0.06542233 -0.9978576 0 0 -1 0 0.06537593 -0.9978607 1.74858e-07 0.06540075 -0.9978591 0 0.06539313 -0.9978595 1.696025e-05 0.06538256 -0.9978603 0 0 -1 0 0.06536207 -0.9978616 -7.181863e-08 0.06541029 -0.9978585 1.900718e-06 0.06539545 -0.9978594 7.35098e-06 0.06535178 -0.9978622 0 0.0653957 -0.9978594 0 0.06539313 -0.9978596 7.576253e-07 0.06535878 -0.9978619 0 0 -1 0 0.06542145 -0.9978577 3.620916e-05 0 -1 0 0.06537593 -0.9978606 0 0.06535177 -0.9978623 0 0.06540935 -0.9978585 2.066783e-05 0.9807916 0.1950586 0 0.9807802 0.195116 -0 0.9807868 0.1950826 5.440943e-05 0.9807898 0.1950674 0 0.9836066 0 0.1803279 0.9807928 0.1950521 -3.710792e-05 0.9807806 0.1951135 -9.326873e-05 0.9807058 0.1954897 0 0.9808148 0.1949421 0 0.9807848 0.1950931 -0 0.9807868 0.1950826 3.15184e-06 0.9807804 0.1951147 0 0.9807908 0.1950623 1.291503e-06 0.9807869 0.1950826 -5.249874e-06 0.9807803 0.1951151 0 0.9807804 0.1951147 0 0.9807899 0.1950672 2.931164e-06 1 0 0 0.9807909 0.1950623 -9.656297e-07 0.9807804 0.1951151 0 0.9807804 0.1951151 0 0.9978603 0.06538256 0 0.9978591 0.06540075 -0 0.9978595 0.06539313 1.696025e-05 0.9978623 0.06535178 0 0.9978594 0.06539545 4.746794e-05 0.9978585 0.0654097 1.365804e-05 1 0 0 0.9978616 0.06536207 -5.217144e-07 0.9978619 0.06535878 0 0.9978594 0.0653957 -0 0.9978596 0.06539313 7.577158e-07 0.9978596 0.06539325 0 0.9978595 0.06539326 -0 0.9978596 0.06539313 5.852466e-07 1 0 0 0.9978577 0.06542145 3.620916e-05 0.9978606 0.06537593 0 1 -0 0 1 0 0 0.9978623 0.06535177 0 0.9978577 0.06542172 2.510782e-05 0.9978586 0.06540906 2.635542e-05 0.9978606 0.06537593 0 1 -0 0 1 0 0 0.9469404 0.3214092 0 0.9469169 0.3214784 -0 0.9469306 0.3214381 6.801594e-05 0.9469563 0.3213623 0 0.9469367 0.3214199 6.057504e-05 0.9469196 0.3214706 -3.487995e-05 0.9468939 0.3215461 -0 0.9468476 0.3216825 -2.217594e-05 0.9470174 0.3211823 0 0.9469241 0.3214573 -0 0.9469305 0.3214382 5.947259e-06 0.9469564 0.3213623 0 0.9986513 0 0.05191852 0.9469306 0.3214382 -1.363594e-05 0.9469171 0.3214779 0 0.9469563 0.3213623 0 0.9469563 0.3213623 0 1 0 0 0.9469197 0.3214704 -1.59511e-06 0.9468939 0.3215461 -0 0.9469172 0.3214776 4.386182e-06 0.06538256 0.9978603 -0 0.06539313 0.9978595 1.696025e-05 0.06540075 0.9978591 0 0.06537592 0.9978607 -1.687437e-07 0.06535877 0.9978618 0 0.06542218 0.9978576 -6.362131e-06 0.06539571 0.9978594 -1.780919e-05 0 1 0 0.06539545 0.9978594 -0 0.06539313 0.9978596 -6.850048e-07 0.06536207 0.9978617 0 0.06539313 0.9978596 -7.064114e-06 0.06541038 0.9978584 7.282642e-08 0.06535177 0.9978623 0 0 1 0 0.06540907 0.9978586 -2.635591e-05 0.06535177 0.9978623 0 0.06537593 0.9978606 -0 0.06542172 0.9978577 -2.510782e-05 0 1 0 0 1 0 -0.6593313 -0.7518526 -6.454784e-06 -0.6593246 -0.7518584 0 -0.6593446 -0.7518409 -0 -0.6593665 -0.7518216 0 -0.6593313 -0.7518525 -7.501949e-05 -0.6593059 -0.7518747 0 -0.6591011 -0.7520543 -1.016218e-05 -0.6593227 -0.7518601 0 -0.6593248 -0.7518583 -1.394677e-05 -0.6593485 -0.7518374 -1.199006e-06 -0.6593446 -0.7518409 0 -0.6593485 -0.7518374 0 -0.6593313 -0.7518525 -6.736014e-06 -0.6591011 -0.7520543 0 -0.6593227 -0.7518601 0 -0.6593246 -0.7518584 1.605564e-07 -0.6593249 -0.7518582 0 -0.6593446 -0.7518409 0 -0.6593446 -0.7518409 0 -0.9978591 -0.06540075 0 -0.9978595 -0.06539313 1.696025e-05 -0.9978603 -0.06538256 0 -1 0 0 -0.9978616 -0.06536207 -1.008021e-07 -0.9978585 -0.06541024 2.66593e-06 -0.9978595 -0.06539546 1.02339e-05 -0.9978623 -0.06535178 0 -0.9978594 -0.0653957 0 -0.9978596 -0.06539313 7.576253e-07 -0.9978619 -0.06535878 0 -1 0 0 -0.9978607 -0.06537593 1.014362e-07 -0.9978577 -0.06542233 -0 -0.9978596 -0.06539313 9.346906e-06 -1 0 0 -1 0 0 -0.9978606 -0.06537593 0 -0.9978586 -0.06540907 2.635591e-05 -0.9978577 -0.06542172 2.510876e-05 -0.9978623 -0.06535177 0 -0.6593059 0.7518747 0 -0.6593313 0.7518525 -7.501949e-05 -0.6593665 0.7518216 0 -0.6593449 0.7518407 2.40062e-05 -0.6591011 0.7520543 0 -0.6593485 0.7518375 2.26316e-05 -0.6593246 0.7518584 0 -0.6593485 0.7518374 0 -0.6593313 0.7518525 6.736014e-06 -0.6591011 0.7520543 0 -0.6593313 0.7518525 -4.048202e-06 -0.6593248 0.7518582 -1.00204e-07 -0.6593446 0.7518409 0 -0.6593227 0.7518601 0 -0.6593446 0.7518409 0 -0.6593249 0.7518582 0 -0.6593446 0.7518409 0 -0.6593246 0.7518584 -1.605564e-07 -0.6593227 0.7518601 0 0.7518216 0.6593665 0 0.7518747 0.6593059 -0 0.7518525 0.6593313 -7.498445e-05 0.7518584 0.6593246 0 0.7518374 0.6593485 4.763337e-05 0.7518404 0.6593452 5.024579e-05 0.7520543 0.6591011 0 0.7520543 0.6591011 0 0.7518374 0.6593485 -0 0.7518525 0.6593313 6.736014e-06 0.7518601 0.6593227 0 0.7518582 0.6593248 -7.486645e-08 0.7518525 0.6593313 -3.027126e-06 0.7518409 0.6593446 0 0.7518601 0.6593227 0 0.7518584 0.6593246 -1.646732e-07 0.7518582 0.6593249 0 0.7518409 0.6593446 0 0.7518409 0.6593446 0 1 0 0 0.9978585 -0.06541041 5.854012e-07 0.9978596 -0.06539313 -4.960511e-05 0.9978623 -0.06535178 0 0.9978591 -0.06540075 0 0.9978603 -0.06538256 0 0.9978595 -0.06539313 1.696025e-05 1 -0 0 1 0 0 0.9978606 -0.06537593 0 0.9978577 -0.06542145 -3.620916e-05 1 -0 0 0.9978594 -0.06539584 0 0.9978594 -0.06539571 -5.219829e-07 0.9978595 -0.06539325 0 0.9978618 -0.06535878 -2.495978e-05 0.9978617 -0.06536207 0 0.9978594 -0.06539545 0 0.9978596 -0.06539313 -6.850047e-07 1 -0 0 1 0 0 0.9978606 -0.06537593 0 0.9978586 -0.06540907 -2.635591e-05 0.9978577 -0.06542172 -2.510876e-05 0.9978623 -0.06535177 0 0.4423123 0.8968611 -0 0.4423027 0.8968658 -1.695136e-05 0.4422421 0.8968957 0.0001333597 1 -0 0 0.4422892 0.8968725 0 0.442306 0.8968642 -2.327656e-06 0.4422701 0.8968819 -4.509117e-05 0.4422917 0.8968712 -5.688701e-05 1 0 0 0.4423038 0.8968653 -0 0.4423028 0.8968658 -3.592966e-07 0.4418384 0.8970947 1.103285e-05 1 -0 0 0.4423027 0.8968658 -1.407809e-06 0.4422991 0.8968676 0 0.4423089 0.8968628 0 0.4422991 0.8968676 0 0.4422946 0.8968698 0 0.442306 0.8968643 -4.474157e-06 0.4423087 0.8968629 -8.538826e-06 0.8968628 -0.4423089 0 0.8968659 -0.4423027 -7.289374e-06 0.8968676 -0.4422991 0 0 -1 0 0.8968957 -0.4422421 0.0001333597 0.8968611 -0.4423123 0 0.8968658 -0.4423027 -1.698639e-05 0 -1 -0 0.8968703 -0.4422938 -1.673901e-05 0.8968819 -0.4422702 -1.301145e-05 0.8968643 -0.442306 -6.456721e-07 0.8968725 -0.4422892 0 0 -1 0 0.8970947 -0.4418384 1.103285e-05 0.8968653 -0.4423038 0 0.8968658 -0.4423027 -3.592966e-07 0.8968698 -0.4422946 0 0.8968629 -0.4423088 -5.640815e-06 0.8968642 -0.4423058 -5.961243e-06 0.8968676 -0.4422991 0 -0.3214382 -0.9469306 -3.34111e-05 -0.3214703 -0.9469197 -5.119598e-06 -0.3213623 -0.9469563 0 -0.3215461 -0.946894 -0 -0.3214092 -0.9469404 0 -0.3214382 -0.9469306 6.801595e-05 -0.3214784 -0.9469169 0 -0.3213625 -0.9469562 -8.312611e-06 -0.3211823 -0.9470174 0 0 -0.9985743 -0.05337975 -0.3214573 -0.9469241 9.132349e-06 -0.3214779 -0.946917 0 -0.3214199 -0.9469367 0 -0.3214382 -0.9469305 5.679958e-06 -0.3216825 -0.9468476 0 0 -1 0 -0.3213623 -0.9469563 0 -0.3214704 -0.9469197 1.591473e-06 -0.3213623 -0.9469563 0 -0.3214776 -0.9469172 -4.386182e-06 -0.3215461 -0.9468939 -0 0.8314692 0.5555709 0 0.8314583 0.5555872 -0 0.8314646 0.5555778 1.821263e-05 0.8314716 0.5555673 0 0.8314637 0.555579 9.533032e-06 0.8314618 0.5555819 4.494018e-06 0.8314762 0.5555605 0 0.831355 0.5557417 0 0.8314728 0.5555655 -0 0.8314646 0.5555778 -4.33991e-06 0.8314682 0.5555725 0 0.8314646 0.5555777 -1.199715e-06 0.8314624 0.5555809 0 0.8314716 0.5555673 0 0.8314682 0.5555724 2.19246e-06 0.8314618 0.555582 1.040867e-06 0.8314625 0.5555809 0 0.8968611 0.4423123 0 0.8968957 0.4422421 0.0001333277 0 1 -0 0.8968658 0.4423027 -1.698639e-05 0.8968676 0.4422991 0 0.8968652 0.4423038 8.82244e-06 0.8968629 0.4423088 4.362319e-06 0.8970946 0.4418384 -9.474604e-05 0 1 0 0.8968725 0.4422891 0 0.8968819 0.4422701 1.103026e-05 0 1 -0 0.8968658 0.4423027 3.324942e-07 0.8968642 0.4423061 0 0.8968658 0.4423027 1.288225e-06 0.8968698 0.4422947 0 0.8968676 0.4422991 0 0.8968642 0.4423058 5.965185e-06 0.8968629 0.4423088 5.637087e-06 0.8968698 0.4422946 0 -0.8314625 -0.5555809 0 -0.8314682 -0.5555725 -0 -0.8314646 -0.5555778 -2.369346e-06 -0.8314583 -0.5555872 0 -0.8314646 -0.5555778 1.821263e-05 -0.8314692 -0.5555709 0 -0.8314761 -0.5555605 0 -0.8314617 -0.555582 1.304895e-06 -0.8314638 -0.555579 2.913061e-06 -0.8314716 -0.5555673 0 -0.8314728 -0.5555655 0 -0.8314646 -0.5555778 -4.33991e-06 -0.831355 -0.5557417 0 -0.8314625 -0.5555809 0 -0.8314618 -0.555582 1.052695e-06 -0.8314682 -0.5555724 2.19246e-06 -0.8314716 -0.5555673 0 1 0 0 0.4422421 -0.8968957 0.0001333277 0.4423027 -0.8968658 -1.695136e-05 0.4423123 -0.8968611 0 0.4423089 -0.8968628 8.76851e-07 1 0 0 0.4418384 -0.8970947 -1.897498e-05 0.4423039 -0.8968653 1.801478e-06 0.4422991 -0.8968676 0 1 0 0 0.4422701 -0.8968819 1.103026e-05 0.4423028 -0.8968658 3.332186e-07 0.4422891 -0.8968725 0 0.4423028 -0.8968658 4.622159e-06 0.4423061 -0.8968642 0 0.4422946 -0.8968698 0 0.4423088 -0.8968629 5.640815e-06 0.4422991 -0.8968676 0 0.4423058 -0.8968642 5.965185e-06 0.4422946 -0.8968698 0 -0.9978623 0.06535178 0 -0.9978585 0.06541038 1.028426e-07 -1 0 0 -0.9978596 0.06539313 -9.891838e-06 -0.9978603 0.06538256 0 -0.9978595 0.06539313 1.696025e-05 -0.9978591 0.06540075 0 -0.9978619 0.06535879 0 -0.9978576 0.06542224 -3.734649e-06 -0.9978594 0.06539571 -1.04998e-05 -0.9978607 0.06537593 -9.932065e-08 -1 -0 0 -0.9978594 0.06539545 0 -0.9978596 0.06539313 -6.850048e-07 -0.9978617 0.06536207 0 -0.9978623 0.06535177 0 -0.9978577 0.06542172 -2.510782e-05 -0.9978586 0.06540906 -2.635542e-05 -0.9978606 0.06537593 0 -1 0 0 -1 -0 0 -0 0 1 0 0 1 0 0 1 0 0 1 0 0 1 0 0 1 0 0 1 0 0 1 0 0 1 0 0 1 0 0 1 0 0 1 0 0 1 0 0 1 0 0 1 0 0 1 0 0 1 0 0 1 0 0 1 0 0 1 0 0 1 0 0 1 0 0 1 0 0 1 0 0 1 0 0 1 0 0 1 0 0 1 -0 0 1 0 0 1 -0 0 1 0 0 1 -0 0 1 0 0 1 -0 0 1 0 0 1 -0 0 1 0 0 1 -0 0 1 0 0 1 -0 0 1 0 0 1 -0 0 1 0 0 1 -0 0 1 0 0 1 0 0 1 -0 0 1 0 0 1 0 0 1 0 0 1 0 0 1 -0 0 1 0 0 1 0 0 1 -0 0 1 -0 0 1 0 0 1 0 0 1 -0 0 1 0 0 1 -0 0 1 0 0 1 -0 0 1 0 0 1 -0 0 1 0 0 1 -0 0 1 0 0 1 -0 0 1 0 0 1 -0 0 1 0 0 1 -0 0 1 -0 0 1 0 0 1 0 0 1 0 0 1 0 0 1 0 0 1 0 0 1 0 0 1 0 0 1 0 0 1 0 0 1 0 0 1 0 0 1 0 0 1 0 0 1 0 0 1 0 0 1 0 0 1 0 0 1 0 0 1 0 0 1 0 0 1 0 0 1 -0 0 1 0 0 1 0 0 1 0 0 1 0 0 1 0 0 1 -1 0 0 -0.4422421 0.8968957 0.0001333277 -0.4423027 0.8968658 -1.695136e-05 -0.4423123 0.8968611 0 -0.4423089 0.8968628 1.876271e-06 -1 0 0 -0.4418384 0.8970947 -4.064488e-05 -0.4423039 0.8968653 3.837326e-06 -0.4422991 0.8968676 0 -1 0 0 -0.4422701 0.8968819 1.103026e-05 -0.4423028 0.8968658 3.332186e-07 -0.4422891 0.8968725 0 -0.4423027 0.8968658 1.70118e-06 -0.4423061 0.8968641 0 -0.4422947 0.8968698 0 -0.4423088 0.8968629 5.640815e-06 -0.4422991 0.8968676 0 -0.4423058 0.8968642 5.965185e-06 -0.4422946 0.8968698 0 0.1950826 0.9807869 -5.963694e-06 0.1950675 0.9807898 0 0 0.9992892 -0.03769797 0.1951151 0.9807804 0 0.1950586 0.9807916 0 0.1950826 0.9807868 5.442694e-05 0.195116 0.9807802 0 0.1949422 0.9808148 -1.36139e-05 0.1951147 0.9807804 -0 0.1950622 0.9807909 -1.710672e-05 0.1950931 0.9807847 1.131394e-05 0.1951151 0.9807804 0 0.1950521 0.9807929 -0 0.1950826 0.9807868 9.136786e-06 0.1954897 0.9807057 0 0.1951147 0.9807804 -0 0.1950672 0.9807899 -2.933223e-06 0.1950623 0.9807909 9.656297e-07 0 1 0 0.1951151 0.9807804 0 0.1951151 0.9807804 0 -0.7518216 0.6593665 0 -0.7518525 0.6593313 -7.501949e-05 -0.7518747 0.6593059 0 -0.7518601 0.6593227 0 -0.7520543 0.6591011 -1.522506e-05 -0.7518583 0.6593247 -2.089325e-05 -0.7518374 0.6593485 -1.793656e-06 -0.751841 0.6593446 0 -0.7518374 0.6593485 0 -0.7518525 0.6593313 -6.736014e-06 -0.7520543 0.6591011 0 -0.7518584 0.6593246 0 -0.7518409 0.6593446 0 -0.7518525 0.6593313 -4.205845e-06 -0.7518601 0.6593227 0 -0.7518584 0.6593246 1.646732e-07 -0.7518582 0.6593249 0 -0.7518409 0.6593446 0 -0.7518409 0.6593446 0 0.9468939 -0.3215461 0 0.9469197 -0.3214702 -1.335715e-05 0.9469305 -0.3214382 -8.63222e-05 0.9469563 -0.3213623 0 0.9469169 -0.3214784 0 0.9469404 -0.3214092 0 0.9469306 -0.3214381 6.801594e-05 0.9469171 -0.3214779 0 0.9991563 0 -0.04106893 0.9469241 -0.3214573 6.98013e-06 0.9469563 -0.3213624 -6.355895e-06 0.9470174 -0.3211823 0 0.9468476 -0.3216825 0 0.9469367 -0.3214199 0 0.9469305 -0.3214382 5.679234e-06 0.9468939 -0.3215461 0 0.9469172 -0.3214776 -4.380007e-06 1 0 0 0.9469197 -0.3214704 1.591473e-06 0.9469563 -0.3213623 0 0.9469563 -0.3213623 0 -0.9807898 0.1950675 0 -0.9985969 0 -0.0529559 -0.9807803 0.1951151 0 -0.9807868 0.1950826 -8.333723e-06 -0.9807916 0.1950586 0 -0.9807868 0.1950826 5.442694e-05 -0.9807802 0.195116 0 -0.9807804 0.1951147 0 -0.9808148 0.1949421 -7.797381e-06 -0.9807909 0.1950623 -9.798766e-06 -0.9807847 0.1950931 6.498833e-06 -0.9807803 0.1951151 0 -0.9807929 0.1950521 0 -0.9807868 0.1950826 9.136786e-06 -0.9807057 0.1954897 0 -0.9807804 0.1951147 0 -0.9807899 0.1950672 -2.931164e-06 -1 0 0 -0.9807909 0.1950623 9.656297e-07 -0.9807804 0.1951151 0 -0.9807804 0.1951151 0 -0.4423027 -0.8968658 -3.046626e-06 -0.4422991 -0.8968676 0 -0.4423089 -0.8968628 -0 -0.4423123 -0.8968611 0 -0.4423027 -0.8968658 -1.695136e-05 -0.4422421 -0.8968957 0.0001333597 -1 -0 0 -0.4422892 -0.8968725 0 -0.442306 -0.8968642 -8.505415e-07 -0.4422702 -0.8968819 -1.705358e-05 -0.4422936 -0.8968703 -2.188821e-05 -1 0 0 -0.4423038 -0.8968653 0 -0.4423028 -0.8968658 -3.592966e-07 -0.4418384 -0.8970947 1.103285e-05 -1 -0 0 -0.4422991 -0.8968676 -0 -0.4422946 -0.8968698 0 -0.442306 -0.8968643 -4.474157e-06 -0.4423087 -0.8968629 -8.538826e-06 -0.5555778 0.8314646 -1.592878e-06 -0.5555725 0.8314682 0 -0.5555809 0.8314625 0 -0.5555872 0.8314583 0 -0.5555778 0.8314646 1.821263e-05 -0.5555709 0.8314692 0 -0.5555605 0.8314762 0 -0.555582 0.8314618 2.022525e-06 -0.555579 0.8314637 4.459996e-06 -0.5555673 0.8314716 0 -0.5555655 0.8314728 0 -0.5555778 0.8314646 -4.33991e-06 -0.5557417 0.831355 0 -0.5555726 0.831468 -7.928699e-06 -0.5555809 0.8314625 0 -0.5555673 0.8314716 0 -0.5555817 0.8314618 6.236321e-06 0.6593313 -0.7518525 -1.244137e-05 0.6593249 -0.7518582 -3.101072e-07 0.6593446 -0.7518409 0 0.6593227 -0.7518601 0 0.6593059 -0.7518747 0 0.6593313 -0.7518525 -7.501949e-05 0.6593665 -0.7518216 0 0.6593446 -0.7518408 1.174213e-05 0.6591012 -0.7520543 0 0.6593485 -0.7518374 1.104111e-05 0.6593246 -0.7518584 0 0.6593485 -0.7518374 0 0.6593313 -0.7518525 6.736014e-06 0.6591011 -0.7520543 0 0.6593446 -0.7518409 0 0.6593249 -0.7518582 0 0.6593446 -0.7518409 0 0.6593246 -0.7518584 -1.605564e-07 0.6593227 -0.7518601 0 -0.3214382 0.9469306 -1.791472e-05 -0.3214779 0.9469171 0 -0 0.9976531 0.06847069 -0.3213623 0.9469563 0 -0.3214784 0.9469169 0 -0.3214382 0.9469306 6.801595e-05 -0.3214092 0.9469404 0 -0.3215461 0.9468939 0 -0.3216825 0.9468476 -8.928027e-06 -0.3214705 0.9469196 -1.404609e-05 -0.3214199 0.9469368 2.458186e-05 -0.3213623 0.9469563 0 -0.3214573 0.9469241 0 -0.3214382 0.9469305 5.947259e-06 -0.3211823 0.9470174 0 -0.3215461 0.9468939 0 -0.3214776 0.9469172 4.386182e-06 -0.3214704 0.9469197 -1.591473e-06 0 1 0 -0.3213623 0.9469563 0 -0.3213623 0.9469563 0 0.8314617 -0.555582 0 0.8314646 -0.5555777 -8.993808e-06 0.8314716 -0.5555673 0 0.8314583 -0.5555872 0 0.8314692 -0.5555709 0 0.8314646 -0.5555778 1.821263e-05 0.8314625 -0.5555809 0 0.8314728 -0.5555655 5.778205e-06 0.831468 -0.5555726 7.069881e-06 0.831355 -0.5557417 0 0.8314761 -0.5555605 0 0.8314638 -0.555579 0 0.8314646 -0.5555778 -4.570996e-07 0.8314625 -0.5555809 0 0.8314618 -0.555582 -1.052695e-06 0.8314682 -0.5555724 -2.19246e-06 0.8314716 -0.5555673 0 0.5555777 -0.8314646 -4.622776e-06 0.5555725 -0.8314682 0 0.5555809 -0.8314625 0 0.5555872 -0.8314583 0 0.5555778 -0.8314646 1.821263e-05 0.5555709 -0.8314692 0 0.5555605 -0.8314761 0 0.555582 -0.8314617 9.63151e-07 0.555579 -0.8314638 2.162875e-06 0.5555673 -0.8314716 0 0.5555655 -0.8314728 0 0.5555778 -0.8314646 -4.33991e-06 0.5557417 -0.831355 0 0.5555726 -0.831468 -7.928699e-06 0.5555809 -0.8314625 0 0.5555673 -0.8314716 0 0.5555817 -0.8314618 6.236321e-06 0.7518747 -0.6593059 0 0.7518216 -0.6593665 0 0.7518525 -0.6593313 -7.498445e-05 0.7518409 -0.6593446 0 0.7518375 -0.6593485 -8.904669e-07 0.7518583 -0.6593248 -1.046658e-05 0.7518601 -0.6593227 -1.043951e-05 0.7520543 -0.6591012 0 0.7520543 -0.6591011 0 0.7518374 -0.6593485 0 0.7518525 -0.6593313 -6.736014e-06 0.7518409 -0.6593446 0 0.7518525 -0.6593313 -1.401732e-05 0.7518584 -0.6593247 0 0.7518409 -0.6593446 0 0.7518409 -0.6593446 0 0.7518582 -0.6593249 0 0.7518601 -0.6593227 0 0.7518584 -0.6593246 1.605564e-07 0.9807804 -0.1951151 0 0.9685541 0 -0.2488029 0.9807868 -0.1950826 -4.035379e-05 0.9807898 -0.1950674 0 0.9807802 -0.195116 0 0.9807916 -0.1950586 0 0.9807868 -0.1950826 5.440943e-05 0.9807804 -0.1951151 0 0.9807848 -0.1950931 3.511796e-06 0.9807909 -0.1950623 -5.284075e-06 0.9807805 -0.1951147 -5.754964e-06 0.9808147 -0.1949421 0 0.9807057 -0.1954897 0 0.9807929 -0.1950521 0 0.9807868 -0.1950826 9.136786e-06 0.9807804 -0.1951151 0 0.9807804 -0.1951151 0 1 0 0 0.9807909 -0.1950623 9.664127e-07 0.9807804 -0.1951147 0 0.9807899 -0.1950672 -2.933223e-06 -0.06540075 0.9978591 0 -0.06539313 0.9978595 1.696025e-05 -0.06538256 0.9978603 0 0 1 0 -0.06536207 0.9978616 -1.690076e-07 -0.06541015 0.9978585 4.460629e-06 -0.06539545 0.9978595 1.683709e-05 -0.06535177 0.9978623 0 -0.0653957 0.9978594 0 -0.06539313 0.9978596 7.576253e-07 -0.06535878 0.9978619 0 -0.06539313 0.9978595 6.585472e-06 -0.06542233 0.9978577 0 0 1 0 -0.06537593 0.9978607 7.278806e-08 0 1 0 -0.06542145 0.9978577 3.620916e-05 0 1 0 -0.06537593 0.9978606 0 -0.06535177 0.9978623 0 -0.06540935 0.9978585 2.066783e-05 -0.8968698 -0.4422947 0 -0.8968642 -0.4423061 -0 -0.8968658 -0.4423028 2.487017e-06 0 -1 0 -0.8968957 -0.4422421 0.0001333277 -0.8968658 -0.4423027 -1.695136e-05 -0.8968611 -0.4423123 0 0 -1 0 -0.8970947 -0.4418384 -2.587178e-05 -0.8968627 -0.4423088 1.195159e-06 -0.8968652 -0.4423038 2.451888e-06 -0.8968676 -0.4422991 0 0 -1 0 -0.8968819 -0.4422701 1.103026e-05 -0.8968658 -0.4423028 3.332186e-07 -0.8968725 -0.4422891 0 -0.8968698 -0.4422946 0 -0.8968629 -0.4423088 5.640815e-06 -0.8968642 -0.4423058 5.961243e-06 -0.8968676 -0.4422991 0 -0.8968676 0.4422991 0 -0.8968628 0.4423089 0 -0.8968658 0.4423027 -1.925751e-06 -0.8968611 0.4423123 0 -0.8968658 0.4423027 -1.695136e-05 -0.8968957 0.4422421 0.0001333597 0 1 0 -0.8968725 0.4422892 0 -0.8968642 0.442306 -1.244309e-06 -0.8968819 0.4422701 -2.474757e-05 0 1 0 -0.8968706 0.442293 -3.161669e-05 -0.8968653 0.4423038 0 -0.8968658 0.4423028 -3.592966e-07 -0.8970947 0.4418384 1.103285e-05 0 1 0 -0.8968676 0.4422991 0 -0.8968642 0.4423058 -5.965185e-06 -0.8968629 0.4423088 -5.637087e-06 -0.8968698 0.4422946 0 0.5555778 0.8314646 -1.951696e-06 0.555582 0.8314617 0 0.5555673 0.8314716 0 0.5555709 0.8314692 0 0.5555778 0.8314646 1.821263e-05 0.5555872 0.8314583 0 0.5555809 0.8314625 -0 0.5557417 0.831355 0 0.555573 0.8314678 2.656374e-05 0.5555655 0.8314729 2.149239e-05 0.555579 0.8314638 0 0.5555778 0.8314646 -4.563751e-07 0.5555605 0.8314761 0 0.555582 0.8314618 -1.052695e-06 0.5555673 0.8314716 0 0.5555809 0.8314625 -0 0.5555724 0.8314682 -2.19246e-06 -0.9807802 -0.195116 0 -0.9807868 -0.1950826 5.442694e-05 -0.9807916 -0.1950586 0 -0.9807057 -0.1954897 0 -0.9807804 -0.1951147 -2.101118e-05 -0.9991712 0 0.04070697 -0.9807929 -0.1950521 -8.249741e-06 -0.9807898 -0.1950675 0 -0.9807848 -0.1950931 0 -0.9807868 -0.1950826 3.151478e-06 -0.9808148 -0.1949421 0 -0.9807804 -0.1951151 0 -0.9807909 -0.1950623 2.420376e-06 -0.9807804 -0.1951147 -0 -0.9807868 -0.1950826 -9.818958e-06 -0.9807804 -0.1951151 0 -0.9807804 -0.1951151 0 -1 0 0 -0.9807909 -0.1950623 -9.664127e-07 -0.9807804 -0.1951147 -0 -0.9807899 -0.1950672 2.933223e-06 0.3214784 -0.9469169 0 0.3214382 -0.9469306 6.801595e-05 0.3214092 -0.9469404 0 0.3215461 -0.9468939 0 0.3216825 -0.9468476 -4.067809e-06 0.3214704 -0.9469197 -6.400284e-06 0.3214199 -0.9469368 1.123289e-05 0.3213623 -0.9469563 0 0.3214573 -0.9469241 0 0.3214382 -0.9469305 5.947259e-06 0.3211823 -0.9470174 0 0.3214382 -0.9469306 -4.810271e-05 0.3214779 -0.9469171 0 0 -0.9834405 0.1812311 0.3213623 -0.9469563 0 0.3215461 -0.9468939 0 0.3214776 -0.9469172 4.386182e-06 0.3214704 -0.9469197 -1.591473e-06 0 -1 0 0.3213623 -0.9469563 0 0.3213623 -0.9469563 0 0 0 -1 0 0 -1 0 0 -1 0 0 -1 0 0 -1 -0 0 -1 0 0 -1 0 0 -1 0 0 -1 0 0 -1 0 0 -1 0 0 -1 0 0 -1 0 0 -1 0 0 -1 0 0 -1 0 0 -1 0 0 -1 0 0 -1 0 0 -1 0 0 -1 0 0 -1 0 0 -1 0 0 -1 0 0 -1 0 0 -1 0 0 -1 0 0 -1 0 0 -1 0 0 -1 0 0 -1 0 0 -1 0 0 -1 0 0 -1 0 0 -1 0 0 -1 0 0 -1 0 0 -1 0 0 -1 0 0 -1 0 0 -1 0 0 -1 0 0 -1 -0 0 -1 0 0 -1 -0 0 -1 -0 0 -1 0 0 -1 0 0 -1 -0 0 -1 0 0 -1 -0 0 -1 0 0 -1 0 0 -1 0 0 -1 0 0 -1 0 0 -1 0 0 -1 0 0 -1 0 0 -1 0 0 -1 0 0 -1 0 0 -1 0 0 -1 0 0 -1 0 0 -1 0 0 -1 0 0 -1 0 0 -1 0 0 -1 0 0 -1 0 0 -1 0 0 -1 0 0 -1 0 0 -1 0 0 -1 0 0 -1 0 0 -1 0 0 -1 0 0 -1 0 0 -1 0 0 -1 0 0 -1 0 0 -1 0 0 -1 0 0 -1 0 0 -1 0 0 -1 0 0 -1 0 0 -1 0 0 -1 -0 0 -1 0 0 -1 0 0 -1 0 0 -1 0 0 -1 0.6593665 0.7518216 -0 0.6593313 0.7518525 -7.501949e-05 0.6593059 0.7518747 0 0.6591012 0.7520543 -3.034134e-05 0.6593227 0.7518601 -0 0.6593246 0.7518584 -4.163338e-05 0.6593485 0.7518374 -3.558508e-06 0.6593446 0.7518409 0 0.6593485 0.7518374 -0 0.6593313 0.7518525 -6.736014e-06 0.6591011 0.7520543 0 0.6593313 0.7518526 -3.104714e-06 0.6593247 0.7518584 0 0.6593445 0.7518409 0 0.6593227 0.7518601 -0 0.6593246 0.7518584 1.605564e-07 0.6593249 0.7518582 -0 0.6593446 0.7518409 0 0.6593446 0.7518409 0 0.195116 -0.9807802 0 0.1950826 -0.9807868 5.442694e-05 0.1950586 -0.9807916 0 0.1951149 -0.9807804 -1.514417e-05 0.1954897 -0.9807057 0 0 -0.9995679 0.02939446 0.1950521 -0.9807929 -5.94013e-06 0.1950675 -0.9807898 0 0.1950931 -0.9807848 0 0.1950826 -0.9807868 3.151478e-06 0.1949421 -0.9808148 0 0.1950826 -0.9807868 -1.738365e-05 0.1950623 -0.9807909 4.299367e-06 0.1951151 -0.9807804 0 0.1951147 -0.9807804 0 0 -1 0 0.1951151 -0.9807804 0 0.1950623 -0.9807909 -9.656297e-07 0.1951151 -0.9807804 0 0.1950672 -0.9807899 2.933223e-06 0.1951147 -0.9807804 0 -0.9469563 0.3213623 0 -0.9469197 0.3214703 -3.166667e-06 -0.9468939 0.3215461 0 -0.9469306 0.3214382 -2.071344e-05 -0.9469404 0.3214092 0 -0.9469306 0.3214382 6.801595e-05 -0.9469169 0.3214784 0 -0.9470174 0.3211823 0 -0.9469562 0.3213626 -1.200999e-05 -0.9969981 0 -0.07742645 -0.946924 0.3214573 1.321192e-05 -0.9469171 0.3214779 0 -0.9469367 0.3214199 0 -0.9469305 0.3214382 5.679958e-06 -0.9468476 0.3216825 0 -0.9469563 0.3213623 0 -0.9469563 0.3213623 0 -1 0 0 -0.9469197 0.3214704 1.59511e-06 -0.9468939 0.3215461 0 -0.9469172 0.3214776 -4.386182e-06 -0.1950826 0.9807868 -6.841709e-06 -0.1950623 0.9807909 1.684281e-06 -0.1951151 0.9807803 0 -0.1951147 0.9807805 0 -0.195116 0.9807802 0 -0.1950826 0.9807868 5.442694e-05 -0.1950586 0.9807916 0 -0.1951145 0.9807805 -3.429534e-05 -0.1954897 0.9807057 0 0 0.9977748 0.06667413 -0.1950521 0.9807928 -1.349794e-05 -0.1950674 0.9807898 0 -0.1950931 0.9807848 0 -0.1950826 0.9807868 3.151478e-06 -0.1949421 0.9808148 0 0 1 -0 -0.1951151 0.9807804 0 -0.1950623 0.9807909 -9.656297e-07 -0.1951151 0.9807804 0 -0.1950672 0.9807899 2.933223e-06 -0.1951147 0.9807804 0 -0.06539313 -0.9978595 -1.649448e-05 -0.06541038 -0.9978585 1.749502e-07 -0.06535177 -0.9978623 0 0 -1 -0 -0.06538256 -0.9978603 0 -0.06539313 -0.9978595 1.696025e-05 -0.06540075 -0.9978591 0 -0.06537593 -0.9978607 -7.17065e-08 -0.06535878 -0.9978619 0 -0.06542227 -0.9978577 -2.643087e-06 -0.06539571 -0.9978594 -7.444406e-06 0 -1 0 -0.06539545 -0.9978594 0 -0.06539313 -0.9978596 -6.850048e-07 -0.06536207 -0.9978617 0 -0.06540907 -0.9978586 -2.635591e-05 -0.06535177 -0.9978623 0 -0.06537593 -0.9978606 0 -0.06542172 -0.9978577 -2.510782e-05 0 -1 0 0 -1 -0 -0.9469169 -0.3214784 0 -0.9469306 -0.3214382 6.801595e-05 -0.9469404 -0.3214092 0 -0.9468939 -0.3215461 0 -0.9468476 -0.3216825 -5.589099e-06 -0.9469197 -0.3214704 -8.793634e-06 -0.9469368 -0.3214199 1.541964e-05 -0.9469563 -0.3213623 0 -0.9469241 -0.3214573 0 -0.9469305 -0.3214382 5.947259e-06 -0.9470174 -0.3211823 0 -0.9469171 -0.3214779 0 -0.9950047 0 0.09982778 -0.9469563 -0.3213623 -0 -0.9469306 -0.3214382 -2.609809e-05 -0.9468939 -0.3215461 0 -0.9469172 -0.3214776 4.380007e-06 -1 0 0 -0.9469197 -0.3214704 -1.591473e-06 -0.9469563 -0.3213623 0 -0.9469563 -0.3213623 0 -0.7518409 -0.6593445 0 -0.7518582 -0.6593249 -1.514654e-07 -0.7518601 -0.6593227 -0 -0.7518526 -0.6593313 -6.108731e-06 -0.7518747 -0.6593059 0 -0.7518525 -0.6593313 -7.501949e-05 -0.7518216 -0.6593665 0 -0.7520543 -0.6591012 0 -0.7518407 -0.6593447 1.576927e-05 -0.7518375 -0.6593485 1.484157e-05 -0.7518584 -0.6593247 0 -0.7518374 -0.6593485 0 -0.7518525 -0.6593313 6.736014e-06 -0.7520543 -0.6591011 0 -0.7518409 -0.6593446 0 -0.7518409 -0.6593446 0 -0.7518582 -0.6593249 0 -0.7518601 -0.6593227 -0 -0.7518584 -0.6593246 -1.605564e-07 -0.1950586 -0.9807916 -0 -0.1950826 -0.9807868 5.442694e-05 -0.195116 -0.9807802 0 -0.1949421 -0.9808148 -5.463225e-06 -0.1951147 -0.9807805 0 -0.1950623 -0.9807909 -6.865737e-06 -0.1950931 -0.9807848 4.558695e-06 -0.1951151 -0.9807804 0 -0.1950521 -0.9807929 0 -0.1950826 -0.9807868 9.136786e-06 -0.1954897 -0.9807057 0 -0.1950826 -0.9807868 -1.380942e-05 -0.1950675 -0.9807898 0 -0 -0.9962063 -0.08702347 -0.1951151 -0.9807804 -0 -0.1951147 -0.9807804 0 -0.1950672 -0.9807899 -2.933223e-06 -0.1950623 -0.9807909 9.656297e-07 0 -1 0 -0.1951151 -0.9807804 0 -0.1951151 -0.9807804 0 -0.5555709 -0.8314692 -0 -0.5555778 -0.8314646 1.821263e-05 -0.5555872 -0.8314583 0 -0.5555809 -0.8314624 0 -0.5557417 -0.831355 0 -0.5555726 -0.831468 9.359338e-06 -0.5555655 -0.8314728 7.640268e-06 -0.555579 -0.8314638 -0 -0.5555778 -0.8314646 -4.563751e-07 -0.5555605 -0.8314761 0 -0.5555778 -0.8314646 -4.083021e-06 -0.555582 -0.8314617 -0 -0.5555673 -0.8314716 0 -0.555582 -0.8314618 -1.052695e-06 -0.5555673 -0.8314716 0 -0.5555809 -0.8314625 0 -0.5555724 -0.8314682 -2.19246e-06 0.3214382 0.9469305 -1.500927e-05 0.3214703 0.9469197 -2.292258e-06 0.3213623 0.9469563 0 0.3215461 0.9468939 0 0.3214092 0.9469404 -0 0.3214382 0.9469306 6.801595e-05 0.3214784 0.9469169 0 0.3213627 0.9469562 -2.163148e-05 0.3211822 0.9470174 0 0 0.9903722 -0.13843 0.3214573 0.946924 2.387912e-05 0.3214779 0.9469171 0 0.3214199 0.9469367 -0 0.3214382 0.9469305 5.679958e-06 0.3216825 0.9468476 0 0 1 -0 0.3213623 0.9469563 -0 0.3214704 0.9469197 1.591473e-06 0.3213623 0.9469563 0 0.3214776 0.9469172 -4.386182e-06 0.3215461 0.9468939 0 -0.8314716 0.5555673 0 -0.8314618 0.555582 0 -0.8314646 0.5555778 -2.640991e-06 -0.8314692 0.5555709 0 -0.8314646 0.5555778 1.821263e-05 -0.8314583 0.5555872 0 -0.831355 0.5557418 0 -0.831468 0.5555727 1.384474e-05 -0.8314728 0.5555655 1.12731e-05 -0.8314624 0.5555809 0 -0.8314638 0.555579 0 -0.8314646 0.5555778 -4.563751e-07 -0.8314761 0.5555605 0 -0.8314716 0.5555673 0 -0.8314682 0.5555724 -2.19246e-06 -0.8314618 0.555582 -1.040867e-06 -0.8314625 0.5555809 0 -0.9957343 0.06527579 0.06521022 -0.9957235 0.06525856 0.06539113 -0.9787784 0.06417657 0.194613 -0.9787529 0.06416257 0.1947455 -0.9451295 0.06197625 0.3207635 -0.945109 0.06196893 0.3208253 -0.8951632 0.05866551 0.4418611 -0.895325 0.05871035 0.441527 -0.8302868 0.05442658 0.5546725 -0.8302109 0.05440879 0.5547878 -0.7509316 0.04921788 0.6585433 -0.7509795 0.04922787 0.6584879 -0.6587313 0.04317142 0.7511387 -0.6587584 0.04317662 0.7511146 -0.5551296 0.03639381 0.8309674 -0.555024 0.03637473 0.8310387 -0.4424314 0.02900661 0.8963332 -0.4424204 0.02900469 0.8963386 -0.3213058 0.02105561 0.9467413 -0.3214004 0.02107159 0.9467089 -0.1950075 0.01278623 0.9807184 -0.1949369 0.01277449 0.9807326 -0.06534174 0.004282677 0.9978538 -0.06535812 0.004285395 0.9978526 0.06534174 -0.004280923 0.9978538 0.06535897 -0.004283805 0.9978526 0.1949978 -0.01277937 0.9807203 0.1949632 -0.01276985 0.9807274 0.1949604 -0.01277301 0.9807279 0.1949978 -0.01277278 -0.9807205 0.1949997 -0.01277558 -0.98072 0.1949623 -0.012777 -0.9807276 0.06534174 -0.004282677 -0.9978538 0.0653592 -0.004282067 -0.9978526 -0.06534174 0.004284321 -0.9978538 -0.06535833 0.004283763 -0.9978526 -0.1950075 0.01277911 -0.9807186 -0.194936 0.01278154 -0.9807327 -0.3213057 0.02106538 -0.9467412 -0.3214016 0.02106189 -0.9467087 -0.4424314 0.02900542 -0.8963332 -0.4424203 0.02900588 -0.8963387 -0.5551298 0.03638166 -0.8309676 -0.5550227 0.0363868 -0.831039 -0.6587312 0.04317484 -0.7511385 -0.6587588 0.04317322 -0.7511145 -0.7509314 0.04922471 -0.6585431 -0.7509802 0.04922106 -0.6584877 -0.8302873 0.0544138 -0.5546728 -0.8302098 0.05442154 -0.5547882 -0.8951613 0.05869962 -0.4418602 -0.8953277 0.0586763 -0.4415262 -0.9451299 0.0619703 -0.3207636 -0.9451085 0.06197487 -0.3208254 -0.9787792 0.06416429 -0.1946132 -0.9787521 0.06417485 -0.1947457 -0.9957353 0.06525934 -0.06521031 -0.9957224 0.06527501 -0.06539119 -0.978685 0.1946782 0.06539202 -0.9786789 0.1946648 0.06552283 -0.9620059 0.1913618 0.1947445 -0.9620033 0.1913599 0.1947589 -0.9289416 0.1847665 0.3208251 -0.9289995 0.1847962 0.3206405 -0.880007 0.17505 0.4415259 -0.8799333 0.1750187 0.4416853 -0.8160092 0.1622932 0.5547883 -0.8161567 0.162349 0.5545547 -0.7381298 0.1468315 0.6584868 -0.7379479 0.1467679 0.6587048 -0.6474869 0.1287807 0.7511166 -0.6476359 0.1288302 0.7509797 -0.5455288 0.1085121 0.8310376 -0.5454447 0.1084852 0.8310964 -0.4348501 0.08649494 0.8963393 -0.4348664 0.08650006 0.8963308 -0.3159023 0.06283791 0.9467086 -0.3158786 0.06283063 0.946717 -0.1916018 0.03810882 0.9807326 -0.1916374 0.03811968 0.9807252 -0.0642397 0.01277851 0.9978526 -0.06422553 0.0127742 0.9978536 0.06424078 -0.01277779 0.9978526 0.0642495 -0.01278046 0.997852 0.191626 -0.03811735 0.9807276 0.1916345 -0.03808838 0.980727 0.1916076 -0.03811165 0.9807314 0.1916155 -0.03819583 -0.9807265 0.1915694 -0.03810406 -0.9807392 0.1916289 -0.0381096 -0.9807273 0.06424065 -0.0127787 -0.9978526 0.06424973 -0.01277957 -0.997852 -0.0642399 0.01277706 -0.9978527 -0.06422516 0.01277562 -0.9978536 -0.1916013 0.0381125 -0.9807326 -0.1916384 0.0381161 -0.9807252 -0.3159027 0.06283542 -0.9467086 -0.315878 0.06283307 -0.946717 -0.4348498 0.08649675 -0.8963392 -0.4348669 0.08649829 -0.8963307 -0.5455303 0.1085022 -0.8310379 -0.5454423 0.1084949 -0.8310966 -0.6474838 0.1287999 -0.751116 -0.6476405 0.1288112 -0.7509791 -0.7381344 0.146805 -0.6584876 -0.7379419 0.1467942 -0.6587057 -0.8160046 0.1623187 -0.5547875 -0.8161622 0.1623237 -0.554554 -0.8800099 0.175034 -0.4415264 -0.8799299 0.1750347 -0.4416857 -0.9289382 0.184784 -0.3208249 -0.9290031 0.1847787 -0.3206401 -0.9620062 0.1913605 -0.1947446 -0.9620031 0.1913612 -0.1947589 -0.9786873 0.1946665 -0.06539204 -0.9786765 0.1946765 -0.06552288 -0.9448957 0.3207493 0.06551418 -0.944905 0.32078 0.06522771 -0.9288032 0.3152676 0.1947589 -0.9288338 0.315297 0.194565 -0.8969342 0.3044635 0.3206416 -0.8968964 0.3044374 0.3207721 -0.8495633 0.2883712 0.4416835 -0.8496125 0.2884002 0.4415697 -0.7879747 0.2674991 0.554563 -0.7878059 0.2674086 0.5548463 -0.7124838 0.2418324 0.6586987 -0.7127212 0.2419522 0.6583978 -0.6252707 0.2122708 0.7509844 -0.6249925 0.212136 0.751254 -0.5266231 0.17875 0.8310935 -0.5268601 0.1788618 0.8309194 -0.4198535 0.14252 0.896332 -0.419769 0.1424809 0.8963779 -0.3049756 0.1035268 0.9467165 -0.3049565 0.103518 0.9467235 -0.1850215 0.06280626 0.9807255 -0.1850301 0.06281015 0.9807236 -0.06200867 0.02104846 0.9978536 -0.06201413 0.02105093 0.9978533 0.06203119 -0.02105805 0.997852 0.06201439 -0.02105039 0.9978533 0.1850106 -0.06280652 0.9807274 0 -0.4609395 0.8874316 0.1850706 -0.06276696 0.9807187 0.1850105 -0.06280648 0.9807274 0.1849985 -0.06285147 -0.980727 0.1849791 -0.06279583 -0.9807341 0 -0.4609838 -0.8874086 0.1850519 -0.0628124 -0.9807193 0.06203167 -0.02105626 -0.997852 0.06201369 -0.02105211 -0.9978533 -0.06200854 0.02104903 -0.9978536 -0.06201435 0.02105038 -0.9978533 -0.1850213 0.06280717 -0.9807255 -0.1850305 0.06280928 -0.9807236 -0.3049762 0.1035247 -0.9467165 -0.3049557 0.10352 -0.9467236 -0.4198562 0.1425105 -0.8963323 -0.4197653 0.1424901 -0.8963781 -0.5266149 0.1787785 -0.8310927 -0.5268708 0.1788341 -0.8309184 -0.6252818 0.2122342 -0.7509856 -0.6249789 0.2121718 -0.7512553 -0.7124729 0.2418679 -0.6586974 -0.7127342 0.2419174 -0.6583966 -0.7879841 0.2674691 -0.5545641 -0.7877952 0.2674381 -0.5548472 -0.8495597 0.2883822 -0.4416833 -0.8496165 0.2883892 -0.4415693 -0.8969382 0.3044515 -0.3206418 -0.8968922 0.3044492 -0.3207723 -0.9287974 0.3152846 -0.1947586 -0.9288397 0.31528 -0.1945648 -0.9448873 0.320774 -0.06551402 -0.9449135 0.3207553 -0.06522761 -0.8949597 0.4413528 0.0652299 -0.8949527 0.4413108 0.06560823 -0.8797226 0.4338537 0.194574 -0.8797026 0.4338286 0.194721 -0.8494775 0.4189174 0.3207745 -0.8495268 0.418962 0.3205857 -0.8046966 0.3968409 0.4415664 -0.8046718 0.3968216 0.4416286 -0.7461559 0.3679622 0.554847 -0.7461962 0.3679911 0.5547736 -0.6750444 0.3328955 0.6584039 -0.675036 0.3328899 0.6584153 -0.5919579 0.291911 0.7512482 -0.5920231 0.2919539 0.7511801 -0.499005 0.2460947 0.830922 -0.4988623 0.2460029 0.8310349 -0.3975752 0.1960672 0.896377 -0.397613 0.1960911 0.896355 -0.2888381 0.1424365 0.9467229 -0.2888841 0.1424654 0.9467046 -0.1752468 0.08642416 0.980724 -0.175219 0.08640684 0.9807304 -0.05873593 0.02896582 0.9978533 -0.05873751 0.0289668 0.9978531 0.05873593 -0.02896595 0.9978532 0.05873495 -0.02896534 0.9978533 0.1752048 -0.08639697 0.9807339 0.1752528 -0.08642523 0.9807227 0.1752511 -0.08642605 0.980723 0.1752411 -0.08631003 -0.9807349 0.1752667 -0.08643372 -0.9807195 0.1752512 -0.08642801 -0.9807228 0.05873598 -0.02896585 -0.9978532 0.05873489 -0.02896544 -0.9978533 -0.05873588 0.028966 -0.9978532 -0.0587376 0.02896664 -0.9978531 -0.175248 0.08642115 -0.980724 -0.1752174 0.08640966 -0.9807305 -0.288836 0.1424416 -0.9467229 -0.2888869 0.1424606 -0.9467045 -0.3975734 0.1960716 -0.8963768 -0.3976153 0.196087 -0.8963549 -0.4990128 0.2460771 -0.8309225 -0.498853 0.2460198 -0.8310355 -0.5919539 0.2919198 -0.7512479 -0.5920277 0.2919454 -0.7511798 -0.675045 0.3328942 -0.6584041 -0.6750354 0.3328911 -0.6584154 -0.7461523 0.3679695 -0.554847 -0.7462 0.3679838 -0.5547734 -0.8046992 0.3968351 -0.4415666 -0.8046689 0.3968273 -0.4416288 -0.8494695 0.4189338 -0.3207742 -0.8495349 0.4189457 -0.3205853 -0.8797286 0.4338414 -0.1945743 -0.8796964 0.4338408 -0.1947212 -0.8949749 0.4413218 -0.06523005 -0.8949375 0.4413418 -0.06560837 -0.829686 0.5543616 0.06560737 -0.8296864 0.5543727 0.06550773 -0.8155671 0.5449194 0.1947128 -0.8155758 0.5449337 0.1946367 -0.7875918 0.5262432 0.3205737 -0.7875613 0.5262073 0.3207071 -0.7459869 0.4984503 0.4416455 -0.7459692 0.4984324 0.4416957 -0.6918053 0.4622345 0.5547473 -0.6918535 0.4622797 0.5546497 -0.6257783 0.4181615 0.6584396 -0.6255857 0.4179894 0.6587316 -0.5488639 0.3667419 0.7511649 -0.5489826 0.3668446 0.7510281 -0.4624772 0.3090133 0.8310389 -0.4625131 0.3090437 0.8310076 -0.3686301 0.2462973 0.8963535 -0.3686917 0.2463487 0.8963139 -0.2678095 0.1789517 0.9467071 -0.2677029 0.1788636 0.9467539 -0.1624398 0.108539 0.9807306 -0.1624667 0.1085611 0.9807238 -0.0544556 0.0363855 0.997853 -0.05445968 0.03638885 0.9978527 0.05445287 -0.03638257 0.9978533 0.0544599 -0.03638837 0.9978527 0.1624721 -0.1085591 0.980723 0.1623962 -0.1085581 0.9807358 0.1624497 -0.1085404 0.9807289 0.1624727 -0.1085581 -0.9807231 0.1624726 -0.1085557 -0.9807234 0.1624195 -0.1085277 -0.9807352 0.05445242 -0.03638337 -0.9978532 0.05446044 -0.03638764 -0.9978527 -0.05445534 0.03638595 -0.997853 -0.05446001 0.03638844 -0.9978527 -0.1624381 0.108542 -0.9807306 -0.1624688 0.1085583 -0.9807237 -0.2678168 0.1789396 -0.9467073 -0.2676944 0.1788748 -0.9467542 -0.3686257 0.2463046 -0.8963532 -0.3686969 0.2463419 -0.8963137 -0.4624744 0.3090179 -0.8310387 -0.4625162 0.3090394 -0.8310074 -0.5488537 0.3667584 -0.7511643 -0.5489939 0.3668288 -0.7510275 -0.6257975 0.4181309 -0.6584406 -0.6255648 0.4180188 -0.6587328 -0.6917995 0.4622436 -0.5547472 -0.6918597 0.4622707 -0.5546494 -0.7459897 0.498446 -0.4416456 -0.7459664 0.4984365 -0.4416958 -0.7875988 0.5262324 -0.3205741 -0.787554 0.526218 -0.3207074 -0.8155633 0.5449253 -0.1947125 -0.8155797 0.5449278 -0.1946366 -0.829681 0.5543691 -0.06560721 -0.8296915 0.5543652 -0.06550771 -0.7502447 0.6579046 0.06553348 -0.7502357 0.6579951 0.06472171 -0.7374739 0.6467303 0.1946076 -0.7374563 0.6466902 0.1948077 -0.7121199 0.624522 0.3207142 -0.7120813 0.6244621 0.3209165 -0.6745269 0.5915243 0.4417152 -0.6745915 0.59161 0.4415018 -0.6255942 0.5486511 0.5546294 -0.6254834 0.5485157 0.5548884 -0.5656613 0.4960683 0.6587439 -0.5657355 0.4961545 0.6586152 -0.4964283 0.4353352 0.7510274 -0.4965004 0.4354163 0.7509328 -0.4182184 0.3667816 0.8310022 -0.4180782 0.3666272 0.8311408 -0.333371 0.2923792 0.8963137 -0.3333247 0.292329 0.8963473 -0.2420649 0.2122673 0.9467561 -0.2422311 0.212446 0.9466736 -0.1469052 0.128835 0.9807244 -0.1468353 0.1287602 0.9807447 -0.04924353 0.04318728 0.9978526 -0.04923842 0.04318183 0.9978532 0.04924295 -0.04318776 0.9978526 0.04923791 -0.04318235 0.9978532 0.1468643 -0.1287975 0.9807354 0.146989 -0.1288213 0.9807137 0.1469019 -0.128838 0.9807246 0.1469037 -0.1287465 -0.9807363 0.1468985 -0.128835 -0.9807254 0.1469436 -0.128867 -0.9807145 0.0492434 -0.04318717 -0.9978527 0.04923737 -0.04318287 -0.9978532 -0.04924398 0.04318669 -0.9978527 -0.0492379 0.04318235 -0.9978532 -0.1469114 0.128827 -0.9807245 -0.1468281 0.1287674 -0.9807448 -0.2420496 0.2122869 -0.9467556 -0.2422486 0.2124284 -0.946673 -0.3333755 0.2923735 -0.8963139 -0.3333196 0.2923341 -0.8963475 -0.4182333 0.3667632 -0.8310028 -0.4180618 0.3666443 -0.8311415 -0.4964199 0.4353456 -0.7510269 -0.4965096 0.4354065 -0.7509323 -0.5656512 0.4960806 -0.6587434 -0.5657464 0.4961429 -0.6586148 -0.6256129 0.5486292 -0.5546302 -0.625464 0.5485369 -0.5548892 -0.6745127 0.5915409 -0.4417148 -0.6746061 0.5915937 -0.4415012 -0.7121327 0.6245072 -0.3207146 -0.7120683 0.6244767 -0.3209169 -0.7374861 0.6467163 -0.1946079 -0.737444 0.6467041 -0.1948079 -0.7501959 0.6579602 -0.0655332 -0.7502846 0.6579395 -0.0647214 -0.6579395 0.7502846 0.0647214 -0.6579601 0.7501959 0.06553318 -0.6467041 0.737444 0.1948079 -0.6467163 0.7374861 0.1946078 -0.6244767 0.7120683 0.3209169 -0.6245072 0.7121327 0.3207146 -0.5915937 0.6746061 0.4415012 -0.5915409 0.6745128 0.4417146 -0.5485369 0.625464 0.5548892 -0.5486291 0.6256127 0.5546303 -0.4961429 0.5657464 0.6586148 -0.4960806 0.5656512 0.6587434 -0.4354065 0.4965096 0.7509323 -0.4353456 0.4964198 0.751027 -0.3666443 0.4180618 0.8311415 -0.3667631 0.4182331 0.8310028 -0.2923341 0.3333196 0.8963475 -0.2923735 0.3333755 0.8963139 -0.2124284 0.2422486 0.946673 -0.2122869 0.2420497 0.9467556 -0.1287674 0.1468281 0.9807448 -0.128827 0.1469114 0.9807245 -0.04318235 0.04923791 0.9978532 -0.04318669 0.04924398 0.9978527 0.04318287 -0.04923738 0.9978532 0.04318717 -0.04924341 0.9978527 0.128867 -0.1469436 0.9807145 0.1287465 -0.1469037 0.9807363 0.128835 -0.1468985 0.9807254 0.1288213 -0.146989 -0.9807137 0.128838 -0.1469019 -0.9807246 0.1287975 -0.1468643 -0.9807354 0.04318234 -0.0492379 -0.9978532 0.04318776 -0.04924295 -0.9978526 -0.04318184 0.04923844 -0.9978532 -0.04318728 0.04924353 -0.9978526 -0.1287602 0.1468353 -0.9807447 -0.128835 0.1469052 -0.9807244 -0.212446 0.2422311 -0.9466736 -0.2122673 0.2420649 -0.9467561 -0.2923289 0.3333246 -0.8963473 -0.2923792 0.333371 -0.8963137 -0.3666273 0.4180783 -0.8311408 -0.3667816 0.4182184 -0.8310022 -0.4354162 0.4965003 -0.7509328 -0.4353352 0.4964283 -0.7510275 -0.4961544 0.5657354 -0.6586154 -0.4960683 0.5656613 -0.6587439 -0.5485158 0.6254835 -0.5548883 -0.5486511 0.6255943 -0.5546294 -0.5916101 0.6745916 -0.4415016 -0.5915243 0.6745269 -0.4417152 -0.6244621 0.7120813 -0.3209166 -0.624522 0.7121199 -0.3207142 -0.6466902 0.7374564 -0.1948074 -0.6467303 0.7374739 -0.1946076 -0.6579951 0.7502357 -0.06472163 -0.6579046 0.7502446 -0.06553347 -0.5543652 0.8296915 0.0655077 -0.5543691 0.829681 0.06560733 -0.5449278 0.8155797 0.1946366 -0.5449252 0.8155631 0.1947127 -0.5262179 0.7875541 0.3207073 -0.5262324 0.7875987 0.320574 -0.4984366 0.7459663 0.4416959 -0.498446 0.7459897 0.4416457 -0.4622708 0.6918596 0.5546494 -0.4622436 0.6917995 0.554747 -0.4180188 0.6255648 0.6587328 -0.4181309 0.6257975 0.6584407 -0.3668288 0.5489939 0.7510275 -0.3667584 0.5488537 0.7511643 -0.3090394 0.4625162 0.8310074 -0.3090179 0.4624744 0.8310387 -0.2463419 0.3686969 0.8963137 -0.2463046 0.3686257 0.8963532 -0.1788748 0.2676944 0.9467542 -0.1789396 0.2678167 0.9467074 -0.1085583 0.1624687 0.9807237 -0.108542 0.1624381 0.9807306 -0.03638844 0.05446 0.9978527 -0.03638596 0.05445535 0.997853 0.03638764 -0.05446045 0.9978527 0.03638337 -0.0544524 0.9978532 0.1085277 -0.1624195 0.9807353 0.1085581 -0.1624727 0.9807231 0.1085557 -0.1624726 0.9807234 0.1085581 -0.1623962 -0.9807358 0.1085404 -0.1624497 -0.9807289 0.1085591 -0.1624721 -0.980723 0.03638837 -0.05445989 -0.9978527 0.03638257 -0.05445287 -0.9978532 -0.03638885 0.05445968 -0.9978527 -0.0363855 0.05445561 -0.997853 -0.108561 0.1624666 -0.9807238 -0.108539 0.1624398 -0.9807306 -0.1788636 0.2677029 -0.9467539 -0.1789517 0.2678095 -0.9467071 -0.2463487 0.3686917 -0.8963139 -0.2462973 0.3686301 -0.8963535 -0.3090436 0.462513 -0.8310077 -0.3090133 0.4624772 -0.8310389 -0.3668445 0.5489825 -0.7510282 -0.3667419 0.5488639 -0.7511649 -0.4179894 0.6255857 -0.6587317 -0.4181615 0.6257783 -0.6584396 -0.4622796 0.6918534 -0.5546499 -0.4622345 0.6918053 -0.5547473 -0.4984324 0.7459693 -0.4416957 -0.4984503 0.7459869 -0.4416455 -0.5262073 0.7875613 -0.3207072 -0.5262432 0.7875918 -0.3205737 -0.5449336 0.8155757 -0.1946369 -0.5449194 0.8155671 -0.1947128 -0.5543727 0.8296865 -0.0655079 -0.5543615 0.8296861 -0.06560737 -0.4413418 0.8949375 0.06560837 -0.4413218 0.8949749 0.06523005 -0.4338408 0.8796964 0.1947212 -0.4338415 0.8797286 0.1945742 -0.4189457 0.8495349 0.3205853 -0.4189338 0.8494695 0.3207741 -0.3968273 0.804669 0.4416288 -0.3968351 0.8046992 0.4415665 -0.3679839 0.7462 0.5547734 -0.3679695 0.7461525 0.5548467 -0.3328911 0.6750354 0.6584154 -0.3328942 0.6750449 0.6584039 -0.2919454 0.5920277 0.7511798 -0.2919198 0.5919539 0.7512479 -0.2460197 0.498853 0.8310355 -0.2460771 0.4990127 0.8309226 -0.196087 0.3976153 0.8963549 -0.1960716 0.3975733 0.8963768 -0.1424606 0.2888869 0.9467045 -0.1424416 0.2888359 0.9467229 -0.08640966 0.1752174 0.9807305 -0.08642115 0.175248 0.980724 -0.02896664 0.0587376 0.9978531 -0.02896599 0.05873586 0.9978532 0.02896544 -0.05873489 0.9978533 0.02896585 -0.05873598 0.9978533 0.08642801 -0.1752512 0.9807228 0.08631003 -0.1752411 0.9807349 0.08643372 -0.1752667 0.9807195 0.08642523 -0.1752528 -0.9807227 0.08642605 -0.1752511 -0.980723 0.08639697 -0.1752048 -0.9807339 0.02896534 -0.05873496 -0.9978533 0.02896595 -0.05873593 -0.9978532 -0.0289668 0.05873749 -0.9978531 -0.02896582 0.05873593 -0.9978533 -0.08640684 0.175219 -0.9807304 -0.08642416 0.1752468 -0.980724 -0.1424654 0.2888841 -0.9467046 -0.1424365 0.2888381 -0.9467229 -0.1960911 0.397613 -0.8963549 -0.1960672 0.3975752 -0.896377 -0.2460029 0.4988622 -0.8310349 -0.2460947 0.499005 -0.830922 -0.2919538 0.592023 -0.7511802 -0.2919109 0.5919579 -0.7512482 -0.3328898 0.675036 -0.6584153 -0.3328955 0.6750444 -0.6584039 -0.3679911 0.7461963 -0.5547735 -0.3679622 0.7461559 -0.554847 -0.3968216 0.8046719 -0.4416285 -0.3968409 0.8046966 -0.4415664 -0.418962 0.8495268 -0.3205855 -0.4189174 0.8494774 -0.3207745 -0.4338286 0.8797024 -0.1947211 -0.4338537 0.8797226 -0.194574 -0.4413108 0.8949527 -0.06560838 -0.4413528 0.8949597 -0.0652299 -0.3207553 0.9449135 0.06522761 -0.320774 0.9448873 0.06551406 -0.31528 0.9288397 0.1945648 -0.3152846 0.9287974 0.1947586 -0.3044493 0.8968923 0.3207723 -0.3044515 0.8969382 0.3206418 -0.2883892 0.8496165 0.4415693 -0.2883822 0.8495597 0.4416832 -0.2674381 0.7877952 0.5548472 -0.2674691 0.7879842 0.5545639 -0.2419174 0.7127342 0.6583966 -0.2418679 0.7124729 0.6586975 -0.2121717 0.6249789 0.7512553 -0.2122341 0.6252817 0.7509856 -0.1788341 0.5268708 0.8309184 -0.1787785 0.5266149 0.8310927 -0.1424901 0.4197653 0.8963781 -0.1425105 0.4198562 0.8963322 -0.10352 0.3049557 0.9467236 -0.1035247 0.3049762 0.9467165 -0.06280928 0.1850304 0.9807236 -0.06280717 0.1850213 0.9807255 -0.02105038 0.06201436 0.9978533 -0.02104903 0.06200852 0.9978536 0.02105211 -0.06201369 0.9978533 0.02105626 -0.06203167 0.997852 0.4609838 0 0.8874086 0.0628124 -0.1850519 0.9807193 0.06285147 -0.1849985 0.980727 0.06279583 -0.1849791 0.9807341 0.06276696 -0.1850706 -0.9807187 0.06280648 -0.1850105 -0.9807274 0.4609395 0 -0.8874316 0.06280652 -0.1850106 -0.9807274 0.02105039 -0.06201437 -0.9978533 0.02105805 -0.06203119 -0.997852 -0.02105093 0.06201413 -0.9978533 -0.02104846 0.06200868 -0.9978536 -0.06281017 0.1850301 -0.9807236 -0.06280626 0.1850215 -0.9807255 -0.103518 0.3049565 -0.9467235 -0.1035268 0.3049756 -0.9467165 -0.1424809 0.419769 -0.8963779 -0.14252 0.4198535 -0.896332 -0.1788617 0.5268599 -0.8309194 -0.1787501 0.5266231 -0.8310935 -0.2121359 0.6249924 -0.7512541 -0.2122708 0.6252707 -0.7509844 -0.2419523 0.7127213 -0.6583977 -0.2418324 0.7124838 -0.6586986 -0.2674086 0.7878059 -0.5548463 -0.267499 0.7879747 -0.5545629 -0.2884002 0.8496127 -0.4415696 -0.2883712 0.8495633 -0.4416835 -0.3044374 0.8968964 -0.3207721 -0.3044635 0.8969343 -0.3206416 -0.315297 0.9288338 -0.1945652 -0.3152676 0.9288032 -0.1947588 -0.32078 0.944905 -0.06522775 -0.3207493 0.9448957 -0.06551418 -0.1946765 0.9786765 0.06552288 -0.1946665 0.9786873 0.06539207 -0.1913612 0.9620031 0.1947589 -0.1913605 0.9620062 0.1947445 -0.1847787 0.9290031 0.3206401 -0.184784 0.9289383 0.3208248 -0.1750347 0.8799299 0.4416857 -0.175034 0.8800099 0.4415264 -0.1623237 0.8161623 0.5545539 -0.1623187 0.8160046 0.5547875 -0.1467942 0.7379419 0.6587057 -0.146805 0.7381344 0.6584876 -0.1288112 0.6476405 0.750979 -0.1287999 0.6474838 0.751116 -0.1084949 0.5454423 0.8310966 -0.1085022 0.5455302 0.8310379 -0.08649828 0.4348669 0.8963307 -0.08649674 0.4348497 0.8963392 -0.06283307 0.315878 0.946717 -0.06283541 0.3159027 0.9467086 -0.0381161 0.1916384 0.9807252 -0.0381125 0.1916013 0.9807326 -0.01277562 0.06422516 0.9978536 -0.01277706 0.0642399 0.9978527 0.01277957 -0.06424974 0.997852 0.0127787 -0.06424065 0.9978526 0.03810959 -0.1916289 0.9807273 0.03819583 -0.1916155 0.9807265 0.03810406 -0.1915694 0.9807392 0.03808838 -0.1916345 -0.980727 0.03811165 -0.1916076 -0.9807314 0.03811736 -0.191626 -0.9807276 0.01278046 -0.06424951 -0.997852 0.01277779 -0.06424078 -0.9978526 -0.0127742 0.06422553 -0.9978536 -0.01277851 0.0642397 -0.9978526 -0.03811967 0.1916374 -0.9807252 -0.03810883 0.1916018 -0.9807326 -0.06283065 0.3158787 -0.946717 -0.06283791 0.3159023 -0.9467086 -0.08650006 0.4348665 -0.8963308 -0.08649494 0.43485 -0.8963393 -0.1084852 0.5454447 -0.8310964 -0.1085121 0.5455288 -0.8310376 -0.1288302 0.647636 -0.7509797 -0.1287807 0.6474869 -0.7511166 -0.1467679 0.737948 -0.6587047 -0.1468315 0.7381298 -0.6584868 -0.162349 0.8161567 -0.5545548 -0.1622932 0.8160092 -0.5547883 -0.1750187 0.8799333 -0.4416853 -0.17505 0.880007 -0.441526 -0.1847962 0.9289994 -0.3206405 -0.1847665 0.9289416 -0.3208252 -0.1913599 0.9620033 -0.1947589 -0.1913618 0.9620059 -0.1947445 -0.1946648 0.9786788 -0.06552287 -0.1946782 0.978685 -0.06539202 -0.06527501 0.9957224 0.06539119 -0.06525933 0.9957353 0.06521029 -0.06417485 0.9787521 0.1947457 -0.0641643 0.9787792 0.1946132 -0.06197487 0.9451085 0.3208254 -0.0619703 0.9451299 0.3207636 -0.05867629 0.8953277 0.4415262 -0.05869962 0.8951613 0.4418602 -0.05442153 0.8302098 0.5547882 -0.0544138 0.8302873 0.5546729 -0.04922106 0.7509803 0.6584877 -0.04922471 0.7509314 0.6585431 -0.04317322 0.6587588 0.7511145 -0.04317484 0.6587312 0.7511386 -0.0363868 0.5550227 0.831039 -0.03638167 0.5551298 0.8309676 -0.02900588 0.4424203 0.8963387 -0.02900542 0.4424314 0.8963332 -0.02106189 0.3214016 0.9467087 -0.02106538 0.3213057 0.9467412 -0.01278154 0.194936 0.9807327 -0.01277911 0.1950075 0.9807186 -0.004283763 0.06535833 0.9978526 -0.004284321 0.06534174 0.9978538 0.004282067 -0.0653592 0.9978526 0.004282677 -0.06534174 0.9978538 0.012777 -0.1949623 0.9807276 0.01277278 -0.1949978 0.9807205 0.01277558 -0.1949997 0.98072 0.01276985 -0.1949632 -0.9807274 0.01277301 -0.1949604 -0.9807279 0.01277937 -0.1949978 -0.9807203 0.004283806 -0.06535897 -0.9978526 0.004280922 -0.06534174 -0.9978538 -0.004285395 0.06535811 -0.9978527 -0.004282676 0.06534174 -0.9978538 -0.01277449 0.1949369 -0.9807326 -0.01278623 0.1950075 -0.9807184 -0.02107159 0.3214004 -0.9467089 -0.02105561 0.3213058 -0.9467413 -0.02900469 0.4424204 -0.8963386 -0.02900661 0.4424314 -0.8963332 -0.03637473 0.555024 -0.8310387 -0.03639381 0.5551296 -0.8309674 -0.04317662 0.6587584 -0.7511146 -0.04317142 0.6587313 -0.7511387 -0.04922787 0.7509795 -0.6584879 -0.04921788 0.7509316 -0.6585433 -0.05440878 0.8302108 -0.5547878 -0.05442658 0.8302868 -0.5546725 -0.05871036 0.895325 -0.4415271 -0.05866551 0.8951632 -0.4418611 -0.06196893 0.945109 -0.3208253 -0.06197625 0.9451295 -0.3207635 -0.06416257 0.978753 -0.1947455 -0.06417657 0.9787784 -0.194613 -0.06525856 0.9957235 -0.06539112 -0.06527579 0.9957343 -0.06521022 0.06527579 0.9957343 0.0652102 0.06525856 0.9957235 0.06539113 0.06417657 0.9787784 0.194613 0.06416257 0.9787529 0.1947455 0.06197625 0.9451295 0.3207635 0.06196893 0.945109 0.3208253 0.05866551 0.8951632 0.4418611 0.05871035 0.895325 0.441527 0.05442658 0.8302868 0.5546725 0.05440879 0.8302109 0.5547878 0.04921788 0.7509316 0.6585433 0.04922787 0.7509795 0.6584879 0.04317142 0.6587312 0.7511387 0.04317662 0.6587584 0.7511146 0.03639381 0.5551296 0.8309674 0.03637473 0.555024 0.8310387 0.02900661 0.4424314 0.8963331 0.02900469 0.4424204 0.8963386 0.02105561 0.3213058 0.9467413 0.02107159 0.3214004 0.9467089 0.01278623 0.1950075 0.9807184 0.01277449 0.1949369 0.9807326 0.004282677 0.06534175 0.9978538 0.004285395 0.06535812 0.9978526 -0.004280922 -0.06534173 0.9978538 -0.004283805 -0.06535897 0.9978526 -0.01277937 -0.1949978 0.9807203 -0.01276985 -0.1949632 0.9807274 -0.01277301 -0.1949604 0.9807279 -0.01277278 -0.1949978 -0.9807205 -0.01277558 -0.1949997 -0.98072 -0.012777 -0.1949623 -0.9807276 -0.004282677 -0.06534174 -0.9978538 -0.004282067 -0.0653592 -0.9978526 0.004284321 0.06534174 -0.9978538 0.004283763 0.06535832 -0.9978526 0.01277911 0.1950075 -0.9807186 0.01278154 0.194936 -0.9807327 0.02106538 0.3213057 -0.9467412 0.0210619 0.3214016 -0.9467087 0.02900542 0.4424314 -0.8963332 0.02900588 0.4424203 -0.8963387 0.03638166 0.5551298 -0.8309676 0.0363868 0.5550227 -0.831039 0.04317484 0.6587312 -0.7511386 0.04317322 0.6587588 -0.7511145 0.04922471 0.7509314 -0.6585431 0.04922106 0.7509802 -0.6584877 0.0544138 0.8302873 -0.5546729 0.05442154 0.8302098 -0.5547882 0.05869962 0.8951613 -0.4418602 0.0586763 0.8953277 -0.4415262 0.0619703 0.9451299 -0.3207636 0.06197487 0.9451085 -0.3208254 0.06416429 0.9787792 -0.1946132 0.06417485 0.9787521 -0.1947457 0.06525934 0.9957353 -0.06521029 0.06527501 0.9957224 -0.06539119 0.1946782 0.978685 0.06539212 0.1946648 0.9786789 0.06552283 0.1913618 0.9620059 0.1947445 0.1913599 0.9620033 0.1947589 0.1847665 0.9289416 0.3208251 0.1847962 0.9289995 0.3206405 0.17505 0.880007 0.4415259 0.1750187 0.8799333 0.4416853 0.1622932 0.8160092 0.5547882 0.162349 0.8161567 0.5545547 0.1468315 0.7381298 0.6584867 0.1467679 0.7379479 0.6587048 0.1287807 0.6474869 0.7511166 0.1288302 0.6476359 0.7509797 0.1085121 0.5455288 0.8310376 0.1084852 0.5454447 0.8310964 0.08649494 0.4348501 0.8963393 0.08650006 0.4348664 0.8963308 0.06283792 0.3159024 0.9467086 0.06283063 0.3158786 0.946717 0.03810882 0.1916018 0.9807327 0.03811968 0.1916374 0.9807252 0.01277851 0.0642397 0.9978526 0.0127742 0.06422553 0.9978536 -0.01277779 -0.06424078 0.9978526 -0.01278046 -0.0642495 0.997852 -0.03811735 -0.191626 0.9807276 -0.03808838 -0.1916345 0.980727 -0.03811165 -0.1916076 0.9807314 -0.03810406 -0.1915694 -0.9807392 -0.03819583 -0.1916155 -0.9807265 -0.0381096 -0.1916289 -0.9807273 -0.0127787 -0.06424065 -0.9978526 -0.01277957 -0.06424973 -0.997852 0.01277706 0.0642399 -0.9978527 0.01277562 0.06422516 -0.9978536 0.0381125 0.1916013 -0.9807326 0.0381161 0.1916384 -0.9807252 0.06283542 0.3159027 -0.9467086 0.06283307 0.315878 -0.946717 0.08649673 0.4348497 -0.8963392 0.08649829 0.4348669 -0.8963307 0.1085022 0.5455303 -0.8310379 0.1084949 0.5454423 -0.8310966 0.1287999 0.6474838 -0.751116 0.1288112 0.6476405 -0.7509791 0.146805 0.7381344 -0.6584876 0.1467942 0.7379419 -0.6587057 0.1623187 0.8160046 -0.5547875 0.1623237 0.8161622 -0.554554 0.175034 0.8800099 -0.4415264 0.1750347 0.8799299 -0.4416857 0.184784 0.9289383 -0.3208248 0.1847787 0.9290031 -0.3206401 0.1913605 0.9620062 -0.1947445 0.1913612 0.9620031 -0.1947589 0.1946665 0.9786873 -0.06539207 0.1946765 0.9786765 -0.06552288 0.3207493 0.9448957 0.06551427 0.32078 0.944905 0.06522771 0.3152676 0.9288032 0.1947588 0.315297 0.9288338 0.194565 0.3044635 0.8969342 0.3206417 0.3044374 0.8968964 0.3207721 0.2883712 0.8495632 0.4416835 0.2884002 0.8496125 0.4415697 0.267499 0.7879747 0.554563 0.2674086 0.7878059 0.5548463 0.2418324 0.7124838 0.6586987 0.2419522 0.7127212 0.6583978 0.2122709 0.6252708 0.7509844 0.212136 0.6249925 0.751254 0.1787501 0.5266231 0.8310935 0.1788618 0.5268601 0.8309194 0.14252 0.4198535 0.896332 0.1424809 0.419769 0.8963779 0.1035268 0.3049756 0.9467165 0.103518 0.3049565 0.9467235 0.06280626 0.1850215 0.9807255 0.06281015 0.1850301 0.9807236 0.02104846 0.06200867 0.9978536 0.02105093 0.06201413 0.9978533 -0.02105805 -0.0620312 0.997852 -0.02105039 -0.06201439 0.9978533 -0.06280652 -0.1850106 0.9807274 -0.4609395 0 0.8874316 -0.06276696 -0.1850706 0.9807187 -0.06280648 -0.1850105 0.9807274 -0.06279583 -0.1849791 -0.9807341 -0.06285147 -0.1849985 -0.980727 -0.4609838 -0 -0.8874086 -0.0628124 -0.1850519 -0.9807193 -0.02105626 -0.06203167 -0.997852 -0.02105211 -0.06201369 -0.9978533 0.02104903 0.06200853 -0.9978536 0.02105038 0.06201435 -0.9978533 0.06280717 0.1850213 -0.9807255 0.06280928 0.1850305 -0.9807236 0.1035247 0.3049762 -0.9467165 0.10352 0.3049557 -0.9467236 0.1425105 0.4198562 -0.8963323 0.1424901 0.4197653 -0.8963781 0.1787785 0.5266148 -0.8310927 0.1788341 0.5268708 -0.8309184 0.2122341 0.6252817 -0.7509857 0.2121718 0.6249789 -0.7512553 0.2418679 0.7124729 -0.6586975 0.2419174 0.7127342 -0.6583966 0.2674691 0.7879842 -0.5545639 0.2674381 0.7877952 -0.5548472 0.2883822 0.8495597 -0.4416832 0.2883892 0.8496165 -0.4415693 0.3044515 0.8969382 -0.3206418 0.3044492 0.8968922 -0.3207723 0.3152846 0.9287974 -0.1947586 0.31528 0.9288397 -0.1945648 0.320774 0.9448873 -0.06551406 0.3207553 0.9449135 -0.06522761 0.4413528 0.8949597 0.06522978 0.4413108 0.8949527 0.06560823 0.4338537 0.8797226 0.1945741 0.4338286 0.8797026 0.194721 0.4189174 0.8494775 0.3207746 0.418962 0.8495268 0.3205857 0.3968409 0.8046966 0.4415663 0.3968216 0.8046718 0.4416286 0.3679621 0.7461559 0.5548471 0.3679911 0.7461962 0.5547736 0.3328955 0.6750444 0.6584039 0.3328899 0.675036 0.6584153 0.2919109 0.5919579 0.7512482 0.2919539 0.5920231 0.7511801 0.2460947 0.4990051 0.8309219 0.2460029 0.4988623 0.8310349 0.1960672 0.3975751 0.896377 0.1960911 0.397613 0.896355 0.1424365 0.2888381 0.9467229 0.1424654 0.2888841 0.9467046 0.08642416 0.1752468 0.9807239 0.08640684 0.175219 0.9807304 0.02896583 0.05873594 0.9978532 0.0289668 0.05873751 0.9978531 -0.02896596 -0.05873594 0.9978532 -0.02896534 -0.05873495 0.9978533 -0.08639695 -0.1752048 0.9807338 -0.08642523 -0.1752528 0.9807227 -0.08642605 -0.1752511 0.980723 -0.08643372 -0.1752667 -0.9807195 -0.08631003 -0.1752411 -0.9807349 -0.08642801 -0.1752512 -0.9807228 -0.02896585 -0.05873598 -0.9978533 -0.02896544 -0.05873489 -0.9978533 0.02896599 0.05873586 -0.9978532 0.02896664 0.0587376 -0.9978531 0.08642115 0.175248 -0.980724 0.08640966 0.1752174 -0.9807305 0.1424416 0.2888359 -0.9467229 0.1424606 0.2888869 -0.9467045 0.1960715 0.3975733 -0.8963768 0.196087 0.3976153 -0.8963549 0.2460771 0.4990127 -0.8309226 0.2460198 0.498853 -0.8310355 0.2919198 0.5919539 -0.7512479 0.2919454 0.5920277 -0.7511798 0.3328942 0.675045 -0.6584039 0.3328911 0.6750354 -0.6584154 0.3679695 0.7461525 -0.5548468 0.3679838 0.7462 -0.5547734 0.3968351 0.8046992 -0.4415665 0.3968273 0.8046689 -0.4416288 0.4189338 0.8494695 -0.3207741 0.4189457 0.8495349 -0.3205853 0.4338415 0.8797286 -0.1945742 0.4338408 0.8796964 -0.1947212 0.4413218 0.8949749 -0.06523005 0.4413418 0.8949375 -0.06560837 0.5543615 0.829686 0.06560745 0.5543727 0.8296864 0.06550773 0.5449194 0.8155671 0.1947131 0.5449337 0.8155758 0.1946367 0.5262432 0.7875918 0.3205737 0.5262073 0.7875613 0.3207071 0.4984503 0.7459869 0.4416457 0.4984324 0.7459692 0.4416957 0.4622345 0.6918054 0.5547473 0.4622797 0.6918535 0.5546497 0.4181614 0.6257781 0.6584397 0.4179894 0.6255857 0.6587316 0.3667418 0.5488638 0.751165 0.3668446 0.5489826 0.7510281 0.3090134 0.4624773 0.8310387 0.3090437 0.4625131 0.8310076 0.2462973 0.3686301 0.8963535 0.2463487 0.3686917 0.8963139 0.1789517 0.2678095 0.9467071 0.1788636 0.2677029 0.9467539 0.108539 0.1624398 0.9807306 0.1085611 0.1624667 0.9807238 0.0363855 0.0544556 0.997853 0.03638885 0.05445968 0.9978527 -0.03638257 -0.05445287 0.9978533 -0.03638837 -0.0544599 0.9978527 -0.1085591 -0.1624721 0.980723 -0.1085581 -0.1623962 0.9807358 -0.1085404 -0.1624497 0.9807289 -0.1085557 -0.1624726 -0.9807234 -0.1085581 -0.1624727 -0.9807231 -0.1085277 -0.1624195 -0.9807352 -0.03638336 -0.0544524 -0.9978532 -0.03638764 -0.05446044 -0.9978527 0.03638596 0.05445535 -0.997853 0.03638844 0.05446001 -0.9978527 0.108542 0.1624381 -0.9807306 0.1085583 0.1624688 -0.9807237 0.1789396 0.2678167 -0.9467074 0.1788748 0.2676944 -0.9467542 0.2463046 0.3686257 -0.8963532 0.2463419 0.3686969 -0.8963137 0.3090179 0.4624744 -0.8310387 0.3090394 0.4625162 -0.8310074 0.3667584 0.5488536 -0.7511643 0.3668288 0.5489939 -0.7510275 0.4181309 0.6257975 -0.6584406 0.4180188 0.6255648 -0.6587328 0.4622436 0.6917995 -0.554747 0.4622707 0.6918597 -0.5546494 0.498446 0.7459897 -0.4416457 0.4984365 0.7459664 -0.4416958 0.5262324 0.7875988 -0.320574 0.526218 0.787554 -0.3207074 0.5449252 0.8155631 -0.1947127 0.5449278 0.8155797 -0.1946366 0.5543691 0.829681 -0.06560733 0.5543652 0.8296915 -0.06550771 0.6579046 0.7502447 0.0655335 0.6579951 0.7502357 0.06472171 0.6467302 0.7374738 0.1946078 0.6466902 0.7374563 0.1948077 0.624522 0.7121199 0.3207142 0.6244621 0.7120813 0.3209165 0.5915243 0.6745269 0.4417154 0.59161 0.6745915 0.4415018 0.548651 0.6255941 0.5546296 0.5485157 0.6254834 0.5548884 0.4960683 0.5656613 0.658744 0.4961545 0.5657355 0.6586152 0.4353352 0.4964284 0.7510273 0.4354163 0.4965004 0.7509328 0.3667815 0.4182183 0.8310022 0.3666272 0.4180782 0.8311408 0.2923792 0.333371 0.8963136 0.292329 0.3333247 0.8963473 0.2122673 0.242065 0.9467561 0.212446 0.2422311 0.9466736 0.128835 0.1469052 0.9807244 0.1287602 0.1468353 0.9807447 0.04318728 0.04924352 0.9978526 0.04318183 0.04923842 0.9978532 -0.04318777 -0.04924296 0.9978526 -0.04318235 -0.04923791 0.9978532 -0.1287975 -0.1468643 0.9807354 -0.1288213 -0.146989 0.9807137 -0.128838 -0.1469019 0.9807246 -0.128835 -0.1468985 -0.9807254 -0.1287465 -0.1469036 -0.9807363 -0.128867 -0.1469436 -0.9807145 -0.04318717 -0.04924341 -0.9978527 -0.04318287 -0.04923737 -0.9978532 0.04318669 0.04924398 -0.9978527 0.04318235 0.0492379 -0.9978532 0.128827 0.1469114 -0.9807245 0.1287674 0.1468281 -0.9807448 0.2122869 0.2420497 -0.9467556 0.2124284 0.2422486 -0.946673 0.2923735 0.3333755 -0.8963139 0.2923341 0.3333196 -0.8963475 0.3667631 0.4182332 -0.831003 0.3666443 0.4180618 -0.8311415 0.4353456 0.4964198 -0.7510269 0.4354065 0.4965096 -0.7509323 0.4960806 0.5656512 -0.6587434 0.4961429 0.5657464 -0.6586148 0.5486292 0.6256128 -0.5546303 0.5485369 0.625464 -0.5548892 0.5915409 0.6745128 -0.4417146 0.5915937 0.6746061 -0.4415012 0.6245072 0.7121327 -0.3207146 0.6244767 0.7120683 -0.3209169 0.6467163 0.7374861 -0.1946078 0.6467041 0.737444 -0.1948079 0.6579602 0.7501959 -0.06553318 0.6579395 0.7502846 -0.0647214 0.7502846 0.6579395 0.06472132 0.7501959 0.6579601 0.06553318 0.737444 0.6467041 0.1948078 0.7374861 0.6467163 0.1946078 0.7120683 0.6244767 0.320917 0.7121327 0.6245072 0.3207146 0.6746063 0.5915939 0.4415011 0.6745128 0.5915409 0.4417146 0.625464 0.5485369 0.5548892 0.6256127 0.5486291 0.5546303 0.5657464 0.496143 0.6586146 0.5656512 0.4960806 0.6587434 0.4965096 0.4354064 0.7509325 0.4964198 0.4353456 0.751027 0.4180619 0.3666443 0.8311415 0.4182331 0.3667631 0.8310028 0.3333196 0.2923341 0.8963475 0.3333755 0.2923735 0.8963139 0.2422486 0.2124283 0.946673 0.2420497 0.2122869 0.9467556 0.1468281 0.1287674 0.9807448 0.1469114 0.128827 0.9807245 0.0492379 0.04318234 0.9978532 0.04924398 0.04318669 0.9978527 -0.04923738 -0.04318287 0.9978532 -0.04924341 -0.04318717 0.9978527 -0.1469436 -0.128867 0.9807145 -0.1469037 -0.1287465 0.9807363 -0.1468985 -0.128835 0.9807254 -0.1469019 -0.128838 -0.9807246 -0.146989 -0.1288213 -0.9807137 -0.1468643 -0.1287975 -0.9807354 -0.04923791 -0.04318235 -0.9978532 -0.04924295 -0.04318776 -0.9978526 0.04923843 0.04318183 -0.9978532 0.04924353 0.04318728 -0.9978526 0.1468353 0.1287602 -0.9807447 0.1469052 0.128835 -0.9807244 0.2422311 0.212446 -0.9466736 0.2420649 0.2122673 -0.9467561 0.3333247 0.292329 -0.8963473 0.333371 0.2923792 -0.8963137 0.4180782 0.3666272 -0.8311408 0.4182184 0.3667816 -0.8310022 0.4965004 0.4354162 -0.7509328 0.4964283 0.4353352 -0.7510275 0.5657355 0.4961545 -0.6586152 0.5656613 0.4960683 -0.6587439 0.6254834 0.5485157 -0.5548884 0.6255943 0.5486511 -0.5546294 0.6745915 0.59161 -0.4415018 0.6745269 0.5915243 -0.4417152 0.7120813 0.6244621 -0.3209165 0.7121199 0.624522 -0.3207142 0.7374563 0.6466902 -0.1948077 0.7374739 0.6467303 -0.1946076 0.7502357 0.6579951 -0.06472171 0.7502446 0.6579046 -0.06553347 0.8296915 0.5543652 0.06550775 0.829681 0.5543691 0.06560733 0.8155797 0.5449278 0.1946367 0.8155631 0.5449252 0.1947127 0.7875541 0.5262179 0.3207072 0.7875987 0.5262324 0.320574 0.7459664 0.4984366 0.4416957 0.7459897 0.498446 0.4416457 0.6918597 0.4622708 0.5546494 0.6917995 0.4622436 0.554747 0.6255648 0.4180188 0.6587328 0.6257975 0.4181309 0.6584407 0.5489939 0.3668288 0.7510275 0.5488537 0.3667584 0.7511643 0.4625163 0.3090394 0.8310074 0.4624744 0.3090179 0.8310387 0.3686969 0.2463419 0.8963138 0.3686257 0.2463046 0.8963532 0.2676944 0.1788748 0.9467542 0.2678167 0.1789396 0.9467074 0.1624687 0.1085583 0.9807237 0.1624381 0.108542 0.9807306 0.05446 0.03638844 0.9978527 0.05445535 0.03638596 0.997853 -0.05446045 -0.03638764 0.9978527 -0.0544524 -0.03638337 0.9978532 -0.1624194 -0.1085277 0.9807353 -0.1624727 -0.1085581 0.9807231 -0.1624726 -0.1085557 0.9807234 -0.1624497 -0.1085404 -0.9807289 -0.1623962 -0.1085581 -0.9807358 -0.1624721 -0.1085591 -0.980723 -0.05445989 -0.03638837 -0.9978527 -0.05445287 -0.03638257 -0.9978532 0.05445969 0.03638886 -0.9978527 0.05445561 0.0363855 -0.997853 0.1624666 0.1085611 -0.9807238 0.1624398 0.108539 -0.9807306 0.2677029 0.1788636 -0.9467539 0.2678095 0.1789517 -0.9467071 0.3686917 0.2463487 -0.8963139 0.3686301 0.2462973 -0.8963535 0.4625131 0.3090437 -0.8310076 0.4624772 0.3090133 -0.8310389 0.5489826 0.3668446 -0.7510281 0.5488639 0.3667419 -0.7511649 0.6255857 0.4179894 -0.6587316 0.6257783 0.4181615 -0.6584396 0.6918535 0.4622797 -0.5546498 0.6918053 0.4622345 -0.5547473 0.7459693 0.4984324 -0.4416957 0.7459869 0.4984503 -0.4416455 0.7875613 0.5262073 -0.3207071 0.7875918 0.5262432 -0.3205737 0.8155758 0.5449337 -0.1946367 0.8155671 0.5449194 -0.1947128 0.8296865 0.5543727 -0.06550775 0.8296861 0.5543615 -0.06560737 0.8949375 0.4413418 0.06560841 0.8949749 0.4413218 0.06523005 0.8796964 0.4338408 0.1947211 0.8797286 0.4338415 0.1945742 0.8495349 0.4189457 0.3205851 0.8494695 0.4189338 0.3207741 0.8046689 0.3968273 0.4416288 0.8046992 0.3968351 0.4415665 0.7461998 0.3679838 0.5547736 0.7461525 0.3679695 0.5548467 0.6750354 0.3328911 0.6584154 0.6750449 0.3328942 0.6584039 0.5920277 0.2919454 0.7511798 0.5919539 0.2919198 0.7512479 0.498853 0.2460197 0.8310355 0.4990127 0.2460771 0.8309226 0.3976152 0.1960869 0.8963549 0.3975733 0.1960716 0.8963768 0.2888868 0.1424606 0.9467045 0.2888359 0.1424416 0.9467229 0.1752174 0.08640965 0.9807305 0.175248 0.08642115 0.980724 0.05873758 0.02896664 0.9978531 0.05873586 0.02896599 0.9978532 -0.05873488 -0.02896543 0.9978533 -0.05873598 -0.02896585 0.9978533 -0.1752512 -0.086428 0.9807228 -0.1752411 -0.08631003 0.9807349 -0.1752667 -0.08643372 0.9807195 -0.1752511 -0.08642605 -0.980723 -0.1752528 -0.08642523 -0.9807227 -0.1752048 -0.08639697 -0.9807339 -0.05873495 -0.02896534 -0.9978533 -0.05873593 -0.02896595 -0.9978532 0.05873751 0.0289668 -0.9978531 0.05873593 0.02896582 -0.9978533 0.175219 0.08640683 -0.9807304 0.1752468 0.08642416 -0.980724 0.2888841 0.1424654 -0.9467046 0.2888381 0.1424365 -0.9467229 0.397613 0.1960911 -0.896355 0.3975752 0.1960672 -0.896377 0.4988623 0.2460029 -0.8310349 0.499005 0.2460947 -0.830922 0.5920231 0.2919539 -0.7511801 0.5919579 0.2919109 -0.7512482 0.675036 0.3328898 -0.6584153 0.6750444 0.3328955 -0.6584039 0.7461962 0.3679911 -0.5547736 0.7461559 0.3679622 -0.554847 0.8046718 0.3968216 -0.4416286 0.8046966 0.3968409 -0.4415664 0.8495268 0.418962 -0.3205857 0.8494774 0.4189174 -0.3207745 0.8797024 0.4338286 -0.194721 0.8797226 0.4338537 -0.194574 0.8949527 0.4413108 -0.06560823 0.8949597 0.4413528 -0.0652299 0.9449135 0.3207553 0.06522778 0.9448873 0.320774 0.06551406 0.9288397 0.31528 0.1945647 0.9287974 0.3152846 0.1947586 0.8968923 0.3044493 0.3207722 0.8969382 0.3044515 0.3206418 0.8496166 0.2883893 0.4415692 0.8495597 0.2883822 0.4416832 0.7877952 0.2674381 0.5548473 0.7879842 0.2674691 0.5545639 0.7127342 0.2419174 0.6583966 0.7124729 0.2418679 0.6586975 0.6249789 0.2121717 0.7512553 0.6252817 0.2122341 0.7509856 0.5268708 0.1788341 0.8309186 0.5266149 0.1787785 0.8310927 0.4197653 0.1424901 0.8963781 0.4198562 0.1425105 0.8963322 0.3049557 0.10352 0.9467236 0.3049762 0.1035247 0.9467165 0.1850304 0.06280928 0.9807236 0.1850213 0.06280717 0.9807255 0.06201436 0.02105038 0.9978533 0.06200852 0.02104903 0.9978536 -0.06201368 -0.02105211 0.9978533 -0.06203167 -0.02105626 0.997852 -0.1850519 -0.0628124 0.9807193 0 -0.4609838 0.8874086 -0.1849985 -0.06285147 0.980727 -0.1849791 -0.06279583 0.9807341 -0.1850105 -0.06280648 -0.9807274 -0.1850706 -0.06276695 -0.9807187 0 -0.4609395 -0.8874316 -0.1850106 -0.06280652 -0.9807274 -0.06201439 -0.0210504 -0.9978533 -0.06203119 -0.02105805 -0.997852 0.06201413 0.02105093 -0.9978533 0.06200868 0.02104846 -0.9978536 0.1850301 0.06281015 -0.9807236 0.1850215 0.06280626 -0.9807255 0.3049565 0.103518 -0.9467235 0.3049756 0.1035268 -0.9467165 0.419769 0.1424809 -0.8963779 0.4198535 0.14252 -0.896332 0.52686 0.1788617 -0.8309193 0.5266231 0.1787501 -0.8310935 0.6249925 0.212136 -0.7512541 0.6252707 0.2122708 -0.7509844 0.7127212 0.2419522 -0.6583977 0.7124838 0.2418324 -0.6586986 0.7878059 0.2674086 -0.5548463 0.7879747 0.267499 -0.5545629 0.8496125 0.2884002 -0.4415697 0.8495633 0.2883712 -0.4416835 0.8968964 0.3044374 -0.3207721 0.8969343 0.3044635 -0.3206416 0.9288338 0.315297 -0.194565 0.9288032 0.3152676 -0.1947588 0.944905 0.32078 -0.06522771 0.9448957 0.3207493 -0.06551418 0.9786765 0.1946765 0.06552289 0.9786873 0.1946665 0.06539207 0.9620031 0.1913612 0.1947589 0.9620062 0.1913605 0.1947445 0.9290031 0.1847787 0.3206402 0.9289383 0.184784 0.3208248 0.8799299 0.1750347 0.4416856 0.8800099 0.175034 0.4415264 0.8161623 0.1623237 0.5545539 0.8160046 0.1623187 0.5547875 0.7379419 0.1467942 0.6587056 0.7381344 0.146805 0.6584876 0.6476405 0.1288112 0.7509791 0.6474838 0.1287999 0.751116 0.5454423 0.1084949 0.8310965 0.5455302 0.1085022 0.8310379 0.4348669 0.08649828 0.8963308 0.4348497 0.08649674 0.8963392 0.315878 0.06283307 0.946717 0.3159027 0.06283541 0.9467086 0.1916384 0.03811609 0.9807252 0.1916013 0.0381125 0.9807326 0.06422516 0.01277562 0.9978536 0.0642399 0.01277706 0.9978527 -0.06424973 -0.01277957 0.997852 -0.06424065 -0.0127787 0.9978526 -0.1916289 -0.03810959 0.9807273 -0.1916155 -0.03819583 0.9807265 -0.1915694 -0.03810406 0.9807392 -0.1916076 -0.03811165 -0.9807314 -0.1916345 -0.03808838 -0.980727 -0.191626 -0.03811736 -0.9807276 -0.0642495 -0.01278046 -0.997852 -0.06424078 -0.01277779 -0.9978526 0.06422553 0.0127742 -0.9978536 0.0642397 0.01277851 -0.9978526 0.1916374 0.03811968 -0.9807252 0.1916018 0.03810883 -0.9807326 0.3158786 0.06283063 -0.946717 0.3159023 0.06283791 -0.9467086 0.4348665 0.08650006 -0.8963308 0.43485 0.08649494 -0.8963393 0.5454447 0.1084852 -0.8310964 0.5455288 0.1085121 -0.8310376 0.6476359 0.1288302 -0.7509797 0.6474869 0.1287807 -0.7511166 0.7379479 0.1467679 -0.6587048 0.7381298 0.1468315 -0.6584868 0.8161567 0.162349 -0.5545548 0.8160092 0.1622932 -0.5547883 0.8799333 0.1750187 -0.4416853 0.880007 0.17505 -0.441526 0.9289995 0.1847962 -0.3206405 0.9289416 0.1847665 -0.3208252 0.9620033 0.1913599 -0.1947589 0.9620059 0.1913618 -0.1947445 0.9786789 0.1946648 -0.06552283 0.978685 0.1946782 -0.06539202 0.9957224 0.06527501 0.06539119 0.9957353 0.06525933 0.06521029 0.9787521 0.06417485 0.1947457 0.9787792 0.0641643 0.1946132 0.9451085 0.06197487 0.3208254 0.9451299 0.0619703 0.3207636 0.8953277 0.05867629 0.4415262 0.8951613 0.05869962 0.4418602 0.8302098 0.05442153 0.5547882 0.8302873 0.0544138 0.5546729 0.7509802 0.04922106 0.6584877 0.7509314 0.04922471 0.6585431 0.6587588 0.04317322 0.7511145 0.6587312 0.04317484 0.7511386 0.5550226 0.0363868 0.831039 0.5551298 0.03638166 0.8309676 0.4424203 0.02900588 0.8963387 0.4424314 0.02900542 0.8963332 0.3214016 0.02106189 0.9467087 0.3213057 0.02106538 0.9467412 0.194936 0.01278154 0.9807327 0.1950075 0.01277911 0.9807186 0.06535833 0.004283763 0.9978526 0.06534174 0.004284321 0.9978538 -0.0653592 -0.004282067 0.9978526 -0.06534174 -0.004282677 0.9978538 -0.1949623 -0.012777 0.9807276 -0.1949997 -0.01277558 0.98072 -0.1949978 -0.01277278 0.9807205 -0.1949604 -0.01277301 -0.9807279 -0.1949632 -0.01276986 -0.9807275 -0.1949978 -0.01277937 -0.9807203 -0.06535897 -0.004283806 -0.9978526 -0.06534174 -0.004280922 -0.9978538 0.06535811 0.004285395 -0.9978526 0.06534174 0.004282676 -0.9978538 0.1949369 0.01277449 -0.9807326 0.1950075 0.01278623 -0.9807184 0.3214004 0.02107159 -0.9467089 0.3213058 0.02105561 -0.9467413 0.4424204 0.02900469 -0.8963386 0.4424314 0.02900661 -0.8963332 0.555024 0.03637473 -0.8310387 0.5551296 0.03639381 -0.8309674 0.6587584 0.04317662 -0.7511145 0.6587313 0.04317142 -0.7511387 0.7509795 0.04922787 -0.6584879 0.7509316 0.04921788 -0.6585433 0.8302109 0.05440879 -0.5547878 0.8302868 0.05442658 -0.5546725 0.8953251 0.05871036 -0.4415271 0.8951632 0.05866551 -0.4418611 0.945109 0.06196893 -0.3208253 0.9451295 0.06197625 -0.3207635 0.978753 0.06416257 -0.1947455 0.9787784 0.06417657 -0.194613 0.9957235 0.06525856 -0.06539112 0.9957343 0.06527579 -0.06521022 0.9957343 -0.06527579 0.06521022 0.9957235 -0.06525856 0.06539112 0.9787784 -0.06417657 0.194613 0.978753 -0.06416257 0.1947455 0.9451295 -0.06197625 0.3207635 0.945109 -0.06196893 0.3208253 0.8951632 -0.05866551 0.4418611 0.8953251 -0.05871036 0.4415271 0.8302868 -0.05442658 0.5546725 0.8302109 -0.05440879 0.5547878 0.7509316 -0.04921788 0.6585433 0.7509795 -0.04922787 0.6584879 0.6587313 -0.04317142 0.7511387 0.6587584 -0.04317662 0.7511145 0.5551296 -0.03639381 0.8309674 0.555024 -0.03637473 0.8310387 0.4424314 -0.02900661 0.8963332 0.4424204 -0.02900469 0.8963386 0.3213058 -0.02105561 0.9467413 0.3214004 -0.02107159 0.9467089 0.1950075 -0.01278623 0.9807184 0.1949369 -0.01277449 0.9807326 0.06534174 -0.004282676 0.9978538 0.06535811 -0.004285395 0.9978526 -0.06534174 0.004280922 0.9978538 -0.06535897 0.004283806 0.9978526 -0.1949978 0.01277937 0.9807203 -0.1949604 0.01277301 0.9807279 -0.1949632 0.01276986 0.9807275 -0.1949997 0.01277558 -0.98072 -0.1949978 0.01277278 -0.9807205 -0.1949623 0.012777 -0.9807276 -0.06534174 0.004282677 -0.9978538 -0.0653592 0.004282067 -0.9978526 0.06534174 -0.004284321 -0.9978538 0.06535833 -0.004283763 -0.9978526 0.1950075 -0.01277911 -0.9807186 0.194936 -0.01278154 -0.9807327 0.3213057 -0.02106538 -0.9467412 0.3214016 -0.02106189 -0.9467087 0.4424314 -0.02900542 -0.8963332 0.4424203 -0.02900588 -0.8963387 0.5551298 -0.03638166 -0.8309676 0.5550226 -0.0363868 -0.831039 0.6587312 -0.04317484 -0.7511386 0.6587588 -0.04317322 -0.7511145 0.7509314 -0.04922471 -0.6585431 0.7509802 -0.04922106 -0.6584877 0.8302873 -0.0544138 -0.5546729 0.8302098 -0.05442153 -0.5547882 0.8951613 -0.05869962 -0.4418602 0.8953277 -0.05867629 -0.4415262 0.9451299 -0.0619703 -0.3207636 0.9451085 -0.06197487 -0.3208254 0.9787792 -0.0641643 -0.1946132 0.9787521 -0.06417485 -0.1947457 0.9957353 -0.06525933 -0.06521029 0.9957224 -0.06527501 -0.06539119 0.978685 -0.1946782 0.06539202 0.9786789 -0.1946648 0.06552283 0.9620059 -0.1913618 0.1947445 0.9620033 -0.1913599 0.1947589 0.9289416 -0.1847665 0.3208252 0.9289995 -0.1847962 0.3206405 0.880007 -0.17505 0.441526 0.8799333 -0.1750187 0.4416853 0.8160092 -0.1622932 0.5547883 0.8161567 -0.162349 0.5545548 0.7381298 -0.1468315 0.6584868 0.7379479 -0.1467679 0.6587048 0.6474869 -0.1287807 0.7511166 0.6476359 -0.1288302 0.7509797 0.5455288 -0.1085121 0.8310376 0.5454447 -0.1084852 0.8310964 0.43485 -0.08649494 0.8963393 0.4348665 -0.08650006 0.8963308 0.3159023 -0.06283791 0.9467086 0.3158786 -0.06283063 0.946717 0.1916018 -0.03810883 0.9807326 0.1916374 -0.03811968 0.9807252 0.0642397 -0.01277851 0.9978526 0.06422553 -0.0127742 0.9978536 -0.06424078 0.01277779 0.9978526 -0.0642495 0.01278046 0.997852 -0.191626 0.03811736 0.9807276 -0.1916076 0.03811165 0.9807314 -0.1916345 0.03808838 0.980727 -0.1916155 0.03819583 -0.9807265 -0.1915694 0.03810406 -0.9807392 -0.1916289 0.03810959 -0.9807273 -0.06424065 0.0127787 -0.9978526 -0.06424973 0.01277957 -0.997852 0.0642399 -0.01277706 -0.9978527 0.06422516 -0.01277562 -0.9978536 0.1916013 -0.0381125 -0.9807326 0.1916384 -0.03811609 -0.9807252 0.3159027 -0.06283541 -0.9467086 0.315878 -0.06283307 -0.946717 0.4348497 -0.08649674 -0.8963392 0.4348669 -0.08649828 -0.8963308 0.5455302 -0.1085022 -0.8310379 0.5454423 -0.1084949 -0.8310965 0.6474838 -0.1287999 -0.751116 0.6476405 -0.1288112 -0.7509791 0.7381344 -0.146805 -0.6584876 0.7379419 -0.1467942 -0.6587056 0.8160046 -0.1623187 -0.5547875 0.8161623 -0.1623237 -0.5545539 0.8800099 -0.175034 -0.4415264 0.8799299 -0.1750347 -0.4416856 0.9289383 -0.184784 -0.3208248 0.9290031 -0.1847787 -0.3206402 0.9620062 -0.1913605 -0.1947445 0.9620031 -0.1913612 -0.1947589 0.9786873 -0.1946665 -0.06539207 0.9786765 -0.1946765 -0.06552289 0.9448957 -0.3207493 0.06551418 0.944905 -0.32078 0.06522771 0.9288032 -0.3152676 0.1947588 0.9288338 -0.315297 0.194565 0.8969343 -0.3044635 0.3206416 0.8968964 -0.3044374 0.3207721 0.8495633 -0.2883712 0.4416835 0.8496125 -0.2884002 0.4415697 0.7879747 -0.267499 0.5545629 0.7878059 -0.2674086 0.5548463 0.7124838 -0.2418324 0.6586986 0.7127212 -0.2419522 0.6583977 0.6252707 -0.2122708 0.7509844 0.6249925 -0.212136 0.7512541 0.5266231 -0.1787501 0.8310935 0.52686 -0.1788617 0.8309193 0.4198535 -0.14252 0.896332 0.419769 -0.1424809 0.8963779 0.3049756 -0.1035268 0.9467165 0.3049565 -0.103518 0.9467235 0.1850215 -0.06280626 0.9807255 0.1850301 -0.06281015 0.9807236 0.06200868 -0.02104846 0.9978536 0.06201413 -0.02105093 0.9978533 -0.06203119 0.02105805 0.997852 -0.06201439 0.0210504 0.9978533 -0.1850106 0.06280652 0.9807274 -0.1850105 0.06280648 0.9807274 -0.1850706 0.06276695 0.9807187 0 0.4609395 0.8874316 -0.1849985 0.06285147 -0.980727 -0.1849791 0.06279583 -0.9807341 -0.1850519 0.0628124 -0.9807193 0 0.4609838 -0.8874086 -0.06203167 0.02105626 -0.997852 -0.06201368 0.02105211 -0.9978533 0.06200852 -0.02104903 -0.9978536 0.06201436 -0.02105038 -0.9978533 0.1850213 -0.06280717 -0.9807255 0.1850304 -0.06280928 -0.9807236 0.3049762 -0.1035247 -0.9467165 0.3049557 -0.10352 -0.9467236 0.4198562 -0.1425105 -0.8963322 0.4197653 -0.1424901 -0.8963781 0.5266149 -0.1787785 -0.8310927 0.5268708 -0.1788341 -0.8309186 0.6252817 -0.2122341 -0.7509856 0.6249789 -0.2121717 -0.7512553 0.7124729 -0.2418679 -0.6586975 0.7127342 -0.2419174 -0.6583966 0.7879842 -0.2674691 -0.5545639 0.7877952 -0.2674381 -0.5548473 0.8495597 -0.2883822 -0.4416832 0.8496166 -0.2883893 -0.4415692 0.8969382 -0.3044515 -0.3206418 0.8968923 -0.3044493 -0.3207722 0.9287974 -0.3152846 -0.1947586 0.9288397 -0.31528 -0.1945647 0.9448873 -0.320774 -0.06551406 0.9449135 -0.3207553 -0.06522778 0.8949597 -0.4413528 0.0652299 0.8949527 -0.4413108 0.06560823 0.8797226 -0.4338537 0.194574 0.8797024 -0.4338286 0.194721 0.8494774 -0.4189174 0.3207745 0.8495268 -0.418962 0.3205857 0.8046966 -0.3968409 0.4415664 0.8046718 -0.3968216 0.4416286 0.7461559 -0.3679622 0.554847 0.7461962 -0.3679911 0.5547736 0.6750444 -0.3328955 0.6584039 0.675036 -0.3328898 0.6584153 0.5919579 -0.2919109 0.7512482 0.5920231 -0.2919539 0.7511801 0.499005 -0.2460947 0.830922 0.4988623 -0.2460029 0.8310349 0.3975752 -0.1960672 0.896377 0.397613 -0.1960911 0.896355 0.2888381 -0.1424365 0.9467229 0.2888841 -0.1424654 0.9467046 0.1752468 -0.08642416 0.980724 0.175219 -0.08640683 0.9807304 0.05873593 -0.02896582 0.9978533 0.05873751 -0.0289668 0.9978531 -0.05873593 0.02896595 0.9978532 -0.05873495 0.02896534 0.9978533 -0.1752048 0.08639697 0.9807339 -0.1752511 0.08642605 0.980723 -0.1752528 0.08642523 0.9807227 -0.1752411 0.08631003 -0.9807349 -0.1752667 0.08643372 -0.9807195 -0.1752512 0.086428 -0.9807228 -0.05873598 0.02896585 -0.9978533 -0.05873488 0.02896543 -0.9978533 0.05873586 -0.02896599 -0.9978532 0.05873758 -0.02896664 -0.9978531 0.175248 -0.08642115 -0.980724 0.1752174 -0.08640965 -0.9807305 0.2888359 -0.1424416 -0.9467229 0.2888868 -0.1424606 -0.9467045 0.3975733 -0.1960716 -0.8963768 0.3976152 -0.1960869 -0.8963549 0.4990127 -0.2460771 -0.8309226 0.498853 -0.2460197 -0.8310355 0.5919539 -0.2919198 -0.7512479 0.5920277 -0.2919454 -0.7511798 0.6750449 -0.3328942 -0.6584039 0.6750354 -0.3328911 -0.6584154 0.7461525 -0.3679695 -0.5548467 0.7461998 -0.3679838 -0.5547736 0.8046992 -0.3968351 -0.4415665 0.8046689 -0.3968273 -0.4416288 0.8494695 -0.4189338 -0.3207741 0.8495349 -0.4189457 -0.3205851 0.8797286 -0.4338415 -0.1945742 0.8796964 -0.4338408 -0.1947211 0.8949749 -0.4413218 -0.06523005 0.8949375 -0.4413418 -0.06560841 0.8296861 -0.5543615 0.06560737 0.8296865 -0.5543727 0.06550775 0.8155671 -0.5449194 0.1947128 0.8155758 -0.5449337 0.1946367 0.7875918 -0.5262432 0.3205737 0.7875613 -0.5262073 0.3207071 0.7459869 -0.4984503 0.4416455 0.7459693 -0.4984324 0.4416957 0.6918053 -0.4622345 0.5547473 0.6918535 -0.4622797 0.5546498 0.6257783 -0.4181615 0.6584396 0.6255857 -0.4179894 0.6587316 0.5488639 -0.3667419 0.7511649 0.5489826 -0.3668446 0.7510281 0.4624772 -0.3090133 0.8310389 0.4625131 -0.3090437 0.8310076 0.3686301 -0.2462973 0.8963535 0.3686917 -0.2463487 0.8963139 0.2678095 -0.1789517 0.9467071 0.2677029 -0.1788636 0.9467539 0.1624398 -0.108539 0.9807306 0.1624666 -0.1085611 0.9807238 0.05445561 -0.0363855 0.997853 0.05445969 -0.03638886 0.9978527 -0.05445287 0.03638257 0.9978532 -0.05445989 0.03638837 0.9978527 -0.1624721 0.1085591 0.980723 -0.1624497 0.1085404 0.9807289 -0.1623962 0.1085581 0.9807358 -0.1624727 0.1085581 -0.9807231 -0.1624726 0.1085557 -0.9807234 -0.1624194 0.1085277 -0.9807353 -0.0544524 0.03638337 -0.9978532 -0.05446045 0.03638764 -0.9978527 0.05445535 -0.03638596 -0.997853 0.05446 -0.03638844 -0.9978527 0.1624381 -0.108542 -0.9807306 0.1624687 -0.1085583 -0.9807237 0.2678167 -0.1789396 -0.9467074 0.2676944 -0.1788748 -0.9467542 0.3686257 -0.2463046 -0.8963532 0.3686969 -0.2463419 -0.8963138 0.4624744 -0.3090179 -0.8310387 0.4625163 -0.3090394 -0.8310074 0.5488537 -0.3667584 -0.7511643 0.5489939 -0.3668288 -0.7510275 0.6257975 -0.4181309 -0.6584407 0.6255648 -0.4180188 -0.6587328 0.6917995 -0.4622436 -0.554747 0.6918597 -0.4622708 -0.5546494 0.7459897 -0.498446 -0.4416457 0.7459664 -0.4984366 -0.4416957 0.7875987 -0.5262324 -0.320574 0.7875541 -0.5262179 -0.3207072 0.8155631 -0.5449252 -0.1947127 0.8155797 -0.5449278 -0.1946367 0.829681 -0.5543691 -0.06560733 0.8296915 -0.5543652 -0.06550775 0.7502446 -0.6579046 0.06553347 0.7502357 -0.6579951 0.06472171 0.7374739 -0.6467303 0.1946076 0.7374563 -0.6466902 0.1948077 0.7121199 -0.624522 0.3207142 0.7120813 -0.6244621 0.3209165 0.6745269 -0.5915243 0.4417152 0.6745915 -0.59161 0.4415018 0.6255943 -0.5486511 0.5546294 0.6254834 -0.5485157 0.5548884 0.5656613 -0.4960683 0.6587439 0.5657355 -0.4961545 0.6586152 0.4964283 -0.4353352 0.7510275 0.4965004 -0.4354162 0.7509328 0.4182184 -0.3667816 0.8310022 0.4180782 -0.3666272 0.8311408 0.333371 -0.2923792 0.8963137 0.3333247 -0.292329 0.8963473 0.2420649 -0.2122673 0.9467561 0.2422311 -0.212446 0.9466736 0.1469052 -0.128835 0.9807244 0.1468353 -0.1287602 0.9807447 0.04924353 -0.04318728 0.9978526 0.04923843 -0.04318183 0.9978532 -0.04924295 0.04318776 0.9978526 -0.04923791 0.04318235 0.9978532 -0.1468643 0.1287975 0.9807354 -0.1469019 0.128838 0.9807246 -0.146989 0.1288213 0.9807137 -0.1469037 0.1287465 -0.9807363 -0.1468985 0.128835 -0.9807254 -0.1469436 0.128867 -0.9807145 -0.04924341 0.04318717 -0.9978527 -0.04923738 0.04318287 -0.9978532 0.04924398 -0.04318669 -0.9978527 0.0492379 -0.04318234 -0.9978532 0.1469114 -0.128827 -0.9807245 0.1468281 -0.1287674 -0.9807448 0.2420497 -0.2122869 -0.9467556 0.2422486 -0.2124283 -0.946673 0.3333755 -0.2923735 -0.8963139 0.3333196 -0.2923341 -0.8963475 0.4182331 -0.3667631 -0.8310028 0.4180619 -0.3666443 -0.8311415 0.4964198 -0.4353456 -0.751027 0.4965096 -0.4354064 -0.7509325 0.5656512 -0.4960806 -0.6587434 0.5657464 -0.496143 -0.6586146 0.6256127 -0.5486291 -0.5546303 0.625464 -0.5485369 -0.5548892 0.6745128 -0.5915409 -0.4417146 0.6746063 -0.5915939 -0.4415011 0.7121327 -0.6245072 -0.3207146 0.7120683 -0.6244767 -0.320917 0.7374861 -0.6467163 -0.1946078 0.737444 -0.6467041 -0.1948078 0.7501959 -0.6579601 -0.06553318 0.7502846 -0.6579395 -0.06472132 0.6579395 -0.7502846 0.0647214 0.6579602 -0.7501959 0.06553318 0.6467041 -0.737444 0.1948079 0.6467163 -0.7374861 0.1946078 0.6244767 -0.7120683 0.3209169 0.6245072 -0.7121327 0.3207146 0.5915937 -0.6746061 0.4415012 0.5915409 -0.6745128 0.4417146 0.5485369 -0.625464 0.5548892 0.5486292 -0.6256128 0.5546303 0.4961429 -0.5657464 0.6586148 0.4960806 -0.5656512 0.6587434 0.4354065 -0.4965096 0.7509323 0.4353456 -0.4964198 0.7510269 0.3666443 -0.4180618 0.8311415 0.3667631 -0.4182332 0.831003 0.2923341 -0.3333196 0.8963475 0.2923735 -0.3333755 0.8963139 0.2124284 -0.2422486 0.946673 0.2122869 -0.2420497 0.9467556 0.1287674 -0.1468281 0.9807448 0.128827 -0.1469114 0.9807245 0.04318235 -0.0492379 0.9978532 0.04318669 -0.04924398 0.9978527 -0.04318287 0.04923737 0.9978532 -0.04318717 0.04924341 0.9978527 -0.128867 0.1469436 0.9807145 -0.128835 0.1468985 0.9807254 -0.1287465 0.1469036 0.9807363 -0.1288213 0.146989 -0.9807137 -0.128838 0.1469019 -0.9807246 -0.1287975 0.1468643 -0.9807354 -0.04318235 0.04923791 -0.9978532 -0.04318777 0.04924296 -0.9978526 0.04318183 -0.04923842 -0.9978532 0.04318728 -0.04924352 -0.9978526 0.1287602 -0.1468353 -0.9807447 0.128835 -0.1469052 -0.9807244 0.212446 -0.2422311 -0.9466736 0.2122673 -0.242065 -0.9467561 0.292329 -0.3333247 -0.8963473 0.2923792 -0.333371 -0.8963136 0.3666272 -0.4180782 -0.8311408 0.3667815 -0.4182183 -0.8310022 0.4354163 -0.4965004 -0.7509328 0.4353352 -0.4964284 -0.7510273 0.4961545 -0.5657355 -0.6586152 0.4960683 -0.5656613 -0.658744 0.5485157 -0.6254834 -0.5548884 0.548651 -0.6255941 -0.5546296 0.59161 -0.6745915 -0.4415018 0.5915243 -0.6745269 -0.4417154 0.6244621 -0.7120813 -0.3209165 0.624522 -0.7121199 -0.3207142 0.6466902 -0.7374563 -0.1948077 0.6467302 -0.7374738 -0.1946078 0.6579951 -0.7502357 -0.06472171 0.6579046 -0.7502447 -0.0655335 0.5543652 -0.8296915 0.06550771 0.5543691 -0.829681 0.06560733 0.5449278 -0.8155797 0.1946366 0.5449252 -0.8155631 0.1947127 0.526218 -0.787554 0.3207074 0.5262324 -0.7875988 0.320574 0.4984365 -0.7459664 0.4416958 0.498446 -0.7459897 0.4416457 0.4622707 -0.6918597 0.5546494 0.4622436 -0.6917995 0.554747 0.4180188 -0.6255648 0.6587328 0.4181309 -0.6257975 0.6584406 0.3668288 -0.5489939 0.7510275 0.3667584 -0.5488536 0.7511643 0.3090394 -0.4625162 0.8310074 0.3090179 -0.4624744 0.8310387 0.2463419 -0.3686969 0.8963137 0.2463046 -0.3686257 0.8963532 0.1788748 -0.2676944 0.9467542 0.1789396 -0.2678167 0.9467074 0.1085583 -0.1624688 0.9807237 0.108542 -0.1624381 0.9807306 0.03638844 -0.05446001 0.9978527 0.03638596 -0.05445535 0.997853 -0.03638764 0.05446044 0.9978527 -0.03638336 0.0544524 0.9978532 -0.1085277 0.1624195 0.9807352 -0.1085557 0.1624726 0.9807234 -0.1085581 0.1624727 0.9807231 -0.1085581 0.1623962 -0.9807358 -0.1085404 0.1624497 -0.9807289 -0.1085591 0.1624721 -0.980723 -0.03638837 0.0544599 -0.9978527 -0.03638257 0.05445287 -0.9978533 0.03638885 -0.05445968 -0.9978527 0.0363855 -0.0544556 -0.997853 0.1085611 -0.1624667 -0.9807238 0.108539 -0.1624398 -0.9807306 0.1788636 -0.2677029 -0.9467539 0.1789517 -0.2678095 -0.9467071 0.2463487 -0.3686917 -0.8963139 0.2462973 -0.3686301 -0.8963535 0.3090437 -0.4625131 -0.8310076 0.3090134 -0.4624773 -0.8310387 0.3668446 -0.5489826 -0.7510281 0.3667418 -0.5488638 -0.751165 0.4179894 -0.6255857 -0.6587316 0.4181614 -0.6257781 -0.6584397 0.4622797 -0.6918535 -0.5546497 0.4622345 -0.6918054 -0.5547473 0.4984324 -0.7459692 -0.4416957 0.4984503 -0.7459869 -0.4416457 0.5262073 -0.7875613 -0.3207071 0.5262432 -0.7875918 -0.3205737 0.5449337 -0.8155758 -0.1946367 0.5449194 -0.8155671 -0.1947131 0.5543727 -0.8296864 -0.06550773 0.5543615 -0.829686 -0.06560745 0.4413418 -0.8949375 0.06560837 0.4413218 -0.8949749 0.06523005 0.4338408 -0.8796964 0.1947212 0.4338415 -0.8797286 0.1945742 0.4189457 -0.8495349 0.3205853 0.4189338 -0.8494695 0.3207741 0.3968273 -0.8046689 0.4416288 0.3968351 -0.8046992 0.4415665 0.3679838 -0.7462 0.5547734 0.3679695 -0.7461525 0.5548468 0.3328911 -0.6750354 0.6584154 0.3328942 -0.675045 0.6584039 0.2919454 -0.5920277 0.7511798 0.2919198 -0.5919539 0.7512479 0.2460198 -0.498853 0.8310355 0.2460771 -0.4990127 0.8309226 0.196087 -0.3976153 0.8963549 0.1960715 -0.3975733 0.8963768 0.1424606 -0.2888869 0.9467045 0.1424416 -0.2888359 0.9467229 0.08640966 -0.1752174 0.9807305 0.08642115 -0.175248 0.980724 0.02896664 -0.0587376 0.9978531 0.02896599 -0.05873586 0.9978532 -0.02896544 0.05873489 0.9978533 -0.02896585 0.05873598 0.9978533 -0.08642801 0.1752512 0.9807228 -0.08643372 0.1752667 0.9807195 -0.08631003 0.1752411 0.9807349 -0.08642523 0.1752528 -0.9807227 -0.08642605 0.1752511 -0.980723 -0.08639695 0.1752048 -0.9807338 -0.02896534 0.05873495 -0.9978533 -0.02896596 0.05873594 -0.9978532 0.0289668 -0.05873751 -0.9978531 0.02896583 -0.05873594 -0.9978532 0.08640684 -0.175219 -0.9807304 0.08642416 -0.1752468 -0.9807239 0.1424654 -0.2888841 -0.9467046 0.1424365 -0.2888381 -0.9467229 0.1960911 -0.397613 -0.896355 0.1960672 -0.3975751 -0.896377 0.2460029 -0.4988623 -0.8310349 0.2460947 -0.4990051 -0.8309219 0.2919539 -0.5920231 -0.7511801 0.2919109 -0.5919579 -0.7512482 0.3328899 -0.675036 -0.6584153 0.3328955 -0.6750444 -0.6584039 0.3679911 -0.7461962 -0.5547736 0.3679621 -0.7461559 -0.5548471 0.3968216 -0.8046718 -0.4416286 0.3968409 -0.8046966 -0.4415663 0.418962 -0.8495268 -0.3205857 0.4189174 -0.8494775 -0.3207746 0.4338286 -0.8797026 -0.194721 0.4338537 -0.8797226 -0.1945741 0.4413108 -0.8949527 -0.06560823 0.4413528 -0.8949597 -0.06522978 0.3207553 -0.9449135 0.06522761 0.320774 -0.9448873 0.06551406 0.31528 -0.9288397 0.1945648 0.3152846 -0.9287974 0.1947586 0.3044492 -0.8968922 0.3207723 0.3044515 -0.8969382 0.3206418 0.2883892 -0.8496165 0.4415693 0.2883822 -0.8495597 0.4416832 0.2674381 -0.7877952 0.5548472 0.2674691 -0.7879842 0.5545639 0.2419174 -0.7127342 0.6583966 0.2418679 -0.7124729 0.6586975 0.2121718 -0.6249789 0.7512553 0.2122341 -0.6252817 0.7509857 0.1788341 -0.5268708 0.8309184 0.1787785 -0.5266148 0.8310927 0.1424901 -0.4197653 0.8963781 0.1425105 -0.4198562 0.8963323 0.10352 -0.3049557 0.9467236 0.1035247 -0.3049762 0.9467165 0.06280928 -0.1850305 0.9807236 0.06280717 -0.1850213 0.9807255 0.02105038 -0.06201435 0.9978533 0.02104903 -0.06200853 0.9978536 -0.02105211 0.06201369 0.9978533 -0.02105626 0.06203167 0.997852 -0.4609838 0 0.8874086 -0.0628124 0.1850519 0.9807193 -0.06279583 0.1849791 0.9807341 -0.06285147 0.1849985 0.980727 -0.4609395 0 -0.8874316 -0.06276696 0.1850706 -0.9807187 -0.06280648 0.1850105 -0.9807274 -0.06280652 0.1850106 -0.9807274 -0.02105039 0.06201439 -0.9978533 -0.02105805 0.0620312 -0.997852 0.02105093 -0.06201413 -0.9978533 0.02104846 -0.06200867 -0.9978536 0.06281015 -0.1850301 -0.9807236 0.06280626 -0.1850215 -0.9807255 0.103518 -0.3049565 -0.9467235 0.1035268 -0.3049756 -0.9467165 0.1424809 -0.419769 -0.8963779 0.14252 -0.4198535 -0.896332 0.1788618 -0.5268601 -0.8309194 0.1787501 -0.5266231 -0.8310935 0.212136 -0.6249925 -0.751254 0.2122709 -0.6252708 -0.7509844 0.2419522 -0.7127212 -0.6583978 0.2418324 -0.7124838 -0.6586987 0.2674086 -0.7878059 -0.5548463 0.267499 -0.7879747 -0.554563 0.2884002 -0.8496125 -0.4415697 0.2883712 -0.8495632 -0.4416835 0.3044374 -0.8968964 -0.3207721 0.3044635 -0.8969342 -0.3206417 0.315297 -0.9288338 -0.194565 0.3152676 -0.9288032 -0.1947588 0.32078 -0.944905 -0.06522771 0.3207493 -0.9448957 -0.06551427 0.1946765 -0.9786765 0.06552288 0.1946665 -0.9786873 0.06539207 0.1913612 -0.9620031 0.1947589 0.1913605 -0.9620062 0.1947445 0.1847787 -0.9290031 0.3206401 0.184784 -0.9289383 0.3208248 0.1750347 -0.8799299 0.4416857 0.175034 -0.8800099 0.4415264 0.1623237 -0.8161622 0.554554 0.1623187 -0.8160046 0.5547875 0.1467942 -0.7379419 0.6587057 0.146805 -0.7381344 0.6584876 0.1288112 -0.6476405 0.7509791 0.1287999 -0.6474838 0.751116 0.1084949 -0.5454423 0.8310966 0.1085022 -0.5455303 0.8310379 0.08649829 -0.4348669 0.8963307 0.08649673 -0.4348497 0.8963392 0.06283307 -0.315878 0.946717 0.06283542 -0.3159027 0.9467086 0.0381161 -0.1916384 0.9807252 0.0381125 -0.1916013 0.9807326 0.01277562 -0.06422516 0.9978536 0.01277706 -0.0642399 0.9978527 -0.01277957 0.06424973 0.997852 -0.0127787 0.06424065 0.9978526 -0.0381096 0.1916289 0.9807273 -0.03810406 0.1915694 0.9807392 -0.03819583 0.1916155 0.9807265 -0.03808838 0.1916345 -0.980727 -0.03811165 0.1916076 -0.9807314 -0.03811735 0.191626 -0.9807276 -0.01278046 0.0642495 -0.997852 -0.01277779 0.06424078 -0.9978526 0.0127742 -0.06422553 -0.9978536 0.01277851 -0.0642397 -0.9978526 0.03811968 -0.1916374 -0.9807252 0.03810882 -0.1916018 -0.9807327 0.06283063 -0.3158786 -0.946717 0.06283792 -0.3159024 -0.9467086 0.08650006 -0.4348664 -0.8963308 0.08649494 -0.4348501 -0.8963393 0.1084852 -0.5454447 -0.8310964 0.1085121 -0.5455288 -0.8310376 0.1288302 -0.6476359 -0.7509797 0.1287807 -0.6474869 -0.7511166 0.1467679 -0.7379479 -0.6587048 0.1468315 -0.7381298 -0.6584867 0.162349 -0.8161567 -0.5545547 0.1622932 -0.8160092 -0.5547882 0.1750187 -0.8799333 -0.4416853 0.17505 -0.880007 -0.4415259 0.1847962 -0.9289995 -0.3206405 0.1847665 -0.9289416 -0.3208251 0.1913599 -0.9620033 -0.1947589 0.1913618 -0.9620059 -0.1947445 0.1946648 -0.9786789 -0.06552283 0.1946782 -0.978685 -0.06539212 0.06527501 -0.9957224 0.06539119 0.06525934 -0.9957353 0.06521031 0.06417485 -0.9787521 0.1947457 0.06416429 -0.9787792 0.1946132 0.06197487 -0.9451085 0.3208254 0.0619703 -0.9451299 0.3207636 0.0586763 -0.8953277 0.4415262 0.05869962 -0.8951613 0.4418602 0.05442154 -0.8302098 0.5547882 0.0544138 -0.8302873 0.5546728 0.04922106 -0.7509802 0.6584877 0.04922471 -0.7509314 0.6585431 0.04317322 -0.6587588 0.7511145 0.04317484 -0.6587312 0.7511385 0.0363868 -0.5550227 0.831039 0.03638166 -0.5551298 0.8309676 0.02900588 -0.4424203 0.8963387 0.02900542 -0.4424314 0.8963332 0.0210619 -0.3214016 0.9467087 0.02106538 -0.3213057 0.9467412 0.01278154 -0.194936 0.9807327 0.01277911 -0.1950075 0.9807186 0.004283763 -0.06535832 0.9978526 0.004284321 -0.06534174 0.9978538 -0.004282067 0.0653592 0.9978526 -0.004282677 0.06534174 0.9978538 -0.012777 0.1949623 0.9807276 -0.01277278 0.1949978 0.9807205 -0.01277558 0.1949997 0.98072 -0.01276985 0.1949632 -0.9807274 -0.01277301 0.1949604 -0.9807279 -0.01277937 0.1949978 -0.9807203 -0.004283805 0.06535897 -0.9978526 -0.004280923 0.06534174 -0.9978538 0.004285395 -0.06535812 -0.9978526 0.004282677 -0.06534174 -0.9978538 0.01277449 -0.1949369 -0.9807326 0.01278623 -0.1950075 -0.9807184 0.02107159 -0.3214004 -0.9467089 0.02105561 -0.3213058 -0.9467413 0.02900469 -0.4424204 -0.8963386 0.02900661 -0.4424314 -0.8963332 0.03637473 -0.555024 -0.8310387 0.03639381 -0.5551296 -0.8309674 0.04317662 -0.6587584 -0.7511146 0.04317142 -0.6587313 -0.7511387 0.04922787 -0.7509795 -0.6584879 0.04921788 -0.7509316 -0.6585433 0.05440879 -0.8302109 -0.5547878 0.05442658 -0.8302868 -0.5546725 0.05871035 -0.895325 -0.441527 0.05866551 -0.8951632 -0.4418611 0.06196893 -0.945109 -0.3208253 0.06197625 -0.9451295 -0.3207635 0.06416257 -0.9787529 -0.1947455 0.06417657 -0.9787784 -0.194613 0.06525856 -0.9957235 -0.06539113 0.06527579 -0.9957343 -0.06521022 -0.06527579 -0.9957343 0.06521022 -0.06525856 -0.9957235 0.06539112 -0.06417657 -0.9787784 0.194613 -0.06416257 -0.978753 0.1947455 -0.06197625 -0.9451295 0.3207635 -0.06196893 -0.945109 0.3208253 -0.05866551 -0.8951632 0.4418611 -0.05871036 -0.895325 0.4415271 -0.05442658 -0.8302868 0.5546725 -0.05440878 -0.8302108 0.5547878 -0.04921788 -0.7509316 0.6585433 -0.04922787 -0.7509795 0.6584879 -0.04317142 -0.6587313 0.7511387 -0.04317662 -0.6587584 0.7511146 -0.03639381 -0.5551296 0.8309674 -0.03637473 -0.555024 0.8310387 -0.02900661 -0.4424314 0.8963332 -0.02900469 -0.4424204 0.8963386 -0.02105561 -0.3213058 0.9467413 -0.02107159 -0.3214004 0.9467089 -0.01278623 -0.1950075 0.9807184 -0.01277449 -0.1949369 0.9807326 -0.004282676 -0.06534174 0.9978538 -0.004285395 -0.06535811 0.9978527 0.004280922 0.06534174 0.9978538 0.004283806 0.06535897 0.9978526 0.01277937 0.1949978 0.9807203 0.01276985 0.1949632 0.9807274 0.01277301 0.1949604 0.9807279 0.01277278 0.1949978 -0.9807205 0.01277558 0.1949997 -0.98072 0.012777 0.1949623 -0.9807276 0.004282677 0.06534174 -0.9978538 0.004282067 0.0653592 -0.9978526 -0.004284321 -0.06534174 -0.9978538 -0.004283763 -0.06535833 -0.9978526 -0.01277911 -0.1950075 -0.9807186 -0.01278154 -0.194936 -0.9807327 -0.02106538 -0.3213057 -0.9467412 -0.02106189 -0.3214016 -0.9467087 -0.02900542 -0.4424314 -0.8963332 -0.02900588 -0.4424203 -0.8963387 -0.03638167 -0.5551298 -0.8309676 -0.0363868 -0.5550227 -0.831039 -0.04317484 -0.6587312 -0.7511386 -0.04317322 -0.6587588 -0.7511145 -0.04922471 -0.7509314 -0.6585431 -0.04922106 -0.7509803 -0.6584877 -0.0544138 -0.8302873 -0.5546729 -0.05442153 -0.8302098 -0.5547882 -0.05869962 -0.8951613 -0.4418602 -0.05867629 -0.8953277 -0.4415262 -0.0619703 -0.9451299 -0.3207636 -0.06197487 -0.9451085 -0.3208254 -0.0641643 -0.9787792 -0.1946132 -0.06417485 -0.9787521 -0.1947457 -0.06525933 -0.9957353 -0.06521029 -0.06527501 -0.9957224 -0.06539119 -0.1946782 -0.978685 0.06539202 -0.1946648 -0.9786788 0.06552287 -0.1913618 -0.9620059 0.1947445 -0.1913599 -0.9620033 0.1947589 -0.1847665 -0.9289416 0.3208252 -0.1847962 -0.9289994 0.3206405 -0.17505 -0.880007 0.441526 -0.1750187 -0.8799333 0.4416853 -0.1622932 -0.8160092 0.5547883 -0.162349 -0.8161567 0.5545548 -0.1468315 -0.7381298 0.6584868 -0.1467679 -0.737948 0.6587047 -0.1287807 -0.6474869 0.7511166 -0.1288302 -0.647636 0.7509797 -0.1085121 -0.5455288 0.8310376 -0.1084852 -0.5454447 0.8310964 -0.08649494 -0.43485 0.8963393 -0.08650006 -0.4348665 0.8963308 -0.06283791 -0.3159023 0.9467086 -0.06283065 -0.3158787 0.946717 -0.03810883 -0.1916018 0.9807326 -0.03811967 -0.1916374 0.9807252 -0.01277851 -0.0642397 0.9978526 -0.0127742 -0.06422553 0.9978536 0.01277779 0.06424078 0.9978526 0.01278046 0.06424951 0.997852 0.03811736 0.191626 0.9807276 0.03808838 0.1916345 0.980727 0.03811165 0.1916076 0.9807314 0.03819583 0.1916155 -0.9807265 0.03810406 0.1915694 -0.9807392 0.03810959 0.1916289 -0.9807273 0.0127787 0.06424065 -0.9978526 0.01277957 0.06424974 -0.997852 -0.01277706 -0.0642399 -0.9978527 -0.01277562 -0.06422516 -0.9978536 -0.0381125 -0.1916013 -0.9807326 -0.0381161 -0.1916384 -0.9807252 -0.06283541 -0.3159027 -0.9467086 -0.06283307 -0.315878 -0.946717 -0.08649674 -0.4348497 -0.8963392 -0.08649828 -0.4348669 -0.8963307 -0.1085022 -0.5455302 -0.8310379 -0.1084949 -0.5454423 -0.8310966 -0.1287999 -0.6474838 -0.751116 -0.1288112 -0.6476405 -0.750979 -0.146805 -0.7381344 -0.6584876 -0.1467942 -0.7379419 -0.6587057 -0.1623187 -0.8160046 -0.5547875 -0.1623237 -0.8161623 -0.5545539 -0.175034 -0.8800099 -0.4415264 -0.1750347 -0.8799299 -0.4416857 -0.184784 -0.9289383 -0.3208248 -0.1847787 -0.9290031 -0.3206401 -0.1913605 -0.9620062 -0.1947445 -0.1913612 -0.9620031 -0.1947589 -0.1946665 -0.9786873 -0.06539207 -0.1946765 -0.9786765 -0.06552288 -0.3207493 -0.9448957 0.06551418 -0.32078 -0.944905 0.06522775 -0.3152676 -0.9288032 0.1947588 -0.315297 -0.9288338 0.1945652 -0.3044635 -0.8969343 0.3206416 -0.3044374 -0.8968964 0.3207721 -0.2883712 -0.8495633 0.4416835 -0.2884002 -0.8496127 0.4415696 -0.267499 -0.7879747 0.5545629 -0.2674086 -0.7878059 0.5548463 -0.2418324 -0.7124838 0.6586986 -0.2419523 -0.7127213 0.6583977 -0.2122708 -0.6252707 0.7509844 -0.2121359 -0.6249924 0.7512541 -0.1787501 -0.5266231 0.8310935 -0.1788617 -0.5268599 0.8309194 -0.14252 -0.4198535 0.896332 -0.1424809 -0.419769 0.8963779 -0.1035268 -0.3049756 0.9467165 -0.103518 -0.3049565 0.9467235 -0.06280626 -0.1850215 0.9807255 -0.06281017 -0.1850301 0.9807236 -0.02104846 -0.06200868 0.9978536 -0.02105093 -0.06201413 0.9978533 0.02105805 0.06203119 0.997852 0.02105039 0.06201437 0.9978533 0.06280652 0.1850106 0.9807274 0.06276696 0.1850706 0.9807187 0.06280648 0.1850105 0.9807274 0.4609395 0 0.8874316 0.06285147 0.1849985 -0.980727 0.06279583 0.1849791 -0.9807341 0.4609838 0 -0.8874086 0.0628124 0.1850519 -0.9807193 0.02105626 0.06203167 -0.997852 0.02105211 0.06201369 -0.9978533 -0.02104903 -0.06200852 -0.9978536 -0.02105038 -0.06201436 -0.9978533 -0.06280717 -0.1850213 -0.9807255 -0.06280928 -0.1850304 -0.9807236 -0.1035247 -0.3049762 -0.9467165 -0.10352 -0.3049557 -0.9467236 -0.1425105 -0.4198562 -0.8963322 -0.1424901 -0.4197653 -0.8963781 -0.1787785 -0.5266149 -0.8310927 -0.1788341 -0.5268708 -0.8309184 -0.2122341 -0.6252817 -0.7509856 -0.2121717 -0.6249789 -0.7512553 -0.2418679 -0.7124729 -0.6586975 -0.2419174 -0.7127342 -0.6583966 -0.2674691 -0.7879842 -0.5545639 -0.2674381 -0.7877952 -0.5548472 -0.2883822 -0.8495597 -0.4416832 -0.2883892 -0.8496165 -0.4415693 -0.3044515 -0.8969382 -0.3206418 -0.3044493 -0.8968923 -0.3207723 -0.3152846 -0.9287974 -0.1947586 -0.31528 -0.9288397 -0.1945648 -0.320774 -0.9448873 -0.06551406 -0.3207553 -0.9449135 -0.06522761 -0.4413528 -0.8949597 0.0652299 -0.4413108 -0.8949527 0.06560838 -0.4338537 -0.8797226 0.194574 -0.4338286 -0.8797024 0.1947211 -0.4189174 -0.8494774 0.3207745 -0.418962 -0.8495268 0.3205855 -0.3968409 -0.8046966 0.4415664 -0.3968216 -0.8046719 0.4416285 -0.3679622 -0.7461559 0.554847 -0.3679911 -0.7461963 0.5547735 -0.3328955 -0.6750444 0.6584039 -0.3328898 -0.675036 0.6584153 -0.2919109 -0.5919579 0.7512482 -0.2919538 -0.592023 0.7511802 -0.2460947 -0.499005 0.830922 -0.2460029 -0.4988622 0.8310349 -0.1960672 -0.3975752 0.896377 -0.1960911 -0.397613 0.8963549 -0.1424365 -0.2888381 0.9467229 -0.1424654 -0.2888841 0.9467046 -0.08642416 -0.1752468 0.980724 -0.08640684 -0.175219 0.9807304 -0.02896582 -0.05873593 0.9978533 -0.0289668 -0.05873749 0.9978531 0.02896595 0.05873593 0.9978532 0.02896534 0.05873496 0.9978533 0.08639697 0.1752048 0.9807339 0.08642523 0.1752528 0.9807227 0.08642605 0.1752511 0.980723 0.08631003 0.1752411 -0.9807349 0.08643372 0.1752667 -0.9807195 0.08642801 0.1752512 -0.9807228 0.02896585 0.05873598 -0.9978533 0.02896544 0.05873489 -0.9978533 -0.02896599 -0.05873586 -0.9978532 -0.02896664 -0.0587376 -0.9978531 -0.08642115 -0.175248 -0.980724 -0.08640966 -0.1752174 -0.9807305 -0.1424416 -0.2888359 -0.9467229 -0.1424606 -0.2888869 -0.9467045 -0.1960716 -0.3975733 -0.8963768 -0.196087 -0.3976153 -0.8963549 -0.2460771 -0.4990127 -0.8309226 -0.2460197 -0.498853 -0.8310355 -0.2919198 -0.5919539 -0.7512479 -0.2919454 -0.5920277 -0.7511798 -0.3328942 -0.6750449 -0.6584039 -0.3328911 -0.6750354 -0.6584154 -0.3679695 -0.7461525 -0.5548467 -0.3679839 -0.7462 -0.5547734 -0.3968351 -0.8046992 -0.4415665 -0.3968273 -0.804669 -0.4416288 -0.4189338 -0.8494695 -0.3207741 -0.4189457 -0.8495349 -0.3205853 -0.4338415 -0.8797286 -0.1945742 -0.4338408 -0.8796964 -0.1947212 -0.4413218 -0.8949749 -0.06523005 -0.4413418 -0.8949375 -0.06560837 -0.5543615 -0.8296861 0.06560737 -0.5543727 -0.8296865 0.0655079 -0.5449194 -0.8155671 0.1947128 -0.5449336 -0.8155757 0.1946369 -0.5262432 -0.7875918 0.3205737 -0.5262073 -0.7875613 0.3207072 -0.4984503 -0.7459869 0.4416455 -0.4984324 -0.7459693 0.4416957 -0.4622345 -0.6918053 0.5547473 -0.4622796 -0.6918534 0.5546499 -0.4181615 -0.6257783 0.6584396 -0.4179894 -0.6255857 0.6587317 -0.3667419 -0.5488639 0.7511649 -0.3668445 -0.5489825 0.7510282 -0.3090133 -0.4624772 0.8310389 -0.3090436 -0.462513 0.8310077 -0.2462973 -0.3686301 0.8963535 -0.2463487 -0.3686917 0.8963139 -0.1789517 -0.2678095 0.9467071 -0.1788636 -0.2677029 0.9467539 -0.108539 -0.1624398 0.9807306 -0.108561 -0.1624666 0.9807238 -0.0363855 -0.05445561 0.997853 -0.03638885 -0.05445968 0.9978527 0.03638257 0.05445287 0.9978532 0.03638837 0.05445989 0.9978527 0.1085591 0.1624721 0.980723 0.1085581 0.1623962 0.9807358 0.1085404 0.1624497 0.9807289 0.1085581 0.1624727 -0.9807231 0.1085557 0.1624726 -0.9807234 0.1085277 0.1624195 -0.9807353 0.03638337 0.0544524 -0.9978532 0.03638764 0.05446045 -0.9978527 -0.03638596 -0.05445535 -0.997853 -0.03638844 -0.05446 -0.9978527 -0.108542 -0.1624381 -0.9807306 -0.1085583 -0.1624687 -0.9807237 -0.1789396 -0.2678167 -0.9467074 -0.1788748 -0.2676944 -0.9467542 -0.2463046 -0.3686257 -0.8963532 -0.2463419 -0.3686969 -0.8963137 -0.3090179 -0.4624744 -0.8310387 -0.3090394 -0.4625162 -0.8310074 -0.3667584 -0.5488537 -0.7511643 -0.3668288 -0.5489939 -0.7510275 -0.4181309 -0.6257975 -0.6584407 -0.4180188 -0.6255648 -0.6587328 -0.4622436 -0.6917995 -0.554747 -0.4622708 -0.6918596 -0.5546494 -0.498446 -0.7459897 -0.4416457 -0.4984366 -0.7459663 -0.4416959 -0.5262324 -0.7875987 -0.320574 -0.5262179 -0.7875541 -0.3207073 -0.5449252 -0.8155631 -0.1947127 -0.5449278 -0.8155797 -0.1946366 -0.5543691 -0.829681 -0.06560733 -0.5543652 -0.8296915 -0.0655077 -0.6579046 -0.7502446 0.06553347 -0.6579951 -0.7502357 0.06472163 -0.6467303 -0.7374739 0.1946076 -0.6466902 -0.7374564 0.1948074 -0.624522 -0.7121199 0.3207142 -0.6244621 -0.7120813 0.3209166 -0.5915243 -0.6745269 0.4417152 -0.5916101 -0.6745916 0.4415016 -0.5486511 -0.6255943 0.5546294 -0.5485158 -0.6254835 0.5548883 -0.4960683 -0.5656613 0.6587439 -0.4961544 -0.5657354 0.6586154 -0.4353352 -0.4964283 0.7510275 -0.4354162 -0.4965003 0.7509328 -0.3667816 -0.4182184 0.8310022 -0.3666273 -0.4180783 0.8311408 -0.2923792 -0.333371 0.8963137 -0.2923289 -0.3333246 0.8963473 -0.2122673 -0.2420649 0.9467561 -0.212446 -0.2422311 0.9466736 -0.128835 -0.1469052 0.9807244 -0.1287602 -0.1468353 0.9807447 -0.04318728 -0.04924353 0.9978526 -0.04318184 -0.04923844 0.9978532 0.04318776 0.04924295 0.9978526 0.04318234 0.0492379 0.9978532 0.1287975 0.1468643 0.9807354 0.1288213 0.146989 0.9807137 0.128838 0.1469019 0.9807246 0.1287465 0.1469037 -0.9807363 0.128835 0.1468985 -0.9807254 0.128867 0.1469436 -0.9807145 0.04318717 0.04924341 -0.9978527 0.04318287 0.04923738 -0.9978532 -0.04318669 -0.04924398 -0.9978527 -0.04318235 -0.04923791 -0.9978532 -0.128827 -0.1469114 -0.9807245 -0.1287674 -0.1468281 -0.9807448 -0.2122869 -0.2420497 -0.9467556 -0.2124284 -0.2422486 -0.946673 -0.2923735 -0.3333755 -0.8963139 -0.2923341 -0.3333196 -0.8963475 -0.3667631 -0.4182331 -0.8310028 -0.3666443 -0.4180618 -0.8311415 -0.4353456 -0.4964198 -0.751027 -0.4354065 -0.4965096 -0.7509323 -0.4960806 -0.5656512 -0.6587434 -0.4961429 -0.5657464 -0.6586148 -0.5486291 -0.6256127 -0.5546303 -0.5485369 -0.625464 -0.5548892 -0.5915409 -0.6745128 -0.4417146 -0.5915937 -0.6746061 -0.4415012 -0.6245072 -0.7121327 -0.3207146 -0.6244767 -0.7120683 -0.3209169 -0.6467163 -0.7374861 -0.1946078 -0.6467041 -0.737444 -0.1948079 -0.6579601 -0.7501959 -0.06553318 -0.6579395 -0.7502846 -0.0647214 -0.7502846 -0.6579395 0.0647214 -0.7501959 -0.6579602 0.0655332 -0.737444 -0.6467041 0.1948079 -0.7374861 -0.6467163 0.1946079 -0.7120683 -0.6244767 0.3209169 -0.7121327 -0.6245072 0.3207146 -0.6746061 -0.5915937 0.4415012 -0.6745127 -0.5915409 0.4417148 -0.625464 -0.5485369 0.5548892 -0.6256129 -0.5486292 0.5546302 -0.5657464 -0.4961429 0.6586148 -0.5656512 -0.4960806 0.6587434 -0.4965096 -0.4354065 0.7509323 -0.4964199 -0.4353456 0.7510269 -0.4180618 -0.3666443 0.8311415 -0.4182333 -0.3667632 0.8310028 -0.3333196 -0.2923341 0.8963475 -0.3333755 -0.2923735 0.8963139 -0.2422486 -0.2124284 0.946673 -0.2420496 -0.2122869 0.9467556 -0.1468281 -0.1287674 0.9807448 -0.1469114 -0.128827 0.9807245 -0.0492379 -0.04318235 0.9978532 -0.04924398 -0.04318669 0.9978527 0.04923737 0.04318287 0.9978532 0.0492434 0.04318717 0.9978527 0.1469436 0.128867 0.9807145 0.1469037 0.1287465 0.9807363 0.1468985 0.128835 0.9807254 0.146989 0.1288213 -0.9807137 0.1469019 0.128838 -0.9807246 0.1468643 0.1287975 -0.9807354 0.04923791 0.04318235 -0.9978532 0.04924295 0.04318776 -0.9978526 -0.04923842 -0.04318183 -0.9978532 -0.04924353 -0.04318728 -0.9978526 -0.1468353 -0.1287602 -0.9807447 -0.1469052 -0.128835 -0.9807244 -0.2422311 -0.212446 -0.9466736 -0.2420649 -0.2122673 -0.9467561 -0.3333247 -0.292329 -0.8963473 -0.333371 -0.2923792 -0.8963137 -0.4180782 -0.3666272 -0.8311408 -0.4182184 -0.3667816 -0.8310022 -0.4965004 -0.4354163 -0.7509328 -0.4964283 -0.4353352 -0.7510274 -0.5657355 -0.4961545 -0.6586152 -0.5656613 -0.4960683 -0.6587439 -0.6254834 -0.5485157 -0.5548884 -0.6255942 -0.5486511 -0.5546294 -0.6745915 -0.59161 -0.4415018 -0.6745269 -0.5915243 -0.4417152 -0.7120813 -0.6244621 -0.3209165 -0.7121199 -0.624522 -0.3207142 -0.7374563 -0.6466902 -0.1948077 -0.7374739 -0.6467303 -0.1946076 -0.7502357 -0.6579951 -0.06472171 -0.7502447 -0.6579046 -0.06553348 -0.8296915 -0.5543652 0.06550771 -0.829681 -0.5543691 0.06560721 -0.8155797 -0.5449278 0.1946366 -0.8155633 -0.5449253 0.1947125 -0.787554 -0.526218 0.3207074 -0.7875988 -0.5262324 0.3205741 -0.7459664 -0.4984365 0.4416958 -0.7459897 -0.498446 0.4416456 -0.6918597 -0.4622707 0.5546494 -0.6917995 -0.4622436 0.5547472 -0.6255648 -0.4180188 0.6587328 -0.6257975 -0.4181309 0.6584406 -0.5489939 -0.3668288 0.7510275 -0.5488537 -0.3667584 0.7511643 -0.4625162 -0.3090394 0.8310074 -0.4624744 -0.3090179 0.8310387 -0.3686969 -0.2463419 0.8963137 -0.3686257 -0.2463046 0.8963532 -0.2676944 -0.1788748 0.9467542 -0.2678168 -0.1789396 0.9467073 -0.1624688 -0.1085583 0.9807237 -0.1624381 -0.108542 0.9807306 -0.05446001 -0.03638844 0.9978527 -0.05445534 -0.03638595 0.997853 0.05446044 0.03638764 0.9978527 0.05445242 0.03638337 0.9978532 0.1624195 0.1085277 0.9807352 0.1624727 0.1085581 0.9807231 0.1624726 0.1085557 0.9807234 0.1623962 0.1085581 -0.9807358 0.1624497 0.1085404 -0.9807289 0.1624721 0.1085591 -0.980723 0.0544599 0.03638837 -0.9978527 0.05445287 0.03638257 -0.9978533 -0.05445968 -0.03638885 -0.9978527 -0.0544556 -0.0363855 -0.997853 -0.1624667 -0.1085611 -0.9807238 -0.1624398 -0.108539 -0.9807306 -0.2677029 -0.1788636 -0.9467539 -0.2678095 -0.1789517 -0.9467071 -0.3686917 -0.2463487 -0.8963139 -0.3686301 -0.2462973 -0.8963535 -0.4625131 -0.3090437 -0.8310076 -0.4624772 -0.3090133 -0.8310389 -0.5489826 -0.3668446 -0.7510281 -0.5488639 -0.3667419 -0.7511649 -0.6255857 -0.4179894 -0.6587316 -0.6257783 -0.4181615 -0.6584396 -0.6918535 -0.4622797 -0.5546497 -0.6918053 -0.4622345 -0.5547473 -0.7459692 -0.4984324 -0.4416957 -0.7459869 -0.4984503 -0.4416455 -0.7875613 -0.5262073 -0.3207071 -0.7875918 -0.5262432 -0.3205737 -0.8155758 -0.5449337 -0.1946367 -0.8155671 -0.5449194 -0.1947128 -0.8296864 -0.5543727 -0.06550773 -0.829686 -0.5543616 -0.06560737 -0.8949375 -0.4413418 0.06560837 -0.8949749 -0.4413218 0.06523005 -0.8796964 -0.4338408 0.1947212 -0.8797286 -0.4338414 0.1945743 -0.8495349 -0.4189457 0.3205853 -0.8494695 -0.4189338 0.3207742 -0.8046689 -0.3968273 0.4416288 -0.8046992 -0.3968351 0.4415666 -0.7462 -0.3679838 0.5547734 -0.7461523 -0.3679695 0.554847 -0.6750354 -0.3328911 0.6584154 -0.675045 -0.3328942 0.6584041 -0.5920277 -0.2919454 0.7511798 -0.5919539 -0.2919198 0.7512479 -0.498853 -0.2460198 0.8310355 -0.4990128 -0.2460771 0.8309225 -0.3976153 -0.196087 0.8963549 -0.3975734 -0.1960716 0.8963768 -0.2888869 -0.1424606 0.9467045 -0.288836 -0.1424416 0.9467229 -0.1752174 -0.08640966 0.9807305 -0.175248 -0.08642115 0.980724 -0.0587376 -0.02896664 0.9978531 -0.05873588 -0.028966 0.9978532 0.05873489 0.02896544 0.9978533 0.05873598 0.02896585 0.9978532 0.1752512 0.08642801 0.9807228 0.1752411 0.08631003 0.9807349 0.1752667 0.08643372 0.9807195 0.1752528 0.08642523 -0.9807227 0.1752511 0.08642605 -0.980723 0.1752048 0.08639697 -0.9807339 0.05873495 0.02896534 -0.9978533 0.05873593 0.02896595 -0.9978532 -0.05873751 -0.0289668 -0.9978531 -0.05873593 -0.02896582 -0.9978533 -0.175219 -0.08640684 -0.9807304 -0.1752468 -0.08642416 -0.980724 -0.2888841 -0.1424654 -0.9467046 -0.2888381 -0.1424365 -0.9467229 -0.397613 -0.1960911 -0.896355 -0.3975752 -0.1960672 -0.896377 -0.4988623 -0.2460029 -0.8310349 -0.499005 -0.2460947 -0.830922 -0.5920231 -0.2919539 -0.7511801 -0.5919579 -0.291911 -0.7512482 -0.675036 -0.3328899 -0.6584153 -0.6750444 -0.3328955 -0.6584039 -0.7461962 -0.3679911 -0.5547736 -0.7461559 -0.3679622 -0.554847 -0.8046718 -0.3968216 -0.4416286 -0.8046966 -0.3968409 -0.4415664 -0.8495268 -0.418962 -0.3205857 -0.8494775 -0.4189174 -0.3207745 -0.8797026 -0.4338286 -0.194721 -0.8797226 -0.4338537 -0.194574 -0.8949527 -0.4413108 -0.06560823 -0.8949597 -0.4413528 -0.0652299 -0.9449135 -0.3207553 0.06522761 -0.9448873 -0.320774 0.06551402 -0.9288397 -0.31528 0.1945648 -0.9287974 -0.3152846 0.1947586 -0.8968922 -0.3044492 0.3207723 -0.8969382 -0.3044515 0.3206418 -0.8496165 -0.2883892 0.4415693 -0.8495597 -0.2883822 0.4416833 -0.7877952 -0.2674381 0.5548472 -0.7879841 -0.2674691 0.5545641 -0.7127342 -0.2419174 0.6583966 -0.7124729 -0.2418679 0.6586974 -0.6249789 -0.2121718 0.7512553 -0.6252818 -0.2122342 0.7509856 -0.5268708 -0.1788341 0.8309184 -0.5266149 -0.1787785 0.8310927 -0.4197653 -0.1424901 0.8963781 -0.4198562 -0.1425105 0.8963323 -0.3049557 -0.10352 0.9467236 -0.3049762 -0.1035247 0.9467165 -0.1850305 -0.06280928 0.9807236 -0.1850213 -0.06280717 0.9807255 -0.06201435 -0.02105038 0.9978533 -0.06200854 -0.02104903 0.9978536 0.06201369 0.02105211 0.9978533 0.06203167 0.02105626 0.997852 -0 0.4609838 0.8874086 0.1850519 0.0628124 0.9807193 0.1849985 0.06285147 0.980727 0.1849791 0.06279583 0.9807341 0 0.4609395 -0.8874316 0.1850706 0.06276696 -0.9807187 0.1850105 0.06280648 -0.9807274 0.1850106 0.06280652 -0.9807274 0.06201439 0.02105039 -0.9978533 0.06203119 0.02105805 -0.997852 -0.06201413 -0.02105093 -0.9978533 -0.06200867 -0.02104846 -0.9978536 -0.1850301 -0.06281015 -0.9807236 -0.1850215 -0.06280626 -0.9807255 -0.3049565 -0.103518 -0.9467235 -0.3049756 -0.1035268 -0.9467165 -0.419769 -0.1424809 -0.8963779 -0.4198535 -0.14252 -0.896332 -0.5268601 -0.1788618 -0.8309194 -0.5266231 -0.17875 -0.8310935 -0.6249925 -0.212136 -0.751254 -0.6252707 -0.2122708 -0.7509844 -0.7127212 -0.2419522 -0.6583978 -0.7124838 -0.2418324 -0.6586987 -0.7878059 -0.2674086 -0.5548463 -0.7879747 -0.2674991 -0.554563 -0.8496125 -0.2884002 -0.4415697 -0.8495633 -0.2883712 -0.4416835 -0.8968964 -0.3044374 -0.3207721 -0.8969342 -0.3044635 -0.3206416 -0.9288338 -0.315297 -0.194565 -0.9288032 -0.3152676 -0.1947589 -0.944905 -0.32078 -0.06522771 -0.9448957 -0.3207493 -0.06551418 -0.9786765 -0.1946765 0.06552288 -0.9786873 -0.1946665 0.06539204 -0.9620031 -0.1913612 0.1947589 -0.9620062 -0.1913605 0.1947446 -0.9290031 -0.1847787 0.3206401 -0.9289382 -0.184784 0.3208249 -0.8799299 -0.1750347 0.4416857 -0.8800099 -0.175034 0.4415264 -0.8161622 -0.1623237 0.554554 -0.8160046 -0.1623187 0.5547875 -0.7379419 -0.1467942 0.6587057 -0.7381344 -0.146805 0.6584876 -0.6476405 -0.1288112 0.7509791 -0.6474838 -0.1287999 0.751116 -0.5454423 -0.1084949 0.8310966 -0.5455303 -0.1085022 0.8310379 -0.4348669 -0.08649829 0.8963307 -0.4348498 -0.08649675 0.8963392 -0.315878 -0.06283307 0.946717 -0.3159027 -0.06283542 0.9467086 -0.1916384 -0.0381161 0.9807252 -0.1916013 -0.0381125 0.9807326 -0.06422516 -0.01277562 0.9978536 -0.0642399 -0.01277706 0.9978527 0.06424973 0.01277957 0.997852 0.06424065 0.0127787 0.9978526 0.1916289 0.0381096 0.9807273 0.1916155 0.03819583 0.9807265 0.1915694 0.03810406 0.9807392 0.1916345 0.03808838 -0.980727 0.1916076 0.03811165 -0.9807314 0.191626 0.03811735 -0.9807276 0.0642495 0.01278046 -0.997852 0.06424078 0.01277779 -0.9978526 -0.06422553 -0.0127742 -0.9978536 -0.0642397 -0.01277851 -0.9978526 -0.1916374 -0.03811968 -0.9807252 -0.1916018 -0.03810882 -0.9807326 -0.3158786 -0.06283063 -0.946717 -0.3159023 -0.06283791 -0.9467086 -0.4348664 -0.08650006 -0.8963308 -0.4348501 -0.08649494 -0.8963393 -0.5454447 -0.1084852 -0.8310964 -0.5455288 -0.1085121 -0.8310376 -0.6476359 -0.1288302 -0.7509797 -0.6474869 -0.1287807 -0.7511166 -0.7379479 -0.1467679 -0.6587048 -0.7381298 -0.1468315 -0.6584868 -0.8161567 -0.162349 -0.5545547 -0.8160092 -0.1622932 -0.5547883 -0.8799333 -0.1750187 -0.4416853 -0.880007 -0.17505 -0.4415259 -0.9289995 -0.1847962 -0.3206405 -0.9289416 -0.1847665 -0.3208251 -0.9620033 -0.1913599 -0.1947589 -0.9620059 -0.1913618 -0.1947445 -0.9786789 -0.1946648 -0.06552283 -0.978685 -0.1946782 -0.06539202 -0.9957224 -0.06527501 0.06539119 -0.9957353 -0.06525934 0.06521031 -0.9787521 -0.06417485 0.1947457 -0.9787792 -0.06416429 0.1946132 -0.9451085 -0.06197487 0.3208254 -0.9451299 -0.0619703 0.3207636 -0.8953277 -0.0586763 0.4415262 -0.8951613 -0.05869962 0.4418602 -0.8302098 -0.05442154 0.5547882 -0.8302873 -0.0544138 0.5546728 -0.7509802 -0.04922106 0.6584877 -0.7509314 -0.04922471 0.6585431 -0.6587588 -0.04317322 0.7511145 -0.6587312 -0.04317484 0.7511385 -0.5550227 -0.0363868 0.831039 -0.5551298 -0.03638166 0.8309676 -0.4424203 -0.02900588 0.8963387 -0.4424314 -0.02900542 0.8963332 -0.3214016 -0.02106189 0.9467087 -0.3213057 -0.02106538 0.9467412 -0.194936 -0.01278154 0.9807327 -0.1950075 -0.01277911 0.9807186 -0.06535833 -0.004283763 0.9978526 -0.06534174 -0.004284321 0.9978538 0.0653592 0.004282067 0.9978526 0.06534174 0.004282677 0.9978538 0.1949623 0.012777 0.9807276 0.1949978 0.01277278 0.9807205 0.1949997 0.01277558 0.98072 0.1949632 0.01276985 -0.9807274 0.1949604 0.01277301 -0.9807279 0.1949978 0.01277937 -0.9807203 0.06535897 0.004283805 -0.9978526 0.06534174 0.004280923 -0.9978538 -0.06535812 -0.004285395 -0.9978526 -0.06534174 -0.004282677 -0.9978538 -0.1949369 -0.01277449 -0.9807326 -0.1950075 -0.01278623 -0.9807184 -0.3214004 -0.02107159 -0.9467089 -0.3213058 -0.02105561 -0.9467413 -0.4424204 -0.02900469 -0.8963386 -0.4424314 -0.02900661 -0.8963332 -0.555024 -0.03637473 -0.8310387 -0.5551296 -0.03639381 -0.8309674 -0.6587584 -0.04317662 -0.7511146 -0.6587313 -0.04317142 -0.7511387 -0.7509795 -0.04922787 -0.6584879 -0.7509316 -0.04921788 -0.6585433 -0.8302109 -0.05440879 -0.5547878 -0.8302868 -0.05442658 -0.5546725 -0.895325 -0.05871035 -0.441527 -0.8951632 -0.05866551 -0.4418611 -0.945109 -0.06196893 -0.3208253 -0.9451295 -0.06197625 -0.3207635 -0.9787529 -0.06416257 -0.1947455 -0.9787784 -0.06417657 -0.194613 -0.9957235 -0.06525856 -0.06539113 -0.9957343 -0.06527579 -0.06521022</float_array>
          <technique_common>
            <accessor count="11356" source="#cubenormals-array0-array" stride="3">
              <param type="float" name="X"/>
              <param type="float" name="Y"/>
              <param type="float" name="Z"/>
            </accessor>
          </technique_common>
        </source>
        <vertices id="cubeverts-array0-vertices">
          <input semantic="POSITION" source="#cubeverts-array0"/>
        </vertices>
        <triangles count="11356" material="ref_bottle">
          <input offset="0" semantic="VERTEX" source="#cubeverts-array0-vertices"/>
          <input offset="1" semantic="NORMAL" source="#cubenormals-array0"/>
          <p>2014 0 1736 0 1768 0 1142 1 633 1 1150 1 378 2 347 2 538 2 3871 3 3631 3 3841 3 881 4 737 4 782 4 1530 5 1169 5 1252 5 3775 6 3467 6 3783 6 425 7 408 7 669 7 3175 8 2921 8 3181 8 2456 9 2159 9 2457 9 2159 10 2456 10 2158 10 93 11 61 11 77 11 11 12 1 12 8 12 3104 13 2754 13 2759 13 1582 14 1224 14 1600 14 420 15 368 15 463 15 5409 16 5340 16 5362 16 4414 17 4081 17 4350 17 468 18 295 18 306 18 46 19 12 19 17 19 1531 20 1471 20 1769 20 691 21 437 21 466 21 406 22 249 22 254 22 77 23 54 23 62 23 1636 24 1596 24 1848 24 3188 25 2726 25 3192 25 491 26 446 26 508 26 1824 27 1530 27 1580 27 3492 28 3190 28 3484 28 696 29 415 29 688 29 1780 30 1754 30 1966 30 597 31 459 31 521 31 1976 32 1660 32 1706 32 4 33 2 33 11 33 313 34 240 34 276 34 537 35 377 35 432 35 2334 36 2068 36 2074 36 3082 37 2764 37 3072 37 510 38 330 38 487 38 3073 39 2879 39 2882 39 5638 40 5599 40 5622 40 1722 41 1438 41 1696 41 3333 42 3073 42 3083 42 2156 43 2455 43 2157 43 2455 44 2156 44 2454 44 3069 45 2880 45 3063 45 783 46 738 46 882 46 487 47 330 47 467 47 171 48 148 48 185 48 330 49 305 49 467 49 185 50 164 50 197 50 596 51 518 51 710 51 114 52 35 52 43 52 432 53 303 53 356 53 1167 54 664 54 1157 54 356 55 279 55 322 55 43 56 13 56 51 56 3782 57 3774 57 4092 57 166 58 116 58 142 58 80 59 41 59 103 59 1781 60 1585 60 1629 60 3177 61 2917 61 3173 61 258 62 247 62 285 62 3929 63 3897 63 4151 63 3072 64 2772 64 3066 64 5271 65 5254 65 5428 65 4526 66 5045 66 4527 66 5045 67 4526 67 5044 67 2754 68 2536 68 2546 68 458 69 442 69 518 69 83 70 53 70 68 70 4281 71 4054 71 4080 71 181 72 156 72 264 72 19 73 5 73 25 73 1888 74 1568 74 1582 74 3174 75 3168 75 3422 75 3124 76 3114 76 3368 76 5572 77 5449 77 5450 77 5449 78 5572 78 5571 78 5409 79 5341 79 5393 79 2278 80 2272 80 2524 80 1403 81 1215 81 1287 81 926 82 713 82 1028 82 4819 83 4699 83 4927 83 734 84 439 84 450 84 737 85 658 85 782 85 49 86 32 86 33 86 345 87 299 87 335 87 851 88 747 88 965 88 533 89 500 89 809 89 17 90 4 90 19 90 12 91 1 91 2 91 426 92 368 92 375 92 239 93 185 93 197 93 4251 94 3945 94 4294 94 1632 95 1302 95 1360 95 2258 96 1898 96 1936 96 191 97 149 97 219 97 245 98 117 98 233 98 2736 99 2482 99 2743 99 7 100 0 100 3 100 39 101 36 101 112 101 537 102 432 102 599 102 339 103 287 103 323 103 1400 104 999 104 1097 104 1302 105 761 105 837 105 284 106 152 106 163 106 270 107 207 107 224 107 42 108 20 108 28 108 27 109 6 109 20 109 7 110 3 110 13 110 13 111 3 111 21 111 270 112 224 112 287 112 338 113 316 113 372 113 378 114 272 114 347 114 836 115 608 115 926 115 2171 116 1861 116 1865 116 3481 117 3479 117 3787 117 762 118 470 118 725 118 2068 119 1768 119 1799 119 4092 120 4082 120 4460 120 5235 121 4951 121 5255 121 5286 122 5037 122 5046 122 4979 123 4957 123 5241 123 5552 124 5429 124 5442 124 3072 125 2768 125 2772 125 3072 126 2764 126 2768 126 5159 127 4799 127 4902 127 1329 128 1253 128 1531 128 1384 129 1356 129 1702 129 2730 130 2470 130 2476 130 405 131 398 131 664 131 415 132 253 132 405 132 696 133 688 133 1167 133 294 134 162 134 283 134 112 135 36 135 108 135 23 136 15 136 24 136 189 137 91 137 172 137 35 138 8 138 7 138 8 139 35 139 36 139 53 140 49 140 59 140 33 141 29 141 71 141 628 142 386 142 385 142 386 143 628 143 629 143 5441 144 5271 144 5428 144 5246 145 4976 145 5206 145 5291 146 5044 146 5283 146 5539 147 5425 147 5559 147 5291 148 5283 148 5447 148 3870 149 3656 149 3684 149 5641 150 5564 150 5635 150 5447 151 5283 151 5441 151 4783 152 4297 152 4341 152 5432 153 5421 153 5483 153 3081 154 3077 154 3331 154 2273 155 1975 155 2279 155 5188 156 5114 156 5170 156 1221 157 926 157 1028 157 4342 158 4298 158 4784 158 3107 159 2893 159 3089 159 3834 160 3578 160 3586 160 2866 161 2856 161 3041 161 3871 162 3841 162 4023 162 4553 163 4367 163 4663 163 2350 164 2344 164 2598 164 369 165 335 165 361 165 2339 166 2073 166 2079 166 1571 167 1371 167 1597 167 68 168 53 168 82 168 136 169 98 169 111 169 1028 170 783 170 882 170 748 171 726 171 832 171 446 172 402 172 420 172 301 173 258 173 345 173 136 174 111 174 148 174 350 175 312 175 436 175 500 176 465 176 690 176 298 177 257 177 344 177 1384 178 973 178 1356 178 1370 179 979 179 1306 179 747 180 615 180 666 180 1848 181 1816 181 2078 181 773 182 520 182 876 182 1768 183 1530 183 1799 183 3914 184 3882 184 4180 184 2722 185 2454 185 2725 185 2192 186 1898 186 2228 186 1538 187 1857 187 1539 187 1857 188 1538 188 1856 188 664 189 656 189 1149 189 2274 190 1936 190 1976 190 668 191 424 191 694 191 2730 192 2476 192 2733 192 2470 193 2174 193 2184 193 1303 194 762 194 1257 194 304 195 184 195 272 195 4660 196 4327 196 4799 196 286 197 223 197 270 197 698 198 472 198 773 198 1530 199 1252 199 1328 199 469 200 346 200 502 200 537 201 346 201 377 201 901 202 537 202 999 202 520 203 356 203 411 203 286 204 270 204 338 204 180 205 142 205 222 205 219 206 149 206 183 206 94 207 62 207 150 207 3 208 0 208 9 208 14 209 3 209 9 209 51 210 21 210 27 210 107 211 36 211 35 211 36 212 107 212 108 212 35 213 13 213 43 213 35 214 7 214 13 214 223 215 166 215 207 215 41 216 31 216 54 216 2318 217 2068 217 2328 217 3882 218 3851 218 4120 218 48 219 25 219 56 219 1637 220 1439 220 1697 220 3494 221 3197 221 3495 221 3197 222 3494 222 3196 222 4093 223 3775 223 3783 223 3175 224 2918 224 2921 224 1633 225 1257 225 1601 225 2467 226 2175 226 2461 226 1530 227 1328 227 1580 227 2328 228 2068 228 2334 228 5400 229 5323 229 5458 229 5307 230 5290 230 5341 230 4069 231 3763 231 4083 231 4461 232 4083 232 4093 232 3169 233 2915 233 3175 233 4225 234 4201 234 4582 234 5348 235 5211 235 5373 235 5047 236 5043 236 5294 236 3197 237 2929 237 3193 237 2785 238 2779 238 3040 238 156 239 97 239 133 239 210 240 189 240 330 240 759 241 449 241 733 241 1123 242 735 242 1087 242 294 243 283 243 438 243 229 244 107 244 237 244 656 245 398 245 632 245 7 246 1 246 0 246 1 247 7 247 8 247 657 248 399 248 665 248 293 249 198 249 313 249 237 250 114 250 127 250 112 251 108 251 233 251 45 252 39 252 112 252 60 253 53 253 83 253 148 254 111 254 135 254 91 255 49 255 71 255 2725 256 2460 256 2466 256 3356 257 3112 257 3366 257 385 258 229 258 393 258 233 259 230 259 386 259 385 260 230 260 229 260 230 261 385 261 386 261 245 262 233 262 398 262 5455 263 5356 263 5392 263 5530 264 5460 264 5488 264 4525 265 4517 265 5043 265 5241 266 4942 266 5230 266 5490 267 5469 267 5546 267 5559 268 5430 268 5433 268 5445 269 5292 269 5448 269 711 270 519 270 597 270 5220 271 5078 271 5160 271 2150 272 2132 272 2396 272 4224 273 3942 273 4246 273 3424 274 3170 274 3172 274 5263 275 4978 275 4986 275 5516 276 5395 276 5527 276 5667 277 5639 277 5642 277 2461 278 2456 278 2926 278 1569 279 1559 279 1877 279 3077 280 2880 280 3069 280 3197 281 3193 281 3495 281 2563 282 2321 282 2571 282 3113 283 2893 283 3107 283 5243 284 4985 284 5214 284 4109 285 3787 285 4105 285 1994 286 1780 286 1966 286 1005 287 881 287 1214 287 3004 288 2795 288 3020 288 4014 289 3796 289 3802 289 5269 290 5106 290 5147 290 844 291 748 291 968 291 2410 292 2178 292 2396 292 1403 293 1287 293 1447 293 1359 294 1028 294 1116 294 2593 295 2345 295 2599 295 152 296 56 296 64 296 429 297 345 297 456 297 563 298 509 298 565 298 926 299 608 299 713 299 1116 300 882 300 1215 300 1781 301 1629 301 1811 301 109 302 232 302 231 302 232 303 109 303 110 303 50 304 32 304 53 304 134 305 98 305 157 305 111 306 87 306 97 306 713 307 507 307 563 307 667 308 565 308 615 308 1115 309 1027 309 1358 309 1596 310 1570 310 1816 310 240 311 186 311 276 311 738 312 565 312 667 312 361 313 334 313 368 313 218 314 196 314 258 314 607 315 541 315 741 315 464 316 369 316 421 316 666 317 564 317 737 317 615 318 564 318 666 318 268 319 253 319 415 319 430 320 268 320 415 320 375 321 334 321 344 321 350 322 275 322 312 322 1212 323 1123 323 1506 323 1570 324 1242 324 1526 324 334 325 298 325 344 325 1019 326 609 326 973 326 1702 327 1356 327 1658 327 2108 328 1914 328 2096 328 2278 329 1974 329 2272 329 1358 330 1274 330 1500 330 2282 331 1992 331 2014 331 1768 332 1470 332 1530 332 1799 333 1530 333 1824 333 5340 334 5289 334 5307 334 2074 335 1799 335 1824 335 2068 336 1799 336 2074 336 459 337 412 337 521 337 519 338 459 338 597 338 3138 339 2743 339 3124 339 1538 340 1147 340 1544 340 876 341 596 341 710 341 2578 342 2328 342 2334 342 1736 343 1428 343 1470 343 2512 344 2274 344 2526 344 3104 345 2759 345 2764 345 519 346 443 346 459 346 3184 347 2725 347 2728 347 5010 348 4516 348 5018 348 313 349 198 349 240 349 416 350 254 350 269 350 396 351 387 351 630 351 38 352 12 352 40 352 14 353 9 353 37 353 3827 354 3577 354 3852 354 520 355 411 355 458 355 698 356 432 356 472 356 596 357 458 357 518 357 520 358 458 358 596 358 1428 359 1097 359 1169 359 1470 360 1169 360 1530 360 303 361 221 361 356 361 127 362 57 362 146 362 761 363 469 363 502 363 432 364 271 364 303 364 724 365 424 365 444 365 266 366 146 366 169 366 999 367 537 367 599 367 999 368 599 368 1097 368 1302 369 837 369 1360 369 668 370 407 370 424 370 381 371 322 371 338 371 1253 372 1170 372 1531 372 338 373 270 373 316 373 142 374 77 374 94 374 54 375 42 375 62 375 31 376 20 376 42 376 357 377 304 377 433 377 51 378 13 378 21 378 28 379 6 379 22 379 2329 380 2319 380 2579 380 3072 381 3066 381 3316 381 408 382 238 382 396 382 3614 383 3582 383 3882 383 2333 384 2073 384 2339 384 2647 385 2413 385 2661 385 1573 386 1168 386 1207 386 2059 387 1753 387 1775 387 736 388 501 388 810 388 2507 389 2227 389 2237 389 3196 390 2929 390 3197 390 2929 391 3196 391 2928 391 2459 392 2171 392 2463 392 4798 393 4326 393 4659 393 2275 394 2259 394 2513 394 3333 395 3083 395 3105 395 2908 396 2483 396 2915 396 2471 397 2175 397 2467 397 1583 398 1569 398 1889 398 2928 399 2457 399 2929 399 2457 400 2928 400 2456 400 3494 401 3191 401 3196 401 2335 402 2329 402 2579 402 4799 403 4404 403 4497 403 3637 404 3369 404 3659 404 2015 405 1993 405 2283 405 5177 406 4838 406 4914 406 5429 407 5272 407 5442 407 3495 408 3193 408 3491 408 3795 409 3495 409 3791 409 3783 410 3477 410 3789 410 5664 411 5655 411 5656 411 5647 412 5626 412 5629 412 3193 413 2925 413 3189 413 5450 414 5293 414 5294 414 5293 415 5450 415 5449 415 1157 416 1149 416 1548 416 1734 417 1708 417 2012 417 409 418 264 418 373 418 1087 419 609 419 1019 419 2598 420 2344 420 2592 420 847 421 812 421 1292 421 1234 422 733 422 1222 422 733 423 438 423 718 423 430 424 415 424 696 424 415 425 405 425 664 425 664 426 398 426 656 426 1141 427 632 427 1138 427 632 428 386 428 629 428 632 429 629 429 1138 429 248 430 245 430 398 430 49 431 33 431 71 431 60 432 50 432 53 432 48 433 19 433 25 433 30 434 23 434 26 434 15 435 5 435 24 435 12 436 4 436 17 436 24 437 18 437 47 437 5 438 4 438 18 438 487 439 467 439 759 439 352 440 330 440 510 440 1137 441 628 441 1147 441 628 442 1138 442 629 442 1138 443 628 443 1137 443 2184 444 1868 444 1876 444 391 445 386 445 632 445 398 446 391 446 632 446 5409 447 5393 447 5456 447 2075 448 1800 448 2069 448 4294 449 4019 449 4354 449 5472 450 5409 450 5456 450 5635 451 5564 451 5627 451 5575 452 5529 452 5617 452 5588 453 5578 453 5630 453 5513 454 5500 454 5538 454 5292 455 5447 455 5448 455 5447 456 5292 456 5291 456 5448 457 5569 457 5570 457 5569 458 5448 458 5447 458 5283 459 5006 459 5271 459 5045 460 5291 460 5292 460 5291 461 5045 461 5044 461 3368 462 3354 462 3636 462 4901 463 4496 463 4798 463 5551 464 5428 464 5532 464 4222 465 3914 465 4180 465 2318 466 2036 466 2068 466 2296 467 2014 467 2318 467 5543 468 5497 468 5581 468 5181 469 4995 469 5138 469 4341 470 3992 470 4012 470 5042 471 4527 471 5045 471 5328 472 5178 472 5213 472 4801 473 4413 473 4447 473 4827 474 4363 474 4862 474 5326 475 5168 475 5348 475 4072 476 3772 476 4078 476 2158 477 1859 477 2159 477 1859 478 2158 478 1858 478 2929 479 2459 479 2927 479 2517 480 2237 480 2265 480 2911 481 2906 481 3135 481 3949 482 3667 482 3943 482 3655 483 3357 483 3639 483 3855 484 3587 484 3835 484 3327 485 3319 485 3579 485 3543 486 3269 486 3519 486 3331 487 3327 487 3587 487 4916 488 4863 488 5192 488 5136 489 5060 489 5114 489 5304 490 5253 490 5311 490 5679 491 5668 491 5677 491 5294 492 5046 492 5047 492 5046 493 5294 493 5293 493 4509 494 4499 494 5011 494 4297 495 3948 495 3992 495 3350 496 3088 496 3356 496 5481 497 5386 497 5414 497 5240 498 4956 498 4978 498 3870 499 3628 499 3656 499 4020 500 3838 500 3870 500 3058 501 2776 501 3062 501 3896 502 3736 502 3928 502 5258 503 5172 503 5215 503 4382 504 4151 504 4296 504 3005 505 2991 505 3239 505 2397 506 2181 506 2413 506 3053 507 2872 507 3041 507 2875 508 2589 508 2593 508 1451 509 1088 509 1124 509 384 510 276 510 301 510 406 511 254 511 416 511 691 512 466 512 501 512 1028 513 713 513 783 513 608 514 507 514 713 514 738 515 667 515 748 515 565 516 491 516 543 516 1028 517 882 517 1116 517 1817 518 1571 518 1597 518 4743 519 4438 519 4544 519 1403 520 1116 520 1215 520 83 521 68 521 98 521 64 522 25 522 30 522 186 523 148 523 171 523 87 524 68 524 97 524 198 525 136 525 165 525 165 526 148 526 186 526 2018 527 1994 527 2150 527 854 528 748 528 832 528 882 529 844 529 1006 529 1006 530 844 530 1112 530 832 531 726 531 747 531 726 532 615 532 747 532 565 533 543 533 615 533 783 534 563 534 659 534 509 535 491 535 565 535 421 536 402 536 446 536 345 537 258 537 299 537 276 538 186 538 218 538 300 539 275 539 383 539 361 540 311 540 334 540 335 541 285 541 311 541 300 542 257 542 275 542 181 543 97 543 156 543 133 544 101 544 189 544 101 545 91 545 189 545 101 546 49 546 91 546 312 547 292 547 436 547 217 548 185 548 275 548 455 549 428 549 592 549 465 550 436 550 690 550 592 551 533 551 809 551 1220 552 925 552 1121 552 1019 553 973 553 1404 553 735 554 690 554 1087 554 1306 555 1242 555 1570 555 1306 556 979 556 1242 556 735 557 500 557 690 557 533 558 428 558 500 558 1878 559 1872 559 2176 559 1370 560 1306 560 1570 560 1506 561 1450 561 1752 561 1450 562 1087 562 1426 562 1274 563 1027 563 1220 563 1780 564 1532 564 1754 564 3657 565 3501 565 3631 565 1500 566 1274 566 1438 566 3897 567 3685 567 3871 567 2841 568 2647 568 2661 568 4965 569 4660 569 4799 569 1169 570 773 570 876 570 3317 571 3067 571 3073 571 3788 572 3782 572 4106 572 3194 573 2722 573 2725 573 2174 574 1862 574 1868 574 2470 575 2184 575 2476 575 2476 576 2192 576 2228 576 2476 577 2228 577 2482 577 2772 578 2578 578 2584 578 2578 579 2334 579 2584 579 2743 580 2512 580 2526 580 2482 581 2258 581 2512 581 1736 582 1470 582 1768 582 2318 583 2014 583 2036 583 3124 584 2754 584 3114 584 2754 585 2526 585 2536 585 3368 586 3104 586 3354 586 3354 587 3104 587 3332 587 3194 588 3190 588 3492 588 3184 589 3180 589 3476 589 4980 590 4950 590 5254 590 3792 591 3788 591 4106 591 4915 592 4363 592 4401 592 3493 593 3192 593 3195 593 92 594 50 594 102 594 974 595 610 595 1020 595 1543 596 1150 596 1547 596 1293 597 813 597 848 597 0 598 10 598 9 598 10 599 0 599 1 599 10 600 1 600 12 600 1000 601 902 601 1361 601 20 602 6 602 28 602 28 603 22 603 52 603 4181 604 3883 604 3915 604 407 605 250 605 424 605 444 606 288 606 307 606 377 607 271 607 432 607 221 608 179 608 223 608 279 609 223 609 322 609 458 610 322 610 381 610 1097 611 599 611 698 611 876 612 520 612 596 612 876 613 710 613 1009 613 1328 614 876 614 1009 614 1706 615 1400 615 1428 615 1428 616 1169 616 1470 616 51 617 27 617 57 617 127 618 51 618 57 618 93 619 77 619 141 619 219 620 183 620 271 620 307 621 191 621 346 621 250 622 127 622 146 622 183 623 93 623 141 623 346 624 271 624 377 624 393 625 237 625 407 625 229 626 108 626 107 626 108 627 229 627 230 627 837 628 537 628 901 628 1360 629 999 629 1400 629 381 630 338 630 442 630 458 631 381 631 442 631 442 632 338 632 389 632 389 633 338 633 372 633 443 634 382 634 459 634 357 635 222 635 304 635 372 636 316 636 339 636 223 637 207 637 270 637 142 638 94 638 184 638 316 639 270 639 339 639 639 640 396 640 630 640 44 641 14 641 37 641 224 642 166 642 180 642 128 643 52 643 115 643 207 644 166 644 224 644 222 645 142 645 184 645 54 646 31 646 42 646 41 647 20 647 31 647 21 648 3 648 6 648 21 649 6 649 27 649 538 650 347 650 503 650 5221 651 5079 651 5159 651 280 652 222 652 357 652 699 653 600 653 1098 653 2329 654 2069 654 2319 654 3322 655 3316 655 3582 655 2872 656 2599 656 2611 656 2133 657 1967 657 1995 657 1599 658 1255 658 1621 658 2295 659 2013 659 2025 659 1597 660 1371 660 1637 660 1359 661 1116 661 1403 661 1357 662 892 662 974 662 2345 663 2089 663 2097 663 2533 664 2279 664 2539 664 2279 665 1985 665 1997 665 2469 666 2187 666 2473 666 2199 667 1887 667 1891 667 2173 668 1865 668 1867 668 2161 669 1861 669 2171 669 2171 670 1865 670 2173 670 3135 671 2902 671 3127 671 3179 672 3177 672 3461 672 3753 673 3393 673 3423 673 2483 674 2229 674 2477 674 3369 675 3105 675 3115 675 3083 676 2887 676 3105 676 1993 677 1977 677 2275 677 2513 678 2483 678 2908 678 2167 679 2158 679 2461 679 1569 680 1201 680 1559 680 2335 681 2069 681 2329 681 2229 682 2193 682 2477 682 3467 683 3175 683 3181 683 2275 684 1937 684 2259 684 4838 685 4354 685 4914 685 3991 686 3675 686 4019 686 1329 687 877 687 1253 687 5356 688 5297 688 5340 688 4981 689 4461 689 5007 689 3377 690 3139 690 3393 690 4435 691 4069 691 4083 691 4083 692 3775 692 4093 692 4799 693 4327 693 4404 693 4404 694 4121 694 4497 694 2924 695 2469 695 2922 695 3183 696 3179 696 3465 696 3789 697 3477 697 3485 697 3783 698 3467 698 3477 698 3789 699 3485 699 3494 699 3485 700 3191 700 3494 700 5659 701 5638 701 5652 701 5264 702 4979 702 5249 702 5217 703 5172 703 5258 703 5622 704 5533 704 5552 704 5007 705 4461 705 4507 705 2724 706 2458 706 2723 706 1542 707 1539 707 1857 707 1878 708 1564 708 1872 708 2160 709 2157 709 2458 709 1292 710 1254 710 1620 710 1620 711 1598 711 1896 711 373 712 352 712 510 712 373 713 264 713 352 713 292 714 264 714 409 714 436 715 292 715 409 715 2294 716 2284 716 2538 716 1734 717 1426 717 1708 717 449 718 438 718 733 718 467 719 449 719 759 719 718 720 438 720 696 720 733 721 718 721 1222 721 438 722 430 722 696 722 91 723 71 723 162 723 688 724 415 724 664 724 688 725 664 725 1167 725 268 726 151 726 253 726 405 727 248 727 398 727 107 728 35 728 114 728 237 729 107 729 114 729 71 730 29 730 63 730 253 731 248 731 405 731 53 732 32 732 49 732 59 733 49 733 101 733 173 734 92 734 190 734 32 735 26 735 33 735 30 736 26 736 34 736 18 737 4 737 16 737 12 738 2 738 4 738 117 739 45 739 112 739 18 740 16 740 47 740 330 741 189 741 305 741 305 742 294 742 467 742 393 743 229 743 237 743 668 744 393 744 407 744 1544 745 1147 745 1159 745 1868 746 1558 746 1876 746 3883 747 3637 747 3915 747 5393 748 5357 748 5456 748 5323 749 5159 749 5207 749 5247 750 5142 750 5302 750 4976 751 4901 751 5206 751 4180 752 3882 752 4120 752 5571 753 5442 753 5449 753 5552 754 5442 754 5565 754 5643 755 5565 755 5571 755 5538 756 5458 756 5496 756 5177 757 4914 757 5210 757 5496 758 5408 758 5460 758 5627 759 5551 759 5621 759 5570 760 5445 760 5448 760 5450 761 5446 761 5572 761 5628 762 5552 762 5565 762 5561 763 5433 763 5445 763 5447 764 5441 764 5569 764 5649 765 5615 765 5654 765 5675 766 5662 766 5667 766 4526 767 4518 767 5044 767 4064 768 3754 768 3760 768 5495 769 5375 769 5457 769 4496 770 4403 770 4798 770 5176 771 4837 771 5141 771 5407 772 5375 772 5495 772 3774 773 3762 773 4082 773 5036 774 4518 774 5006 774 5141 775 5075 775 5246 775 3476 776 3180 776 3466 776 1010 777 711 777 877 777 3468 778 3254 778 3500 778 4839 779 4544 779 4933 779 5248 780 4978 780 5263 780 4516 781 4108 781 4524 781 1984 782 1974 782 2278 782 5211 783 4915 783 5229 783 3492 784 3484 784 3788 784 4524 785 4108 785 4527 785 3724 786 3386 786 3414 786 4956 787 4436 787 4978 787 5607 788 5516 788 5527 788 5662 789 5633 789 5667 789 5410 790 5263 790 5425 790 4986 791 4498 791 5010 791 5430 792 5273 792 5280 792 5280 793 5018 793 5042 793 1889 794 1569 794 1877 794 3185 795 2926 795 3191 795 1863 796 1545 796 1858 796 1863 797 1858 797 2158 797 2890 798 2563 798 2886 798 3089 799 3081 799 3331 799 4957 800 4942 800 5241 800 5446 801 5281 801 5434 801 2906 802 2902 802 3135 802 3415 803 3135 803 3387 803 3461 804 3173 804 3453 804 3453 805 3173 805 3425 805 3367 806 3113 806 3357 806 3089 807 2886 807 3081 807 3081 808 2886 808 3077 808 2571 809 2321 809 2575 809 5066 810 4985 810 5243 810 4802 811 4414 811 4690 811 3269 812 3005 812 3255 812 3803 813 3797 813 4015 813 4940 814 4543 814 4866 814 5249 815 4979 815 5241 815 4055 816 3803 816 4015 816 4840 817 4744 817 5068 817 5411 818 5241 818 5396 818 5544 819 5515 819 5531 819 3425 820 3145 820 3415 820 3765 821 3453 821 3761 821 3954 822 3766 822 4014 822 5403 823 5295 823 5328 823 4689 824 4413 824 4801 824 5310 825 5215 825 5252 825 2761 826 2758 826 3088 826 3802 827 3572 827 3834 827 3802 828 3562 828 3572 828 2396 829 2132 829 2382 829 3268 830 3004 830 3020 830 3518 831 3254 831 3268 831 3573 832 3313 832 3563 832 3929 833 3737 833 3897 833 3685 834 3657 834 3871 834 1287 835 1006 835 1112 835 2151 836 2021 836 2181 836 1112 837 844 837 968 837 3307 838 3053 838 3301 838 2866 839 2611 839 2856 839 2988 840 2808 840 3004 840 2884 841 2880 841 3077 841 2877 842 2875 842 3063 842 681 843 542 843 742 843 376 844 335 844 369 844 102 845 50 845 60 845 102 846 60 846 83 846 488 847 331 847 511 847 456 848 376 848 499 848 376 849 369 849 427 849 499 850 464 850 542 850 507 851 421 851 462 851 508 852 446 852 461 852 506 853 420 853 463 853 507 854 462 854 509 854 4550 855 4248 855 4295 855 1995 856 1781 856 2021 856 82 857 59 857 101 857 82 858 53 858 59 858 111 859 97 859 135 859 135 860 97 860 181 860 98 861 87 861 111 861 98 862 68 862 87 862 165 863 136 863 148 863 182 864 98 864 136 864 258 865 196 865 247 865 276 866 218 866 258 866 844 867 738 867 748 867 882 868 738 868 844 868 968 869 748 869 854 869 1215 870 1006 870 1287 870 1215 871 882 871 1006 871 748 872 615 872 726 872 667 873 615 873 748 873 965 874 747 874 843 874 4249 875 4023 875 4205 875 615 876 543 876 564 876 543 877 491 877 564 877 607 878 463 878 541 878 782 879 712 879 1027 879 276 880 258 880 301 880 437 881 293 881 313 881 218 882 186 882 196 882 186 883 171 883 196 883 299 884 258 884 285 884 299 885 285 885 335 885 428 886 300 886 383 886 311 887 285 887 334 887 335 888 311 888 361 888 334 889 285 889 298 889 164 890 135 890 197 890 148 891 135 891 164 891 264 892 156 892 235 892 156 893 133 893 210 893 383 894 350 894 500 894 383 895 275 895 350 895 197 896 135 896 181 896 197 897 181 897 264 897 541 898 463 898 498 898 426 899 375 899 498 899 428 900 383 900 500 900 592 901 428 901 533 901 506 902 463 902 607 902 712 903 506 903 607 903 891 904 510 904 847 904 891 905 847 905 1314 905 609 906 572 906 973 906 609 907 409 907 572 907 1242 908 873 908 1212 908 1212 909 809 909 1123 909 1450 910 1426 910 1752 910 1816 911 1570 911 1796 911 1242 912 1212 912 1526 912 1526 913 1212 913 1506 913 1702 914 1658 914 1974 914 1952 915 1926 915 2264 915 1696 916 1438 916 1636 916 1754 917 1722 917 1914 917 1358 918 1027 918 1274 918 1500 919 1438 919 1722 919 3628 920 3468 920 3500 920 1994 921 1966 921 2132 921 2768 922 2578 922 2772 922 2764 923 2578 923 2768 923 2725 924 2454 924 2460 924 2454 925 2156 925 2460 925 3674 926 3658 926 3944 926 3788 927 3476 927 3782 927 3480 928 3188 928 3192 928 2174 929 1868 929 2184 929 2476 930 2184 930 2192 930 3180 931 3174 931 3466 931 3180 932 2728 932 2730 932 2526 933 2282 933 2536 933 2743 934 2482 934 2512 934 2578 935 2318 935 2328 935 2536 936 2282 936 2546 936 1992 937 1706 937 2014 937 2526 938 2274 938 2282 938 1706 939 1428 939 1736 939 2014 940 1706 940 1736 940 3332 941 3072 941 3322 941 3104 942 2764 942 3082 942 3914 943 3636 943 3882 943 443 944 339 944 382 944 3636 945 3614 945 3882 945 3636 946 3332 946 3614 946 2258 947 1936 947 2274 947 2282 948 2014 948 2296 948 3792 949 3492 949 3788 949 3790 950 3490 950 3493 950 1872 951 1564 951 1866 951 2731 952 2729 952 3182 952 2458 953 2157 953 2455 953 1223 954 719 954 734 954 254 955 140 955 152 955 1543 956 1140 956 1142 956 1547 957 1150 957 1549 957 2295 958 1997 958 2013 958 42 959 28 959 58 959 81 960 58 960 170 960 231 961 388 961 387 961 388 962 231 962 232 962 408 963 396 963 669 963 1150 964 633 964 657 964 192 965 81 965 170 965 502 966 346 966 537 966 837 967 502 967 537 967 599 968 432 968 698 968 432 969 356 969 472 969 149 970 93 970 183 970 221 971 141 971 179 971 411 972 322 972 458 972 356 973 322 973 411 973 1169 974 876 974 1252 974 1252 975 876 975 1328 975 1976 976 1706 976 1992 976 1400 977 1097 977 1428 977 183 978 141 978 221 978 149 979 61 979 93 979 346 980 219 980 271 980 346 981 191 981 219 981 444 982 266 982 288 982 61 983 41 983 54 983 266 984 169 984 288 984 146 985 57 985 169 985 1360 986 901 986 999 986 1360 987 837 987 901 987 473 988 357 988 433 988 339 989 270 989 287 989 104 990 42 990 81 990 77 991 62 991 94 991 272 992 184 992 220 992 184 993 94 993 150 993 521 994 357 994 473 994 699 995 433 995 600 995 222 996 184 996 304 996 459 997 323 997 412 997 166 998 142 998 180 998 116 999 77 999 142 999 2537 1000 2283 1000 2527 1000 2283 1001 2275 1001 2527 1001 5340 1002 5236 1002 5289 1002 1825 1003 1531 1003 1800 1003 2583 1004 2339 1004 2589 1004 3657 1005 3631 1005 3871 1005 2363 1006 2109 1006 2383 1006 2345 1007 2097 1007 2351 1007 501 1008 384 1008 429 1008 2079 1009 1817 1009 1849 1009 1275 1010 1028 1010 1359 1010 2097 1011 1885 1011 1915 1011 1629 1012 1403 1012 1447 1012 1585 1013 1403 1013 1629 1013 2575 1014 2321 1014 2325 1014 2065 1015 1817 1015 2073 1015 2339 1016 2079 1016 2089 1016 2325 1017 2065 1017 2073 1017 2563 1018 2295 1018 2301 1018 2295 1019 2025 1019 2301 1019 3127 1020 3119 1020 3373 1020 2896 1021 2893 1021 3113 1021 2237 1022 1927 1022 2265 1022 2517 1023 2265 1023 2273 1023 3481 1024 3189 1024 3479 1024 2465 1025 2173 1025 2469 1025 4951 1026 4400 1026 4435 1026 4019 1027 3753 1027 4051 1027 2471 1028 2467 1028 2923 1028 3191 1029 2926 1029 3196 1029 1993 1030 1707 1030 1977 1030 3073 1031 2887 1031 3083 1031 3945 1032 3637 1032 3659 1032 4400 1033 4019 1033 4051 1033 3105 1034 2887 1034 2892 1034 1825 1035 1800 1035 2075 1035 5340 1036 5307 1036 5362 1036 3067 1037 2879 1037 3073 1037 1869 1038 1545 1038 1863 1038 1545 1039 1540 1039 1858 1039 1877 1040 1559 1040 1869 1040 1937 1041 1633 1041 1899 1041 2075 1042 2069 1042 2335 1042 1471 1043 1429 1043 1737 1043 3196 1044 2926 1044 2928 1044 2926 1045 2456 1045 2928 1045 3477 1046 3191 1046 3485 1046 2921 1047 2471 1047 2923 1047 3851 1048 3576 1048 3826 1048 5078 1049 4964 1049 5160 1049 5161 1050 4965 1050 5079 1050 3323 1051 3073 1051 3333 1051 3789 1052 3494 1052 3794 1052 4107 1053 3783 1053 3789 1053 4093 1054 3783 1054 4107 1054 5046 1055 4519 1055 4528 1055 4519 1056 4112 1056 4528 1056 4507 1057 4093 1057 4107 1057 5210 1058 4951 1058 5235 1058 5255 1059 5007 1059 5272 1059 4914 1060 4354 1060 4400 1060 3377 1061 3125 1061 3139 1061 4977 1062 4572 1062 5076 1062 5142 1063 4670 1063 4774 1063 3475 1064 3183 1064 3465 1064 3491 1065 3193 1065 3481 1065 5672 1066 5643 1066 5644 1066 5643 1067 5672 1067 5671 1067 5651 1068 5637 1068 5659 1068 5667 1069 5642 1069 5670 1069 5642 1070 5669 1070 5670 1070 5669 1071 5642 1071 5641 1071 5588 1072 5490 1072 5578 1072 5568 1073 5543 1073 5581 1073 5178 1074 4939 1074 4984 1074 5489 1075 5348 1075 5373 1075 5286 1076 5046 1076 5293 1076 5449 1077 5286 1077 5293 1077 1558 1078 1159 1078 1200 1078 656 1079 632 1079 1149 1079 1137 1080 1539 1080 1138 1080 1539 1081 1137 1081 1538 1081 1572 1082 1167 1082 1564 1082 1572 1083 1564 1083 1878 1083 1149 1084 1141 1084 1542 1084 1860 1085 1857 1085 2157 1085 718 1086 696 1086 1222 1086 1222 1087 1206 1087 1572 1087 312 1088 197 1088 292 1088 292 1089 197 1089 264 1089 1123 1090 1087 1090 1450 1090 1087 1091 1019 1091 1404 1091 1426 1092 1087 1092 1404 1092 2058 1093 1752 1093 2024 1093 1404 1094 973 1094 1384 1094 1404 1095 1384 1095 1702 1095 847 1096 487 1096 812 1096 510 1097 487 1097 847 1097 467 1098 294 1098 449 1098 449 1099 294 1099 438 1099 438 1100 268 1100 430 1100 283 1101 268 1101 438 1101 114 1102 43 1102 51 1102 114 1103 51 1103 127 1103 119 1104 47 1104 117 1104 47 1105 45 1105 117 1105 117 1106 112 1106 233 1106 233 1107 108 1107 230 1107 48 1108 17 1108 19 1108 232 1109 110 1109 234 1109 353 1110 236 1110 265 1110 157 1111 98 1111 182 1111 450 1112 295 1112 468 1112 399 1113 249 1113 406 1113 29 1114 24 1114 63 1114 45 1115 11 1115 39 1115 33 1116 26 1116 29 1116 26 1117 23 1117 29 1117 25 1118 23 1118 30 1118 25 1119 5 1119 15 1119 16 1120 11 1120 45 1120 16 1121 4 1121 11 1121 1147 1122 628 1122 638 1122 1568 1123 1224 1123 1582 1123 444 1124 307 1124 469 1124 1159 1125 668 1125 1200 1125 1147 1126 668 1126 1159 1126 638 1127 393 1127 668 1127 1632 1128 1256 1128 1302 1128 1632 1129 1360 1129 1660 1129 2156 1130 1856 1130 1862 1130 1147 1131 638 1131 668 1131 3322 1132 3072 1132 3316 1132 5455 1133 5392 1133 5409 1133 2585 1134 2579 1134 2879 1134 5460 1135 5333 1135 5488 1135 5500 1136 5458 1136 5538 1136 4327 1137 4071 1137 4121 1137 4572 1138 4251 1138 4670 1138 5237 1139 5221 1139 5298 1139 5375 1140 5322 1140 5457 1140 5537 1141 5457 1141 5499 1141 5495 1142 5457 1142 5537 1142 4327 1143 4121 1143 4404 1143 1581 1144 1531 1144 1825 1144 5510 1145 5372 1145 5391 1145 5530 1146 5488 1146 5576 1146 5572 1147 5446 1147 5567 1147 5676 1148 5658 1148 5666 1148 5442 1149 5272 1149 5286 1149 5442 1150 5286 1150 5449 1150 5333 1151 5177 1151 5210 1151 4914 1152 4400 1152 4951 1152 5488 1153 5372 1153 5510 1153 5488 1154 5333 1154 5372 1154 5456 1155 5400 1155 5458 1155 5458 1156 5323 1156 5376 1156 5627 1157 5621 1157 5651 1157 5551 1158 5532 1158 5621 1158 5651 1159 5621 1159 5637 1159 5637 1160 5625 1160 5648 1160 5431 1161 5426 1161 5560 1161 5564 1162 5441 1162 5551 1162 5564 1163 5551 1163 5627 1163 5615 1164 5527 1164 5623 1164 5654 1165 5623 1165 5631 1165 3658 1166 3636 1166 3944 1166 4773 1167 4293 1167 4669 1167 5158 1168 5078 1168 5220 1168 5412 1169 5234 1169 5390 1169 5407 1170 5246 1170 5375 1170 4506 1171 4460 1171 5006 1171 5271 1172 5006 1172 5254 1172 4526 1173 4110 1173 4518 1173 4110 1174 4106 1174 4518 1174 3376 1175 3368 1175 3658 1175 4497 1176 4121 1176 4181 1176 2647 1177 2397 1177 2413 1177 2658 1178 2410 1178 2646 1178 3766 1179 3554 1179 3562 1179 3870 1180 3684 1180 3896 1180 5432 1181 5394 1181 5421 1181 4831 1182 4793 1182 4937 1182 4978 1183 4453 1183 4498 1183 5287 1184 5042 1184 5292 1184 5522 1185 5468 1185 5545 1185 4508 1186 4102 1186 4516 1186 5178 1187 4984 1187 5213 1187 4581 1188 4200 1188 4224 1188 4783 1189 4341 1189 4827 1189 4862 1190 4363 1190 4915 1190 5527 1191 5410 1191 5425 1191 5527 1192 5395 1192 5410 1192 5626 1193 5619 1193 5629 1193 5250 1194 5178 1194 5295 1194 5443 1195 5326 1195 5348 1195 5191 1196 4827 1196 4862 1196 5292 1197 5042 1197 5045 1197 5280 1198 5010 1198 5018 1198 5559 1199 5433 1199 5561 1199 5445 1200 5287 1200 5292 1200 5010 1201 4498 1201 4508 1201 5273 1202 5010 1202 5280 1202 2175 1203 2167 1203 2461 1203 2461 1204 2158 1204 2456 1204 2477 1205 2471 1205 2921 1205 3393 1206 3139 1206 3169 1206 1559 1207 1545 1207 1869 1207 1861 1208 1543 1208 1865 1208 2477 1209 2185 1209 2471 1209 1937 1210 1899 1210 2259 1210 2890 1211 2886 1211 3089 1211 2886 1212 2575 1212 2884 1212 2893 1213 2539 1213 2545 1213 2893 1214 2545 1214 2563 1214 5434 1215 5281 1215 5431 1215 3189 1216 3187 1216 3479 1216 3415 1217 3387 1217 3725 1217 3177 1218 3173 1218 3461 1218 4802 1219 4690 1219 5083 1219 4650 1220 4582 1220 5066 1220 4065 1221 3755 1221 4053 1221 4225 1222 3899 1222 4201 1222 3173 1223 2916 1223 3171 1223 3387 1224 3379 1224 3677 1224 3357 1225 3351 1225 3627 1225 3627 1226 3351 1226 3593 1226 4350 1227 4081 1227 4282 1227 3685 1228 3519 1228 3657 1228 3835 1229 3803 1229 4055 1229 3755 1230 3415 1230 3725 1230 2886 1231 2571 1231 2575 1231 2886 1232 2563 1232 2571 1232 5138 1233 4934 1233 5068 1233 4439 1234 4382 1234 4642 1234 4151 1235 4119 1235 4296 1235 5214 1236 4985 1236 5179 1236 4893 1237 4642 1237 4794 1237 5212 1238 5192 1238 5349 1238 4517 1239 4509 1239 5011 1239 5482 1240 5440 1240 5494 1240 5654 1241 5615 1241 5623 1241 4650 1242 4247 1242 4582 1242 5327 1243 5169 1243 5306 1243 5498 1244 5415 1244 5482 1244 5148 1245 5107 1245 5270 1245 5658 1246 5628 1246 5666 1246 5616 1247 5608 1247 5650 1247 5288 1248 5281 1248 5446 1248 3491 1249 3481 1249 3791 1249 4581 1250 4224 1250 4246 1250 5269 1251 5147 1251 5305 1251 3518 1252 3268 1252 3542 1252 4224 1253 3916 1253 3942 1253 3500 1254 3254 1254 3518 1254 4892 1255 4641 1255 4962 1255 3736 1256 3542 1256 3554 1256 2362 1257 2108 1257 2350 1257 2767 1258 2765 1258 3076 1258 2012 1259 1996 1259 2294 1259 2795 1260 2610 1260 2785 1260 3318 1261 3068 1261 3326 1261 3268 1262 3020 1262 3040 1262 3255 1263 3005 1263 3239 1263 4015 1264 3767 1264 3955 1264 3737 1265 3685 1265 3897 1265 3737 1266 3519 1266 3685 1266 3307 1267 3301 1267 3555 1267 1808 1268 1626 1268 1780 1268 1284 1269 1005 1269 1214 1269 3041 1270 3021 1270 3269 1270 3041 1271 2856 1271 3021 1271 2877 1272 2589 1272 2875 1272 2875 1273 2599 1273 2872 1273 2884 1274 2575 1274 2880 1274 2880 1275 2575 1275 2583 1275 1070 1276 742 1276 1122 1276 1088 1277 691 1277 736 1277 427 1278 369 1278 464 1278 499 1279 376 1279 427 1279 1088 1280 610 1280 691 1280 265 1281 157 1281 182 1281 374 1282 265 1282 410 1282 353 1283 265 1283 374 1283 306 1284 190 1284 331 1284 331 1285 236 1285 353 1285 2065 1286 1797 1286 1817 1286 2917 1287 2916 1287 3173 1287 464 1288 421 1288 507 1288 563 1289 507 1289 509 1289 210 1290 133 1290 189 1290 97 1291 68 1291 82 1291 659 1292 563 1292 565 1292 713 1293 563 1293 783 1293 658 1294 562 1294 782 1294 1584 1295 1402 1295 1532 1295 1584 1296 1532 1296 1780 1296 446 1297 420 1297 461 1297 461 1298 420 1298 506 1298 508 1299 461 1299 506 1299 680 1300 592 1300 979 1300 463 1301 426 1301 498 1301 463 1302 368 1302 426 1302 429 1303 301 1303 345 1303 384 1304 301 1304 429 1304 344 1305 257 1305 300 1305 285 1306 257 1306 298 1306 344 1307 300 1307 428 1307 368 1308 334 1308 375 1308 285 1309 247 1309 257 1309 247 1310 196 1310 257 1310 275 1311 185 1311 239 1311 185 1312 148 1312 164 1312 235 1313 210 1313 330 1313 235 1314 156 1314 210 1314 500 1315 350 1315 465 1315 465 1316 350 1316 436 1316 239 1317 197 1317 312 1317 275 1318 239 1318 312 1318 1069 1319 680 1319 979 1319 562 1320 506 1320 712 1320 809 1321 735 1321 1123 1321 809 1322 500 1322 735 1322 979 1323 873 1323 1242 1323 979 1324 592 1324 873 1324 1596 1325 1370 1325 1570 1325 1636 1326 1370 1326 1596 1326 1356 1327 891 1327 1314 1327 1314 1328 847 1328 1292 1328 531 1329 510 1329 891 1329 973 1330 531 1330 891 1330 2344 1331 2088 1331 2338 1331 1848 1332 1596 1332 1816 1332 2072 1333 2064 1333 2324 1333 3170 1334 2735 1334 3172 1334 1548 1335 1149 1335 1546 1335 2726 1336 2458 1336 2724 1336 2294 1337 1996 1337 2284 1337 2544 1338 2294 1338 2538 1338 1532 1339 1358 1339 1500 1339 1274 1340 1220 1340 1438 1340 1722 1341 1696 1341 1914 1341 1966 1342 1754 1342 1914 1342 1626 1343 1402 1343 1584 1343 1402 1344 1115 1344 1358 1344 1967 1345 1781 1345 1995 1345 2610 1346 2350 1346 2598 1346 3300 1347 3040 1347 3052 1347 2460 1348 2166 1348 2174 1348 2460 1349 2156 1349 2166 1349 2460 1350 2174 1350 2466 1350 2466 1351 2174 1351 2470 1351 4293 1352 3944 1352 4250 1352 3774 1353 3466 1353 3762 1353 3476 1354 3466 1354 3782 1354 3484 1355 3476 1355 3788 1355 2192 1356 1888 1356 1898 1356 2184 1357 1888 1357 2192 1357 2733 1358 2476 1358 2736 1358 2736 1359 2476 1359 2482 1359 3184 1360 2728 1360 3180 1360 3194 1361 2725 1361 3190 1361 2482 1362 2228 1362 2258 1362 2228 1363 1898 1363 2258 1363 2764 1364 2546 1364 2568 1364 2546 1365 2318 1365 2568 1365 2014 1366 1768 1366 2036 1366 2036 1367 1768 1367 2068 1367 2512 1368 2258 1368 2274 1368 1976 1369 1632 1369 1660 1369 1660 1370 1360 1370 1706 1370 1706 1371 1360 1371 1400 1371 3332 1372 3322 1372 3582 1372 3614 1373 3332 1373 3582 1373 4120 1374 3826 1374 4070 1374 5206 1375 5158 1375 5322 1375 3104 1376 3082 1376 3332 1376 3082 1377 3072 1377 3332 1377 2754 1378 2546 1378 2759 1378 2759 1379 2546 1379 2764 1379 3114 1380 2754 1380 3104 1380 3114 1381 3104 1381 3368 1381 3124 1382 2750 1382 2754 1382 3124 1383 2743 1383 2750 1383 3586 1384 3330 1384 3592 1384 2338 1385 2072 1385 2332 1385 3192 1386 2723 1386 3195 1386 2722 1387 3195 1387 2723 1387 3195 1388 2722 1388 3194 1388 3194 1389 3493 1389 3195 1389 3493 1390 3194 1390 3492 1390 3190 1391 2725 1391 3184 1391 3898 1392 3592 1392 3626 1392 3626 1393 3356 1393 3638 1393 3592 1394 3330 1394 3350 1394 3040 1395 2779 1395 3052 1395 3778 1396 3478 1396 3784 1396 3592 1397 3350 1397 3626 1397 2724 1398 2723 1398 3192 1398 2726 1399 2724 1399 3192 1399 2227 1400 1897 1400 2237 1400 665 1401 416 1401 689 1401 439 1402 284 1402 295 1402 719 1403 439 1403 734 1403 1541 1404 1140 1404 1543 1404 1139 1405 631 1405 1140 1405 631 1406 1139 1406 630 1406 1540 1407 1140 1407 1541 1407 1140 1408 1540 1408 1139 1408 1140 1409 631 1409 633 1409 1543 1410 1142 1410 1150 1410 1573 1411 1223 1411 1579 1411 1168 1412 665 1412 689 1412 1293 1413 848 1413 1315 1413 1168 1414 689 1414 697 1414 1659 1415 1315 1415 1357 1415 1427 1416 1088 1416 1451 1416 58 1417 28 1417 52 1417 22 1418 14 1418 52 1418 762 1419 725 1419 1257 1419 503 1420 470 1420 762 1420 902 1421 538 1421 838 1421 1707 1422 1661 1422 1977 1422 44 1423 37 1423 115 1423 115 1424 37 1424 109 1424 387 1425 631 1425 630 1425 631 1426 387 1426 388 1426 399 1427 234 1427 246 1427 773 1428 472 1428 520 1428 472 1429 356 1429 520 1429 1169 1430 698 1430 773 1430 1097 1431 698 1431 1169 1431 322 1432 286 1432 338 1432 322 1433 223 1433 286 1433 179 1434 141 1434 166 1434 179 1435 166 1435 223 1435 191 1436 80 1436 103 1436 27 1437 20 1437 41 1437 169 1438 57 1438 80 1438 169 1439 80 1439 191 1439 288 1440 169 1440 307 1440 307 1441 169 1441 191 1441 390 1442 339 1442 443 1442 372 1443 339 1443 390 1443 224 1444 180 1444 222 1444 224 1445 222 1445 280 1445 287 1446 224 1446 323 1446 323 1447 224 1447 280 1447 470 1448 308 1448 445 1448 272 1449 220 1449 347 1449 711 1450 597 1450 877 1450 433 1451 378 1451 538 1451 412 1452 323 1452 357 1452 323 1453 280 1453 357 1453 141 1454 116 1454 166 1454 141 1455 77 1455 116 1455 600 1456 538 1456 1000 1456 1781 1457 1533 1457 1585 1457 1967 1458 1755 1458 1781 1458 4367 1459 4202 1459 4248 1459 2856 1460 2849 1460 3005 1460 2631 1461 2383 1461 2647 1461 2089 1462 1855 1462 1885 1462 1885 1463 1697 1463 1915 1463 2351 1464 2097 1464 2109 1464 2339 1465 2089 1465 2345 1465 593 1466 429 1466 456 1466 742 1467 542 1467 608 1467 1723 1468 1439 1468 1501 1468 1849 1469 1637 1469 1855 1469 1070 1470 681 1470 742 1470 1122 1471 836 1471 926 1471 2321 1472 2065 1472 2325 1472 1797 1473 1571 1473 1817 1473 2575 1474 2325 1474 2583 1474 2583 1475 2333 1475 2339 1475 2265 1476 1975 1476 2273 1476 2896 1477 2539 1477 2893 1477 2321 1478 2059 1478 2065 1478 2563 1479 2301 1479 2321 1479 2191 1480 1879 1480 1887 1480 1887 1481 1579 1481 1587 1481 2539 1482 2285 1482 2295 1482 2265 1483 1927 1483 1953 1483 2927 1484 2459 1484 2925 1484 2925 1485 2463 1485 2465 1485 3763 1486 3467 1486 3775 1486 4083 1487 3763 1487 3775 1487 4354 1488 4019 1488 4400 1488 5142 1489 4774 1489 4838 1489 3125 1490 2908 1490 3139 1490 3753 1491 3423 1491 3459 1491 3369 1492 3125 1492 3377 1492 3175 1493 2915 1493 2918 1493 2887 1494 2547 1494 2892 1494 2537 1495 2527 1495 2897 1495 4670 1496 4251 1496 4294 1496 3355 1497 3105 1497 3369 1497 3637 1498 3355 1498 3369 1498 4019 1499 3715 1499 3753 1499 3715 1500 3393 1500 3753 1500 3659 1501 3369 1501 3377 1501 2882 1502 2579 1502 2887 1502 3073 1503 2882 1503 2887 1503 2579 1504 2569 1504 2887 1504 2579 1505 2319 1505 2569 1505 1010 1506 877 1506 1329 1506 4403 1507 4120 1507 4326 1507 1601 1508 1583 1508 1889 1508 1583 1509 1225 1509 1569 1509 2069 1510 1769 1510 2037 1510 1633 1511 1601 1511 1899 1511 1429 1512 1401 1512 1707 1512 2069 1513 2037 1513 2319 1513 3477 1514 3181 1514 3185 1514 3467 1515 3181 1515 3477 1515 5289 1516 5290 1516 5307 1516 5236 1517 5290 1517 5289 1517 5236 1518 5237 1518 5290 1518 5160 1519 5237 1519 5236 1519 5160 1520 5161 1520 5237 1520 4964 1521 5161 1521 5160 1521 4964 1522 4965 1522 5161 1522 4659 1523 4965 1523 4964 1523 4659 1524 4660 1524 4965 1524 4326 1525 4660 1525 4659 1525 4326 1526 4327 1526 4660 1526 4070 1527 4327 1527 4326 1527 4070 1528 4071 1528 4327 1528 3826 1529 4071 1529 4070 1529 3826 1530 3827 1530 4071 1530 3576 1531 3827 1531 3826 1531 3576 1532 3577 1532 3827 1532 3316 1533 3577 1533 3576 1533 3316 1534 3317 1534 3577 1534 3066 1535 3317 1535 3316 1535 3066 1536 3067 1536 3317 1536 2772 1537 3067 1537 3066 1537 2772 1538 2879 1538 3067 1538 2584 1539 2879 1539 2772 1539 2584 1540 2585 1540 2879 1540 2334 1541 2585 1541 2584 1541 2334 1542 2335 1542 2585 1542 2074 1543 2335 1543 2334 1543 2074 1544 2075 1544 2335 1544 1824 1545 2075 1545 2074 1545 1824 1546 1825 1546 2075 1546 1580 1547 1825 1547 1824 1547 1580 1548 1581 1548 1825 1548 1328 1549 1581 1549 1580 1549 1328 1550 1329 1550 1581 1550 1009 1551 1329 1551 1328 1551 1009 1552 1010 1552 1329 1552 710 1553 1010 1553 1009 1553 710 1554 711 1554 1010 1554 518 1555 711 1555 710 1555 518 1556 519 1556 711 1556 442 1557 519 1557 518 1557 442 1558 443 1558 519 1558 389 1559 443 1559 442 1559 389 1560 390 1560 443 1560 390 1561 389 1561 372 1561 4107 1562 3789 1562 3794 1562 4107 1563 3794 1563 4112 1563 5210 1564 4914 1564 4951 1564 4461 1565 4093 1565 4507 1565 4507 1566 4107 1566 4519 1566 4519 1567 4107 1567 4112 1567 5272 1568 5007 1568 5286 1568 5255 1569 4951 1569 4981 1569 4951 1570 4435 1570 4461 1570 4435 1571 4083 1571 4461 1571 4838 1572 4294 1572 4354 1572 5076 1573 4670 1573 5142 1573 4223 1574 3945 1574 4251 1574 3577 1575 3317 1575 3583 1575 5247 1576 4977 1576 5076 1576 5076 1577 4572 1577 4670 1577 2925 1578 2459 1578 2463 1578 3193 1579 3189 1579 3481 1579 2924 1580 2922 1580 3183 1580 2919 1581 2917 1581 3177 1581 4013 1582 3677 1582 3993 1582 3475 1583 3465 1583 3773 1583 5665 1584 5657 1584 5676 1584 5673 1585 5651 1585 5659 1585 5679 1586 5671 1586 5672 1586 5671 1587 5679 1587 5678 1587 5679 1588 5667 1588 5670 1588 5668 1589 5634 1589 5663 1589 5258 1590 5215 1590 5310 1590 5421 1591 5378 1591 5403 1591 2464 1592 2172 1592 2462 1592 1157 1593 664 1593 1149 1593 1234 1594 1222 1594 1586 1594 1578 1595 1572 1595 1878 1595 1856 1596 2157 1596 1857 1596 2157 1597 1856 1597 2156 1597 1926 1598 1896 1598 2236 1598 2172 1599 1864 1599 2170 1599 1254 1600 1234 1600 1586 1600 1952 1601 1620 1601 1926 1601 1752 1602 1426 1602 1734 1602 1506 1603 1123 1603 1450 1603 1598 1604 1254 1604 1586 1604 1292 1605 759 1605 1254 1605 305 1606 189 1606 294 1606 172 1607 91 1607 162 1607 151 1608 55 1608 139 1608 283 1609 151 1609 268 1609 391 1610 233 1610 386 1610 398 1611 233 1611 391 1611 113 1612 40 1612 46 1612 40 1613 12 1613 46 1613 9 1614 38 1614 37 1614 38 1615 9 1615 10 1615 38 1616 10 1616 12 1616 182 1617 136 1617 198 1617 265 1618 182 1618 198 1618 34 1619 26 1619 32 1619 34 1620 32 1620 50 1620 284 1621 163 1621 295 1621 439 1622 295 1622 450 1622 47 1623 16 1623 45 1623 2 1624 1 1624 11 1624 24 1625 5 1625 18 1625 25 1626 15 1626 23 1626 55 1627 47 1627 139 1627 29 1628 23 1628 24 1628 11 1629 8 1629 36 1629 39 1630 11 1630 36 1630 628 1631 393 1631 638 1631 628 1632 385 1632 393 1632 694 1633 424 1633 724 1633 250 1634 146 1634 266 1634 469 1635 307 1635 346 1635 761 1636 502 1636 837 1636 1936 1637 1632 1637 1976 1637 1898 1638 1632 1638 1936 1638 1856 1639 1538 1639 1544 1639 1538 1640 1137 1640 1147 1640 1200 1641 724 1641 1224 1641 1568 1642 1200 1642 1224 1642 1558 1643 1200 1643 1568 1643 1876 1644 1558 1644 1568 1644 5161 1645 5079 1645 5221 1645 5341 1646 5237 1646 5298 1646 5220 1647 5160 1647 5236 1647 5458 1648 5376 1648 5496 1648 5496 1649 5376 1649 5408 1649 4902 1650 4497 1650 4977 1650 4799 1651 4497 1651 4902 1651 5237 1652 5161 1652 5221 1652 5500 1653 5456 1653 5458 1653 5456 1654 5357 1654 5400 1654 5357 1655 5323 1655 5400 1655 4120 1656 4070 1656 4326 1656 4403 1657 4326 1657 4798 1657 5638 1658 5622 1658 5652 1658 5676 1659 5666 1659 5671 1659 5510 1660 5413 1660 5533 1660 5372 1661 5235 1661 5391 1661 5565 1662 5442 1662 5571 1662 5652 1663 5628 1663 5658 1663 5510 1664 5391 1664 5413 1664 5391 1665 5235 1665 5413 1665 5408 1666 5302 1666 5333 1666 5408 1667 5333 1667 5460 1667 5399 1668 5322 1668 5356 1668 5375 1669 5246 1669 5322 1669 5665 1670 5627 1670 5657 1670 5657 1671 5627 1671 5651 1671 5585 1672 5537 1672 5602 1672 5648 1673 5625 1673 5638 1673 5047 1674 4529 1674 5043 1674 5450 1675 5294 1675 5446 1675 5288 1676 5043 1676 5281 1676 4913 1677 4837 1677 5176 1677 5428 1678 5254 1678 5412 1678 5569 1679 5564 1679 5641 1679 5569 1680 5441 1680 5564 1680 5489 1681 5384 1681 5506 1681 5656 1682 5654 1682 5664 1682 5403 1683 5328 1683 5366 1683 5607 1684 5527 1684 5615 1684 4773 1685 4669 1685 5141 1685 5176 1686 5141 1686 5332 1686 4250 1687 4222 1687 4571 1687 4571 1688 4496 1688 4976 1688 5044 1689 4518 1689 5036 1689 5283 1690 5271 1690 5441 1690 4980 1691 4460 1691 4950 1691 4460 1692 4082 1692 4434 1692 5036 1693 5006 1693 5283 1693 4518 1694 4106 1694 4506 1694 4180 1695 4120 1695 4496 1695 4496 1696 4120 1696 4403 1696 5016 1697 4892 1697 5116 1697 5233 1698 5170 1698 5217 1698 4054 1699 3802 1699 3834 1699 5481 1700 5366 1700 5386 1700 4550 1701 4295 1701 4641 1701 3501 1702 3255 1702 3471 1702 5215 1703 5180 1703 5252 1703 5215 1704 5067 1704 5137 1704 3948 1705 3676 1705 3992 1705 4030 1706 3698 1706 3724 1706 5445 1707 5280 1707 5287 1707 5010 1708 4508 1708 4516 1708 4941 1709 4436 1709 4956 1709 5240 1710 4941 1710 4956 1710 4978 1711 4436 1711 4453 1711 4978 1712 4498 1712 4986 1712 4542 1713 4144 1713 4200 1713 3854 1714 3592 1714 3876 1714 4939 1715 4581 1715 4984 1715 3942 1716 3666 1716 3948 1716 4984 1717 4581 1717 5065 1717 4865 1718 4447 1718 4542 1718 5168 1719 4783 1719 4827 1719 4827 1720 4341 1720 4363 1720 5410 1721 5248 1721 5263 1721 5240 1722 4978 1722 5248 1722 5425 1723 5263 1723 5273 1723 5425 1724 5273 1724 5430 1724 5653 1725 5645 1725 5649 1725 5649 1726 5607 1726 5615 1726 5631 1727 5559 1727 5561 1727 5527 1728 5425 1728 5539 1728 5384 1729 5229 1729 5240 1729 5229 1730 4941 1730 5240 1730 5373 1731 5211 1731 5384 1731 5384 1732 5211 1732 5229 1732 5570 1733 5641 1733 5642 1733 5641 1734 5570 1734 5569 1734 5280 1735 5042 1735 5287 1735 5018 1736 4516 1736 5042 1736 5263 1737 5010 1737 5273 1737 5263 1738 4986 1738 5010 1738 2467 1739 2461 1739 2926 1739 2923 1740 2467 1740 2926 1740 2185 1741 1869 1741 2175 1741 2513 1742 2259 1742 2483 1742 1869 1743 1863 1743 2175 1743 2185 1744 2175 1744 2471 1744 2175 1745 1863 1745 2167 1745 2167 1746 1863 1746 2158 1746 2886 1747 2884 1747 3077 1747 2880 1748 2583 1748 2589 1748 3351 1749 3331 1749 3593 1749 3107 1750 3089 1750 3357 1750 2899 1751 2533 1751 2539 1751 2539 1752 2279 1752 2285 1752 3113 1753 3107 1753 3357 1753 3373 1754 3113 1754 3367 1754 2899 1755 2896 1755 3113 1755 3387 1756 3135 1756 3379 1756 2902 1757 2899 1757 3127 1757 2545 1758 2295 1758 2563 1758 4437 1759 4423 1759 4942 1759 4247 1760 4225 1760 4582 1760 2479 1761 2191 1761 2199 1761 3171 1762 2916 1762 3145 1762 3639 1763 3357 1763 3627 1763 4267 1764 4247 1764 4696 1764 5083 1765 4690 1765 4995 1765 4866 1766 4448 1766 4802 1766 4543 1767 4448 1767 4866 1767 4543 1768 4145 1768 4448 1768 5019 1769 4517 1769 5011 1769 4423 1770 4065 1770 4402 1770 3319 1771 3069 1771 3313 1771 3579 1772 3573 1772 3835 1772 3667 1773 3373 1773 3655 1773 3667 1774 3655 1774 3943 1774 3587 1775 3579 1775 3835 1775 3835 1776 3573 1776 3803 1776 3899 1777 3877 1777 4145 1777 3627 1778 3593 1778 3899 1778 4600 1779 4282 1779 4545 1779 4545 1780 4213 1780 4439 1780 4151 1781 3897 1781 4119 1781 5318 1782 5259 1782 5277 1782 4690 1783 4282 1783 4600 1783 4213 1784 3929 1784 4151 1784 5422 1785 5394 1785 5432 1785 5345 1786 5318 1786 5368 1786 5394 1787 5345 1787 5368 1787 5146 1788 5083 1788 5251 1788 5169 1789 4784 1789 5148 1789 5306 1790 5148 1790 5270 1790 3765 1791 3761 1791 4065 1791 4364 1792 4342 1792 4828 1792 5653 1793 5646 1793 5647 1793 5426 1794 5411 1794 5528 1794 5212 1795 4916 1795 5192 1795 5241 1796 5230 1796 5385 1796 5655 1797 5616 1797 5650 1797 5230 1798 4916 1798 5212 1798 5379 1799 5251 1799 5335 1799 5216 1800 5068 1800 5173 1800 5523 1801 5498 1801 5582 1801 5404 1802 5379 1802 5422 1802 5440 1803 5404 1803 5494 1803 5440 1804 5367 1804 5404 1804 5644 1805 5571 1805 5572 1805 5571 1806 5644 1806 5643 1806 5674 1807 5655 1807 5664 1807 5249 1808 5241 1808 5411 1808 5264 1809 5249 1809 5411 1809 5386 1810 5242 1810 5269 1810 5328 1811 5213 1811 5242 1811 3542 1812 3300 1812 3554 1812 3896 1813 3684 1813 3736 1813 3326 1814 3068 1814 3076 1814 3326 1815 3076 1815 3330 1815 3656 1816 3518 1816 3684 1816 1444 1817 1402 1817 1626 1817 4066 1818 3870 1818 4118 1818 4295 1819 4150 1819 4381 1819 2630 1820 2610 1820 2795 1820 2592 1821 2588 1821 2776 1821 3306 1822 3062 1822 3312 1822 3554 1823 3300 1823 3306 1823 3563 1824 3555 1824 3767 1824 4439 1825 4213 1825 4382 1825 3797 1826 3563 1826 3767 1826 3543 1827 3519 1827 3737 1827 2021 1828 1781 1828 1811 1828 5114 1829 4937 1829 5016 1829 2178 1830 2150 1830 2396 1830 4202 1831 4020 1831 4248 1831 3021 1832 2856 1832 3005 1832 3021 1833 3005 1833 3269 1833 2872 1834 2866 1834 3041 1834 2872 1835 2611 1835 2866 1835 2875 1836 2872 1836 3053 1836 2880 1837 2877 1837 3063 1837 462 1838 421 1838 446 1838 608 1839 464 1839 507 1839 456 1840 345 1840 376 1840 345 1841 335 1841 376 1841 313 1842 276 1842 351 1842 351 1843 276 1843 384 1843 265 1844 198 1844 293 1844 610 1845 410 1845 437 1845 511 1846 353 1846 374 1846 190 1847 134 1847 211 1847 1405 1848 974 1848 1020 1848 848 1849 511 1849 892 1849 1709 1850 1405 1850 1427 1850 511 1851 374 1851 532 1851 462 1852 446 1852 509 1852 509 1853 446 1853 491 1853 97 1854 82 1854 133 1854 133 1855 82 1855 101 1855 659 1856 565 1856 738 1856 783 1857 659 1857 738 1857 843 1858 737 1858 881 1858 832 1859 747 1859 851 1859 1005 1860 843 1860 881 1860 1626 1861 1584 1861 1780 1861 4551 1862 4445 1862 4794 1862 402 1863 361 1863 420 1863 420 1864 361 1864 368 1864 782 1865 562 1865 712 1865 564 1866 491 1866 508 1866 498 1867 375 1867 455 1867 541 1868 498 1868 680 1868 257 1869 196 1869 217 1869 257 1870 217 1870 275 1870 455 1871 344 1871 428 1871 375 1872 344 1872 455 1872 196 1873 185 1873 217 1873 196 1874 171 1874 185 1874 352 1875 235 1875 330 1875 264 1876 235 1876 352 1876 564 1877 562 1877 658 1877 925 1878 607 1878 835 1878 741 1879 541 1879 680 1879 741 1880 680 1880 1069 1880 873 1881 809 1881 1212 1881 873 1882 592 1882 809 1882 1069 1883 979 1883 1370 1883 1438 1884 1408 1884 1636 1884 1620 1885 1254 1885 1598 1885 1356 1886 1314 1886 1658 1886 973 1887 891 1887 1356 1887 436 1888 409 1888 609 1888 572 1889 409 1889 531 1889 572 1890 531 1890 973 1890 2150 1891 1994 1891 2132 1891 2096 1892 1884 1892 2088 1892 1570 1893 1526 1893 1796 1893 1526 1894 1506 1894 1796 1894 2072 1895 1816 1895 2064 1895 1816 1896 1796 1896 2064 1896 1638 1897 1620 1897 1952 1897 1658 1898 1314 1898 1638 1898 1896 1899 1586 1899 1890 1899 1598 1900 1586 1900 1896 1900 1896 1901 1890 1901 2198 1901 1886 1902 1878 1902 2190 1902 2284 1903 2278 1903 2538 1903 1708 1904 1702 1904 1984 1904 1408 1905 1121 1905 1370 1905 1121 1906 741 1906 1069 1906 2132 1907 2108 1907 2382 1907 4699 1908 4553 1908 4831 1908 1214 1909 1115 1909 1402 1909 1402 1910 1358 1910 1532 1910 2151 1911 1995 1911 2021 1911 2018 1912 1780 1912 1994 1912 2362 1913 2350 1913 2610 1913 2382 1914 2108 1914 2362 1914 2808 1915 2802 1915 3004 1915 2630 1916 2382 1916 2610 1916 2725 1917 2466 1917 2728 1917 2728 1918 2466 1918 2470 1918 4106 1919 3782 1919 4092 1919 3782 1920 3466 1920 3774 1920 3422 1921 3168 1921 3392 1921 3422 1922 3392 1922 3752 1922 4250 1923 3944 1923 4222 1923 3354 1924 3332 1924 3636 1924 1876 1925 1568 1925 1888 1925 2184 1926 1876 1926 1888 1926 3174 1927 2733 1927 2736 1927 3168 1928 2736 1928 2743 1928 3190 1929 3184 1929 3476 1929 3484 1930 3190 1930 3476 1930 2750 1931 2526 1931 2754 1931 2743 1932 2526 1932 2750 1932 2546 1933 2296 1933 2318 1933 2546 1934 2282 1934 2296 1934 2568 1935 2318 1935 2578 1935 2764 1936 2568 1936 2578 1936 2274 1937 1976 1937 1992 1937 2274 1938 1992 1938 2282 1938 5290 1939 5237 1939 5341 1939 2879 1940 2579 1940 2882 1940 3882 1941 3582 1941 3851 1941 3851 1942 3826 1942 4120 1942 2264 1943 1926 1943 2236 1943 3134 1944 2740 1944 3144 1944 4401 1945 4030 1945 4052 1945 4341 1946 4012 1946 4030 1946 4110 1947 3792 1947 4106 1947 3676 1948 3378 1948 3386 1948 4297 1949 3992 1949 4341 1949 3586 1950 3326 1950 3330 1950 3578 1951 3326 1951 3586 1951 3626 1952 3350 1952 3356 1952 3330 1953 3076 1953 3080 1953 2771 1954 2767 1954 3076 1954 2776 1955 2774 1955 3062 1955 2024 1956 2012 1956 2294 1956 2064 1957 2058 1957 2320 1957 2474 1958 2190 1958 2472 1958 2516 1959 2236 1959 2506 1959 2172 1960 2170 1960 2462 1960 2458 1961 2455 1961 2723 1961 1168 1962 697 1962 1207 1962 689 1963 416 1963 697 1963 511 1964 331 1964 353 1964 468 1965 331 1965 488 1965 697 1966 439 1966 719 1966 431 1967 269 1967 439 1967 631 1968 388 1968 633 1968 1140 1969 633 1969 1142 1969 1257 1970 725 1970 1225 1970 1545 1971 1148 1971 1540 1971 2199 1972 1891 1972 1897 1972 2479 1973 2227 1973 2481 1973 1223 1974 697 1974 719 1974 2199 1975 1897 1975 2227 1975 1703 1976 1405 1976 1709 1976 1897 1977 1599 1977 1621 1977 2916 1978 2481 1978 2507 1978 2917 1979 2475 1979 2479 1979 2173 1980 1867 1980 1873 1980 1867 1981 1565 1981 1873 1981 52 1982 44 1982 115 1982 52 1983 14 1983 44 1983 6 1984 3 1984 22 1984 22 1985 3 1985 14 1985 838 1986 503 1986 762 1986 838 1987 762 1987 1303 1987 725 1988 695 1988 1201 1988 1160 1989 669 1989 1148 1989 470 1990 445 1990 725 1990 538 1991 503 1991 838 1991 251 1992 238 1992 408 1992 308 1993 289 1993 445 1993 81 1994 42 1994 58 1994 665 1995 406 1995 416 1995 665 1996 399 1996 406 1996 279 1997 221 1997 223 1997 356 1998 221 1998 279 1998 103 1999 41 1999 61 1999 61 2000 54 2000 77 2000 1581 2001 1329 2001 1531 2001 339 2002 323 2002 382 2002 382 2003 323 2003 459 2003 170 2004 58 2004 147 2004 184 2005 150 2005 220 2005 251 2006 128 2006 238 2006 220 2007 150 2007 192 2007 774 2008 473 2008 699 2008 600 2009 433 2009 538 2009 1000 2010 538 2010 902 2010 1098 2011 1000 2011 1401 2011 304 2012 272 2012 433 2012 433 2013 272 2013 378 2013 877 2014 774 2014 1170 2014 412 2015 357 2015 521 2015 1253 2016 877 2016 1170 2016 473 2017 433 2017 699 2017 1170 2018 1098 2018 1429 2018 597 2019 521 2019 877 2019 1723 2020 1501 2020 1755 2020 1755 2021 1533 2021 1781 2021 3468 2022 3236 2022 3254 2022 2383 2023 2133 2023 2397 2023 1109 2024 1005 2024 1284 2024 2397 2025 2151 2025 2181 2025 2611 2026 2383 2026 2631 2026 4119 2027 4067 2027 4249 2027 3628 2028 3500 2028 3656 2028 2589 2029 2345 2029 2593 2029 2875 2030 2593 2030 2599 2030 2089 2031 1885 2031 2097 2031 2589 2032 2339 2032 2345 2032 2089 2033 1849 2033 1855 2033 1797 2034 1507 2034 1527 2034 1439 2035 1221 2035 1275 2035 1915 2036 1755 2036 1967 2036 1122 2037 742 2037 836 2037 742 2038 608 2038 836 2038 1527 2039 1213 2039 1243 2039 534 2040 429 2040 593 2040 499 2041 427 2041 464 2041 542 2042 464 2042 608 2042 691 2043 501 2043 736 2043 1501 2044 1359 2044 1533 2044 1797 2045 1527 2045 1571 2045 1507 2046 1213 2046 1527 2046 980 2047 681 2047 1070 2047 1122 2048 926 2048 1221 2048 1409 2049 1122 2049 1439 2049 1637 2050 1371 2050 1409 2050 2301 2051 2059 2051 2321 2051 2301 2052 2025 2052 2059 2052 2880 2053 2589 2053 2877 2053 3313 2054 3063 2054 3307 2054 2919 2055 2475 2055 2917 2055 3465 2056 3179 2056 3461 2056 2475 2057 2191 2057 2479 2057 3145 2058 2911 2058 3135 2058 3183 2059 2920 2059 3179 2059 2919 2060 2473 2060 2475 2060 2539 2061 2295 2061 2545 2061 2906 2062 2517 2062 2902 2062 2929 2063 2457 2063 2459 2063 2457 2064 2159 2064 2459 2064 3763 2065 3459 2065 3467 2065 3753 2066 3459 2066 3763 2066 4051 2067 3753 2067 3763 2067 4051 2068 3763 2068 4069 2068 3369 2069 3115 2069 3125 2069 3139 2070 2908 2070 3169 2070 2547 2071 2537 2071 2897 2071 2527 2072 2513 2072 2908 2072 2569 2073 2547 2073 2887 2073 2569 2074 2319 2074 2547 2074 3615 2075 3333 2075 3637 2075 3915 2076 3637 2076 3945 2076 3852 2077 3577 2077 3583 2077 3583 2078 3323 2078 3333 2078 4019 2079 3675 2079 3715 2079 3945 2080 3675 2080 3991 2080 4965 2081 4799 2081 5079 2081 1800 2082 1769 2082 2069 2082 1800 2083 1531 2083 1769 2083 3582 2084 3576 2084 3851 2084 3582 2085 3316 2085 3576 2085 1769 2086 1737 2086 2015 2086 1361 2087 1303 2087 1633 2087 1661 2088 1633 2088 1977 2088 1899 2089 1601 2089 1889 2089 3477 2090 3185 2090 3191 2090 3181 2091 2921 2091 2923 2091 4071 2092 3827 2092 4121 2092 4121 2093 3827 2093 3852 2093 4951 2094 4461 2094 4981 2094 5255 2095 4981 2095 5007 2095 5007 2096 4507 2096 4519 2096 5286 2097 5007 2097 5037 2097 4400 2098 4051 2098 4435 2098 4435 2099 4051 2099 4069 2099 4670 2100 4294 2100 4774 2100 4774 2101 4294 2101 4838 2101 5247 2102 5076 2102 5142 2102 5302 2103 5142 2103 5333 2103 5333 2104 5142 2104 5177 2104 5142 2105 4838 2105 5177 2105 2924 2106 2465 2106 2469 2106 2925 2107 2465 2107 2924 2107 2927 2108 2925 2108 3193 2108 2929 2109 2927 2109 3193 2109 2920 2110 2919 2110 3179 2110 3179 2111 2919 2111 3177 2111 3189 2112 2925 2112 3187 2112 2925 2113 2924 2113 3187 2113 4113 2114 4109 2114 4529 2114 4103 2115 3785 2115 4087 2115 5669 2116 5665 2116 5676 2116 5669 2117 5641 2117 5665 2117 5660 2118 5631 2118 5662 2118 5670 2119 5678 2119 5679 2119 5678 2120 5670 2120 5669 2120 5678 2121 5669 2121 5676 2121 5676 2122 5671 2122 5678 2122 5674 2123 5654 2123 5660 2123 5654 2124 5631 2124 5660 2124 5562 2125 5560 2125 5632 2125 5662 2126 5631 2126 5633 2126 1864 2127 1860 2127 2170 2127 1167 2128 1157 2128 1564 2128 1564 2129 1157 2129 1548 2129 1149 2130 632 2130 1141 2130 1546 2131 1149 2131 1542 2131 1860 2132 1542 2132 1857 2132 1578 2133 1222 2133 1572 2133 1206 2134 1167 2134 1572 2134 1856 2135 1544 2135 1862 2135 1862 2136 1544 2136 1868 2136 1866 2137 1864 2137 2172 2137 3178 2138 2731 2138 3182 2138 1866 2139 1546 2139 1864 2139 2170 2140 2160 2140 2458 2140 1254 2141 759 2141 1234 2141 759 2142 733 2142 1234 2142 812 2143 487 2143 759 2143 812 2144 759 2144 1292 2144 162 2145 71 2145 151 2145 162 2146 151 2146 283 2146 63 2147 55 2147 151 2147 71 2148 63 2148 151 2148 253 2149 119 2149 248 2149 139 2150 119 2150 253 2150 37 2151 110 2151 109 2151 110 2152 37 2152 38 2152 19 2153 4 2153 5 2153 64 2154 30 2154 72 2154 190 2155 92 2155 102 2155 399 2156 246 2156 249 2156 113 2157 46 2157 118 2157 198 2158 165 2158 186 2158 198 2159 186 2159 240 2159 211 2160 157 2160 236 2160 190 2161 102 2161 134 2161 163 2162 92 2162 173 2162 295 2163 190 2163 306 2163 439 2164 269 2164 284 2164 416 2165 269 2165 431 2165 407 2166 237 2166 250 2166 237 2167 127 2167 250 2167 424 2168 250 2168 266 2168 424 2169 266 2169 444 2169 724 2170 469 2170 761 2170 724 2171 444 2171 469 2171 1600 2172 1224 2172 1256 2172 1898 2173 1600 2173 1632 2173 1200 2174 694 2174 724 2174 1200 2175 668 2175 694 2175 1544 2176 1159 2176 1558 2176 1868 2177 1544 2177 1558 2177 5079 2178 4799 2178 5159 2178 2585 2179 2335 2179 2579 2179 5362 2180 5307 2180 5341 2180 5362 2181 5341 2181 5409 2181 5499 2182 5455 2182 5513 2182 5538 2183 5496 2183 5586 2183 5618 2184 5576 2184 5638 2184 5586 2185 5530 2185 5618 2185 4497 2186 4223 2186 4572 2186 4977 2187 4497 2187 4572 2187 5408 2188 5247 2188 5302 2188 5298 2189 5221 2189 5357 2189 5618 2190 5530 2190 5576 2190 5496 2191 5460 2191 5530 2191 5673 2192 5658 2192 5676 2192 5636 2193 5565 2193 5643 2193 5622 2194 5510 2194 5533 2194 5413 2195 5235 2195 5255 2195 5413 2196 5255 2196 5429 2196 5429 2197 5255 2197 5272 2197 5533 2198 5413 2198 5429 2198 5533 2199 5429 2199 5552 2199 5322 2200 5158 2200 5267 2200 5246 2201 5206 2201 5322 2201 5399 2202 5356 2202 5455 2202 5206 2203 4901 2203 5158 2203 5428 2204 5412 2204 5532 2204 5659 2205 5637 2205 5648 2205 5532 2206 5509 2206 5621 2206 5459 2207 5407 2207 5495 2207 5617 2208 5529 2208 5585 2208 5529 2209 5495 2209 5585 2209 5043 2210 4517 2210 5019 2210 5567 2211 5562 2211 5634 2211 5532 2212 5412 2212 5509 2212 5441 2213 5428 2213 5551 2213 5209 2214 4913 2214 5176 2214 5509 2215 5371 2215 5487 2215 5635 2216 5627 2216 5665 2216 5641 2217 5635 2217 5665 2217 5661 2218 5632 2218 5655 2218 5632 2219 5624 2219 5655 2219 5531 2220 5514 2220 5543 2220 5596 2221 5577 2221 5619 2221 5483 2222 5421 2222 5461 2222 5394 2223 5380 2223 5421 2223 5305 2224 5168 2224 5326 2224 5522 2225 5443 2225 5468 2225 5075 2226 4571 2226 4976 2226 5075 2227 4976 2227 5246 2227 4518 2228 4506 2228 5006 2228 5044 2229 5036 2229 5283 2229 4976 2230 4496 2230 4901 2230 4798 2231 4659 2231 4964 2231 5078 2232 4798 2232 4964 2232 4571 2233 4222 2233 4496 2233 4222 2234 4180 2234 4496 2234 3236 2235 2988 2235 3004 2235 4938 2236 4832 2236 4928 2236 4933 2237 4544 2237 4599 2237 5008 2238 4927 2238 4937 2238 5318 2239 5258 2239 5310 2239 4296 2240 4119 2240 4249 2240 5065 2241 4581 2241 4649 2241 5082 2242 4865 2242 5145 2242 5334 2243 5223 2243 5250 2243 5303 2244 5223 2244 5334 2244 5042 2245 4516 2245 4524 2245 5042 2246 4524 2246 4527 2246 3792 2247 4111 2247 3793 2247 4111 2248 3792 2248 4110 2248 4108 2249 3793 2249 4111 2249 4413 2250 4080 2250 4124 2250 3834 2251 3586 2251 3854 2251 4212 2252 3928 2252 3954 2252 4295 2253 4118 2253 4150 2253 3676 2254 3386 2254 3698 2254 4695 2255 4246 2255 4266 2255 4649 2256 4246 2256 4695 2256 5065 2257 4649 2257 4695 2257 5269 2258 5065 2258 5106 2258 5065 2259 4695 2259 5106 2259 5178 2260 4865 2260 4939 2260 4865 2261 4542 2261 4939 2261 5191 2262 4862 2262 4915 2262 5191 2263 4915 2263 5211 2263 5443 2264 5348 2264 5468 2264 5168 2265 4827 2265 5191 2265 5577 2266 5489 2266 5587 2266 5522 2267 5414 2267 5443 2267 5229 2268 4915 2268 4941 2268 4941 2269 4422 2269 4436 2269 5410 2270 5240 2270 5248 2270 5395 2271 5240 2271 5410 2271 5384 2272 5240 2272 5395 2272 5516 2273 5384 2273 5395 2273 5667 2274 5633 2274 5639 2274 5633 2275 5561 2275 5566 2275 5433 2276 5280 2276 5445 2276 5430 2277 5280 2277 5433 2277 2259 2278 1899 2278 2229 2278 2259 2279 2229 2279 2483 2279 2193 2280 1889 2280 2185 2280 2193 2281 2185 2281 2477 2281 2483 2282 2477 2282 2915 2282 3169 2283 2908 2283 2915 2283 1877 2284 1869 2284 2185 2284 1889 2285 1877 2285 2185 2285 3357 2286 3089 2286 3351 2286 3351 2287 3089 2287 3331 2287 2893 2288 2890 2288 3089 2288 2893 2289 2563 2289 2890 2289 2899 2290 2539 2290 2896 2290 3119 2291 3113 2291 3373 2291 3367 2292 3357 2292 3655 2292 3373 2293 3367 2293 3655 2293 2916 2294 2507 2294 2911 2294 2507 2295 2237 2295 2517 2295 2902 2296 2517 2296 2525 2296 2902 2297 2525 2297 2899 2297 3145 2298 3135 2298 3415 2298 2916 2299 2911 2299 3145 2299 3171 2300 3145 2300 3425 2300 3173 2301 3171 2301 3425 2301 4342 2302 3993 2302 4298 2302 4696 2303 4247 2303 4650 2303 4696 2304 4650 2304 5066 2304 3993 2305 3949 2305 4298 2305 4213 2306 4151 2306 4382 2306 3917 2307 3899 2307 4225 2307 4940 2308 4866 2308 5179 2308 5083 2309 4995 2309 5224 2309 5179 2310 5146 2310 5251 2310 5243 2311 5214 2311 5329 2311 3767 2312 3555 2312 3737 2312 3069 2313 3063 2313 3313 2313 3053 2314 3041 2314 3301 2314 3301 2315 3289 2315 3543 2315 3639 2316 3627 2316 3899 2316 3917 2317 3639 2317 3899 2317 4013 2318 3993 2318 4342 2318 3949 2319 3943 2319 4247 2319 3725 2320 3387 2320 3699 2320 3993 2321 3677 2321 3949 2321 3331 2322 3077 2322 3327 2322 3077 2323 3069 2323 3327 2323 4582 2324 4201 2324 4543 2324 3877 2325 3855 2325 4145 2325 3593 2326 3331 2326 3587 2326 3593 2327 3587 2327 3855 2327 3767 2328 3737 2328 3955 2328 3955 2329 3737 2329 3929 2329 4744 2330 4439 2330 4642 2330 4248 2331 4020 2331 4066 2331 3897 2332 3871 2332 4119 2332 4690 2333 4600 2333 4995 2333 5251 2334 5083 2334 5224 2334 4545 2335 4439 2335 4744 2335 4243 2336 4213 2336 4545 2336 5173 2337 5171 2337 5218 2337 5368 2338 5318 2338 5344 2338 5252 2339 5180 2339 5303 2339 5216 2340 5173 2340 5259 2340 5483 2341 5422 2341 5432 2341 5381 2342 5345 2342 5394 2342 4995 2343 4600 2343 4934 2343 4995 2344 4934 2344 5138 2344 4828 2345 4784 2345 5169 2345 5192 2346 4828 2346 5169 2346 5385 2347 5374 2347 5490 2347 4942 2348 4916 2348 5230 2348 5374 2349 5212 2349 5349 2349 5374 2350 5349 2350 5490 2350 5230 2351 5212 2351 5385 2351 5385 2352 5212 2352 5374 2352 5560 2353 5426 2353 5540 2353 5567 2354 5446 2354 5562 2354 5253 2355 5216 2355 5311 2355 5251 2356 5224 2356 5335 2356 5482 2357 5367 2357 5440 2357 5494 2358 5404 2358 5462 2358 5531 2359 5494 2359 5508 2359 5394 2360 5344 2360 5380 2360 5592 2361 5581 2361 5611 2361 5578 2362 5490 2362 5546 2362 5415 2363 5270 2363 5387 2363 5367 2364 5243 2364 5329 2364 5546 2365 5523 2365 5582 2365 5546 2366 5469 2366 5523 2366 5387 2367 5367 2367 5482 2367 5169 2368 5148 2368 5306 2368 5179 2369 4866 2369 5146 2369 5329 2370 5296 2370 5404 2370 5281 2371 5274 2371 5431 2371 5281 2372 5011 2372 5274 2372 5540 2373 5426 2373 5528 2373 5634 2374 5632 2374 5663 2374 5242 2375 5065 2375 5269 2375 4581 2376 4246 2376 4649 2376 3736 2377 3518 2377 3542 2377 3684 2378 3518 2378 3736 2378 2178 2379 2018 2379 2150 2379 1808 2380 1780 2380 2018 2380 4248 2381 4118 2381 4295 2381 4118 2382 3870 2382 3896 2382 4831 2383 4553 2383 4663 2383 2849 2384 2841 2384 3005 2384 1854 2385 1636 2385 1848 2385 2096 2386 2088 2386 2344 2386 2779 2387 2776 2387 3052 2387 3300 2388 3052 2388 3306 2388 2779 2389 2598 2389 2776 2389 2382 2390 2362 2390 2610 2390 2598 2391 2592 2391 2776 2391 2592 2392 2344 2392 2588 2392 3855 2393 3835 2393 4081 2393 4081 2394 3835 2394 4055 2394 3563 2395 3307 2395 3555 2395 3797 2396 3767 2396 4015 2396 3519 2397 3501 2397 3657 2397 3269 2398 3255 2398 3519 2398 2856 2399 2647 2399 2849 2399 965 2400 843 2400 1109 2400 369 2401 361 2401 421 2401 421 2402 361 2402 402 2402 410 2403 293 2403 437 2403 410 2404 265 2404 293 2404 760 2405 450 2405 468 2405 468 2406 306 2406 331 2406 1315 2407 848 2407 892 2407 1639 2408 1315 2408 1659 2408 1527 2409 1243 2409 1571 2409 1451 2410 1124 2410 1507 2410 532 2411 374 2411 410 2411 610 2412 437 2412 691 2412 564 2413 508 2413 562 2413 508 2414 506 2414 562 2414 737 2415 564 2415 658 2415 881 2416 782 2416 1027 2416 498 2417 455 2417 680 2417 680 2418 455 2418 592 2418 835 2419 607 2419 741 2419 1027 2420 925 2420 1220 2420 409 2421 373 2421 531 2421 531 2422 373 2422 510 2422 690 2423 609 2423 1087 2423 690 2424 436 2424 609 2424 1884 2425 1854 2425 2088 2425 1854 2426 1848 2426 2088 2426 1774 2427 1506 2427 1752 2427 1774 2428 1752 2428 2058 2428 2064 2429 1796 2429 2058 2429 2058 2430 2024 2430 2300 2430 1658 2431 1638 2431 1974 2431 1974 2432 1638 2432 1952 2432 1638 2433 1314 2433 1620 2433 1314 2434 1292 2434 1620 2434 1926 2435 1620 2435 1896 2435 2198 2436 1886 2436 2190 2436 1586 2437 1222 2437 1578 2437 1890 2438 1586 2438 1886 2438 1586 2439 1578 2439 1886 2439 1886 2440 1578 2440 1878 2440 1426 2441 1404 2441 1708 2441 1708 2442 1404 2442 1702 2442 1754 2443 1500 2443 1722 2443 1532 2444 1500 2444 1754 2444 1121 2445 1069 2445 1370 2445 1408 2446 1370 2446 1636 2446 1966 2447 1914 2447 2132 2447 2132 2448 1914 2448 2108 2448 3838 2449 3628 2449 3870 2449 2396 2450 2382 2450 2646 2450 2410 2451 2396 2451 2646 2451 3180 2452 2730 2452 3174 2452 2728 2453 2470 2453 2730 2453 4399 2454 4018 2454 4353 2454 4460 2455 4434 2455 4950 2455 3458 2456 3422 2456 3752 2456 3466 2457 3458 2457 3762 2457 3714 2458 3376 2458 3674 2458 4050 2459 3752 2459 4018 2459 4669 2460 4250 2460 4571 2460 4018 2461 3990 2461 4293 2461 4434 2462 4399 2462 4950 2462 4092 2463 3774 2463 4082 2463 1888 2464 1582 2464 1600 2464 1888 2465 1600 2465 1898 2465 3392 2466 3138 2466 3376 2466 3168 2467 2743 2467 3138 2467 3790 2468 3480 2468 3490 2468 3176 2469 2732 2469 3178 2469 2771 2470 2574 2470 2767 2470 2524 2471 2516 2471 2749 2471 3474 2472 3182 2472 3478 2472 4401 2473 4052 2473 4064 2473 4266 2474 3948 2474 4297 2474 3992 2475 3676 2475 4012 2475 3942 2476 3638 2476 3654 2476 3638 2477 3356 2477 3654 2477 3754 2478 3414 2478 3424 2478 3378 2479 3134 2479 3386 2479 3330 2480 3088 2480 3350 2480 3330 2481 3080 2481 3088 2481 2776 2482 2588 2482 2774 2482 2767 2483 2574 2483 2765 2483 2332 2484 2324 2484 2582 2484 2324 2485 2064 2485 2320 2485 2024 2486 1752 2486 2012 2486 1752 2487 1734 2487 2012 2487 1974 2488 1952 2488 2264 2488 2272 2489 1974 2489 2264 2489 2761 2490 2562 2490 2758 2490 2272 2491 2264 2491 2516 2491 2454 2492 2723 2492 2455 2492 2723 2493 2454 2493 2722 2493 2464 2494 2462 2494 2726 2494 2176 2495 2172 2495 2468 2495 234 2496 118 2496 246 2496 633 2497 399 2497 657 2497 1160 2498 1148 2498 1545 2498 639 2499 630 2499 1148 2499 1865 2500 1543 2500 1547 2500 1867 2501 1549 2501 1565 2501 1879 2502 1565 2502 1573 2502 1158 2503 665 2503 1168 2503 1293 2504 760 2504 813 2504 1223 2505 734 2505 1235 2505 1579 2506 1223 2506 1587 2506 1587 2507 1223 2507 1235 2507 2285 2508 1997 2508 2295 2508 2279 2509 1997 2509 2285 2509 2187 2510 1879 2510 2191 2510 1887 2511 1587 2511 1891 2511 2177 2512 1873 2512 1879 2512 2469 2513 2177 2513 2187 2513 238 2514 109 2514 231 2514 1559 2515 1160 2515 1545 2515 669 2516 639 2516 1148 2516 238 2517 231 2517 396 2517 1201 2518 1160 2518 1559 2518 1201 2519 669 2519 1160 2519 503 2520 347 2520 470 2520 347 2521 192 2521 308 2521 289 2522 170 2522 267 2522 669 2523 396 2523 639 2523 1150 2524 665 2524 1158 2524 1150 2525 657 2525 665 2525 303 2526 183 2526 221 2526 271 2527 183 2527 303 2527 103 2528 61 2528 149 2528 191 2529 103 2529 149 2529 57 2530 41 2530 80 2530 57 2531 27 2531 41 2531 150 2532 62 2532 104 2532 62 2533 42 2533 104 2533 170 2534 147 2534 267 2534 220 2535 192 2535 347 2535 147 2536 58 2536 128 2536 58 2537 52 2537 128 2537 1098 2538 600 2538 1000 2538 1429 2539 1098 2539 1401 2539 1533 2540 1359 2540 1403 2540 1533 2541 1403 2541 1585 2541 4020 2542 3870 2542 4066 2542 1284 2543 1214 2543 1402 2543 2133 2544 1995 2544 2151 2544 2611 2545 2363 2545 2383 2545 2647 2546 2383 2546 2397 2546 2383 2547 2109 2547 2133 2547 2856 2548 2631 2548 2647 2548 2856 2549 2611 2549 2631 2549 2599 2550 2351 2550 2611 2550 2599 2551 2345 2551 2351 2551 2583 2552 2325 2552 2333 2552 2325 2553 2073 2553 2333 2553 2073 2554 1817 2554 2079 2554 2079 2555 1849 2555 2089 2555 2097 2556 1915 2556 2109 2556 2397 2557 2133 2557 2151 2557 1915 2558 1723 2558 1755 2558 1915 2559 1697 2559 1723 2559 466 2560 351 2560 501 2560 501 2561 351 2561 384 2561 810 2562 534 2562 593 2562 1213 2563 810 2563 874 2563 980 2564 593 2564 681 2564 593 2565 456 2565 681 2565 2059 2566 1797 2566 2065 2566 2059 2567 1775 2567 1797 2567 1439 2568 1122 2568 1221 2568 1221 2569 1028 2569 1275 2569 1849 2570 1597 2570 1637 2570 1371 2571 1122 2571 1409 2571 2920 2572 2469 2572 2473 2572 2920 2573 2473 2573 2919 2573 2473 2574 2191 2574 2475 2574 2473 2575 2187 2575 2191 2575 2911 2576 2507 2576 2517 2576 2911 2577 2517 2577 2906 2577 2459 2578 2161 2578 2171 2578 2459 2579 2159 2579 2161 2579 3423 2580 3175 2580 3459 2580 3459 2581 3175 2581 3467 2581 2915 2582 2477 2582 2918 2582 2918 2583 2477 2583 2921 2583 3423 2584 3169 2584 3175 2584 3393 2585 3169 2585 3423 2585 3125 2586 2901 2586 2908 2586 2901 2587 2527 2587 2908 2587 2897 2588 2527 2588 2901 2588 3125 2589 2897 2589 2901 2589 2297 2590 2283 2590 2547 2590 2527 2591 2275 2591 2513 2591 2547 2592 2283 2592 2537 2592 2319 2593 2297 2593 2547 2593 4572 2594 4223 2594 4251 2594 4497 2595 4181 2595 4223 2595 4121 2596 3883 2596 4181 2596 4121 2597 3852 2597 3883 2597 3637 2598 3333 2598 3355 2598 3333 2599 3105 2599 3355 2599 3583 2600 3333 2600 3615 2600 3317 2601 3073 2601 3323 2601 3659 2602 3377 2602 3675 2602 3945 2603 3659 2603 3675 2603 3675 2604 3377 2604 3715 2604 3715 2605 3377 2605 3393 2605 4294 2606 3991 2606 4019 2606 4294 2607 3945 2607 3991 2607 1401 2608 1361 2608 1707 2608 1303 2609 1257 2609 1633 2609 2037 2610 2015 2610 2319 2610 1661 2611 1361 2611 1633 2611 1401 2612 1000 2612 1361 2612 1707 2613 1361 2613 1661 2613 3181 2614 2923 2614 3185 2614 3185 2615 2923 2615 2926 2615 5007 2616 4519 2616 5037 2616 5037 2617 4519 2617 5046 2617 5323 2618 5247 2618 5376 2618 5357 2619 5268 2619 5323 2619 2463 2620 2173 2620 2465 2620 2463 2621 2171 2621 2173 2621 3187 2622 2924 2622 3183 2622 3187 2623 3183 2623 3479 2623 3794 2624 3495 2624 3795 2624 3495 2625 3794 2625 3494 2625 3495 2626 3491 2626 3791 2626 3791 2627 3787 2627 4109 2627 3791 2628 3481 2628 3787 2628 5046 2629 4529 2629 5047 2629 4529 2630 5046 2630 4528 2630 4528 2631 4113 2631 4529 2631 4113 2632 4528 2632 4112 2632 5657 2633 5651 2633 5673 2633 5676 2634 5657 2634 5673 2634 5672 2635 5668 2635 5679 2635 5675 2636 5661 2636 5674 2636 5677 2637 5668 2637 5675 2637 5675 2638 5660 2638 5662 2638 5674 2639 5660 2639 5675 2639 1141 2640 1138 2640 1542 2640 1542 2641 1138 2641 1539 2641 1546 2642 1542 2642 1864 2642 1864 2643 1542 2643 1860 2643 1548 2644 1546 2644 1866 2644 1564 2645 1548 2645 1866 2645 1222 2646 696 2646 1206 2646 1206 2647 696 2647 1167 2647 2170 2648 1860 2648 2160 2648 2160 2649 1860 2649 2157 2649 2190 2650 2186 2650 2472 2650 2190 2651 1878 2651 2186 2651 172 2652 162 2652 294 2652 189 2653 172 2653 294 2653 63 2654 24 2654 55 2654 55 2655 24 2655 47 2655 151 2656 139 2656 253 2656 139 2657 47 2657 119 2657 119 2658 117 2658 245 2658 248 2659 119 2659 245 2659 140 2660 48 2660 56 2660 118 2661 48 2661 120 2661 72 2662 30 2662 34 2662 72 2663 34 2663 50 2663 110 2664 38 2664 113 2664 113 2665 38 2665 40 2665 56 2666 25 2666 64 2666 269 2667 152 2667 284 2667 249 2668 120 2668 254 2668 633 2669 392 2669 399 2669 211 2670 134 2670 157 2670 236 2671 157 2671 265 2671 102 2672 83 2672 134 2672 134 2673 83 2673 98 2673 295 2674 173 2674 190 2674 295 2675 163 2675 173 2675 697 2676 431 2676 439 2676 697 2677 416 2677 431 2677 1224 2678 724 2678 1256 2678 1600 2679 1256 2679 1632 2679 2166 2680 1862 2680 2174 2680 2156 2681 1862 2681 2166 2681 5472 2682 5456 2682 5513 2682 5513 2683 5456 2683 5500 2683 5457 2684 5455 2684 5499 2684 5537 2685 5499 2685 5513 2685 5267 2686 5158 2686 5220 2686 5356 2687 5220 2687 5297 2687 5333 2688 5210 2688 5372 2688 5372 2689 5210 2689 5235 2689 5221 2690 5159 2690 5268 2690 5357 2691 5221 2691 5268 2691 5268 2692 5159 2692 5323 2692 5376 2693 5247 2693 5408 2693 5393 2694 5341 2694 5357 2694 5341 2695 5298 2695 5357 2695 5599 2696 5488 2696 5510 2696 5599 2697 5510 2697 5622 2697 5673 2698 5652 2698 5658 2698 5659 2699 5652 2699 5673 2699 5652 2700 5622 2700 5628 2700 5622 2701 5552 2701 5628 2701 5666 2702 5636 2702 5643 2702 5666 2703 5643 2703 5671 2703 4901 2704 4798 2704 5158 2704 5158 2705 4798 2705 5078 2705 5297 2706 5220 2706 5236 2706 5297 2707 5236 2707 5340 2707 5617 2708 5585 2708 5602 2708 5648 2709 5638 2709 5659 2709 5637 2710 5575 2710 5617 2710 5621 2711 5598 2711 5637 2711 5637 2712 5617 2712 5625 2712 5585 2713 5495 2713 5537 2713 5254 2714 5234 2714 5412 2714 5332 2715 5301 2715 5407 2715 5254 2716 4950 2716 5234 2716 5234 2717 5209 2717 5371 2717 5611 2718 5582 2718 5592 2718 5656 2719 5649 2719 5654 2719 5581 2720 5545 2720 5596 2720 5497 2721 5414 2721 5522 2721 5403 2722 5366 2722 5439 2722 5295 2723 5178 2723 5328 2723 5481 2724 5414 2724 5497 2724 5543 2725 5481 2725 5497 2725 5493 2726 5439 2726 5481 2726 5508 2727 5483 2727 5493 2727 5386 2728 5269 2728 5414 2728 5414 2729 5269 2729 5305 2729 5414 2730 5326 2730 5443 2730 5414 2731 5305 2731 5326 2731 4669 2732 4571 2732 5075 2732 5141 2733 4669 2733 5075 2733 5006 2734 4460 2734 4980 2734 5006 2735 4980 2735 5254 2735 4793 2736 4444 2736 4550 2736 4663 2737 4444 2737 4793 2737 5171 2738 5115 2738 5188 2738 5008 2739 4937 2739 5114 2739 5116 2740 4962 2740 5172 2740 4641 2741 4295 2741 4381 2741 5233 2742 5217 2742 5258 2742 5277 2743 5233 2743 5258 2743 5368 2744 5344 2744 5394 2744 4994 2745 4599 2745 4689 2745 5172 2746 4962 2746 5067 2746 5344 2747 5303 2747 5334 2747 4110 2748 4527 2748 4111 2748 4527 2749 4110 2749 4526 2749 4508 2750 4086 2750 4102 2750 4498 2751 4086 2751 4508 2751 4689 2752 4281 2752 4349 2752 3834 2753 3572 2753 3578 2753 4124 2754 3854 2754 4144 2754 3854 2755 3586 2755 3592 2755 3898 2756 3626 2756 3638 2756 3916 2757 3638 2757 3942 2757 4381 2758 4212 2758 4438 2758 3928 2759 3736 2759 3954 2759 4246 2760 3948 2760 4266 2760 4246 2761 3942 2761 3948 2761 4695 2762 4266 2762 4297 2762 4695 2763 4297 2763 4783 2763 5242 2764 4984 2764 5065 2764 5213 2765 4984 2765 5242 2765 5250 2766 5082 2766 5145 2766 4801 2767 4447 2767 4865 2767 4212 2768 3954 2768 4014 2768 4281 2769 4080 2769 4349 2769 4413 2770 4124 2770 4447 2770 4542 2771 4200 2771 4581 2771 5147 2772 4783 2772 5168 2772 5305 2773 5147 2773 5168 2773 5629 2774 5607 2774 5645 2774 5645 2775 5607 2775 5649 2775 5468 2776 5348 2776 5489 2776 5545 2777 5468 2777 5489 2777 5631 2778 5561 2778 5633 2778 5561 2779 5445 2779 5566 2779 5631 2780 5539 2780 5559 2780 5559 2781 5425 2781 5430 2781 5566 2782 5445 2782 5570 2782 5642 2783 5566 2783 5570 2783 2229 2784 1899 2784 2193 2784 1899 2785 1889 2785 2193 2785 2517 2786 2273 2786 2525 2786 2525 2787 2273 2787 2279 2787 3119 2788 2899 2788 3113 2788 3127 2789 2899 2789 3119 2789 5107 2790 5066 2790 5270 2790 4784 2791 4696 2791 5148 2791 4985 2792 4940 2792 5179 2792 5066 2793 4582 2793 4985 2793 5146 2794 4866 2794 5083 2794 4866 2795 4802 2795 5083 2795 5404 2796 5296 2796 5379 2796 5214 2797 5179 2797 5329 2797 4985 2798 4582 2798 4940 2798 4582 2799 4543 2799 4940 2799 3063 2800 2875 2800 3059 2800 3059 2801 2875 2801 3053 2801 3313 2802 3307 2802 3563 2802 3289 2803 3269 2803 3543 2803 3063 2804 3059 2804 3307 2804 3059 2805 3053 2805 3307 2805 3655 2806 3639 2806 3943 2806 3943 2807 3639 2807 3917 2807 4298 2808 4267 2808 4696 2808 4784 2809 4298 2809 4696 2809 3699 2810 3387 2810 3677 2810 3379 2811 3373 2811 3677 2811 3587 2812 3327 2812 3579 2812 3327 2813 3069 2813 3319 2813 4081 2814 4055 2814 4282 2814 4448 2815 4414 2815 4802 2815 4247 2816 3943 2816 4225 2816 3943 2817 3917 2817 4225 2817 3899 2818 3593 2818 3877 2818 3877 2819 3593 2819 3855 2819 4382 2820 4296 2820 4642 2820 4445 2821 4249 2821 4370 2821 4928 2822 4702 2822 4822 2822 4119 2823 3871 2823 4067 2823 4067 2824 3871 2824 4023 2824 4448 2825 4125 2825 4414 2825 4055 2826 4015 2826 4282 2826 4600 2827 4545 2827 4934 2827 4934 2828 4840 2828 5068 2828 4243 2829 4015 2829 4213 2829 4642 2830 4296 2830 4551 2830 5277 2831 5258 2831 5318 2831 5259 2832 5173 2832 5218 2832 5318 2833 5310 2833 5344 2833 5380 2834 5334 2834 5421 2834 5173 2835 5117 2835 5171 2835 4893 2836 4794 2836 4938 2836 4364 2837 4031 2837 4342 2837 4863 2838 4828 2838 5192 2838 5192 2839 5169 2839 5349 2839 5349 2840 5169 2840 5327 2840 5411 2841 5396 2841 5528 2841 5396 2842 5241 2842 5385 2842 5616 2843 5528 2843 5608 2843 5528 2844 5396 2844 5517 2844 5446 2845 5434 2845 5562 2845 5624 2846 5616 2846 5655 2846 5335 2847 5304 2847 5345 2847 5462 2848 5422 2848 5483 2848 5335 2849 5224 2849 5304 2849 5224 2850 4995 2850 5181 2850 5582 2851 5568 2851 5592 2851 5592 2852 5568 2852 5581 2852 5531 2853 5493 2853 5514 2853 5493 2854 5403 2854 5439 2854 5630 2855 5626 2855 5647 2855 5597 2856 5546 2856 5582 2856 5578 2857 5546 2857 5597 2857 5444 2858 5327 2858 5415 2858 5367 2859 5329 2859 5404 2859 5329 2860 5179 2860 5296 2860 5498 2861 5482 2861 5544 2861 5515 2862 5494 2862 5531 2862 5444 2863 5415 2863 5523 2863 5523 2864 5415 2864 5498 2864 5306 2865 5270 2865 5415 2865 5327 2866 5306 2866 5415 2866 5415 2867 5387 2867 5482 2867 5270 2868 5066 2868 5243 2868 5270 2869 5243 2869 5387 2869 5387 2870 5243 2870 5367 2870 5294 2871 5288 2871 5446 2871 5294 2872 5043 2872 5288 2872 5426 2873 5264 2873 5411 2873 5274 2874 5011 2874 5264 2874 3656 2875 3500 2875 3518 2875 3255 2876 3239 2876 3471 2876 4296 2877 4249 2877 4551 2877 3236 2878 3004 2878 3254 2878 3254 2879 3004 2879 3268 2879 1444 2880 1284 2880 1402 2880 4248 2881 4066 2881 4118 2881 2849 2882 2647 2882 2841 2882 3005 2883 2841 2883 2991 2883 2088 2884 2078 2884 2338 2884 2088 2885 1848 2885 2078 2885 3578 2886 3312 2886 3318 2886 3306 2887 3058 2887 3062 2887 3542 2888 3288 2888 3300 2888 3542 2889 3268 2889 3288 2889 3020 2890 2795 2890 3040 2890 2795 2891 2785 2891 3040 2891 2610 2892 2598 2892 2779 2892 2785 2893 2610 2893 2779 2893 4145 2894 4125 2894 4448 2894 4145 2895 3855 2895 4125 2895 3519 2896 3255 2896 3501 2896 4755 2897 4841 2897 4822 2897 4841 2898 4755 2898 4819 2898 4822 2899 4719 2899 4755 2899 4702 2900 4719 2900 4822 2900 4702 2901 4621 2901 4719 2901 4556 2902 4621 2902 4702 2902 4556 2903 4486 2903 4621 2903 4370 2904 4486 2904 4556 2904 4370 2905 4314 2905 4486 2905 4205 2906 4314 2906 4370 2906 4205 2907 4164 2907 4314 2907 4023 2908 4164 2908 4205 2908 4023 2909 3974 2909 4164 2909 3841 2910 3974 2910 4023 2910 3841 2911 3816 2911 3974 2911 3631 2912 3816 2912 3841 2912 3631 2913 3606 2913 3816 2913 3471 2914 3606 2914 3631 2914 3471 2915 3444 2915 3606 2915 3239 2916 3444 2916 3471 2916 3239 2917 3220 2917 3444 2917 2991 2918 3220 2918 3239 2918 2991 2919 2976 2919 3220 2919 2841 2920 2976 2920 2991 2920 2841 2921 2831 2921 2976 2921 2841 2922 2680 2922 2831 2922 2661 2923 2680 2923 2841 2923 2661 2924 2436 2924 2680 2924 2413 2925 2436 2925 2661 2925 2413 2926 2218 2926 2436 2926 2181 2927 2218 2927 2413 2927 2181 2928 2050 2928 2218 2928 2021 2929 2050 2929 2181 2929 2021 2930 1840 2930 2050 2930 1811 2931 1840 2931 2021 2931 1811 2932 1682 2932 1840 2932 1629 2933 1682 2933 1811 2933 1629 2934 1492 2934 1682 2934 1447 2935 1492 2935 1629 2935 1447 2936 1346 2936 1492 2936 1287 2937 1346 2937 1447 2937 1287 2938 1183 2938 1346 2938 1112 2939 1183 2939 1287 2939 1112 2940 1053 2940 1183 2940 968 2941 1053 2941 1112 2941 968 2942 955 2942 1053 2942 854 2943 955 2943 968 2943 955 2944 854 2944 911 2944 4709 2945 4819 2945 4755 2945 4709 2946 4699 2946 4819 2946 4611 2947 4699 2947 4709 2947 4611 2948 4553 2948 4699 2948 4476 2949 4553 2949 4611 2949 4476 2950 4367 2950 4553 2950 4304 2951 4367 2951 4476 2951 4304 2952 4202 2952 4367 2952 4154 2953 4202 2953 4304 2953 4154 2954 4020 2954 4202 2954 3964 2955 4020 2955 4154 2955 3964 2956 3838 2956 4020 2956 3806 2957 3838 2957 3964 2957 3806 2958 3628 2958 3838 2958 3596 2959 3628 2959 3806 2959 3596 2960 3468 2960 3628 2960 3428 2961 3468 2961 3596 2961 3428 2962 3236 2962 3468 2962 3210 2963 3236 2963 3428 2963 3210 2964 2988 2964 3236 2964 2966 2965 2988 2965 3210 2965 2815 2966 2988 2966 2966 2966 2815 2967 2808 2967 2988 2967 2670 2968 2808 2968 2815 2968 2670 2969 2658 2969 2808 2969 2426 2970 2658 2970 2670 2970 2426 2971 2410 2971 2658 2971 2202 2972 2410 2972 2426 2972 2202 2973 2178 2973 2410 2973 2040 2974 2178 2974 2202 2974 2040 2975 2018 2975 2178 2975 1830 2976 2018 2976 2040 2976 1830 2977 1808 2977 2018 2977 1672 2978 1808 2978 1830 2978 1672 2979 1626 2979 1808 2979 1482 2980 1626 2980 1672 2980 1482 2981 1444 2981 1626 2981 1336 2982 1444 2982 1482 2982 1336 2983 1284 2983 1444 2983 1173 2984 1284 2984 1336 2984 1173 2985 1109 2985 1284 2985 1043 2986 1109 2986 1173 2986 1043 2987 965 2987 1109 2987 945 2988 965 2988 1043 2988 851 2989 945 2989 911 2989 832 2990 911 2990 854 2990 945 2991 851 2991 965 2991 911 2992 832 2992 851 2992 848 2993 488 2993 511 2993 813 2994 488 2994 848 2994 1124 2995 810 2995 1213 2995 1507 2996 1124 2996 1213 2996 1775 2997 1507 2997 1797 2997 1753 2998 1451 2998 1507 2998 437 2999 313 2999 351 2999 437 3000 351 3000 466 3000 573 3001 410 3001 610 3001 1020 3002 610 3002 1088 3002 974 3003 532 3003 573 3003 892 3004 511 3004 532 3004 4928 3005 4841 3005 4949 3005 712 3006 607 3006 925 3006 1027 3007 712 3007 925 3007 1214 3008 881 3008 1115 3008 1115 3009 881 3009 1027 3009 747 3010 737 3010 843 3010 747 3011 666 3011 737 3011 835 3012 741 3012 1121 3012 925 3013 835 3013 1121 3013 1796 3014 1774 3014 2058 3014 1796 3015 1506 3015 1774 3015 2524 3016 2272 3016 2516 3016 1984 3017 1702 3017 1974 3017 2480 3018 2478 3018 2735 3018 1890 3019 1886 3019 2198 3019 2808 3020 2646 3020 2802 3020 2658 3021 2646 3021 2808 3021 4506 3022 4092 3022 4460 3022 4106 3023 4092 3023 4506 3023 3174 3024 2730 3024 2733 3024 3174 3025 2736 3025 3168 3025 4293 3026 4250 3026 4669 3026 3658 3027 3368 3027 3636 3027 3944 3028 3636 3028 3914 3028 3944 3029 3914 3029 4222 3029 3762 3030 3752 3030 4050 3030 3714 3031 3674 3031 4018 3031 3990 3032 3944 3032 4293 3032 4837 3033 4293 3033 4773 3033 4516 3034 4104 3034 4108 3034 2729 3035 2468 3035 2727 3035 2468 3036 2464 3036 2727 3036 3492 3037 3793 3037 3493 3037 3793 3038 3492 3038 3792 3038 2474 3039 2472 3039 2732 3039 2472 3040 2186 3040 2468 3040 2755 3041 2752 3041 3112 3041 3372 3042 3118 3042 3126 3042 4341 3043 4030 3043 4363 3043 4363 3044 4030 3044 4401 3044 4915 3045 4422 3045 4941 3045 4915 3046 4401 3046 4422 3046 4012 3047 3698 3047 4030 3047 3942 3048 3654 3048 3666 3048 3654 3049 3372 3049 3666 3049 3366 3050 3112 3050 3372 3050 2758 3051 2755 3051 3112 3051 3948 3052 3666 3052 3676 3052 4012 3053 3676 3053 3698 3053 4030 3054 3724 3054 3754 3054 3356 3055 3088 3055 3106 3055 3088 3056 2758 3056 3106 3056 2574 3057 2320 3057 2570 3057 2332 3058 2072 3058 2324 3058 2324 3059 2320 3059 2574 3059 2320 3060 2058 3060 2300 3060 3080 3061 2765 3061 3088 3061 3076 3062 2765 3062 3080 3062 2012 3063 1708 3063 1996 3063 1996 3064 1708 3064 1984 3064 2745 3065 2740 3065 3134 3065 2236 3066 1896 3066 2226 3066 3126 3067 2749 3067 3134 3067 3112 3068 2752 3068 3118 3068 2468 3069 2172 3069 2464 3069 2732 3070 2472 3070 2731 3070 2462 3071 2170 3071 2458 3071 2462 3072 2458 3072 2726 3072 633 3073 388 3073 392 3073 392 3074 234 3074 399 3074 2159 3075 1861 3075 2161 3075 2159 3076 1859 3076 1861 3076 1207 3077 697 3077 1223 3077 1573 3078 1207 3078 1223 3078 1565 3079 1158 3079 1168 3079 1565 3080 1168 3080 1573 3080 1621 3081 1293 3081 1315 3081 1235 3082 734 3082 760 3082 734 3083 450 3083 760 3083 1235 3084 760 3084 1255 3084 1873 3085 1565 3085 1879 3085 1891 3086 1587 3086 1897 3086 1255 3087 760 3087 1293 3087 1587 3088 1235 3088 1255 3088 1975 3089 1639 3089 1659 3089 2013 3090 1735 3090 1753 3090 2265 3091 1953 3091 1975 3091 1621 3092 1255 3092 1293 3092 1405 3093 1020 3093 1088 3093 1315 3094 892 3094 1357 3094 1735 3095 1427 3095 1753 3095 1753 3096 1427 3096 1451 3096 2479 3097 2199 3097 2227 3097 2481 3098 2227 3098 2507 3098 1148 3099 630 3099 1139 3099 1148 3100 1139 3100 1540 3100 1225 3101 1201 3101 1569 3101 1225 3102 725 3102 1201 3102 147 3103 128 3103 251 3103 396 3104 231 3104 387 3104 695 3105 669 3105 1201 3105 445 3106 425 3106 725 3106 1549 3107 1158 3107 1565 3107 1549 3108 1150 3108 1158 3108 150 3109 104 3109 192 3109 104 3110 81 3110 192 3110 425 3111 251 3111 408 3111 347 3112 308 3112 470 3112 1471 3113 1170 3113 1429 3113 1531 3114 1170 3114 1471 3114 2351 3115 2109 3115 2363 3115 2611 3116 2351 3116 2363 3116 1817 3117 1597 3117 1849 3117 1637 3118 1409 3118 1439 3118 2109 3119 1915 3119 2133 3119 2133 3120 1915 3120 1967 3120 810 3121 501 3121 534 3121 501 3122 429 3122 534 3122 810 3123 593 3123 874 3123 874 3124 593 3124 980 3124 681 3125 499 3125 542 3125 681 3126 456 3126 499 3126 1243 3127 980 3127 1307 3127 1307 3128 980 3128 1371 3128 1755 3129 1501 3129 1533 3129 1697 3130 1439 3130 1723 3130 1885 3131 1637 3131 1697 3131 1855 3132 1637 3132 1885 3132 2922 3133 2920 3133 3183 3133 2922 3134 2469 3134 2920 3134 3105 3135 2897 3135 3115 3135 3115 3136 2897 3136 3125 3136 2892 3137 2547 3137 2897 3137 3105 3138 2892 3138 2897 3138 4181 3139 3915 3139 4223 3139 4223 3140 3915 3140 3945 3140 3883 3141 3615 3141 3637 3141 3583 3142 3317 3142 3323 3142 2037 3143 1769 3143 2015 3143 1769 3144 1471 3144 1737 3144 1977 3145 1633 3145 1937 3145 1977 3146 1937 3146 2275 3146 2015 3147 1707 3147 1993 3147 2283 3148 1993 3148 2275 3148 902 3149 838 3149 1361 3149 1361 3150 838 3150 1303 3150 5207 3151 4977 3151 5247 3151 5323 3152 5207 3152 5247 3152 2173 3153 1873 3153 2177 3153 2469 3154 2173 3154 2177 3154 3479 3155 3183 3155 3475 3155 3761 3156 3755 3156 4065 3156 4529 3157 4525 3157 5043 3157 3461 3158 3453 3158 3765 3158 3773 3159 3765 3159 4073 3159 3761 3160 3453 3160 3755 3160 3699 3161 3677 3161 4013 3161 4942 3162 4423 3162 4916 3162 4957 3163 4437 3163 4942 3163 5019 3164 5011 3164 5281 3164 5043 3165 5019 3165 5281 3165 5675 3166 5667 3166 5677 3166 5677 3167 5667 3167 5679 3167 5540 3168 5528 3168 5624 3168 5661 3169 5655 3169 5674 3169 2186 3170 2176 3170 2468 3170 2186 3171 1878 3171 2176 3171 163 3172 72 3172 92 3172 72 3173 50 3173 92 3173 234 3174 113 3174 118 3174 234 3175 110 3175 113 3175 140 3176 56 3176 152 3176 254 3177 152 3177 269 3177 118 3178 46 3178 48 3178 46 3179 17 3179 48 3179 246 3180 120 3180 249 3180 246 3181 118 3181 120 3181 331 3182 211 3182 236 3182 331 3183 190 3183 211 3183 1256 3184 724 3184 761 3184 1256 3185 761 3185 1302 3185 5563 3186 5538 3186 5602 3186 5602 3187 5537 3187 5563 3187 5513 3188 5455 3188 5472 3188 5455 3189 5409 3189 5472 3189 5356 3190 5340 3190 5392 3190 5392 3191 5340 3191 5409 3191 5457 3192 5399 3192 5455 3192 5457 3193 5322 3193 5399 3193 5576 3194 5488 3194 5599 3194 5638 3195 5576 3195 5599 3195 5666 3196 5628 3196 5636 3196 5628 3197 5565 3197 5636 3197 5267 3198 5220 3198 5356 3198 5322 3199 5267 3199 5356 3199 5617 3200 5602 3200 5625 3200 5586 3201 5496 3201 5530 3201 5459 3202 5332 3202 5407 3202 5371 3203 5332 3203 5487 3203 5412 3204 5390 3204 5509 3204 5301 3205 5246 3205 5407 3205 5209 3206 5176 3206 5332 3206 5371 3207 5209 3207 5332 3207 5655 3208 5650 3208 5656 3208 5664 3209 5654 3209 5674 3209 5545 3210 5489 3210 5577 3210 5596 3211 5545 3211 5577 3211 5378 3212 5250 3212 5295 3212 5378 3213 5295 3213 5403 3213 5328 3214 5242 3214 5366 3214 5366 3215 5242 3215 5386 3215 5421 3216 5403 3216 5461 3216 5494 3217 5483 3217 5508 3217 5439 3218 5366 3218 5481 3218 5493 3219 5481 3219 5514 3219 5348 3220 5168 3220 5191 3220 5348 3221 5191 3221 5211 3221 4831 3222 4663 3222 4793 3222 4663 3223 4367 3223 4444 3223 4367 3224 4248 3224 4444 3224 4444 3225 4248 3225 4550 3225 5188 3226 5115 3226 5136 3226 4949 3227 4927 3227 5060 3227 5223 3228 4994 3228 5082 3228 5188 3229 5170 3229 5233 3229 4793 3230 4641 3230 4892 3230 4793 3231 4550 3231 4641 3231 4544 3232 4242 3232 4281 3232 4544 3233 4281 3233 4599 3233 5138 3234 5068 3234 5216 3234 5259 3235 5233 3235 5277 3235 5233 3236 5171 3236 5188 3236 5170 3237 5114 3237 5116 3237 5303 3238 5180 3238 5223 3238 5344 3239 5334 3239 5380 3239 5180 3240 4994 3240 5223 3240 5223 3241 5082 3241 5250 3241 5215 3242 5137 3242 5180 3242 5172 3243 5067 3243 5215 3243 4086 3244 3784 3244 4102 3244 4527 3245 4108 3245 4111 3245 4086 3246 3778 3246 3784 3246 4498 3247 4078 3247 4086 3247 4080 3248 3834 3248 3854 3248 4080 3249 3854 3249 4124 3249 3562 3250 3312 3250 3572 3250 3572 3251 3312 3251 3578 3251 3898 3252 3638 3252 3916 3252 4224 3253 3898 3253 3916 3253 4381 3254 4150 3254 4212 3254 4118 3255 3896 3255 4150 3255 4281 3256 4014 3256 4054 3256 3766 3257 3562 3257 3796 3257 4939 3258 4542 3258 4581 3258 4447 3259 4144 3259 4542 3259 5082 3260 4801 3260 4865 3260 5082 3261 4689 3261 4801 3261 5145 3262 4865 3262 5178 3262 5250 3263 5145 3263 5178 3263 5106 3264 4695 3264 5147 3264 5147 3265 4695 3265 4783 3265 5647 3266 5645 3266 5653 3266 5630 3267 5578 3267 5620 3267 5489 3268 5373 3268 5384 3268 5506 3269 5384 3269 5516 3269 5633 3270 5566 3270 5639 3270 5639 3271 5566 3271 5642 3271 5623 3272 5539 3272 5631 3272 5623 3273 5527 3273 5539 3273 2899 3274 2525 3274 2533 3274 2525 3275 2279 3275 2533 3275 5148 3276 4696 3276 5107 3276 5107 3277 4696 3277 5066 3277 5296 3278 5179 3278 5251 3278 5296 3279 5251 3279 5379 3279 3555 3280 3301 3280 3543 3280 3555 3281 3543 3281 3737 3281 3301 3282 3041 3282 3289 3282 3289 3283 3041 3283 3269 3283 4298 3284 3949 3284 4267 3284 4267 3285 3949 3285 4247 3285 3677 3286 3667 3286 3949 3286 3677 3287 3373 3287 3667 3287 3135 3288 3127 3288 3379 3288 3379 3289 3127 3289 3373 3289 3319 3290 3313 3290 3579 3290 3579 3291 3313 3291 3573 3291 4201 3292 3899 3292 4145 3292 4201 3293 4145 3293 4543 3293 4963 3294 4642 3294 4893 3294 5173 3295 4963 3295 5117 3295 4551 3296 4249 3296 4445 3296 4282 3297 4243 3297 4545 3297 4282 3298 4015 3298 4243 3298 4350 3299 4282 3299 4690 3299 4414 3300 4350 3300 4690 3300 4934 3301 4545 3301 4840 3301 4840 3302 4545 3302 4744 3302 4402 3303 4364 3303 4916 3303 4828 3304 4342 3304 4784 3304 5624 3305 5528 3305 5616 3305 5396 3306 5385 3306 5517 3306 5517 3307 5507 3307 5588 3307 5517 3308 5385 3308 5507 3308 5562 3309 5434 3309 5560 3309 5434 3310 5431 3310 5560 3310 5644 3311 5640 3311 5668 3311 5572 3312 5567 3312 5644 3312 5224 3313 5181 3313 5304 3313 5304 3314 5181 3314 5253 3314 5544 3315 5531 3315 5568 3315 5568 3316 5531 3316 5543 3316 5611 3317 5581 3317 5596 3317 5647 3318 5629 3318 5645 3318 5508 3319 5493 3319 5531 3319 5514 3320 5481 3320 5543 3320 5494 3321 5462 3321 5483 3321 5462 3322 5404 3322 5422 3322 5582 3323 5544 3323 5568 3323 5582 3324 5498 3324 5544 3324 5490 3325 5349 3325 5469 3325 5469 3326 5444 3326 5523 3326 5274 3327 5264 3327 5426 3327 5431 3328 5274 3328 5426 3328 1109 3329 843 3329 1005 3329 3501 3330 3471 3330 3631 3330 2350 3331 2096 3331 2344 3331 2108 3332 2096 3332 2350 3332 2078 3333 1816 3333 2072 3333 2078 3334 2072 3334 2338 3334 3562 3335 3306 3335 3312 3335 3554 3336 3306 3336 3562 3336 3312 3337 3062 3337 3068 3337 3578 3338 3318 3338 3326 3338 3288 3339 3040 3339 3300 3339 3268 3340 3040 3340 3288 3340 2774 3341 2771 3341 3062 3341 3312 3342 3068 3342 3318 3342 4125 3343 4081 3343 4414 3343 4125 3344 3855 3344 4081 3344 4832 3345 4556 3345 4702 3345 1124 3346 736 3346 810 3346 1088 3347 736 3347 1124 3347 974 3348 573 3348 610 3348 532 3349 410 3349 573 3349 4928 3350 4822 3350 4841 3350 1438 3351 1121 3351 1408 3351 1220 3352 1121 3352 1438 3352 2646 3353 2630 3353 2795 3353 2646 3354 2382 3354 2630 3354 2802 3355 2646 3355 2795 3355 2802 3356 2795 3356 3004 3356 4082 3357 4068 3357 4434 3357 4082 3358 3762 3358 4068 3358 3458 3359 3174 3359 3422 3359 3466 3360 3174 3360 3458 3360 3138 3361 3124 3361 3376 3361 3376 3362 3124 3362 3368 3362 3762 3363 3458 3363 3752 3363 3674 3364 3376 3364 3658 3364 3168 3365 3138 3365 3392 3365 3752 3366 3714 3366 4018 3366 4950 3367 4399 3367 4913 3367 4399 3368 4353 3368 4913 3368 4837 3369 4773 3369 5141 3369 4353 3370 4018 3370 4293 3370 4913 3371 4353 3371 4837 3371 4353 3372 4293 3372 4837 3372 3490 3373 3192 3373 3493 3373 3186 3374 2726 3374 3188 3374 2727 3375 2726 3375 3186 3375 2727 3376 2464 3376 2726 3376 3764 3377 3460 3377 3772 3377 4086 3378 3772 3378 3778 3378 2198 3379 2190 3379 2478 3379 3452 3380 3172 3380 3460 3380 3460 3381 3176 3381 3178 3381 3172 3382 2734 3382 3176 3382 3772 3383 3474 3383 3778 3383 2732 3384 2731 3384 3178 3384 2478 3385 2190 3385 2474 3385 2735 3386 2734 3386 3172 3386 4422 3387 4064 3387 4436 3387 4401 3388 4064 3388 4422 3388 3654 3389 3366 3389 3372 3389 3654 3390 3356 3390 3366 3390 2740 3391 2735 3391 3144 3391 3386 3392 3134 3392 3414 3392 3372 3393 3126 3393 3378 3393 3378 3394 3126 3394 3134 3394 3372 3395 3112 3395 3118 3395 2532 3396 2278 3396 2524 3396 3698 3397 3386 3397 3724 3397 3724 3398 3414 3398 3754 3398 3666 3399 3372 3399 3676 3399 3676 3400 3372 3400 3378 3400 3106 3401 2758 3401 3112 3401 3356 3402 3106 3402 3112 3402 2544 3403 2538 3403 2758 3403 2774 3404 2588 3404 2771 3404 2344 3405 2338 3405 2588 3405 2588 3406 2582 3406 2771 3406 2570 3407 2320 3407 2562 3407 2300 3408 2024 3408 2294 3408 2582 3409 2574 3409 2771 3409 2582 3410 2324 3410 2574 3410 2745 3411 2516 3411 2740 3411 2264 3412 2236 3412 2516 3412 2236 3413 2226 3413 2506 3413 2226 3414 1896 3414 2198 3414 2480 3415 2226 3415 2478 3415 2226 3416 2198 3416 2478 3416 2320 3417 2300 3417 2562 3417 2300 3418 2294 3418 2562 3418 2284 3419 1996 3419 2278 3419 1996 3420 1984 3420 2278 3420 2749 3421 2516 3421 2745 3421 2749 3422 2745 3422 3134 3422 1865 3423 1547 3423 1867 3423 1867 3424 1547 3424 1549 3424 1858 3425 1541 3425 1859 3425 1541 3426 1858 3426 1540 3426 760 3427 468 3427 488 3427 760 3428 488 3428 813 3428 1621 3429 1315 3429 1639 3429 2237 3430 1897 3430 1927 3430 2191 3431 1887 3431 2199 3431 2177 3432 1879 3432 2187 3432 1587 3433 1255 3433 1599 3433 1897 3434 1587 3434 1599 3434 1997 3435 1709 3435 2013 3435 1753 3436 1507 3436 1775 3436 1975 3437 1703 3437 1985 3437 2279 3438 1975 3438 1985 3438 1927 3439 1621 3439 1953 3439 1897 3440 1621 3440 1927 3440 892 3441 532 3441 974 3441 1975 3442 1659 3442 1703 3442 1703 3443 1357 3443 1385 3443 1659 3444 1357 3444 1703 3444 1405 3445 1088 3445 1427 3445 1357 3446 974 3446 1385 3446 1703 3447 1385 3447 1405 3447 1385 3448 974 3448 1405 3448 2025 3449 1753 3449 2059 3449 2013 3450 1753 3450 2025 3450 2916 3451 2479 3451 2481 3451 2917 3452 2479 3452 2916 3452 1601 3453 1225 3453 1583 3453 1257 3454 1225 3454 1601 3454 725 3455 425 3455 695 3455 695 3456 425 3456 669 3456 267 3457 147 3457 251 3457 267 3458 251 3458 425 3458 128 3459 115 3459 238 3459 115 3460 109 3460 238 3460 877 3461 521 3461 774 3461 521 3462 473 3462 774 3462 1371 3463 1070 3463 1122 3463 1371 3464 980 3464 1070 3464 1213 3465 874 3465 1243 3465 1243 3466 874 3466 980 3466 1439 3467 1275 3467 1501 3467 1501 3468 1275 3468 1359 3468 3883 3469 3583 3469 3615 3469 3852 3470 3583 3470 3883 3470 2297 3471 2015 3471 2283 3471 2319 3472 2015 3472 2297 3472 5159 3473 4902 3473 5207 3473 5207 3474 4902 3474 4977 3474 4916 3475 4364 3475 4863 3475 3785 3476 3779 3476 4087 3476 3795 3477 3791 3477 4109 3477 4113 3478 3795 3478 4109 3478 3773 3479 3461 3479 3765 3479 3465 3480 3461 3480 3773 3480 3453 3481 3425 3481 3755 3481 3425 3482 3415 3482 3755 3482 4423 3483 4402 3483 4916 3483 3755 3484 3725 3484 4031 3484 4079 3485 4073 3485 4437 3485 4073 3486 4065 3486 4437 3486 4437 3487 4065 3487 4423 3487 4073 3488 3765 3488 4065 3488 4065 3489 4053 3489 4402 3489 4863 3490 4364 3490 4828 3490 5672 3491 5644 3491 5668 3491 5644 3492 5567 3492 5640 3492 2176 3493 1872 3493 2172 3493 1872 3494 1866 3494 2172 3494 388 3495 234 3495 392 3495 388 3496 232 3496 234 3496 152 3497 64 3497 72 3497 152 3498 72 3498 163 3498 120 3499 48 3499 140 3499 254 3500 120 3500 140 3500 5625 3501 5618 3501 5638 3501 5602 3502 5538 3502 5586 3502 5537 3503 5513 3503 5563 3503 5563 3504 5513 3504 5538 3504 5487 3505 5332 3505 5459 3505 5621 3506 5509 3506 5598 3506 5529 3507 5459 3507 5495 3507 5487 3508 5459 3508 5529 3508 5332 3509 5141 3509 5301 3509 5301 3510 5141 3510 5246 3510 5234 3511 4950 3511 5209 3511 4950 3512 4913 3512 5209 3512 5656 3513 5650 3513 5653 3513 5653 3514 5649 3514 5656 3514 5587 3515 5516 3515 5607 3515 5619 3516 5577 3516 5629 3516 5581 3517 5522 3517 5545 3517 5581 3518 5497 3518 5522 3518 5421 3519 5334 3519 5378 3519 5334 3520 5250 3520 5378 3520 5114 3521 5016 3521 5116 3521 4927 3522 4699 3522 4831 3522 4927 3523 4831 3523 4937 3523 5136 3524 5114 3524 5188 3524 5117 3525 5115 3525 5171 3525 4832 3526 4702 3526 4928 3526 5017 3527 4938 3527 5115 3527 5170 3528 5116 3528 5172 3528 5217 3529 5170 3529 5172 3529 4743 3530 4544 3530 4839 3530 4933 3531 4599 3531 4994 3531 4641 3532 4438 3532 4743 3532 4641 3533 4381 3533 4438 3533 5345 3534 5304 3534 5311 3534 5345 3535 5311 3535 5318 3535 5253 3536 5181 3536 5216 3536 5181 3537 5138 3537 5216 3537 5311 3538 5259 3538 5318 3538 5311 3539 5216 3539 5259 3539 5310 3540 5303 3540 5344 3540 5310 3541 5252 3541 5303 3541 5116 3542 4892 3542 4962 3542 5067 3543 4743 3543 4839 3543 4516 3544 4102 3544 4104 3544 4102 3545 3784 3545 4104 3545 4436 3546 4078 3546 4453 3546 4453 3547 4078 3547 4498 3547 4349 3548 4080 3548 4413 3548 4689 3549 4349 3549 4413 3549 4447 3550 4124 3550 4144 3550 4200 3551 3898 3551 4224 3551 4544 3552 4212 3552 4242 3552 4438 3553 4212 3553 4544 3553 3954 3554 3736 3554 3766 3554 3736 3555 3554 3555 3766 3555 4054 3556 3834 3556 4080 3556 3796 3557 3562 3557 3802 3557 5587 3558 5506 3558 5516 3558 5587 3559 5489 3559 5506 3559 3803 3560 3563 3560 3797 3560 3573 3561 3563 3561 3803 3561 4642 3562 4551 3562 4794 3562 5068 3563 4963 3563 5173 3563 5068 3564 4744 3564 4963 3564 4744 3565 4642 3565 4963 3565 4067 3566 4023 3566 4249 3566 4249 3567 4205 3567 4370 3567 4015 3568 3955 3568 4213 3568 3955 3569 3929 3569 4213 3569 5528 3570 5517 3570 5608 3570 5608 3571 5517 3571 5588 3571 5634 3572 5562 3572 5632 3572 5663 3573 5632 3573 5661 3573 5507 3574 5385 3574 5490 3574 5507 3575 5490 3575 5588 3575 5640 3576 5567 3576 5634 3576 5640 3577 5634 3577 5668 3577 5611 3578 5596 3578 5626 3578 5626 3579 5596 3579 5619 3579 5483 3580 5461 3580 5493 3580 5461 3581 5403 3581 5493 3581 5544 3582 5482 3582 5515 3582 5515 3583 5482 3583 5494 3583 5469 3584 5349 3584 5444 3584 5349 3585 5327 3585 5444 3585 1914 3586 1884 3586 2096 3586 1914 3587 1696 3587 1884 3587 3062 3588 2771 3588 3068 3588 3068 3589 2771 3589 3076 3589 3306 3590 3052 3590 3058 3590 3052 3591 2776 3591 3058 3591 4068 3592 3762 3592 4050 3592 4068 3593 4050 3593 4434 3593 3990 3594 3674 3594 3944 3594 4018 3595 3674 3595 3990 3595 3392 3596 3376 3596 3714 3596 3752 3597 3392 3597 3714 3597 4434 3598 4050 3598 4399 3598 4050 3599 4018 3599 4399 3599 3784 3600 3478 3600 3786 3600 3480 3601 3192 3601 3490 3601 3182 3602 2727 3602 3186 3602 2729 3603 2727 3603 3182 3603 2472 3604 2468 3604 2731 3604 2731 3605 2468 3605 2729 3605 4108 3606 3790 3606 3793 3606 3790 3607 3493 3607 3793 3607 3478 3608 3188 3608 3480 3608 3786 3609 3480 3609 3790 3609 3460 3610 3172 3610 3176 3610 3424 3611 3172 3611 3452 3611 4030 3612 3754 3612 4052 3612 4052 3613 3754 3613 4064 3613 3144 3614 2735 3614 3170 3614 3424 3615 3144 3615 3170 3615 3414 3616 3134 3616 3144 3616 3414 3617 3144 3617 3424 3617 2588 3618 2338 3618 2582 3618 2338 3619 2332 3619 2582 3619 2478 3620 2474 3620 2734 3620 2735 3621 2478 3621 2734 3621 2506 3622 2226 3622 2480 3622 2506 3623 2480 3623 2735 3623 2562 3624 2544 3624 2758 3624 2562 3625 2294 3625 2544 3625 2765 3626 2761 3626 3088 3626 2765 3627 2562 3627 2761 3627 2570 3628 2562 3628 2765 3628 2574 3629 2570 3629 2765 3629 2752 3630 2524 3630 2749 3630 2532 3631 2524 3631 2752 3631 2752 3632 2749 3632 3126 3632 3118 3633 2752 3633 3126 3633 1859 3634 1541 3634 1543 3634 1859 3635 1543 3635 1861 3635 1879 3636 1573 3636 1579 3636 1879 3637 1579 3637 1887 3637 1985 3638 1709 3638 1997 3638 1985 3639 1703 3639 1709 3639 1953 3640 1621 3640 1639 3640 1953 3641 1639 3641 1975 3641 192 3642 170 3642 308 3642 308 3643 170 3643 289 3643 445 3644 267 3644 425 3644 289 3645 267 3645 445 3645 1170 3646 699 3646 1098 3646 774 3647 699 3647 1170 3647 1571 3648 1307 3648 1371 3648 1571 3649 1243 3649 1307 3649 1737 3650 1429 3650 1707 3650 1737 3651 1707 3651 2015 3651 4112 3652 3795 3652 4113 3652 3795 3653 4112 3653 3794 3653 3787 3654 3785 3654 4105 3654 3479 3655 3475 3655 3779 3655 3725 3656 3699 3656 4031 3656 4031 3657 3699 3657 4013 3657 4987 3658 4499 3658 4979 3658 4987 3659 4979 3659 5264 3659 4109 3660 4105 3660 4517 3660 4105 3661 4103 3661 4517 3661 4087 3662 4079 3662 4499 3662 4079 3663 3773 3663 4073 3663 4979 3664 4437 3664 4957 3664 4087 3665 3773 3665 4079 3665 4402 3666 4031 3666 4364 3666 4031 3667 4013 3667 4342 3667 5663 3668 5661 3668 5675 3668 5668 3669 5663 3669 5675 3669 5625 3670 5602 3670 5618 3670 5602 3671 5586 3671 5618 3671 5390 3672 5234 3672 5371 3672 5390 3673 5371 3673 5509 3673 5598 3674 5575 3674 5637 3674 5575 3675 5487 3675 5529 3675 5598 3676 5487 3676 5575 3676 5509 3677 5487 3677 5598 3677 4937 3678 4793 3678 4892 3678 4937 3679 4892 3679 5016 3679 5060 3680 4928 3680 4949 3680 5115 3681 5060 3681 5136 3681 4794 3682 4664 3682 4832 3682 4938 3683 4794 3683 4832 3683 5067 3684 4933 3684 5137 3684 5067 3685 4839 3685 4933 3685 5379 3686 5335 3686 5422 3686 5422 3687 5381 3687 5394 3687 5218 3688 5171 3688 5233 3688 5259 3689 5218 3689 5233 3689 4962 3690 4641 3690 4743 3690 4962 3691 4743 3691 5067 3691 4144 3692 3854 3692 3876 3692 4144 3693 3898 3693 4200 3693 4150 3694 3896 3694 3928 3694 4150 3695 3928 3695 4212 3695 4014 3696 3766 3696 3796 3696 4014 3697 3802 3697 4054 3697 5629 3698 5587 3698 5607 3698 5629 3699 5577 3699 5587 3699 4794 3700 4445 3700 4664 3700 4445 3701 4370 3701 4664 3701 5560 3702 5540 3702 5632 3702 5632 3703 5540 3703 5624 3703 5608 3704 5588 3704 5630 3704 5630 3705 5620 3705 5626 3705 5597 3706 5582 3706 5611 3706 5626 3707 5597 3707 5611 3707 1696 3708 1636 3708 1884 3708 1884 3709 1636 3709 1854 3709 4949 3710 4841 3710 4927 3710 3778 3711 3474 3711 3478 3711 3464 3712 3182 3712 3474 3712 4078 3713 3772 3713 4086 3713 3764 3714 3452 3714 3460 3714 2734 3715 2474 3715 2732 3715 2734 3716 2732 3716 3176 3716 3754 3717 3452 3717 3760 3717 3754 3718 3424 3718 3452 3718 2516 3719 2506 3719 2740 3719 2740 3720 2506 3720 2735 3720 2758 3721 2538 3721 2755 3721 2755 3722 2538 3722 2752 3722 2538 3723 2532 3723 2752 3723 2538 3724 2278 3724 2532 3724 1709 3725 1427 3725 1735 3725 2013 3726 1709 3726 1735 3726 3779 3727 3773 3727 4087 3727 3779 3728 3475 3728 3773 3728 4053 3729 4031 3729 4402 3729 4053 3730 3755 3730 4031 3730 5011 3731 4987 3731 5264 3731 5011 3732 4499 3732 4987 3732 4105 3733 3785 3733 4103 3733 4509 3734 4087 3734 4499 3734 4529 3735 4109 3735 4525 3735 4525 3736 4109 3736 4517 3736 3787 3737 3479 3737 3785 3737 3785 3738 3479 3738 3779 3738 4454 3739 4437 3739 4979 3739 4499 3740 4454 3740 4979 3740 5060 3741 5008 3741 5114 3741 5060 3742 4927 3742 5008 3742 4938 3743 4928 3743 5009 3743 5009 3744 4928 3744 5060 3744 4963 3745 4893 3745 5117 3745 5117 3746 5017 3746 5115 3746 4599 3747 4281 3747 4689 3747 4994 3748 4689 3748 5082 3748 5137 3749 4994 3749 5180 3749 5137 3750 4933 3750 4994 3750 5422 3751 5335 3751 5381 3751 5381 3752 5335 3752 5345 3752 3876 3753 3592 3753 3898 3753 4144 3754 3876 3754 3898 3754 4242 3755 4014 3755 4281 3755 4212 3756 4014 3756 4242 3756 4664 3757 4556 3757 4832 3757 4664 3758 4370 3758 4556 3758 5650 3759 5646 3759 5653 3759 5650 3760 5608 3760 5646 3760 4108 3761 3786 3761 3790 3761 3786 3762 3478 3762 3480 3762 3478 3763 3182 3763 3186 3763 3478 3764 3186 3764 3188 3764 4064 3765 3764 3765 4072 3765 4072 3766 3764 3766 3772 3766 4454 3767 4079 3767 4437 3767 4499 3768 4079 3768 4454 3768 4103 3769 4087 3769 4509 3769 4517 3770 4103 3770 4509 3770 5115 3771 5009 3771 5060 3771 5115 3772 4938 3772 5009 3772 5117 3773 4893 3773 5017 3773 5017 3774 4893 3774 4938 3774 5646 3775 5630 3775 5647 3775 5646 3776 5608 3776 5630 3776 4104 3777 3786 3777 4108 3777 4104 3778 3784 3778 3786 3778 3772 3779 3464 3779 3474 3779 3772 3780 3460 3780 3464 3780 3760 3781 3452 3781 3764 3781 4064 3782 3760 3782 3764 3782 4436 3783 4072 3783 4078 3783 4436 3784 4064 3784 4072 3784 4841 3785 4819 3785 4927 3785 5620 3786 5578 3786 5597 3786 5620 3787 5597 3787 5626 3787 3460 3788 3178 3788 3464 3788 3464 3789 3178 3789 3182 3789 2690 3790 2451 3790 2691 3790 2451 3791 2690 3791 2450 3791 4040 3792 3881 3792 3880 3792 3881 3793 4040 3793 4041 3793 4442 3794 4388 3794 4387 3794 4388 3795 4442 3795 4443 3795 3198 3796 2959 3796 3199 3796 2959 3797 3198 3797 2958 3797 2086 3798 2291 3798 2087 3798 2290 3799 2086 3799 2085 3799 2086 3800 2290 3800 2291 3800 1464 3801 1613 3801 1465 3801 1613 3802 1464 3802 1612 3802 1612 3803 1464 3803 1463 3803 4464 3804 4443 3804 4442 3804 4464 3805 4442 3805 4463 3805 4443 3806 4464 3806 4466 3806 4465 3807 4466 3807 4464 3807 4466 3808 4465 3808 4467 3808 2290 3809 2453 3809 2291 3809 2453 3810 2290 3810 2452 3810 1910 3811 1771 3811 1911 3811 1771 3812 1910 3812 1770 3812 2083 3813 1911 3813 2084 3813 1910 3814 2083 3814 2082 3814 2083 3815 1910 3815 1911 3815 4270 3816 4190 3816 4189 3816 4271 3817 4190 3817 4270 3817 4190 3818 4271 3818 4191 3818 2693 3819 2827 3819 2828 3819 2692 3820 2827 3820 2693 3820 2827 3821 2692 3821 2826 3821 3878 3822 4039 3822 4038 3822 4039 3823 3878 3823 3879 3823 4387 3824 4271 3824 4270 3824 4271 3825 4387 3825 4388 3825 1772 3826 1913 3826 1773 3826 1913 3827 1772 3827 1912 3827 2959 3828 2824 3828 2825 3828 2958 3829 2824 3829 2959 3829 2824 3830 2958 3830 2823 3830 4038 3831 4187 3831 4186 3831 4039 3832 4187 3832 4038 3832 4187 3833 4039 3833 4188 3833 4440 3834 4464 3834 4463 3834 4464 3835 4455 3835 4465 3835 4465 3836 4455 3836 4462 3836 4464 3837 4440 3837 4441 3837 4464 3838 4441 3838 4455 3838 4190 3839 4040 3839 4189 3839 4040 3840 4190 3840 4041 3840 4041 3841 4190 3841 4191 3841 3360 3842 3199 3842 3361 3842 3199 3843 3360 3843 3198 3843 3200 3844 3363 3844 3201 3844 3363 3845 3200 3845 3362 3845 3363 3846 3568 3846 3569 3846 3362 3847 3568 3847 3363 3847 3568 3848 3362 3848 3567 3848 4276 3849 4386 3849 4385 3849 4386 3850 4285 3850 4299 3850 4386 3851 4276 3851 4285 3851 4268 3852 4276 3852 4385 3852 4276 3853 4268 3853 4269 3853 3740 3854 3881 3854 3741 3854 3881 3855 3740 3855 3880 3855 1381 3856 1268 3856 1269 3856 1268 3857 1381 3857 1380 3857 1217 3858 1198 3858 1199 3858 1216 3859 1198 3859 1217 3859 1198 3860 1216 3860 1197 3860 1271 3861 1382 3861 1383 3861 1382 3862 1271 3862 1270 3862 2452 3863 2693 3863 2453 3863 2693 3864 2452 3864 2692 3864 2289 3865 2083 3865 2084 3865 2288 3866 2083 3866 2289 3866 2083 3867 2288 3867 2082 3867 3568 3868 3741 3868 3569 3868 3740 3869 3568 3869 3567 3869 3568 3870 3740 3870 3741 3870 2827 3871 2961 3871 2828 3871 2960 3872 2827 3872 2826 3872 2827 3873 2960 3873 2961 3873 3878 3874 3739 3874 3879 3874 3739 3875 3878 3875 3738 3875 3565 3876 3361 3876 3566 3876 3360 3877 3565 3877 3564 3877 3565 3878 3360 3878 3361 3878 1461 3879 1381 3879 1462 3879 1381 3880 1461 3880 1380 3880 1380 3881 1461 3881 1460 3881 4419 3882 4441 3882 4440 3882 4441 3883 4419 3883 4429 3883 4429 3884 4419 3884 4428 3884 4386 3885 4440 3885 4385 3885 4440 3886 4386 3886 4419 3886 3739 3887 3565 3887 3566 3887 3738 3888 3565 3888 3739 3888 3565 3889 3738 3889 3564 3889 1383 3890 1464 3890 1465 3890 1382 3891 1464 3891 1383 3891 1464 3892 1382 3892 1463 3892 2450 3893 2289 3893 2451 3893 2289 3894 2450 3894 2288 3894 1198 3895 1219 3895 1199 3895 1219 3896 1198 3896 1218 3896 1218 3897 1198 3897 1197 3897 1219 3898 1270 3898 1271 3898 1270 3899 1219 3899 1218 3899 2960 3900 3201 3900 2961 3900 3201 3901 2960 3901 3200 3901 2824 3902 2691 3902 2825 3902 2690 3903 2824 3903 2823 3903 2824 3904 2690 3904 2691 3904 1913 3905 2086 3905 2087 3905 1912 3906 2086 3906 1913 3906 2086 3907 1912 3907 2085 3907 1611 3908 1461 3908 1462 3908 1610 3909 1461 3909 1611 3909 1461 3910 1610 3910 1460 3910 1771 3911 1610 3911 1611 3911 1610 3912 1771 3912 1770 3912 4187 3913 4268 3913 4186 3913 4268 3914 4187 3914 4269 3914 4269 3915 4187 3915 4188 3915 1269 3916 1216 3916 1217 3916 1216 3917 1269 3917 1268 3917 1613 3918 1772 3918 1773 3918 1772 3919 1613 3919 1612 3919 1323 3920 1249 3920 1100 3920 2742 3921 2746 3921 2518 3921 367 3922 256 3922 228 3922 2904 3923 2521 3923 2515 3923 3305 3924 3061 3924 3057 3924 678 3925 554 3925 496 3925 273 3926 203 3926 193 3926 74 3927 65 3927 66 3927 65 3928 74 3928 73 3928 3085 3929 3103 3929 2888 3929 1321 3930 1625 3930 1301 3930 204 3931 274 3931 193 3931 3061 3932 2881 3932 2876 3932 5603 3933 5600 3933 5553 3933 2590 3934 2346 3934 2340 3934 3148 3935 2738 3935 3149 3935 2738 3936 3148 3936 2737 3936 1052 3937 998 3937 904 3937 145 3938 130 3938 106 3938 904 3939 825 3939 614 3939 380 3940 454 3940 337 3940 177 3941 194 3941 129 3941 4864 3942 4844 3942 4365 3942 4692 3943 5103 3943 4596 3943 5579 3944 5591 3944 5549 3944 3060 3945 2777 3945 2775 3945 95 3946 85 3946 69 3946 522 3947 879 3947 504 3947 3129 3948 3133 3948 2905 3948 5077 3949 5201 3949 5061 3949 2035 3950 2017 3950 1763 3950 614 3951 598 3951 478 3951 3148 3952 3146 3952 2739 3952 79 3953 75 3953 67 3953 66 3954 75 3954 76 3954 75 3955 66 3955 65 3955 78 3956 89 3956 67 3956 281 3957 225 3957 187 3957 138 3958 96 3958 86 3958 202 3959 326 3959 327 3959 326 3960 202 3960 201 3960 1321 3961 1301 3961 831 3961 1332 3962 1648 3962 1308 3962 504 3963 489 3963 348 3963 2889 3964 2883 3964 2565 3964 885 3965 731 3965 692 3965 3314 3966 3324 3966 3074 3966 4244 3967 4565 3967 4214 3967 4334 3968 4227 3968 4131 3968 105 3969 95 3969 84 3969 613 3970 494 3970 478 3970 495 3971 478 3971 418 3971 2337 3972 2095 3972 2077 3972 2746 3973 2522 3973 2518 3973 3571 3974 3311 3974 3305 3974 1614 3975 1618 3975 1290 3975 805 3976 479 3976 480 3976 479 3977 805 3977 804 3977 479 3978 485 3978 324 3978 208 3979 215 3979 131 3979 447 3980 362 3980 318 3980 90 3981 79 3981 67 3981 611 3982 704 3982 440 3982 2595 3983 2591 3983 2347 3983 243 3984 187 3984 160 3984 143 3985 158 3985 99 3985 671 3986 555 3986 525 3986 574 3987 678 3987 447 3987 754 3988 1102 3988 705 3988 781 3989 824 3989 613 3989 343 3990 329 3990 216 3990 76 3991 125 3991 126 3991 125 3992 76 3992 75 3992 2346 3993 2092 3993 2080 3993 2770 3994 2775 3994 2590 3994 4192 3995 4132 3995 3888 3995 355 3996 515 3996 343 3996 5536 3997 5548 3997 5464 3997 2326 3998 2314 3998 2066 3998 1208 3999 1039 3999 731 3999 3140 4000 2742 4000 2739 4000 1208 4001 1430 4001 1039 4001 4049 4002 3801 4002 3781 4002 5197 4003 5193 4003 4868 4003 693 4004 717 4004 545 4004 2337 4005 2349 4005 2095 4005 3275 4006 3483 4006 3245 4006 3907 4007 4131 4007 3845 4007 3640 4008 3524 4008 3482 4008 394 4009 340 4009 309 4009 122 4010 153 4010 105 4010 96 4011 84 4011 69 4011 1108 4012 1052 4012 904 4012 1108 4013 904 4013 1080 4013 858 4014 717 4014 693 4014 1425 4015 1491 4015 1411 4015 1249 4016 1411 4016 1345 4016 1411 4017 1249 4017 1425 4017 422 4018 434 4018 364 4018 496 4019 554 4019 476 4019 1290 4020 1300 4020 830 4020 485 4021 342 4021 328 4021 3314 4022 3064 4022 3054 4022 3328 4023 3320 4023 3078 4023 2739 4024 2504 4024 2500 4024 830 4025 849 4025 514 4025 849 4026 883 4026 514 4026 260 4027 205 4027 203 4027 329 4028 486 4028 326 4028 130 4029 159 4029 100 4029 73 4030 67 4030 65 4030 67 4031 75 4031 65 4031 328 4032 342 4032 215 4032 174 4033 161 4033 145 4033 1801 4034 1595 4034 1529 4034 1705 4035 1729 4035 1387 4035 3413 4036 3389 4036 3137 4036 2881 4037 2885 4037 2573 4037 319 4038 401 4038 282 4038 1711 4039 1699 4039 1379 4039 371 4040 355 4040 263 4040 811 4041 1291 4041 806 4041 484 4042 525 4042 435 4042 3060 4043 2775 4043 2770 4043 4503 4044 4275 4044 4233 4044 3060 4045 3056 4045 2777 4045 5208 4046 5245 4046 5196 4046 5256 4047 5244 4047 5202 4047 3321 4048 3329 4048 3079 4048 754 4049 705 4049 517 4049 4356 4050 4366 4050 4027 4050 2577 4051 2337 4051 2327 4051 1603 4052 1567 4052 1305 4052 5452 4053 5424 4053 5313 4053 4816 4054 4421 4054 4352 4054 4130 4055 3906 4055 3844 4055 5347 4056 5331 4056 5190 4056 4595 4057 4264 4057 4234 4057 489 4058 480 4058 325 4058 4122 4059 4194 4059 3850 4059 4003 4060 3947 4060 3665 4060 2624 4061 2778 4061 2596 4061 3419 4062 3149 4062 3142 4062 4829 4063 4860 4063 4347 4063 5423 4064 5451 4064 5312 4064 3952 4065 3940 4065 3668 4065 5174 4066 4860 4066 4829 4066 4797 4067 4510 4067 4405 4067 2770 4068 2580 4068 2572 4068 2541 4069 2895 4069 2531 4069 2349 4070 2377 4070 2095 4070 3730 4071 4037 4071 3731 4071 4037 4072 3730 4072 4036 4072 2914 4073 2509 4073 2503 4073 2914 4074 2910 4074 2509 4074 3561 4075 3641 4075 3605 4075 3641 4076 3561 4076 3483 4076 1209 4077 1323 4077 886 4077 2066 4078 2032 4078 1798 4078 3055 4079 3027 4079 2873 4079 731 4080 594 4080 535 4080 594 4081 749 4081 512 4081 1273 4082 1249 4082 1345 4082 1249 4083 1273 4083 1080 4083 273 4084 309 4084 260 4084 418 4085 478 4085 397 4085 454 4086 495 4086 418 4086 815 4087 505 4087 490 4087 76 4088 86 4088 66 4088 124 4089 73 4089 74 4089 73 4090 124 4090 123 4090 348 4091 489 4091 332 4091 105 4092 121 4092 95 4092 340 4093 296 4093 205 4093 168 4094 153 4094 122 4094 418 4095 397 4095 337 4095 1100 4096 858 4096 693 4096 454 4097 418 4097 337 4097 858 4098 1080 4098 717 4098 1080 4099 904 4099 717 4099 825 4100 998 4100 954 4100 998 4101 825 4101 904 4101 2844 4102 2830 4102 2703 4102 1378 4103 1406 4103 963 4103 440 4104 359 4104 314 4104 496 4105 422 4105 362 4105 422 4106 364 4106 320 4106 4048 4107 4000 4107 3780 4107 1602 4108 1650 4108 1376 4108 1236 4109 1304 4109 859 4109 158 4110 177 4110 129 4110 1871 4111 1851 4111 1603 4111 3057 4112 3061 4112 2874 4112 2572 4113 2580 4113 2330 4113 2298 4114 2016 4114 1998 4114 2737 4115 2739 4115 2500 4115 2510 4116 2518 4116 2256 4116 2062 4117 2070 4117 1814 4117 1790 4118 1814 4118 1566 4118 1161 4119 1236 4119 753 4119 413 4120 366 4120 296 4120 480 4121 324 4121 325 4121 324 4122 480 4122 479 4122 208 4123 131 4123 123 4123 1276 4124 1290 4124 804 4124 1614 4125 1277 4125 1615 4125 1277 4126 1614 4126 1276 4126 215 4127 241 4127 158 4127 325 4128 199 4128 200 4128 199 4129 325 4129 324 4129 366 4130 348 4130 227 4130 672 4131 576 4131 451 4131 100 4132 90 4132 70 4132 282 4133 244 4133 188 4133 123 4134 78 4134 73 4134 73 4135 78 4135 67 4135 194 4136 243 4136 160 4136 129 4137 106 4137 88 4137 595 4138 732 4138 536 4138 1593 4139 1491 4139 1425 4139 486 4140 481 4140 326 4140 2233 4141 1929 4141 1923 4141 2317 4142 2549 4142 2299 4142 1619 4143 1616 4143 1291 4143 90 4144 144 4144 79 4144 228 4145 256 4145 155 4145 1743 4146 1711 4146 1437 4146 365 4147 423 4147 321 4147 1387 4148 1417 4148 1074 4148 367 4149 297 4149 256 4149 1625 4150 1619 4150 1291 4150 327 4151 333 4151 202 4151 209 4152 329 4152 201 4152 329 4153 326 4153 201 4153 2515 4154 2263 4154 2239 4154 1925 4155 2232 4155 1922 4155 2548 4156 2566 4156 2316 4156 2340 4157 2080 4157 2070 4157 678 4158 751 4158 554 4158 4923 4159 4805 4159 4583 4159 178 4160 263 4160 159 4160 174 4161 188 4161 161 4161 5112 4162 5238 4162 5063 4162 5470 4163 5463 4163 5350 4163 4273 4164 3953 4164 3941 4164 4584 4165 4352 4165 4275 4165 5359 4166 5361 4166 5317 4166 3420 4167 3731 4167 3421 4167 3731 4168 3420 4168 3730 4168 3723 4169 3709 4169 3389 4169 5502 4170 5417 4170 5389 4170 4792 4171 4336 4171 4301 4171 5225 4172 5143 4172 4982 4172 5601 4173 5605 4173 5555 4173 5351 4174 5354 4174 5194 4174 1520 4175 1430 4175 1322 4175 2238 4176 2231 4176 1928 4176 5081 4177 4944 4177 4630 4177 4569 4178 4789 4178 4333 4178 3728 4179 3419 4179 3729 4179 3419 4180 3728 4180 3418 4180 2032 4181 2004 4181 1728 4181 2769 4182 3086 4182 2762 4182 2586 4183 2773 4183 2576 4183 1294 4184 1615 4184 1277 4184 1920 4185 1615 4185 1921 4185 1615 4186 1920 4186 1614 4186 5451 4187 5465 4187 5330 4187 3722 4188 3412 4188 3388 4188 4868 4189 5198 4189 5197 4189 5198 4190 4868 4190 4869 4190 3102 4191 2763 4191 2760 4191 5202 4192 5154 4192 5124 4192 5275 4193 5388 4193 5238 4193 4868 4194 4378 4194 4869 4194 4378 4195 4868 4195 4377 4195 2327 4196 2337 4196 2067 4196 3109 4197 3359 4197 3087 4197 3385 4198 3395 4198 3133 4198 2515 4199 2521 4199 2263 4199 2889 4200 3087 4200 2883 4200 2894 4201 3087 4201 2889 4201 3557 4202 3525 4202 3275 4202 3640 4203 3688 4203 3844 4203 3688 4204 3640 4204 3595 4204 3556 4205 3574 4205 3314 4205 4003 4206 4265 4206 3947 4206 5584 4207 5595 4207 5574 4207 3389 4208 3383 4208 3131 4208 825 4209 781 4209 614 4209 379 4210 309 4210 273 4210 453 4211 457 4211 379 4211 366 4212 504 4212 348 4212 394 4213 451 4213 340 4213 977 4214 879 4214 576 4214 2596 4215 2778 4215 2586 4215 1273 4216 1194 4216 1080 4216 1099 4217 1322 4217 885 4217 903 4218 716 4218 613 4218 1099 4219 885 4219 692 4219 122 4220 105 4220 96 4220 206 4221 261 4221 204 4221 84 4222 95 4222 69 4222 96 4223 105 4223 84 4223 86 4224 69 4224 66 4224 255 4225 227 4225 154 4225 413 4226 576 4226 366 4226 494 4227 544 4227 453 4227 121 4228 154 4228 95 4228 337 4229 317 4229 274 4229 1387 4230 978 4230 880 4230 261 4231 274 4231 204 4231 317 4232 273 4232 252 4232 460 4233 536 4233 454 4233 380 4234 337 4234 274 4234 1248 4235 1322 4235 1099 4235 1182 4236 1080 4236 1194 4236 1080 4237 1182 4237 1108 4237 2127 4238 2011 4238 1957 4238 1249 4239 1080 4239 858 4239 1304 4240 975 4240 859 4240 277 4241 259 4241 225 4241 447 4242 496 4242 362 4242 400 4243 447 4243 318 4243 243 4244 281 4244 187 4244 525 4245 477 4245 435 4245 362 4246 422 4246 320 4246 1458 4247 1236 4247 1161 4247 671 4248 870 4248 555 4248 2756 4249 2548 4249 2540 4249 2286 4250 1998 4250 1982 4250 1814 4251 1850 4251 1602 4251 2016 4252 2034 4252 1762 4252 2034 4253 2062 4253 1762 4253 3334 4254 3588 4254 3328 4254 3416 4255 3716 4255 3394 4255 3374 4256 3364 4256 3120 4256 2504 4257 2510 4257 2256 4257 2230 4258 1924 4258 1920 4258 2757 4259 2753 4259 2534 4259 1386 4260 1332 4260 879 4260 1294 4261 1277 4261 814 4261 879 4262 1308 4262 845 4262 328 4263 215 4263 208 4263 2266 4264 1968 4264 1954 4264 227 4265 213 4265 154 4265 332 4266 325 4266 200 4266 200 4267 123 4267 124 4267 123 4268 200 4268 199 4268 859 4269 574 4269 516 4269 354 4270 241 4270 215 4270 516 4271 447 4271 400 4271 516 4272 574 4272 447 4272 883 4273 526 4273 514 4273 1920 4274 1618 4274 1614 4274 106 4275 130 4275 88 4275 70 4276 90 4276 67 4276 129 4277 145 4277 106 4277 100 4278 144 4278 90 4278 194 4279 160 4279 129 4279 88 4280 100 4280 70 4280 131 4281 143 4281 78 4281 123 4282 131 4282 78 4282 215 4283 158 4283 143 4283 215 4284 143 4284 131 4284 130 4285 100 4285 88 4285 225 4286 212 4286 174 4286 341 4287 395 4287 310 4287 536 4288 693 4288 454 4288 1100 4289 1249 4289 858 4289 1040 4290 1209 4290 732 4290 1617 4291 1623 4291 1295 4291 1635 4292 1309 4292 1295 4292 4033 4293 4036 4293 3730 4293 3129 4294 2905 4294 2903 4294 493 4295 831 4295 486 4295 2888 4296 2891 4296 2549 4296 132 4297 125 4297 79 4297 79 4298 125 4298 75 4298 343 4299 486 4299 329 4299 355 4300 343 4300 216 4300 144 4301 132 4301 79 4301 291 4302 404 4302 263 4302 1519 4303 1459 4303 1237 4303 349 4304 367 4304 228 4304 327 4305 481 4305 482 4305 481 4306 327 4306 326 4306 460 4307 380 4307 310 4307 850 4308 831 4308 515 4308 1301 4309 1291 4309 831 4309 2770 4310 2590 4310 2580 4310 2340 4311 2346 4311 2080 4311 2580 4312 2590 4312 2330 4312 2572 4313 2322 4313 2316 4313 2080 4314 1850 4314 1814 4314 2070 4315 2080 4315 1814 4315 5245 4316 5203 4316 5155 4316 2080 4317 2092 4317 1870 4317 497 4318 679 4318 448 4318 302 4319 321 4319 259 4319 525 4320 555 4320 477 4320 4275 4321 4049 4321 4001 4321 434 4322 419 4322 358 4322 364 4323 434 4323 358 4323 5477 4324 5554 4324 5553 4324 5554 4325 5477 4325 5478 4325 5603 4326 5614 4326 5613 4326 5614 4327 5603 4327 5604 4327 5473 4328 5382 4328 5338 4328 5343 4329 5282 4329 5262 4329 870 4330 1086 4330 752 4330 5245 4331 5257 4331 5203 4331 4085 4332 3861 4332 3837 4332 3305 4333 3311 4333 3061 4333 5199 4334 4871 4334 4870 4334 4871 4335 5199 4335 5200 4335 5389 4336 5276 4336 5239 4336 4924 4337 4997 4337 4584 4337 4505 4338 4566 4338 4193 4338 5316 4339 5256 4339 5182 4339 5521 4340 5464 4340 5438 4340 5406 4341 5343 4341 5300 4341 4871 4342 4861 4342 4380 4342 5377 4343 5420 4343 5359 4343 4997 4344 4694 4344 4584 4344 5354 4345 5199 4345 5194 4345 4871 4346 5200 4346 4861 4346 340 4347 451 4347 296 4347 1073 4348 1386 4348 977 4348 3906 4349 3960 4349 3776 4349 4510 4350 4595 4350 4194 4350 5166 4351 5227 4351 4925 4351 5184 4352 5134 4352 5061 4352 4361 4353 4378 4353 4035 4353 4264 4354 4002 4354 3946 4354 2564 4355 2757 4355 2542 4355 977 4356 1386 4356 879 4356 2542 4357 2534 4357 2280 4357 814 4358 805 4358 480 4358 1920 4359 1924 4359 1618 4359 2739 4360 2510 4360 2504 4360 5227 4361 5265 4361 5102 4361 5174 4362 4829 4362 4795 4362 4868 4363 4864 4363 4365 4363 5535 4364 5579 4364 5520 4364 3994 4365 4300 4365 3952 4365 5152 4366 5275 4366 5112 4366 5352 4367 5350 4367 5193 4367 5492 4368 5519 4368 5436 4368 3070 4369 3320 4369 3060 4369 3070 4370 3060 4370 2770 4370 3570 4371 3780 4371 3558 4371 2904 4372 2898 4372 2521 4372 2894 4373 2543 4373 2535 4373 2535 4374 2543 4374 2281 4374 3731 4375 3723 4375 3421 4375 2377 4376 2169 4376 2127 4376 2894 4377 2565 4377 2543 4377 2519 4378 2909 4378 2511 4378 2531 4379 2523 4379 2277 4379 2502 4380 2914 4380 2503 4380 2914 4381 2502 4381 2913 4381 3147 4382 3150 4382 2912 4382 3150 4383 3421 4383 3151 4383 3421 4384 3150 4384 3420 4384 2511 4385 2505 4385 2257 4385 3335 4386 3103 4386 3085 4386 1649 4387 1333 4387 1309 4387 1745 4388 1521 4388 1431 4388 1431 4389 1209 4389 1040 4389 2565 4390 2327 4390 2315 4390 2844 4391 2657 4391 2625 4391 1595 4392 1691 4392 1431 4392 3689 4393 3641 4393 3845 4393 3641 4394 3689 4394 3605 4394 3777 4395 3695 4395 3557 4395 5201 4396 5077 4396 5062 4396 4017 4397 4348 4397 4003 4397 4334 4398 4408 4398 4227 4398 3907 4399 3845 4399 3641 4399 2807 4400 2792 4400 2624 4400 2076 4401 2336 4401 2066 4401 1744 4402 1690 4402 1430 4402 4220 4403 4286 4403 4056 4403 3694 4404 3776 4404 3556 4404 457 4405 394 4405 309 4405 309 4406 340 4406 260 4406 731 4407 1039 4407 594 4407 1366 4408 1250 4408 875 4408 1829 4409 1806 4409 1750 4409 1690 4410 1826 4410 1594 4410 1322 4411 1208 4411 885 4411 885 4412 1208 4412 731 4412 2169 4413 2213 4413 2091 4413 535 4414 457 4414 453 4414 692 4415 731 4415 535 4415 910 4416 927 4416 781 4416 545 4417 614 4417 495 4417 613 4418 716 4418 544 4418 717 4419 904 4419 614 4419 86 4420 96 4420 69 4420 577 4421 673 4421 452 4421 69 4422 85 4422 66 4422 85 4423 124 4423 74 4423 273 4424 260 4424 203 4424 205 4425 255 4425 175 4425 85 4426 74 4426 66 4426 213 4427 332 4427 200 4427 213 4428 200 4428 124 4428 451 4429 413 4429 296 4429 451 4430 576 4430 413 4430 252 4431 273 4431 193 4431 205 4432 175 4432 121 4432 397 4433 336 4433 317 4433 337 4434 397 4434 317 4434 126 4435 138 4435 86 4435 138 4436 155 4436 96 4436 1156 4437 878 4437 750 4437 2281 4438 2293 4438 2005 4438 1309 4439 880 4439 846 4439 5062 4440 4894 4440 4851 4440 975 4441 1085 4441 678 4441 975 4442 678 4442 574 4442 1566 4443 1602 4443 1304 4443 1518 4444 1566 4444 1304 4444 403 4445 440 4445 290 4445 859 4446 975 4446 574 4446 320 4447 302 4447 259 4447 359 4448 400 4448 281 4448 471 4449 484 4449 435 4449 554 4450 524 4450 476 4450 2760 4451 2763 4451 2548 4451 2756 4452 2540 4452 2530 4452 2540 4453 2548 4453 2298 4453 2286 4454 2298 4454 1998 4454 3388 4455 3412 4455 3136 4455 5005 4456 5125 4456 4806 4456 2742 4457 2518 4457 2510 4457 2751 4458 2530 4458 2522 4458 2751 4459 2756 4459 2530 4459 2270 4460 2276 4460 1982 4460 2522 4461 2276 4461 2270 4461 1760 4462 1728 4462 1456 4462 2737 4463 2501 4463 2738 4463 2501 4464 2737 4464 2500 4464 2268 4465 2520 4465 2262 4465 2542 4466 2757 4466 2534 4466 814 4467 1277 4467 805 4467 879 4468 845 4468 504 4468 845 4469 1308 4469 814 4469 845 4470 814 4470 504 4470 1624 4471 1300 4471 1290 4471 332 4472 489 4472 325 4472 137 4473 213 4473 124 4473 485 4474 328 4474 324 4474 199 4475 208 4475 123 4475 830 4476 514 4476 492 4476 514 4477 354 4477 342 4477 314 4478 281 4478 243 4478 526 4479 566 4479 403 4479 1458 4480 1161 4480 1101 4480 963 4481 611 4481 566 4481 262 4482 290 4482 177 4482 290 4483 243 4483 194 4483 314 4484 359 4484 281 4484 516 4485 400 4485 359 4485 89 4486 99 4486 70 4486 89 4487 70 4487 67 4487 282 4488 315 4488 244 4488 278 4489 319 4489 226 4489 143 4490 89 4490 78 4490 143 4491 99 4491 89 4491 241 4492 262 4492 158 4492 158 4493 129 4493 99 4493 732 4494 693 4494 536 4494 595 4495 536 4495 460 4495 545 4496 495 4496 454 4496 693 4497 545 4497 454 4497 1367 4498 1040 4498 878 4498 1040 4499 732 4499 595 4499 1323 4500 1425 4500 1249 4500 1529 4501 1595 4501 1367 4501 2910 4502 2907 4502 2515 4502 2503 4503 2509 4503 2233 4503 1278 4504 1617 4504 1279 4504 1617 4505 1278 4505 1616 4505 2271 4506 2523 4506 2267 4506 1567 4507 1519 4507 1305 4507 2271 4508 2267 4508 1969 4508 2299 4509 2541 4509 2287 4509 1379 4510 1699 4510 1355 4510 475 4511 441 4511 360 4511 155 4512 122 4512 96 4512 577 4513 414 4513 367 4513 505 4514 367 4514 349 4514 850 4515 1321 4515 831 4515 515 4516 831 4516 493 4516 493 4517 486 4517 343 4517 244 4518 291 4518 195 4518 178 4519 159 4519 130 4519 159 4520 216 4520 144 4520 159 4521 144 4521 100 4521 2017 4522 1999 4522 1711 4522 1459 4523 1437 4523 1102 4523 1074 4524 1156 4524 750 4524 1987 4525 1729 4525 1705 4525 1279 4526 1295 4526 815 4526 1617 4527 1295 4527 1279 4527 1955 4528 1935 4528 1641 4528 1641 4529 1625 4529 1321 4529 2590 4530 2594 4530 2346 4530 2775 4531 2777 4531 2590 4531 2766 4532 2770 4532 2572 4532 2566 4533 2572 4533 2316 4533 2330 4534 2340 4534 2070 4534 2590 4535 2340 4535 2330 4535 2062 4536 1790 4536 1762 4536 2540 4537 2298 4537 2286 4537 1518 4538 1304 4538 1236 4538 1814 4539 1602 4539 1566 4539 612 4540 964 4540 567 4540 860 4541 1237 4541 754 4541 575 4542 517 4542 448 4542 860 4543 754 4543 517 4543 315 4544 291 4544 244 4544 1162 4545 1102 4545 754 4545 5260 4546 5245 4546 5208 4546 2331 4547 2323 4547 2071 4547 1651 4548 1871 4548 1603 4548 1305 4549 1519 4549 1237 4549 434 4550 471 4550 419 4550 364 4551 358 4551 320 4551 5583 4552 5593 4552 5541 4552 5382 4553 5423 4553 5312 4553 5279 4554 5320 4554 5163 4554 5197 4555 5352 4555 5193 4555 5614 4556 5610 4556 5594 4556 5102 4557 4795 4557 4691 4557 5353 4558 5198 4558 5189 4558 3728 4559 4032 4559 3726 4559 4921 4560 4815 4560 4420 4560 3941 4561 3653 4561 3635 4561 3860 4562 3836 4562 3588 4562 3836 4563 4048 4563 3800 4563 4133 4564 4193 4564 3889 4564 4193 4565 4215 4565 3889 4565 3683 4566 3697 4566 3385 4566 3653 4567 3669 4567 3365 4567 4273 4568 4301 4568 3953 4568 4275 4569 4352 4569 4049 4569 3801 4570 3837 4570 3571 4570 1086 4571 1305 4571 976 4571 5485 4572 5502 4572 5389 4572 5321 4573 5315 4573 5245 4573 5555 4574 5480 4574 5479 4574 5480 4575 5555 4575 5556 4575 5355 4576 5480 4576 5347 4576 5605 4577 5556 4577 5555 4577 5556 4578 5605 4578 5606 4578 4362 4579 4861 4579 4348 4579 4800 4580 5081 4580 4630 4580 5354 4581 5200 4581 5199 4581 5200 4582 5354 4582 5355 4582 5417 4583 5438 4583 5325 4583 5105 4584 5163 4584 4816 4584 5163 4585 4922 4585 4816 4585 1332 4586 1308 4586 879 4586 1728 4587 1986 4587 1704 4587 5265 4588 5312 4588 5102 4588 5227 4589 5102 4589 5002 4589 3646 4590 3358 4590 3336 4590 4322 4591 4347 4591 4002 4591 3694 4592 3556 4592 3524 4592 5184 4593 5225 4593 5134 4593 2773 4594 3074 4594 2769 4594 2534 4595 2753 4595 2520 4595 2586 4596 2576 4596 2336 4596 2066 4597 2314 4597 2032 4597 1826 4598 1798 4598 1594 4598 1155 4599 1456 4599 1073 4599 2076 4600 2066 4600 1798 4600 1386 4601 1648 4601 1332 4601 1276 4602 805 4602 1277 4602 805 4603 1276 4603 804 4603 808 4604 830 4604 485 4604 1308 4605 1634 4605 1294 4605 1308 4606 1294 4606 814 4606 4860 4607 4869 4607 4378 4607 5198 4608 4869 4608 4860 4608 4377 4609 4035 4609 4378 4609 4035 4610 4377 4610 4034 4610 4335 4611 4791 4611 4300 4611 4868 4612 5193 4612 4864 4612 5352 4613 5478 4613 5477 4613 5478 4614 5352 4614 5353 4614 5193 4615 5336 4615 5186 4615 4791 4616 5112 4616 4705 4616 4923 4617 5124 4617 4805 4617 1850 4618 1870 4618 1602 4618 5244 4619 5208 4619 5195 4619 5364 4620 5319 4620 5238 4620 3588 4621 3836 4621 3580 4621 5063 4622 5238 4622 4970 4622 4132 4623 4351 4623 4084 4623 3352 4624 3334 4624 3102 4624 2263 4625 2269 4625 1965 4625 2269 4626 2281 4626 1965 4626 2873 4627 3027 4627 2859 4627 3087 4628 3075 4628 2883 4628 2914 4629 3143 4629 2910 4629 2910 4630 3137 4630 2907 4630 3421 4631 3413 4631 3143 4631 3133 4632 2909 4632 2905 4632 3141 4633 3147 4633 2912 4633 3353 4634 3365 4634 3111 4634 2874 4635 2876 4635 2591 4635 3337 4636 3325 4636 3087 4636 2883 4637 3075 4637 2878 4637 2095 4638 2127 4638 1957 4638 2337 4639 2077 4639 2067 4639 2011 4640 2091 4640 2049 4640 2091 4641 2011 4641 2169 4641 1191 4642 1272 4642 1079 4642 1593 4643 1609 4643 1681 4643 1609 4644 1593 4644 1425 4644 2529 4645 2657 4645 2679 4645 2657 4646 2529 4646 2407 4646 2625 4647 2657 4647 2407 4647 2529 4648 2435 4648 2407 4648 3815 4649 3845 4649 3901 4649 716 4650 692 4650 544 4650 4590 4651 4471 4651 4384 4651 3315 4652 3557 4652 3303 4652 3525 4653 3641 4653 3483 4653 3303 4654 3275 4654 3027 4654 4265 4655 4596 4655 4235 4655 4220 4656 3960 4656 3906 4656 5526 4657 5557 4657 5511 4657 4589 4658 4475 4658 4559 4658 4475 4659 4589 4659 4468 4659 5077 4660 5061 4660 4894 4660 2094 4661 2336 4661 2076 4661 2336 4662 2326 4662 2066 4662 5080 4663 4797 4663 4629 4663 4817 4664 4982 4664 4569 4664 5225 4665 5219 4665 5143 4665 4982 4666 4789 4666 4569 4666 4220 4667 4056 4667 3960 4667 535 4668 594 4668 457 4668 544 4669 692 4669 453 4669 317 4670 336 4670 273 4670 336 4671 379 4671 273 4671 457 4672 594 4672 394 4672 379 4673 457 4673 309 4673 1456 4674 1416 4674 1073 4674 1416 4675 1386 4675 1073 4675 1806 4676 1744 4676 1520 4676 1322 4677 1430 4677 1208 4677 903 4678 1107 4678 1079 4678 1042 4679 1107 4679 903 4679 903 4680 1079 4680 716 4680 613 4681 544 4681 494 4681 692 4682 535 4682 453 4682 2217 4683 2169 4683 2343 4683 2169 4684 2217 4684 2213 4684 2844 4685 2949 4685 2830 4685 495 4686 614 4686 478 4686 717 4687 614 4687 545 4687 614 4688 781 4688 598 4688 175 4689 255 4689 154 4689 296 4690 255 4690 205 4690 95 4691 137 4691 85 4691 137 4692 124 4692 85 4692 260 4693 340 4693 205 4693 576 4694 879 4694 522 4694 296 4695 366 4695 255 4695 255 4696 366 4696 227 4696 310 4697 380 4697 274 4697 175 4698 154 4698 121 4698 193 4699 167 4699 153 4699 193 4700 203 4700 167 4700 397 4701 417 4701 336 4701 478 4702 417 4702 397 4702 274 4703 252 4703 193 4703 274 4704 317 4704 252 4704 168 4705 193 4705 153 4705 204 4706 193 4706 168 4706 513 4707 595 4707 395 4707 878 4708 1040 4708 595 4708 206 4709 168 4709 122 4709 206 4710 204 4710 168 4710 1085 4711 1163 4711 869 4711 1376 4712 1418 4712 1163 4712 678 4713 496 4713 447 4713 496 4714 476 4714 422 4714 5491 4715 5505 4715 5453 4715 1376 4716 1163 4716 1085 4716 1650 4717 1418 4717 1376 4717 187 4718 174 4718 160 4718 187 4719 225 4719 174 4719 358 4720 321 4720 302 4720 320 4721 358 4721 302 4721 362 4722 320 4722 318 4722 277 4723 320 4723 259 4723 281 4724 318 4724 225 4724 400 4725 318 4725 281 4725 2530 4726 2540 4726 2286 4726 2298 4727 2034 4727 2016 4727 3102 4728 2760 4728 2756 4728 2756 4729 2760 4729 2548 4729 1406 4730 1021 4730 963 4730 2016 4731 1742 4731 1710 4731 2298 4732 2316 4732 2034 4732 2548 4733 2316 4733 2298 4733 3148 4734 2739 4734 2737 4734 3148 4735 3418 4735 3146 4735 3128 4736 2748 4736 2746 4736 2256 4737 2266 4737 1934 4737 2500 4738 2504 4738 2230 4738 2739 4739 2742 4739 2510 4739 3394 4740 3716 4740 3384 4740 3394 4741 3384 4741 3132 4741 2276 4742 2286 4742 1982 4742 2518 4743 2266 4743 2256 4743 1924 4744 1934 4744 1618 4744 2230 4745 2234 4745 1924 4745 1624 4746 1640 4746 1320 4746 2518 4747 2522 4747 2266 4747 2747 4748 3136 4748 2744 4748 3358 4749 3108 4749 3086 4749 2534 4750 2520 4750 2280 4750 576 4751 522 4751 366 4751 522 4752 504 4752 366 4752 804 4753 808 4753 485 4753 804 4754 485 4754 479 4754 348 4755 332 4755 213 4755 227 4756 348 4756 213 4756 489 4757 814 4757 480 4757 504 4758 814 4758 489 4758 324 4759 328 4759 199 4759 328 4760 208 4760 199 4760 526 4761 403 4761 370 4761 883 4762 566 4762 526 4762 1968 4763 1656 4763 1640 4763 1954 4764 1968 4764 1640 4764 1101 4765 1161 4765 753 4765 1101 4766 704 4766 611 4766 403 4767 290 4767 262 4767 514 4768 526 4768 370 4768 514 4769 370 4769 354 4769 370 4770 403 4770 262 4770 1021 4771 1101 4771 611 4771 704 4772 516 4772 474 4772 704 4773 474 4773 440 4773 566 4774 440 4774 403 4774 99 4775 129 4775 88 4775 99 4776 88 4776 70 4776 244 4777 195 4777 161 4777 188 4778 244 4778 161 4778 321 4779 278 4779 259 4779 226 4780 282 4780 188 4780 290 4781 194 4781 177 4781 262 4782 177 4782 158 4782 1431 4783 1323 4783 1209 4783 2281 4784 2005 4784 1987 4784 1609 4785 1751 4785 1681 4785 1751 4786 1609 4786 1807 4786 1745 4787 1807 4787 1521 4787 1209 4788 886 4788 732 4788 732 4789 886 4789 693 4789 2263 4790 1943 4790 1929 4790 1943 4791 1649 4791 1635 4791 3109 4792 3087 4792 2894 4792 2281 4793 1987 4793 1965 4793 2033 4794 1801 4794 1761 4794 2277 4795 2523 4795 2271 4795 2287 4796 2531 4796 2277 4796 524 4797 483 4797 434 4797 3103 4798 2895 4798 2891 4798 3061 4799 2876 4799 2874 4799 2885 4800 2888 4800 2573 4800 2511 4801 2912 4801 2505 4801 2235 4802 2505 4802 2232 4802 2287 4803 2277 4803 1983 4803 2331 4804 2573 4804 2323 4804 2523 4805 2905 4805 2519 4805 202 4806 214 4806 126 4806 126 4807 201 4807 202 4807 201 4808 126 4808 125 4808 216 4809 209 4809 132 4809 242 4810 216 4810 159 4810 242 4811 355 4811 216 4811 441 4812 404 4812 291 4812 291 4813 263 4813 178 4813 811 4814 806 4814 486 4814 515 4815 493 4815 343 4815 216 4816 329 4816 209 4816 144 4817 216 4817 132 4817 1407 4818 1379 4818 964 4818 1407 4819 1711 4819 1379 4819 1595 4820 1431 4820 1367 4820 1729 4821 1417 4821 1387 4821 1295 4822 1309 4822 815 4822 1649 4823 1705 4823 1387 4823 880 4824 978 4824 577 4824 1387 4825 1074 4825 978 4825 806 4826 1279 4826 807 4826 1279 4827 806 4827 1278 4827 486 4828 806 4828 481 4828 815 4829 490 4829 482 4829 214 4830 228 4830 155 4830 807 4831 815 4831 482 4831 1279 4832 815 4832 807 4832 1291 4833 1278 4833 806 4833 1291 4834 1616 4834 1278 4834 1657 4835 1969 4835 1641 4835 1379 4836 1355 4836 884 4836 4352 4837 4133 4837 4085 4837 2777 4838 2594 4838 2590 4838 2763 4839 2572 4839 2566 4839 2763 4840 2566 4840 2548 4840 3634 4841 3616 4841 3352 4841 2763 4842 2766 4842 2572 4842 2322 4843 2330 4843 2070 4843 2572 4844 2330 4844 2322 4844 2322 4845 2070 4845 2062 4845 2062 4846 1814 4846 1790 4846 448 4847 517 4847 401 4847 1102 4848 1022 4848 612 4848 360 4849 315 4849 282 4849 976 4850 860 4850 575 4850 315 4851 441 4851 291 4851 360 4852 441 4852 315 4852 517 4853 475 4853 360 4853 575 4854 860 4854 517 4854 5124 4855 5154 4855 5004 4855 435 4856 477 4856 423 4856 477 4857 497 4857 423 4857 555 4858 497 4858 477 4858 5202 4859 5244 4859 5154 4859 751 4860 869 4860 554 4860 321 4861 319 4861 278 4861 419 4862 435 4862 358 4862 5201 4863 5261 4863 5184 4863 5418 4864 5473 4864 5338 4864 5465 4865 5478 4865 5346 4865 5595 4866 5583 4866 5574 4866 5165 4867 4826 4867 4792 4867 5186 4868 5336 4868 5164 4868 5613 4869 5606 4869 5605 4869 5606 4870 5613 4870 5614 4870 5603 4871 5612 4871 5600 4871 5330 4872 5189 4872 5174 4872 5174 4873 5189 4873 4860 4873 5189 4874 5198 4874 4860 4874 5478 4875 5353 4875 5346 4875 5112 4876 5063 4876 4705 4876 4214 4877 4565 4877 4192 4877 3837 4878 3861 4878 3589 4878 3311 4879 3321 4879 3061 4879 5155 4880 5125 4880 5005 4880 3559 4881 3571 4881 3305 4881 1870 4882 1650 4882 1602 4882 2080 4883 1870 4883 1850 4883 4085 4884 4133 4884 3861 4884 3861 4885 3889 4885 3589 4885 5438 4886 5464 4886 5325 4886 4971 4887 5064 4887 4566 4887 3717 4888 3727 4888 3417 4888 4366 4889 4033 4889 4027 4889 4011 4890 3717 4890 3697 4890 4033 4891 3730 4891 3727 4891 4845 4892 4366 4892 4356 4892 4867 4893 4870 4893 4366 4893 5064 4894 4648 4894 4566 4894 4421 4895 4505 4895 4193 4895 5454 4896 5398 4896 5361 4896 5315 4897 5359 4897 5257 4897 5125 4898 4924 4898 4806 4898 1651 4899 1603 4899 1377 4899 5613 4900 5612 4900 5603 4900 5521 4901 5536 4901 5464 4901 5480 4902 5556 4902 5466 4902 5480 4903 5466 4903 5347 4903 5200 4904 5355 4904 5190 4904 5479 4905 5354 4905 5351 4905 5479 4906 5355 4906 5354 4906 5355 4907 5479 4907 5480 4907 5003 4908 4926 4908 4596 4908 3731 4909 4029 4909 3723 4909 4379 4910 4871 4910 4380 4910 4871 4911 4379 4911 4870 4911 4037 4912 4029 4912 3731 4912 3709 4913 4003 4913 3687 4913 3687 4914 4003 4914 3665 4914 5232 4915 5279 4915 5163 4915 5203 4916 5257 4916 5183 4916 5365 4917 5389 4917 5239 4917 5436 4918 5485 4918 5389 4918 5402 4919 5361 4919 5359 4919 5359 4920 5317 4920 5257 4920 1648 4921 1634 4921 1308 4921 1634 4922 1622 4922 1294 4922 5102 4923 4691 4923 4595 4923 5557 4924 5524 4924 5503 4924 5524 4925 5465 4925 5451 4925 5419 4926 5476 4926 5406 4926 4925 4927 5002 4927 4595 4927 5143 4928 5219 4928 5080 4928 5227 4929 5002 4929 4925 4929 5080 4930 5166 4930 4925 4930 3412 4931 3142 4931 3136 4931 4925 4932 4595 4932 4510 4932 4795 4933 4829 4933 4347 4933 4595 4934 4691 4934 4264 4934 5134 4935 5225 4935 4982 4935 4817 4936 4569 4936 4407 4936 4795 4937 4347 4937 4322 4937 3584 4938 3336 4938 3324 4938 2762 4939 2757 4939 2564 4939 2762 4940 3086 4940 2757 4940 2564 4941 2542 4941 2292 4941 2326 4942 2564 4942 2314 4942 1760 4943 2032 4943 1728 4943 1528 4944 1456 4944 1155 4944 1039 4945 875 4945 594 4945 875 4946 749 4946 594 4946 1986 4947 1964 4947 1648 4947 2314 4948 2292 4948 2004 4948 2126 4949 2094 4949 1956 4949 1528 4950 1798 4950 1456 4950 1934 4951 1624 4951 1618 4951 1614 4952 1290 4952 1276 4952 4026 4953 4335 4953 4010 4953 3418 4954 3726 4954 3416 4954 4347 4955 4361 4955 4016 4955 4034 4956 3729 4956 4035 4956 3729 4957 4034 4957 3728 4957 4864 4958 5193 4958 4844 4958 5164 4959 5152 4959 4791 4959 4351 4960 4274 4960 4048 4960 4815 4961 4693 4961 4351 4961 4921 4962 5162 4962 4815 4962 5256 4963 5202 4963 5182 4963 1815 4964 2063 4964 1791 4964 3588 4965 3580 4965 3328 4965 3940 4966 4214 4966 3908 4966 3310 4967 3570 4967 3304 4967 4420 4968 4351 4968 4132 4968 4272 4969 4244 4969 3940 4969 4244 4970 4214 4970 3940 4970 3310 4971 3304 4971 3060 4971 3060 4972 3304 4972 3056 4972 4583 4973 4502 4973 4274 4973 4048 4974 4274 4974 4000 4974 2033 4975 2067 4975 1801 4975 2293 4976 2315 4976 2005 4976 2898 4977 2535 4977 2521 4977 2521 4978 2535 4978 2281 4978 2894 4979 2889 4979 2565 4979 3359 4980 3337 4980 3087 4980 2577 4981 2587 4981 2337 4981 2878 4982 3065 4982 2873 4982 3143 4983 3413 4983 3137 4983 2907 4984 3137 4984 2904 4984 2910 4985 2515 4985 2509 4985 1929 4986 1635 4986 1623 4986 2904 4987 3131 4987 2898 4987 2907 4988 2904 4988 2515 4988 3151 4989 3143 4989 2914 4989 3151 4990 3421 4990 3143 4990 3717 4991 3395 4991 3385 4991 3420 4992 3150 4992 3147 4992 3150 4993 2913 4993 2912 4993 3395 4994 3147 4994 3141 4994 3111 4995 3121 4995 2895 4995 3385 4996 3133 4996 3129 4996 3683 4997 3385 4997 3381 4997 3941 4998 3669 4998 3653 4998 2597 4999 2625 4999 2349 4999 2873 5000 2859 5000 2625 5000 2859 5001 2844 5001 2625 5001 2859 5002 3027 5002 2844 5002 1251 5003 1367 5003 878 5003 2377 5004 2127 5004 2095 5004 2435 5005 2343 5005 2407 5005 2407 5006 2343 5006 2169 5006 2656 5007 2624 5007 2406 5007 2377 5008 2407 5008 2169 5008 2127 5009 2169 5009 2011 5009 2657 5010 2703 5010 2679 5010 2703 5011 2657 5011 2844 5011 4240 5012 4226 5012 4153 5012 4629 5013 4286 5013 4220 5013 3845 5014 3815 5014 3689 5014 3961 5015 3907 5015 3777 5015 3303 5016 3557 5016 3275 5016 3557 5017 3695 5017 3525 5017 3695 5018 3641 5018 3525 5018 4894 5019 4754 5019 4742 5019 3825 5020 3961 5020 3777 5020 4589 5021 4817 5021 4407 5021 5261 5022 5342 5022 5225 5022 5475 5023 5473 5023 5418 5023 5201 5024 5184 5024 5061 5024 4790 5025 4570 5025 4334 5025 4818 5026 4590 5026 4408 5026 1520 5027 1744 5027 1430 5027 2807 5028 3026 5028 2792 5028 3443 5029 3483 5029 3439 5029 3483 5030 3443 5030 3309 5030 2778 5031 2773 5031 2586 5031 3054 5032 3064 5032 2778 5032 3324 5033 3086 5033 3074 5033 3640 5034 3560 5034 3595 5034 3560 5035 3640 5035 3482 5035 3824 5036 3574 5036 3556 5036 1172 5037 1079 5037 1107 5037 1079 5038 1172 5038 1191 5038 3560 5039 3482 5039 3436 5039 3844 5040 3906 5040 3640 5040 4671 5041 4850 5041 4771 5041 4850 5042 4671 5042 4708 5042 4130 5043 4220 5043 3906 5043 4894 5044 5061 5044 4850 5044 4850 5045 4741 5045 4894 5045 4850 5046 4708 5046 4741 5046 4333 5047 4220 5047 4130 5047 3906 5048 3776 5048 3694 5048 749 5049 672 5049 451 5049 594 5050 512 5050 394 5050 512 5051 749 5051 451 5051 512 5052 451 5052 394 5052 749 5053 1073 5053 672 5053 1366 5054 1528 5054 1250 5054 1430 5055 1366 5055 1039 5055 1039 5056 1366 5056 875 5056 1874 5057 2094 5057 1826 5057 4241 5058 4408 5058 4313 5058 4408 5059 4241 5059 4227 5059 928 5060 910 5060 781 5060 928 5061 825 5061 954 5061 825 5062 928 5062 781 5062 857 5063 1099 5063 692 5063 2010 5064 1962 5064 2039 5064 1962 5065 2010 5065 1806 5065 417 5066 453 5066 336 5066 453 5067 379 5067 336 5067 478 5068 494 5068 417 5068 494 5069 453 5069 417 5069 598 5070 613 5070 478 5070 781 5071 613 5071 598 5071 154 5072 213 5072 137 5072 154 5073 137 5073 95 5073 153 5074 167 5074 121 5074 153 5075 121 5075 105 5075 203 5076 205 5076 167 5076 167 5077 205 5077 121 5077 577 5078 452 5078 414 5078 310 5079 274 5079 261 5079 452 5080 513 5080 395 5080 460 5081 454 5081 380 5081 1529 5082 1367 5082 1251 5082 750 5083 878 5083 595 5083 1419 5084 1377 5084 1164 5084 1304 5085 1085 5085 975 5085 2347 5086 2341 5086 2081 5086 1085 5087 751 5087 678 5087 1085 5088 869 5088 751 5088 319 5089 282 5089 226 5089 225 5090 259 5090 212 5090 318 5091 320 5091 277 5091 318 5092 277 5092 225 5092 1982 5093 1998 5093 1710 5093 1998 5094 2016 5094 1710 5094 3418 5095 3149 5095 3419 5095 3149 5096 3418 5096 3148 5096 3128 5097 2751 5097 2748 5097 3364 5098 3652 5098 3352 5098 3110 5099 3352 5099 3102 5099 2746 5100 2748 5100 2522 5100 3110 5101 3102 5101 2756 5101 2748 5102 2751 5102 2522 5102 3682 5103 3952 5103 3668 5103 3716 5104 4010 5104 3696 5104 3696 5105 3682 5105 3384 5105 3146 5106 3394 5106 3140 5106 2530 5107 2286 5107 2276 5107 2522 5108 2530 5108 2276 5108 2504 5109 2234 5109 2230 5109 2504 5110 2256 5110 2234 5110 2266 5111 1954 5111 1934 5111 1968 5112 1698 5112 1656 5112 1640 5113 1656 5113 1320 5113 2522 5114 2270 5114 2266 5114 3412 5115 3419 5115 3142 5115 4361 5116 4028 5116 4016 5116 3136 5117 3142 5117 2741 5117 2508 5118 2501 5118 2231 5118 2230 5119 1921 5119 2231 5119 1921 5120 2230 5120 1920 5120 2500 5121 2231 5121 2501 5121 2231 5122 2500 5122 2230 5122 342 5123 354 5123 215 5123 830 5124 492 5124 485 5124 492 5125 514 5125 342 5125 485 5126 492 5126 342 5126 1320 5127 883 5127 849 5127 1698 5128 1710 5128 1378 5128 566 5129 611 5129 440 5129 963 5130 1021 5130 611 5130 1618 5131 1624 5131 1290 5131 1406 5132 1101 5132 1021 5132 1458 5133 1518 5133 1236 5133 1790 5134 1566 5134 1518 5134 1742 5135 1762 5135 1436 5135 1436 5136 1458 5136 1101 5136 440 5137 314 5137 290 5137 290 5138 314 5138 243 5138 1236 5139 859 5139 753 5139 753 5140 859 5140 516 5140 440 5141 474 5141 359 5141 474 5142 516 5142 359 5142 160 5143 174 5143 145 5143 160 5144 145 5144 129 5144 161 5145 195 5145 130 5145 145 5146 161 5146 130 5146 448 5147 401 5147 319 5147 212 5148 226 5148 174 5148 354 5149 370 5149 262 5149 354 5150 262 5150 241 5150 1827 5151 1875 5151 1691 5151 2095 5152 1875 5152 1827 5152 1875 5153 1957 5153 1745 5153 1957 5154 2011 5154 1745 5154 1875 5155 1745 5155 1691 5155 1367 5156 1431 5156 1040 5156 1963 5157 2011 5157 2049 5157 2011 5158 1963 5158 1807 5158 1323 5159 1100 5159 886 5159 886 5160 1100 5160 693 5160 1616 5161 1923 5161 1617 5161 1923 5162 1616 5162 1922 5162 1923 5163 1929 5163 1623 5163 1623 5164 1635 5164 1295 5164 1619 5165 1922 5165 1616 5165 1649 5166 1387 5166 1333 5166 2263 5167 1965 5167 1943 5167 2521 5168 2281 5168 2269 5168 2521 5169 2269 5169 2263 5169 1567 5170 1791 5170 1519 5170 1459 5171 1763 5171 1437 5171 3129 5172 2903 5172 2900 5172 2541 5173 2531 5173 2287 5173 3103 5174 2891 5174 2888 5174 4566 5175 4215 5175 4193 5175 2347 5176 2591 5176 2341 5176 483 5177 471 5177 434 5177 2081 5178 2341 5178 2071 5178 2891 5179 2895 5179 2549 5179 3381 5180 3385 5180 3129 5180 2257 5181 2505 5181 2235 5181 1999 5182 2287 5182 1983 5182 1999 5183 1983 5183 1711 5183 1955 5184 2267 5184 1935 5184 1925 5185 1922 5185 1619 5185 2235 5186 2232 5186 1925 5186 2505 5187 2502 5187 2232 5187 155 5188 176 5188 122 5188 176 5189 206 5189 122 5189 126 5190 86 5190 76 5190 132 5191 209 5191 125 5191 209 5192 201 5192 125 5192 263 5193 242 5193 159 5193 263 5194 355 5194 242 5194 441 5195 567 5195 404 5195 612 5196 567 5196 441 5196 964 5197 884 5197 567 5197 371 5198 515 5198 355 5198 831 5199 1291 5199 811 5199 831 5200 811 5200 486 5200 1022 5201 964 5201 612 5201 1437 5202 1711 5202 1407 5202 1801 5203 1529 5203 1457 5203 1761 5204 1801 5204 1457 5204 1635 5205 1649 5205 1309 5205 1309 5206 1333 5206 880 5206 1333 5207 1387 5207 880 5207 1987 5208 1705 5208 1649 5208 978 5209 1074 5209 577 5209 1074 5210 673 5210 577 5210 846 5211 880 5211 505 5211 490 5212 333 5212 327 5212 349 5213 228 5213 214 5213 482 5214 490 5214 327 5214 482 5215 806 5215 807 5215 806 5216 482 5216 481 5216 1711 5217 1983 5217 1699 5217 1699 5218 1969 5218 1657 5218 1355 5219 1657 5219 1321 5219 1699 5220 1657 5220 1355 5220 1969 5221 2267 5221 1955 5221 1657 5222 1641 5222 1321 5222 2316 5223 2322 5223 2062 5223 2316 5224 2062 5224 2034 5224 870 5225 752 5225 555 5225 1164 5226 1086 5226 870 5226 471 5227 435 5227 419 5227 358 5228 365 5228 321 5228 705 5229 1102 5229 612 5229 705 5230 612 5230 441 5230 2093 5231 2347 5231 2081 5231 4274 5232 4502 5232 4232 5232 435 5233 365 5233 358 5233 435 5234 423 5234 365 5234 3781 5235 3571 5235 3559 5235 5196 5236 5195 5236 5208 5236 5155 5237 5195 5237 5196 5237 5155 5238 5154 5238 5195 5238 5005 5239 5154 5239 5155 5239 5005 5240 5004 5240 5154 5240 4806 5241 5004 5241 5005 5241 4806 5242 4805 5242 5004 5242 4503 5243 4805 5243 4806 5243 4503 5244 4502 5244 4805 5244 4233 5245 4502 5245 4503 5245 4233 5246 4232 5246 4502 5246 4001 5247 4232 5247 4233 5247 4001 5248 4000 5248 4232 5248 3781 5249 4000 5249 4001 5249 3781 5250 3780 5250 4000 5250 3559 5251 3780 5251 3781 5251 3559 5252 3558 5252 3780 5252 3305 5253 3558 5253 3559 5253 3305 5254 3304 5254 3558 5254 3057 5255 3304 5255 3305 5255 3057 5256 3056 5256 3304 5256 2874 5257 3056 5257 3057 5257 2874 5258 2777 5258 3056 5258 2595 5259 2777 5259 2874 5259 2595 5260 2594 5260 2777 5260 2347 5261 2594 5261 2595 5261 2347 5262 2346 5262 2594 5262 2093 5263 2346 5263 2347 5263 2093 5264 2092 5264 2346 5264 1871 5265 2092 5265 2093 5265 1871 5266 1870 5266 2092 5266 1651 5267 1870 5267 1871 5267 1651 5268 1650 5268 1870 5268 1419 5269 1650 5269 1651 5269 1419 5270 1418 5270 1650 5270 1164 5271 1418 5271 1419 5271 1164 5272 1163 5272 1418 5272 870 5273 1163 5273 1164 5273 870 5274 869 5274 1163 5274 671 5275 869 5275 870 5275 671 5276 670 5276 869 5276 525 5277 670 5277 671 5277 525 5278 524 5278 670 5278 484 5279 524 5279 525 5279 484 5280 483 5280 524 5280 483 5281 484 5281 471 5281 5554 5282 5478 5282 5465 5282 5465 5283 5346 5283 5330 5283 5197 5284 5353 5284 5352 5284 5353 5285 5197 5285 5198 5285 5520 5286 5549 5286 5501 5286 5435 5287 5491 5287 5397 5287 5162 5288 5231 5288 5104 5288 5398 5289 5320 5289 5279 5289 5590 5290 5601 5290 5536 5290 5360 5291 5401 5291 5358 5291 5346 5292 5353 5292 5189 5292 5330 5293 5346 5293 5189 5293 4693 5294 4996 5294 4583 5294 4996 5295 4923 5295 4583 5295 3079 5296 3085 5296 2888 5296 3635 5297 3653 5297 3353 5297 3061 5298 3071 5298 2881 5298 3321 5299 3071 5299 3061 5299 4001 5300 4049 5300 3781 5300 4274 5301 4232 5301 4000 5301 5257 5302 5317 5302 5183 5302 4806 5303 4924 5303 4584 5303 5196 5304 5245 5304 5155 5304 4584 5305 4694 5305 4352 5305 3781 5306 3801 5306 3571 5306 3581 5307 3329 5307 3321 5307 5276 5308 5309 5308 5153 5308 5239 5309 5276 5309 5113 5309 3727 5310 3730 5310 3420 5310 4366 5311 4036 5311 4033 5311 4366 5312 4379 5312 4036 5312 5194 5313 5199 5313 4870 5313 4027 5314 4033 5314 3717 5314 4033 5315 3727 5315 3717 5315 5389 5316 5417 5316 5276 5316 5337 5317 5351 5317 5194 5317 4694 5318 4816 5318 4352 5318 4997 5319 5105 5319 4694 5319 4922 5320 4971 5320 4566 5320 5239 5321 5064 5321 4971 5321 5155 5322 5203 5322 5125 5322 5105 5323 4816 5323 4694 5323 5203 5324 5183 5324 5125 5324 5183 5325 5232 5325 4997 5325 5244 5326 5195 5326 5154 5326 5315 5327 5257 5327 5245 5327 1871 5328 2081 5328 1851 5328 5550 5329 5521 5329 5502 5329 5436 5330 5389 5330 5365 5330 5555 5331 5479 5331 5471 5331 5548 5332 5555 5332 5471 5332 5606 5333 5594 5333 5556 5333 5542 5334 5584 5334 5525 5334 5548 5335 5471 5335 5464 5335 5471 5336 5479 5336 5351 5336 4983 5337 5135 5337 4959 5337 5355 5338 5347 5338 5190 5338 4348 5339 4796 5339 4323 5339 4692 5340 4596 5340 4265 5340 3585 5341 3575 5341 3315 5341 3891 5342 4195 5342 3853 5342 4036 5343 4380 5343 4037 5343 4380 5344 4036 5344 4379 5344 3389 5345 3687 5345 3383 5345 3087 5346 3325 5346 3075 5346 3143 5347 3137 5347 2910 5347 3371 5348 3359 5348 3109 5348 5398 5349 5436 5349 5365 5349 5550 5350 5502 5350 5485 5350 1622 5351 1615 5351 1294 5351 1942 5352 2262 5352 1928 5352 5312 5353 5330 5353 5174 5353 5451 5354 5330 5354 5312 5354 5382 5355 5265 5355 5227 5355 5382 5356 5312 5356 5265 5356 5475 5357 5511 5357 5473 5357 5226 5358 5185 5358 5135 5358 5369 5359 5284 5359 5219 5359 5284 5360 5338 5360 5227 5360 4982 5361 4943 5361 4789 5361 4629 5362 4797 5362 4286 5362 5312 5363 5156 5363 5102 5363 5102 5364 5156 5364 4795 5364 4286 5365 4122 5365 4056 5365 5002 5366 5102 5366 4595 5366 4056 5367 4122 5367 3850 5367 3824 5368 3850 5368 3574 5368 3686 5369 3708 5369 3388 5369 4361 5370 4035 5370 4028 5370 4943 5371 4629 5371 4451 5371 4943 5372 5080 5372 4629 5372 2336 5373 2576 5373 2326 5373 2596 5374 2586 5374 2336 5374 2292 5375 2280 5375 2004 5375 2314 5376 2564 5376 2292 5376 1250 5377 1528 5377 1155 5377 1155 5378 1073 5378 749 5378 1704 5379 1986 5379 1648 5379 2262 5380 2238 5380 1928 5380 1798 5381 2032 5381 1760 5381 1798 5382 1760 5382 1456 5382 1826 5383 2076 5383 1798 5383 2094 5384 2076 5384 1826 5384 1290 5385 808 5385 804 5385 1290 5386 830 5386 808 5386 4365 5387 4844 5387 4355 5387 3726 5388 4032 5388 3716 5388 4355 5389 4335 5389 4026 5389 3726 5390 3716 5390 3416 5390 4860 5391 4378 5391 4361 5391 4860 5392 4361 5392 4347 5392 5152 5393 5112 5393 4791 5393 4272 5394 4705 5394 4244 5394 5308 5395 5416 5395 5275 5395 5553 5396 5600 5396 5547 5396 4844 5397 5164 5397 4825 5397 4844 5398 4825 5398 4335 5398 4420 5399 4815 5399 4351 5399 4693 5400 4583 5400 4351 5400 5182 5401 5202 5401 5124 5401 5204 5402 5319 5402 5162 5402 5182 5403 5124 5403 4996 5403 4996 5404 5124 5404 4923 5404 4233 5405 4275 5405 4001 5405 4791 5406 4705 5406 4272 5406 4300 5407 4272 5407 3952 5407 4214 5408 4192 5408 3888 5408 4192 5409 4420 5409 4132 5409 4647 5410 4565 5410 4244 5410 4647 5411 5063 5411 4565 5411 4300 5412 4791 5412 4272 5412 3952 5413 4272 5413 3940 5413 4084 5414 4048 5414 3836 5414 4084 5415 4351 5415 4048 5415 3836 5416 3800 5416 3570 5416 3320 5417 3580 5417 3310 5417 3570 5418 3558 5418 3304 5418 2565 5419 2577 5419 2327 5419 2315 5420 2327 5420 2067 5420 3117 5421 3109 5421 2894 5421 2565 5422 2315 5422 2293 5422 2543 5423 2565 5423 2293 5423 2543 5424 2293 5424 2281 5424 2898 5425 3117 5425 2894 5425 2898 5426 2894 5426 2535 5426 3055 5427 3303 5427 3027 5427 3891 5428 3853 5428 3619 5428 3131 5429 3117 5429 2898 5429 3117 5430 3371 5430 3109 5430 3137 5431 3131 5431 2904 5431 3137 5432 3389 5432 3131 5432 2913 5433 3151 5433 2914 5433 3151 5434 2913 5434 3150 5434 3395 5435 3417 5435 3147 5435 3717 5436 3417 5436 3395 5436 2903 5437 2905 5437 2523 5437 2905 5438 2909 5438 2519 5438 3395 5439 3141 5439 3133 5439 3133 5440 3141 5440 2909 5440 3653 5441 3365 5441 3353 5441 3365 5442 3121 5442 3111 5442 3365 5443 3375 5443 3121 5443 2900 5444 2903 5444 2523 5444 4011 5445 3697 5445 3683 5445 3697 5446 3717 5446 3385 5446 2625 5447 2407 5447 2377 5447 2625 5448 2377 5448 2349 5448 2878 5449 2587 5449 2577 5449 2873 5450 2625 5450 2597 5450 3309 5451 3245 5451 3483 5451 3309 5452 3219 5452 3245 5452 3525 5453 3483 5453 3275 5453 2077 5454 1827 5454 1801 5454 2095 5455 1957 5455 1875 5455 1963 5456 1839 5456 1807 5456 4772 5457 4672 5457 4620 5457 824 5458 903 5458 613 5458 3275 5459 3245 5459 3027 5459 3027 5460 2995 5460 2844 5460 3695 5461 3907 5461 3641 5461 3777 5462 3907 5462 3695 5462 4227 5463 4163 5463 4059 5463 5135 5464 5062 5464 4959 5464 4570 5465 4408 5465 4334 5465 4123 5466 4057 5466 3853 5466 3209 5467 3244 5467 3122 5467 3483 5468 3561 5468 3439 5468 5261 5469 5225 5469 5184 5469 5419 5470 5370 5470 5339 5470 5262 5471 5282 5471 5201 5471 4790 5472 4983 5472 4570 5472 2778 5473 3064 5473 2773 5473 2994 5474 3026 5474 2807 5474 1608 5475 1750 5475 1806 5475 1750 5476 1608 5476 1671 5476 2348 5477 2336 5477 2094 5477 2348 5478 2596 5478 2336 5478 2342 5479 2425 5479 2406 5479 2342 5480 2406 5480 2168 5480 2792 5481 2778 5481 2624 5481 2576 5482 2564 5482 2326 5482 3074 5483 3086 5483 2769 5483 2773 5484 2769 5484 2576 5484 3722 5485 3419 5485 3412 5485 4264 5486 3946 5486 3922 5486 3324 5487 3336 5487 3086 5487 3556 5488 3314 5488 3302 5488 3274 5489 3302 5489 3026 5489 997 5490 1042 5490 903 5490 3805 5491 3844 5491 3688 5491 1481 5492 1424 5492 1410 5492 1608 5493 1806 5493 1520 5493 4226 5494 4130 5494 4042 5494 4226 5495 4058 5495 4153 5495 4226 5496 4333 5496 4130 5496 4042 5497 4130 5497 3844 5497 4671 5498 4771 5498 4610 5498 4407 5499 4383 5499 4589 5499 4383 5500 4407 5500 4303 5500 672 5501 1073 5501 576 5501 1073 5502 977 5502 576 5502 1424 5503 1322 5503 1248 5503 1424 5504 1520 5504 1322 5504 1956 5505 2094 5505 1874 5505 2168 5506 2126 5506 2010 5506 4754 5507 4894 5507 4741 5507 824 5508 997 5508 903 5508 997 5509 824 5509 944 5509 824 5510 927 5510 944 5510 927 5511 824 5511 781 5511 1079 5512 857 5512 716 5512 716 5513 857 5513 692 5513 4485 5514 4590 5514 4560 5514 4590 5515 4485 5515 4471 5515 452 5516 395 5516 341 5516 367 5517 414 5517 297 5517 256 5518 297 5518 206 5518 414 5519 452 5519 297 5519 1074 5520 750 5520 673 5520 673 5521 750 5521 452 5521 1602 5522 1376 5522 1304 5522 1304 5523 1376 5523 1085 5523 2508 5524 2738 5524 2501 5524 3142 5525 3149 5525 2738 5525 3146 5526 3140 5526 2739 5526 3132 5527 2746 5527 2742 5527 3418 5528 3416 5528 3146 5528 3416 5529 3394 5529 3146 5529 3668 5530 3652 5530 3364 5530 3120 5531 2756 5531 2751 5531 3580 5532 3570 5532 3310 5532 3334 5533 3328 5533 3078 5533 3668 5534 3940 5534 3652 5534 3384 5535 3380 5535 3128 5535 2234 5536 2256 5536 1934 5536 2234 5537 1934 5537 1924 5537 2744 5538 3136 5538 2741 5538 2747 5539 2744 5539 2514 5539 2741 5540 3142 5540 2738 5540 2262 5541 2514 5541 2238 5541 2280 5542 2520 5542 2268 5542 1634 5543 1928 5543 1622 5543 1300 5544 1320 5544 830 5544 1320 5545 849 5545 830 5545 1378 5546 963 5546 883 5546 883 5547 963 5547 566 5547 2016 5548 1762 5548 1742 5548 1710 5549 1406 5549 1378 5549 704 5550 753 5550 516 5550 1101 5551 753 5551 704 5551 1762 5552 1790 5552 1518 5552 1762 5553 1518 5553 1458 5553 1710 5554 1742 5554 1436 5554 1762 5555 1458 5555 1436 5555 195 5556 291 5556 178 5556 195 5557 178 5557 130 5557 401 5558 517 5558 360 5558 401 5559 360 5559 282 5559 363 5560 448 5560 319 5560 226 5561 188 5561 174 5561 259 5562 278 5562 226 5562 259 5563 226 5563 212 5563 1529 5564 1251 5564 1156 5564 1156 5565 1251 5565 878 5565 2067 5566 2077 5566 1801 5566 2077 5567 2095 5567 1827 5567 1807 5568 1609 5568 1521 5568 1691 5569 1745 5569 1431 5569 2011 5570 1807 5570 1745 5570 1431 5571 1521 5571 1323 5571 2509 5572 2515 5572 2239 5572 2509 5573 2239 5573 2233 5573 2232 5574 2503 5574 2233 5574 2503 5575 2232 5575 2502 5575 1929 5576 1943 5576 1635 5576 1923 5577 1623 5577 1617 5577 2063 5578 2035 5578 1763 5578 1791 5579 2063 5579 1763 5579 1519 5580 1763 5580 1459 5580 1791 5581 1763 5581 1519 5581 3121 5582 3129 5582 2900 5582 3121 5583 2900 5583 2895 5583 2071 5584 2323 5584 2063 5584 2573 5585 2567 5585 2317 5585 2573 5586 2888 5586 2567 5586 2505 5587 2912 5587 2502 5587 2912 5588 2913 5588 2502 5588 1969 5589 1955 5589 1641 5589 2277 5590 2271 5590 1983 5590 1922 5591 2233 5591 1923 5591 2233 5592 1922 5592 2232 5592 2267 5593 2257 5593 1935 5593 2523 5594 2519 5594 2267 5594 1301 5595 1625 5595 1291 5595 1935 5596 1925 5596 1619 5596 2257 5597 2235 5597 1935 5597 1935 5598 2235 5598 1925 5598 333 5599 349 5599 214 5599 333 5600 214 5600 202 5600 256 5601 206 5601 176 5601 256 5602 176 5602 155 5602 567 5603 527 5603 404 5603 404 5604 371 5604 263 5604 404 5605 527 5605 371 5605 527 5606 515 5606 371 5606 884 5607 850 5607 515 5607 884 5608 1321 5608 850 5608 1022 5609 1407 5609 964 5609 1162 5610 1459 5610 1102 5610 2315 5611 2033 5611 2005 5611 1729 5612 1457 5612 1417 5612 1417 5613 1457 5613 1074 5613 1729 5614 1761 5614 1457 5614 1965 5615 1987 5615 1649 5615 1943 5616 1965 5616 1649 5616 880 5617 577 5617 523 5617 880 5618 523 5618 505 5618 1309 5619 846 5619 815 5619 815 5620 846 5620 505 5620 490 5621 349 5621 333 5621 490 5622 505 5622 349 5622 1625 5623 1935 5623 1619 5623 1641 5624 1935 5624 1625 5624 1377 5625 1603 5625 1305 5625 1419 5626 1651 5626 1377 5626 1305 5627 1237 5627 860 5627 976 5628 1305 5628 860 5628 752 5629 679 5629 555 5629 555 5630 679 5630 497 5630 554 5631 670 5631 524 5631 869 5632 670 5632 554 5632 3800 5633 3780 5633 3570 5633 3800 5634 4048 5634 3780 5634 5541 5635 5554 5635 5465 5635 5614 5636 5604 5636 5593 5636 5553 5637 5604 5637 5603 5637 5604 5638 5553 5638 5554 5638 5547 5639 5535 5639 5463 5639 5589 5640 5579 5640 5535 5640 5463 5641 5520 5641 5437 5641 5275 5642 5238 5642 5112 5642 4815 5643 5104 5643 4693 5643 5104 5644 4996 5644 4693 5644 5591 5645 5609 5645 5580 5645 5484 5646 5518 5646 5435 5646 5204 5647 5162 5647 4970 5647 4970 5648 5162 5648 4921 5648 3079 5649 2885 5649 2881 5649 3079 5650 2888 5650 2885 5650 4806 5651 4584 5651 4503 5651 4503 5652 4584 5652 4275 5652 3571 5653 3581 5653 3311 5653 3581 5654 3321 5654 3311 5654 5464 5655 5337 5655 5325 5655 4845 5656 4867 5656 4366 5656 4301 5657 4336 5657 3995 5657 5064 5658 4706 5658 4648 5658 5113 5659 4792 5659 4706 5659 4792 5660 4826 5660 4336 5660 4870 5661 4379 5661 4366 5661 5325 5662 5337 5662 5165 5662 4352 5663 4085 5663 4049 5663 3837 5664 3581 5664 3571 5664 4816 5665 4922 5665 4421 5665 4922 5666 4505 5666 4421 5666 5163 5667 4971 5667 4922 5667 4922 5668 4566 5668 4505 5668 5125 5669 5183 5669 4997 5669 5125 5670 4997 5670 4924 5670 5260 5671 5321 5671 5245 5671 5360 5672 5358 5672 5316 5672 5612 5673 5613 5673 5605 5673 5104 5674 5231 5674 4996 5674 5417 5675 5309 5675 5276 5675 5417 5676 5325 5676 5309 5676 5331 5677 5452 5677 5313 5677 4796 5678 5103 5678 4692 5678 5601 5679 5555 5679 5548 5679 5601 5680 5548 5680 5536 5680 5003 5681 5228 5681 4926 5681 5103 5682 5003 5682 4596 5682 4221 5683 4334 5683 4131 5683 4944 5684 4790 5684 4452 5684 5190 5685 5175 5685 4861 5685 5200 5686 5190 5686 4861 5686 4017 5687 4003 5687 3709 5687 4348 5688 4323 5688 4003 5688 4195 5689 4511 5689 4123 5689 4796 5690 4692 5690 4265 5690 4195 5691 4123 5691 3853 5691 4123 5692 4287 5692 4057 5692 3575 5693 3557 5693 3315 5693 3825 5694 3777 5694 3557 5694 4029 5695 4362 5695 4017 5695 4362 5696 4348 5696 4017 5696 3665 5697 3923 5697 3647 5697 3647 5698 3619 5698 3337 5698 3709 5699 3687 5699 3389 5699 3687 5700 3665 5700 3371 5700 3359 5701 3647 5701 3337 5701 3131 5702 3371 5702 3117 5702 5518 5703 5505 5703 5491 5703 5467 5704 5505 5704 5454 5704 5361 5705 5279 5705 5232 5705 5361 5706 5398 5706 5279 5706 5320 5707 5365 5707 5239 5707 5398 5708 5365 5708 5320 5708 5492 5709 5436 5709 5398 5709 5505 5710 5519 5710 5492 5710 1622 5711 1921 5711 1615 5711 1942 5712 1928 5712 1634 5712 5406 5713 5363 5713 5343 5713 5524 5714 5541 5714 5465 5714 5473 5715 5423 5715 5382 5715 5593 5716 5604 5716 5554 5716 5219 5717 5284 5717 5080 5717 5405 5718 5418 5718 5369 5718 5338 5719 5382 5719 5227 5719 5473 5720 5503 5720 5423 5720 5156 5721 5174 5721 4795 5721 5312 5722 5174 5722 5156 5722 4595 5723 4234 5723 4194 5723 3646 5724 3664 5724 3370 5724 5284 5725 5227 5725 5166 5725 5284 5726 5166 5726 5080 5726 4797 5727 4925 5727 4510 5727 5080 5728 4925 5728 4797 5728 4194 5729 3890 5729 3850 5729 3584 5730 3324 5730 3314 5730 4264 5731 4322 5731 4002 5731 3336 5732 3358 5732 3086 5732 4795 5733 4322 5733 4264 5733 4691 5734 4795 5734 4264 5734 2032 5735 2314 5735 2004 5735 2292 5736 2542 5736 2280 5736 1986 5737 2280 5737 1964 5737 1648 5738 1942 5738 1634 5738 1728 5739 1704 5739 1386 5739 1704 5740 1648 5740 1386 5740 1594 5741 1528 5741 1366 5741 1594 5742 1798 5742 1528 5742 4355 5743 4844 5743 4335 5743 4032 5744 4365 5744 4026 5744 4377 5745 4868 5745 4365 5745 4377 5746 4365 5746 4034 5746 3716 5747 3696 5747 3384 5747 3994 5748 3952 5748 3682 5748 4365 5749 4355 5749 4026 5749 3728 5750 3726 5750 3418 5750 5164 5751 5308 5751 5152 5751 5308 5752 5275 5752 5152 5752 5463 5753 5437 5753 5324 5753 5437 5754 5520 5754 5416 5754 5547 5755 5600 5755 5535 5755 5193 5756 5186 5756 4844 5756 5186 5757 5164 5757 4844 5757 5124 5758 5004 5758 4805 5758 4351 5759 4583 5759 4274 5759 4583 5760 4805 5760 4502 5760 3940 5761 3908 5761 3634 5761 3888 5762 3860 5762 3588 5762 4565 5763 4921 5763 4504 5763 4565 5764 4504 5764 4192 5764 4705 5765 4647 5765 4244 5765 4705 5766 5063 5766 4647 5766 4010 5767 3994 5767 3682 5767 3696 5768 4010 5768 3682 5768 1987 5769 2005 5769 1729 5769 2315 5770 2067 5770 2033 5770 3325 5771 3585 5771 3315 5771 3337 5772 3585 5772 3325 5772 2883 5773 2577 5773 2565 5773 2883 5774 2878 5774 2577 5774 3325 5775 3315 5775 3075 5775 3315 5776 3303 5776 3055 5776 3417 5777 3420 5777 3147 5777 3727 5778 3420 5778 3417 5778 2267 5779 2519 5779 2257 5779 2519 5780 2511 5780 2257 5780 4566 5781 4245 5781 4215 5781 3335 5782 3353 5782 3103 5782 3353 5783 3111 5783 3103 5783 3103 5784 3111 5784 2895 5784 3375 5785 3129 5785 3121 5785 3375 5786 3381 5786 3129 5786 4133 5787 3889 5787 3861 5787 3889 5788 3909 5788 3635 5788 4011 5789 4027 5789 3717 5789 4301 5790 3995 5790 3953 5790 2587 5791 2597 5791 2337 5791 2597 5792 2349 5792 2337 5792 3065 5793 3315 5793 3055 5793 3065 5794 3055 5794 2873 5794 4384 5795 4408 5795 4590 5795 4408 5796 4384 5796 4313 5796 2949 5797 2995 5797 2975 5797 2995 5798 2949 5798 2844 5798 3245 5799 3219 5799 3123 5799 4221 5800 4131 5800 3907 5800 3961 5801 4221 5801 3907 5801 5135 5802 5185 5802 5062 5802 5185 5803 5201 5803 5062 5803 4818 5804 4959 5804 4590 5804 4983 5805 4959 5805 4818 5805 4059 5806 4043 5806 4227 5806 4043 5807 4059 5807 3973 5807 4131 5808 4227 5808 4043 5808 5285 5809 5370 5809 5222 5809 5228 5810 5285 5810 5167 5810 4559 5811 4610 5811 4771 5811 4559 5812 4771 5812 4589 5812 4407 5813 4569 5813 4333 5813 5342 5814 5405 5814 5299 5814 5363 5815 5405 5815 5342 5815 4983 5816 4818 5816 4570 5816 4570 5817 4818 5817 4408 5817 5144 5818 4983 5818 4944 5818 5222 5819 5226 5819 5144 5819 2201 5820 2168 5820 2210 5820 2168 5821 2201 5821 2342 5821 2792 5822 3026 5822 2778 5822 1608 5823 1592 5823 1671 5823 1592 5824 1608 5824 1424 5824 2624 5825 2596 5825 2348 5825 2576 5826 2769 5826 2564 5826 2769 5827 2762 5827 2564 5827 3064 5828 3074 5828 2773 5828 3314 5829 3074 5829 3064 5829 3850 5830 3890 5830 3618 5830 3850 5831 3618 5831 3584 5831 2753 5832 3130 5832 2747 5832 4002 5833 3686 5833 3664 5833 4056 5834 3850 5834 3824 5834 3960 5835 4056 5835 3824 5835 3906 5836 3694 5836 3640 5836 3640 5837 3694 5837 3524 5837 3302 5838 3314 5838 3054 5838 1807 5839 1839 5839 1751 5839 2994 5840 3122 5840 3244 5840 3122 5841 2994 5841 2965 5841 4620 5842 4560 5842 4772 5842 4772 5843 4560 5843 4590 5843 4333 5844 4451 5844 4220 5844 4451 5845 4629 5845 4220 5845 4042 5846 4058 5846 4226 5846 4058 5847 4042 5847 3963 5847 4042 5848 3900 5848 3963 5848 3900 5849 4042 5849 3844 5849 4958 5850 4817 5850 4589 5850 4468 5851 4589 5851 4383 5851 1416 5852 1728 5852 1386 5852 1456 5853 1728 5853 1416 5853 1250 5854 1155 5854 875 5854 875 5855 1155 5855 749 5855 2425 5856 2528 5856 2406 5856 4227 5857 4241 5857 4163 5857 1248 5858 1410 5858 1424 5858 1410 5859 1248 5859 1335 5859 1248 5860 1272 5860 1335 5860 1272 5861 1248 5861 1079 5861 1744 5862 1874 5862 1690 5862 1874 5863 1826 5863 1690 5863 2126 5864 2376 5864 2094 5864 2376 5865 2348 5865 2094 5865 2010 5866 2090 5866 2168 5866 2090 5867 2010 5867 2039 5867 1248 5868 1099 5868 857 5868 1079 5869 1248 5869 857 5869 595 5870 460 5870 395 5870 395 5871 460 5871 310 5871 750 5872 595 5872 513 5872 750 5873 513 5873 452 5873 341 5874 261 5874 206 5874 341 5875 310 5875 261 5875 4028 5876 3729 5876 3722 5876 4016 5877 4028 5877 3722 5877 3132 5878 3384 5878 3128 5878 3132 5879 3128 5879 2746 5879 3140 5880 3132 5880 2742 5880 3140 5881 3394 5881 3132 5881 3102 5882 3084 5882 2763 5882 3078 5883 2770 5883 2766 5883 3120 5884 3110 5884 2756 5884 3374 5885 3668 5885 3364 5885 3320 5886 3310 5886 3060 5886 3078 5887 3070 5887 2770 5887 3580 5888 3836 5888 3570 5888 3908 5889 4214 5889 3888 5889 3652 5890 3940 5890 3634 5890 3652 5891 3634 5891 3352 5891 1624 5892 1320 5892 1300 5892 1982 5893 1710 5893 1698 5893 2514 5894 2741 5894 2508 5894 2238 5895 2508 5895 2231 5895 2514 5896 2508 5896 2238 5896 2753 5897 2747 5897 2520 5897 1320 5898 1354 5898 883 5898 1354 5899 1378 5899 883 5899 1710 5900 1436 5900 1406 5900 1406 5901 1436 5901 1101 5901 497 5902 448 5902 363 5902 423 5903 497 5903 363 5903 1801 5904 1827 5904 1595 5904 1827 5905 1691 5905 1595 5905 1521 5906 1425 5906 1323 5906 1521 5907 1609 5907 1425 5907 2239 5908 2263 5908 1929 5908 2233 5909 2239 5909 1929 5909 2017 5910 2299 5910 1999 5910 1763 5911 1743 5911 1437 5911 2531 5912 2900 5912 2523 5912 2895 5913 2900 5913 2531 5913 1851 5914 1815 5914 1603 5914 2093 5915 2081 5915 1871 5915 2341 5916 2591 5916 2331 5916 2581 5917 2573 5917 2331 5917 2581 5918 2881 5918 2573 5918 2591 5919 2581 5919 2331 5919 2323 5920 2317 5920 2063 5920 2323 5921 2573 5921 2317 5921 2035 5922 2299 5922 2017 5922 2299 5923 2287 5923 1999 5923 2567 5924 2888 5924 2549 5924 2567 5925 2549 5925 2317 5925 3141 5926 2912 5926 2909 5926 2909 5927 2912 5927 2511 5927 1983 5928 2271 5928 1969 5928 1983 5929 1969 5929 1699 5929 214 5930 138 5930 126 5930 214 5931 155 5931 138 5931 1355 5932 1321 5932 884 5932 964 5933 1379 5933 884 5933 1102 5934 1407 5934 1022 5934 1437 5935 1407 5935 1102 5935 1457 5936 1156 5936 1074 5936 1457 5937 1529 5937 1156 5937 523 5938 577 5938 367 5938 505 5939 523 5939 367 5939 1164 5940 1377 5940 1086 5940 1377 5941 1305 5941 1086 5941 679 5942 575 5942 448 5942 679 5943 976 5943 575 5943 476 5944 434 5944 422 5944 476 5945 524 5945 434 5945 5600 5946 5612 5946 5589 5946 5600 5947 5589 5947 5535 5947 5609 5948 5612 5948 5590 5948 5609 5949 5591 5949 5579 5949 5238 5950 5204 5950 4970 5950 5238 5951 5319 5951 5204 5951 5063 5952 4970 5952 4565 5952 4970 5953 4921 5953 4565 5953 5505 5954 5467 5954 5453 5954 5278 5955 5231 5955 5162 5955 5397 5956 5453 5956 5360 5956 5518 5957 5491 5957 5435 5957 5278 5958 5360 5958 5231 5958 5360 5959 5316 5959 5231 5959 3071 5960 3079 5960 2881 5960 3321 5961 3079 5961 3071 5961 5464 5962 5471 5962 5351 5962 5464 5963 5351 5963 5337 5963 5165 5964 4845 5964 4826 5964 5165 5965 5187 5965 4845 5965 5337 5966 5187 5966 5165 5966 5309 5967 5325 5967 5165 5967 4336 5968 4027 5968 4011 5968 4336 5969 4356 5969 4027 5969 4826 5970 4845 5970 4336 5970 4845 5971 4356 5971 4336 5971 4049 5972 4085 5972 3837 5972 4049 5973 3837 5973 3801 5973 4421 5974 4193 5974 4133 5974 4352 5975 4421 5975 4133 5975 5320 5976 5239 5976 5205 5976 5320 5977 5205 5977 5163 5977 5205 5978 5239 5978 4971 5978 5163 5979 5205 5979 4971 5979 5232 5980 5163 5980 5105 5980 5232 5981 5105 5981 4997 5981 5321 5982 5359 5982 5315 5982 5377 5983 5359 5983 5321 5983 5550 5984 5580 5984 5521 5984 5580 5985 5536 5985 5521 5985 5521 5986 5438 5986 5417 5986 5502 5987 5521 5987 5417 5987 5424 5988 5383 5988 5313 5988 5266 5989 5228 5989 5103 5989 4926 5990 4800 5990 4511 5990 4596 5991 4926 5991 4511 5991 4037 5992 4362 5992 4029 5992 5331 5993 5313 5993 5175 5993 4323 5994 4265 5994 4003 5994 4323 5995 4796 5995 4265 5995 3947 5996 3923 5996 3665 5996 3947 5997 4265 5997 3923 5997 5103 5998 5228 5998 5003 5998 5175 5999 5157 5999 4796 5999 4596 6000 4511 6000 4195 6000 4265 6001 4235 6001 3923 6001 4800 6002 4630 6002 4287 6002 4287 6003 4630 6003 4221 6003 4057 6004 4221 6004 3961 6004 3585 6005 3853 6005 3575 6005 3421 6006 3723 6006 3413 6006 3413 6007 3723 6007 3389 6007 4029 6008 4017 6008 3723 6008 3723 6009 4017 6009 3709 6009 3619 6010 3585 6010 3337 6010 3853 6011 3825 6011 3575 6011 3383 6012 3371 6012 3131 6012 3383 6013 3687 6013 3371 6013 5402 6014 5454 6014 5361 6014 5420 6015 5402 6015 5359 6015 5591 6016 5580 6016 5550 6016 5453 6017 5467 6017 5420 6017 5519 6018 5485 6018 5436 6018 5519 6019 5550 6019 5485 6019 5262 6020 5201 6020 5185 6020 5383 6021 5339 6021 5228 6021 5606 6022 5614 6022 5594 6022 5525 6023 5504 6023 5424 6023 5503 6024 5524 6024 5423 6024 5524 6025 5451 6025 5423 6025 5486 6026 5511 6026 5475 6026 5476 6027 5486 6027 5406 6027 4982 6028 5143 6028 4943 6028 5143 6029 5080 6029 4943 6029 4405 6030 4510 6030 4122 6030 4510 6031 4194 6031 4122 6031 4194 6032 3922 6032 3890 6032 3922 6033 3664 6033 3646 6033 4002 6034 3708 6034 3686 6034 3664 6035 3686 6035 3370 6035 3722 6036 3729 6036 3419 6036 4028 6037 4035 6037 3729 6037 4002 6038 4016 6038 3708 6038 4347 6039 4016 6039 4002 6039 2004 6040 1986 6040 1728 6040 2004 6041 2280 6041 1986 6041 1928 6042 1921 6042 1622 6042 1928 6043 2231 6043 1921 6043 1964 6044 1942 6044 1648 6044 1964 6045 2262 6045 1942 6045 1690 6046 1594 6046 1430 6046 1430 6047 1594 6047 1366 6047 4825 6048 4791 6048 4335 6048 4825 6049 5164 6049 4791 6049 4034 6050 4365 6050 4032 6050 4034 6051 4032 6051 3728 6051 3682 6052 3668 6052 3380 6052 3384 6053 3682 6053 3380 6053 5336 6054 5463 6054 5324 6054 5336 6055 5324 6055 5164 6055 5477 6056 5553 6056 5470 6056 5535 6057 5520 6057 5463 6057 5477 6058 5470 6058 5350 6058 5352 6059 5477 6059 5350 6059 5388 6060 5364 6060 5238 6060 5501 6061 5484 6061 5388 6061 5350 6062 5336 6062 5193 6062 5350 6063 5463 6063 5336 6063 3908 6064 3888 6064 3634 6064 3634 6065 3888 6065 3616 6065 4504 6066 4420 6066 4192 6066 4504 6067 4921 6067 4420 6067 4335 6068 4300 6068 3994 6068 4010 6069 4335 6069 3994 6069 2005 6070 2033 6070 1729 6070 2033 6071 1761 6071 1729 6071 3575 6072 3825 6072 3557 6072 3619 6073 3853 6073 3585 6073 3329 6074 3335 6074 3079 6074 3335 6075 3085 6075 3079 6075 3589 6076 3335 6076 3329 6076 3617 6077 3353 6077 3335 6077 4336 6078 4011 6078 3995 6078 4566 6079 4648 6079 4245 6079 2873 6080 2597 6080 2587 6080 2878 6081 2873 6081 2587 6081 3075 6082 3315 6082 3065 6082 3075 6083 3065 6083 2878 6083 3123 6084 2995 6084 3245 6084 2995 6085 3123 6085 2975 6085 3027 6086 3245 6086 2995 6086 4742 6087 4851 6087 4894 6087 4718 6088 4851 6088 4742 6088 5062 6089 5077 6089 4894 6089 5144 6090 5226 6090 4983 6090 5226 6091 5135 6091 4983 6091 2994 6092 2948 6092 2965 6092 2948 6093 2994 6093 2807 6093 4131 6094 4043 6094 3845 6094 3901 6095 4043 6095 3973 6095 4043 6096 3901 6096 3845 6096 4944 6097 4983 6097 4790 6097 4452 6098 4334 6098 4221 6098 5062 6099 4851 6099 4772 6099 4672 6100 4851 6100 4718 6100 4851 6101 4672 6101 4772 6101 1424 6102 1481 6102 1592 6102 5342 6103 5299 6103 5225 6103 5225 6104 5299 6104 5219 6104 5299 6105 5369 6105 5219 6105 5405 6106 5369 6106 5299 6106 3482 6107 3524 6107 3274 6107 3026 6108 3054 6108 2778 6108 3302 6109 3054 6109 3026 6109 3244 6110 3274 6110 3026 6110 3584 6111 3618 6111 3336 6111 3618 6112 3646 6112 3336 6112 3358 6113 3370 6113 3108 6113 3646 6114 3370 6114 3358 6114 3086 6115 3108 6115 2757 6115 2757 6116 3116 6116 2753 6116 3776 6117 3824 6117 3556 6117 3960 6118 3824 6118 3776 6118 3844 6119 3805 6119 3900 6119 4286 6120 4405 6120 4122 6120 4797 6121 4405 6121 4286 6121 4789 6122 4943 6122 4451 6122 4789 6123 4451 6123 4333 6123 4958 6124 4982 6124 4817 6124 5134 6125 4982 6125 4958 6125 5061 6126 5134 6126 4958 6126 4771 6127 4958 6127 4589 6127 2376 6128 2624 6128 2348 6128 2406 6129 2624 6129 2376 6129 1806 6130 2010 6130 1744 6130 1956 6131 1874 6131 1744 6131 2168 6132 2376 6132 2126 6132 2406 6133 2376 6133 2168 6133 2814 6134 2948 6134 2807 6134 297 6135 341 6135 206 6135 452 6136 341 6136 297 6136 3128 6137 3374 6137 3120 6137 3128 6138 3120 6138 2751 6138 3078 6139 3320 6139 3070 6139 3102 6140 3334 6140 3084 6140 3120 6141 3364 6141 3110 6141 3364 6142 3352 6142 3110 6142 3328 6143 3580 6143 3320 6143 3084 6144 3334 6144 3078 6144 3888 6145 4132 6145 3860 6145 3616 6146 3888 6146 3588 6146 2270 6147 1982 6147 1968 6147 2266 6148 2270 6148 1968 6148 2744 6149 2741 6149 2514 6149 2741 6150 2738 6150 2508 6150 2280 6151 2268 6151 1964 6151 2268 6152 2262 6152 1964 6152 2520 6153 2747 6153 2514 6153 2520 6154 2514 6154 2262 6154 3382 6155 3388 6155 3130 6155 3370 6156 3382 6156 3130 6156 1656 6157 1354 6157 1320 6157 1968 6158 1982 6158 1698 6158 321 6159 363 6159 319 6159 423 6160 363 6160 321 6160 1763 6161 2017 6161 1743 6161 1743 6162 2017 6162 1711 6162 1603 6163 1815 6163 1567 6163 1815 6164 1791 6164 1567 6164 2591 6165 2881 6165 2581 6165 2876 6166 2881 6166 2591 6166 1851 6167 2081 6167 1815 6167 2341 6168 2331 6168 2071 6168 2549 6169 2541 6169 2299 6169 2549 6170 2895 6170 2541 6170 567 6171 884 6171 527 6171 527 6172 884 6172 515 6172 1237 6173 1459 6173 1162 6173 1237 6174 1162 6174 754 6174 517 6175 705 6175 475 6175 475 6176 705 6176 441 6176 752 6177 1086 6177 679 6177 1086 6178 976 6178 679 6178 5518 6179 5534 6179 5505 6179 5579 6180 5549 6180 5520 6180 5453 6181 5401 6181 5360 6181 5314 6182 5321 6182 5244 6182 5388 6183 5435 6183 5364 6183 5491 6184 5453 6184 5397 6184 5162 6185 5104 6185 4815 6185 5319 6186 5278 6186 5162 6186 5309 6187 5165 6187 5153 6187 5153 6188 5165 6188 4792 6188 5194 6189 4870 6189 4867 6189 5194 6190 4867 6190 4845 6190 5317 6191 5361 6191 5232 6191 5317 6192 5232 6192 5183 6192 5321 6193 5260 6193 5244 6193 5244 6194 5260 6194 5208 6194 5609 6195 5590 6195 5580 6195 5580 6196 5590 6196 5536 6196 5466 6197 5452 6197 5331 6197 5347 6198 5466 6198 5331 6198 5175 6199 5313 6199 5157 6199 5190 6200 5331 6200 5175 6200 5474 6201 5419 6201 5339 6201 5313 6202 5266 6202 5103 6202 5228 6203 5167 6203 4926 6203 5081 6204 5144 6204 4944 6204 4511 6205 4800 6205 4406 6205 4511 6206 4406 6206 4123 6206 4861 6207 4830 6207 4348 6207 4830 6208 4796 6208 4348 6208 4380 6209 4861 6209 4362 6209 4380 6210 4362 6210 4037 6210 3647 6211 3923 6211 3619 6211 3923 6212 3891 6212 3619 6212 4452 6213 4790 6213 4334 6213 5222 6214 5144 6214 5081 6214 4287 6215 4221 6215 4057 6215 4235 6216 4596 6216 4195 6216 3853 6217 4057 6217 3825 6217 4057 6218 3961 6218 3825 6218 3371 6219 3647 6219 3359 6219 3665 6220 3647 6220 3371 6220 5505 6221 5492 6221 5454 6221 5454 6222 5492 6222 5398 6222 5594 6223 5610 6223 5584 6223 5542 6224 5525 6224 5466 6224 5595 6225 5610 6225 5583 6225 5593 6226 5554 6226 5541 6226 4016 6227 3722 6227 3708 6227 3708 6228 3722 6228 3388 6228 3370 6229 3130 6229 3116 6229 3116 6230 3130 6230 2753 6230 3890 6231 3922 6231 3618 6231 3922 6232 3646 6232 3618 6232 4032 6233 4026 6233 3716 6233 4026 6234 4010 6234 3716 6234 3380 6235 3374 6235 3128 6235 3380 6236 3668 6236 3374 6236 5437 6237 5416 6237 5324 6237 5324 6238 5308 6238 5164 6238 5553 6239 5547 6239 5470 6239 5470 6240 5547 6240 5463 6240 5324 6241 5416 6241 5308 6241 5416 6242 5388 6242 5275 6242 2595 6243 2874 6243 2591 6243 3669 6244 3375 6244 3365 6244 3669 6245 3381 6245 3375 6245 3889 6246 3617 6246 3589 6246 3589 6247 3617 6247 3335 6247 5427 6248 5486 6248 5405 6248 5285 6249 5222 6249 5081 6249 4959 6250 5062 6250 4772 6250 4959 6251 4772 6251 4590 6251 5486 6252 5427 6252 5406 6252 5475 6253 5418 6253 5405 6253 5369 6254 5338 6254 5284 6254 5369 6255 5418 6255 5338 6255 3244 6256 3026 6256 2994 6256 3482 6257 3274 6257 3244 6257 3482 6258 3427 6258 3436 6258 3427 6259 3482 6259 3308 6259 3244 6260 3308 6260 3482 6260 3209 6261 3308 6261 3244 6261 2814 6262 2807 6262 2702 6262 2656 6263 2807 6263 2624 6263 2210 6264 2168 6264 2090 6264 3850 6265 3584 6265 3574 6265 3574 6266 3584 6266 3314 6266 3108 6267 3116 6267 2757 6267 3370 6268 3116 6268 3108 6268 5061 6269 4958 6269 4771 6269 4850 6270 5061 6270 4771 6270 4407 6271 4240 6271 4303 6271 4240 6272 4407 6272 4226 6272 4407 6273 4333 6273 4226 6273 2010 6274 1956 6274 1744 6274 2010 6275 2126 6275 1956 6275 1608 6276 1520 6276 1424 6276 3616 6277 3588 6277 3334 6277 3352 6278 3616 6278 3334 6278 3084 6279 3078 6279 2763 6279 3078 6280 2766 6280 2763 6280 3860 6281 4084 6281 3836 6281 4132 6282 4084 6282 3860 6282 3130 6283 3136 6283 2747 6283 3388 6284 3136 6284 3130 6284 1656 6285 1698 6285 1354 6285 1698 6286 1378 6286 1354 6286 1934 6287 1954 6287 1640 6287 1934 6288 1640 6288 1624 6288 2317 6289 2299 6289 2035 6289 2063 6290 2317 6290 2035 6290 2081 6291 2071 6291 1815 6291 2071 6292 2063 6292 1815 6292 5534 6293 5519 6293 5505 6293 5534 6294 5550 6294 5519 6294 5401 6295 5420 6295 5358 6295 5453 6296 5420 6296 5401 6296 5435 6297 5397 6297 5364 6297 5364 6298 5397 6298 5319 6298 5549 6299 5534 6299 5518 6299 5484 6300 5435 6300 5388 6300 5397 6301 5360 6301 5278 6301 5319 6302 5397 6302 5278 6302 5276 6303 5153 6303 5113 6303 5113 6304 5153 6304 4792 6304 5187 6305 5194 6305 4845 6305 5337 6306 5194 6306 5187 6306 5612 6307 5601 6307 5590 6307 5612 6308 5605 6308 5601 6308 5157 6309 5313 6309 5103 6309 5157 6310 5103 6310 4796 6310 4861 6311 5175 6311 4830 6311 4830 6312 5175 6312 4796 6312 5424 6313 5474 6313 5383 6313 5383 6314 5474 6314 5339 6314 5167 6315 5081 6315 4926 6315 4926 6316 5081 6316 4800 6316 4235 6317 4195 6317 3923 6317 3923 6318 4195 6318 3891 6318 4406 6319 4287 6319 4123 6319 4406 6320 4800 6320 4287 6320 4630 6321 4944 6321 4452 6321 4630 6322 4452 6322 4221 6322 5474 6323 5476 6323 5419 6323 5512 6324 5476 6324 5474 6324 5610 6325 5595 6325 5584 6325 5504 6326 5558 6326 5474 6326 5610 6327 5593 6327 5583 6327 5594 6328 5584 6328 5542 6328 5511 6329 5557 6329 5473 6329 5557 6330 5503 6330 5473 6330 3946 6331 4002 6331 3664 6331 3922 6332 3946 6332 3664 6332 4234 6333 4264 6333 3922 6333 4194 6334 4234 6334 3922 6334 5416 6335 5501 6335 5388 6335 5520 6336 5501 6336 5416 6336 3953 6337 3683 6337 3669 6337 3669 6338 3683 6338 3381 6338 4648 6339 4706 6339 4245 6339 3941 6340 3953 6340 3669 6340 3837 6341 3589 6341 3581 6341 3581 6342 3589 6342 3329 6342 3889 6343 3635 6343 3617 6343 3617 6344 3635 6344 3353 6344 5574 6345 5557 6345 5526 6345 5526 6346 5511 6346 5486 6346 5343 6347 5262 6347 5226 6347 5226 6348 5262 6348 5185 6348 5558 6349 5512 6349 5474 6349 5486 6350 5475 6350 5405 6350 3556 6351 3302 6351 3274 6351 3524 6352 3556 6352 3274 6352 1829 6353 1962 6353 1806 6353 2656 6354 2702 6354 2807 6354 2702 6355 2656 6355 2669 6355 2656 6356 2528 6356 2669 6356 2528 6357 2656 6357 2406 6357 5573 6358 5591 6358 5550 6358 5591 6359 5573 6359 5549 6359 5420 6360 5454 6360 5402 6360 5467 6361 5454 6361 5420 6361 5316 6362 5358 6362 5256 6362 5358 6363 5321 6363 5314 6363 5549 6364 5518 6364 5484 6364 5501 6365 5549 6365 5484 6365 5231 6366 5182 6366 4996 6366 5231 6367 5316 6367 5182 6367 5239 6368 5113 6368 5064 6368 5064 6369 5113 6369 4706 6369 5266 6370 5383 6370 5228 6370 5313 6371 5383 6371 5266 6371 5167 6372 5285 6372 5081 6372 5300 6373 5343 6373 5226 6373 5525 6374 5558 6374 5504 6374 5504 6375 5474 6375 5424 6375 5466 6376 5525 6376 5452 6376 5452 6377 5525 6377 5424 6377 5558 6378 5526 6378 5512 6378 5558 6379 5574 6379 5526 6379 5574 6380 5583 6380 5557 6380 5610 6381 5614 6381 5593 6381 5557 6382 5583 6382 5524 6382 5583 6383 5541 6383 5524 6383 3686 6384 3382 6384 3370 6384 3686 6385 3388 6385 3382 6385 3953 6386 3995 6386 3683 6386 3995 6387 4011 6387 3683 6387 4706 6388 4273 6388 4245 6388 4245 6389 4273 6389 3941 6389 4215 6390 4245 6390 3941 6390 3909 6391 3941 6391 3635 6391 5370 6392 5406 6392 5300 6392 5419 6393 5406 6393 5370 6393 5282 6394 5261 6394 5201 6394 5282 6395 5342 6395 5261 6395 5512 6396 5526 6396 5486 6396 5512 6397 5486 6397 5476 6397 5612 6398 5609 6398 5589 6398 5589 6399 5609 6399 5579 6399 5549 6400 5573 6400 5534 6400 5573 6401 5550 6401 5534 6401 5358 6402 5314 6402 5256 6402 5256 6403 5314 6403 5244 6403 5420 6404 5377 6404 5358 6404 5358 6405 5377 6405 5321 6405 5339 6406 5370 6406 5285 6406 5339 6407 5285 6407 5228 6407 5556 6408 5594 6408 5542 6408 5556 6409 5542 6409 5466 6409 5584 6410 5558 6410 5525 6410 5584 6411 5574 6411 5558 6411 4792 6412 4301 6412 4273 6412 4706 6413 4792 6413 4273 6413 4215 6414 3941 6414 3909 6414 4215 6415 3909 6415 3889 6415 5370 6416 5300 6416 5222 6416 5300 6417 5226 6417 5222 6417 5343 6418 5363 6418 5282 6418 5363 6419 5342 6419 5282 6419 5406 6420 5427 6420 5363 6420 5427 6421 5405 6421 5363 6421 4747 6422 5090 6422 5084 6422 4758 6423 5090 6423 4747 6423 5090 6424 4758 6424 4765 6424 4748 6425 5084 6425 5085 6425 5084 6426 4748 6426 4747 6426 5091 6427 5028 6427 5029 6427 5028 6428 5091 6428 5090 6428 5085 6429 5090 6429 5091 6429 5090 6430 5085 6430 5084 6430 5029 6431 4735 6431 5091 6431 5029 6432 4723 6432 4735 6432 4723 6433 5029 6433 4680 6433 5028 6434 4679 6434 5032 6434 4731 6435 5090 6435 4765 6435 5090 6436 4731 6436 5028 6436 4722 6437 5028 6437 4731 6437 5028 6438 4722 6438 4679 6438 5029 6439 5032 6439 5033 6439 5032 6440 5029 6440 5028 6440 4679 6441 4683 6441 5032 6441 5091 6442 4735 6442 4766 6442 4766 6443 5085 6443 5091 6443 4759 6444 5085 6444 4766 6444 5085 6445 4759 6445 4748 6445 5033 6446 4884 6446 4885 6446 4884 6447 5033 6447 5032 6447 4885 6448 4888 6448 4889 6448 4888 6449 4885 6449 4884 6449 5033 6450 4633 6450 5029 6450 5029 6451 4633 6451 4680 6451 5032 6452 4888 6452 4884 6452 4889 6453 4536 6453 4885 6453 4536 6454 4889 6454 4539 6454 4625 6455 5033 6455 4885 6455 5033 6456 4625 6456 4633 6456 4625 6457 4885 6457 4536 6457 4603 6458 4538 6458 4888 6458 4624 6459 5032 6459 4683 6459 5032 6460 4624 6460 4888 6460 4888 6461 4624 6461 4603 6461 4489 6462 4888 6462 4538 6462 4417 6463 4888 6463 4489 6463 4888 6464 4417 6464 4577 6464 4578 6465 4426 6465 4889 6465 4426 6466 4578 6466 4318 6466 4317 6467 4577 6467 4417 6467 4889 6468 4490 6468 4539 6468 4490 6469 4889 6469 4426 6469 4889 6470 4577 6470 4578 6470 4577 6471 4889 6471 4888 6471 4257 6472 4218 6472 4578 6472 4257 6473 4168 6473 4218 6473 4168 6474 4257 6474 4099 6474 4578 6475 4256 6475 4257 6475 4256 6476 4578 6476 4577 6476 4210 6477 4577 6477 4317 6477 4577 6478 4210 6478 4256 6478 4578 6479 4218 6479 4318 6479 4167 6480 4256 6480 4210 6480 4256 6481 4167 6481 4098 6481 4257 6482 3998 6482 4099 6482 4257 6483 3986 6483 3987 6483 3986 6484 4257 6484 4256 6484 3958 6485 3866 6485 3986 6485 3977 6486 4256 6486 4098 6486 4256 6487 3977 6487 3986 6487 3986 6488 3977 6488 3958 6488 3978 6489 4257 6489 3987 6489 4257 6490 3978 6490 3998 6490 3978 6491 3987 6491 3867 6491 3705 6492 3770 6492 3987 6492 3770 6493 3705 6493 3610 6493 3987 6494 3704 6494 3705 6494 3704 6495 3987 6495 3986 6495 3819 6496 3986 6496 3866 6496 3758 6497 3986 6497 3819 6497 3986 6498 3758 6498 3704 6498 3987 6499 3820 6499 3867 6499 3820 6500 3987 6500 3770 6500 3758 6501 3609 6501 3704 6501 3705 6502 3408 6502 3409 6502 3408 6503 3705 6503 3704 6503 3408 6504 3401 6504 3409 6504 3401 6505 3408 6505 3400 6505 3409 6506 3532 6506 3705 6506 3532 6507 3409 6507 3448 6507 3448 6508 3409 6508 3347 6508 3610 6509 3705 6509 3532 6509 3516 6510 3704 6510 3609 6510 3704 6511 3516 6511 3408 6511 3340 6512 3408 6512 3346 6512 3408 6513 3340 6513 3400 6513 3447 6514 3408 6514 3516 6514 3408 6515 3447 6515 3346 6515 3409 6516 3234 6516 3347 6516 3401 6517 3164 6517 3165 6517 3164 6518 3401 6518 3400 6518 3165 6519 3095 6519 3100 6519 3409 6520 3224 6520 3234 6520 3165 6521 3224 6521 3409 6521 3224 6522 3165 6522 3100 6522 3157 6523 3095 6523 3165 6523 3164 6524 3157 6524 3165 6524 3157 6525 3164 6525 3156 6525 3223 6526 3400 6526 3340 6526 3164 6527 3223 6527 3206 6527 3223 6528 3164 6528 3400 6528 3401 6529 3165 6529 3409 6529 3164 6530 3206 6530 3156 6530 3206 6531 3094 6531 3156 6531 2834 6532 2942 6532 2938 6532 2714 6533 2942 6533 2834 6533 2942 6534 2714 6534 2718 6534 3157 6535 2942 6535 2943 6535 2942 6536 3157 6536 3156 6536 2943 6537 2956 6537 3157 6537 2956 6538 2943 6538 2939 6538 2942 6539 2719 6539 2943 6539 2719 6540 2942 6540 2718 6540 2979 6541 3156 6541 3094 6541 2952 6542 3156 6542 2979 6542 3156 6543 2952 6543 2942 6543 2952 6544 2938 6544 2942 6544 3157 6545 2980 6545 3095 6545 2980 6546 3157 6546 2956 6546 2943 6547 2835 6547 2939 6547 2719 6548 2835 6548 2943 6548 2835 6549 2719 6549 2715 6549 2696 6550 2718 6550 2714 6550 2718 6551 2696 6551 2496 6551 2497 6552 2700 6552 2719 6552 2700 6553 2497 6553 2684 6553 2684 6554 2497 6554 2559 6554 2496 6555 2489 6555 2497 6555 2489 6556 2496 6556 2488 6556 2683 6557 2496 6557 2696 6557 2496 6558 2683 6558 2558 6558 2496 6559 2558 6559 2488 6559 2552 6560 2488 6560 2558 6560 2719 6561 2700 6561 2715 6561 2719 6562 2496 6562 2497 6562 2496 6563 2719 6563 2718 6563 2252 6564 2245 6564 2253 6564 2245 6565 2252 6565 2244 6565 2489 6566 2446 6566 2497 6566 2497 6567 2446 6567 2559 6567 2488 6568 2244 6568 2252 6568 2245 6569 2312 6569 2253 6569 2312 6570 2245 6570 2307 6570 2489 6571 2440 6571 2446 6571 2253 6572 2440 6572 2489 6572 2440 6573 2253 6573 2312 6573 2306 6574 2244 6574 2418 6574 2439 6575 2488 6575 2552 6575 2244 6576 2439 6576 2418 6576 2439 6577 2244 6577 2488 6577 2489 6578 2252 6578 2253 6578 2252 6579 2489 6579 2488 6579 2221 6580 2244 6580 2306 6580 2120 6581 2244 6581 2221 6581 2244 6582 2120 6582 1948 6582 1949 6583 2136 6583 2245 6583 2136 6584 1949 6584 2054 6584 2053 6585 1948 6585 2120 6585 2245 6586 2222 6586 2307 6586 2222 6587 2245 6587 2136 6587 2245 6588 1948 6588 1949 6588 1948 6589 2245 6589 2244 6589 1667 6590 1894 6590 1949 6590 1894 6591 1667 6591 1844 6591 1844 6592 1667 6592 1787 6592 1949 6593 1666 6593 1667 6593 1666 6594 1949 6594 1948 6594 1882 6595 1948 6595 2053 6595 1948 6596 1882 6596 1666 6596 1949 6597 1894 6597 2054 6597 1843 6598 1666 6598 1882 6598 1666 6599 1843 6599 1786 6599 1787 6600 1667 6600 1694 6600 1396 6601 1667 6601 1666 6601 1667 6602 1396 6602 1397 6602 1554 6603 1396 6603 1654 6603 1685 6604 1666 6604 1786 6604 1396 6605 1685 6605 1654 6605 1685 6606 1396 6606 1666 6606 1667 6607 1686 6607 1694 6607 1397 6608 1686 6608 1667 6608 1686 6609 1397 6609 1555 6609 1094 6610 1442 6610 1397 6610 1442 6611 1094 6611 1350 6611 1093 6612 1397 6612 1396 6612 1397 6613 1093 6613 1094 6613 1495 6614 1396 6614 1554 6614 1434 6615 1396 6615 1495 6615 1396 6616 1434 6616 1093 6616 1496 6617 1397 6617 1442 6617 1397 6618 1496 6618 1555 6618 1349 6619 1093 6619 1434 6619 796 6620 1094 6620 1093 6620 1094 6621 796 6621 797 6621 797 6622 1240 6622 1094 6622 1240 6623 797 6623 1187 6623 1187 6624 797 6624 1134 6624 1350 6625 1094 6625 1240 6625 1232 6626 1093 6626 1349 6626 1093 6627 1232 6627 796 6627 792 6628 797 6628 796 6628 797 6629 792 6629 793 6629 1131 6630 796 6630 1133 6630 796 6631 1131 6631 792 6631 1186 6632 796 6632 1232 6632 796 6633 1186 6633 1133 6633 1134 6634 797 6634 1067 6634 652 6635 793 6635 792 6635 793 6636 652 6636 653 6636 995 6637 653 6637 992 6637 797 6638 1057 6638 1067 6638 653 6639 1057 6639 797 6639 1057 6640 653 6640 995 6640 649 6641 992 6641 653 6641 648 6642 653 6642 652 6642 653 6643 648 6643 649 6643 1056 6644 792 6644 1131 6644 652 6645 1056 6645 1037 6645 1056 6646 652 6646 792 6646 793 6647 653 6647 797 6647 652 6648 1037 6648 648 6648 991 6649 648 6649 1037 6649 905 6650 919 6650 914 6650 584 6651 919 6651 905 6651 919 6652 584 6652 588 6652 588 6653 649 6653 648 6653 649 6654 588 6654 589 6654 589 6655 939 6655 649 6655 939 6656 589 6656 920 6656 584 6657 589 6657 588 6657 589 6658 584 6658 585 6658 958 6659 648 6659 991 6659 935 6660 648 6660 958 6660 648 6661 935 6661 588 6661 919 6662 588 6662 935 6662 959 6663 649 6663 939 6663 649 6664 959 6664 992 6664 920 6665 906 6665 915 6665 589 6666 906 6666 920 6666 906 6667 589 6667 585 6667 584 6668 937 6668 644 6668 937 6669 584 6669 905 6669 949 6670 645 6670 988 6670 933 6671 645 6671 949 6671 645 6672 933 6672 585 6672 640 6673 645 6673 644 6673 645 6674 640 6674 641 6674 948 6675 644 6675 937 6675 644 6676 948 6676 987 6676 644 6677 987 6677 640 6677 985 6678 640 6678 987 6678 906 6679 585 6679 933 6679 644 6680 585 6680 584 6680 585 6681 644 6681 645 6681 788 6682 641 6682 640 6682 641 6683 788 6683 789 6683 784 6684 789 6684 788 6684 789 6685 784 6685 785 6685 641 6686 1035 6686 645 6686 988 6687 645 6687 1035 6687 788 6688 640 6688 784 6688 1129 6689 785 6689 1126 6689 785 6690 1129 6690 789 6690 1047 6691 789 6691 1129 6691 641 6692 1047 6692 1035 6692 1047 6693 641 6693 789 6693 1125 6694 784 6694 1065 6694 784 6695 1046 6695 1065 6695 640 6696 1046 6696 784 6696 1046 6697 640 6697 985 6697 784 6698 1238 6698 1089 6698 1238 6699 784 6699 1176 6699 1176 6700 784 6700 1125 6700 1230 6701 1090 6701 1340 6701 1090 6702 1230 6702 785 6702 1339 6703 1089 6703 1238 6703 1177 6704 785 6704 1230 6704 785 6705 1177 6705 1126 6705 1089 6706 785 6706 784 6706 785 6707 1089 6707 1090 6707 1486 6708 1393 6708 1551 6708 1432 6709 1393 6709 1486 6709 1393 6710 1432 6710 1090 6710 1392 6711 1090 6711 1089 6711 1090 6712 1392 6712 1393 6712 1089 6713 1440 6713 1392 6713 1440 6714 1089 6714 1339 6714 1340 6715 1090 6715 1432 6715 1485 6716 1392 6716 1440 6716 1392 6717 1485 6717 1550 6717 1551 6718 1393 6718 1652 6718 1662 6719 1393 6719 1392 6719 1393 6720 1662 6720 1663 6720 1782 6721 1662 6721 1692 6721 1662 6722 1675 6722 1692 6722 1392 6723 1675 6723 1662 6723 1675 6724 1392 6724 1550 6724 1676 6725 1663 6725 1783 6725 1393 6726 1676 6726 1652 6726 1676 6727 1393 6727 1663 6727 1880 6728 1945 6728 2044 6728 1945 6729 1880 6729 1663 6729 1663 6730 1944 6730 1945 6730 1944 6731 1663 6731 1662 6731 1662 6732 1892 6732 1944 6732 1892 6733 1662 6733 1833 6733 1833 6734 1662 6734 1782 6734 1834 6735 1663 6735 1880 6735 1663 6736 1834 6736 1783 6736 1944 6737 1892 6737 2043 6737 1945 6738 2240 6738 2241 6738 2240 6739 1945 6739 1944 6739 2206 6740 2241 6740 2303 6740 2118 6741 2241 6741 2206 6741 2241 6742 2118 6742 1945 6742 2044 6743 1945 6743 2118 6743 1944 6744 2134 6744 2240 6744 2134 6745 1944 6745 2043 6745 2240 6746 2249 6746 2241 6746 2249 6747 2240 6747 2248 6747 2240 6748 2310 6748 2248 6748 2310 6749 2240 6749 2302 6749 2240 6750 2205 6750 2302 6750 2205 6751 2240 6751 2134 6751 2303 6752 2241 6752 2416 6752 2550 6753 2485 6753 2555 6753 2430 6754 2485 6754 2550 6754 2241 6755 2430 6755 2416 6755 2430 6756 2241 6756 2485 6756 2493 6757 2555 6757 2485 6757 2484 6758 2493 6758 2485 6758 2493 6759 2484 6759 2492 6759 2484 6760 2429 6760 2444 6760 2248 6761 2429 6761 2484 6761 2429 6762 2248 6762 2310 6762 2485 6763 2241 6763 2249 6763 2484 6764 2444 6764 2492 6764 2492 6765 2444 6765 2554 6765 2249 6766 2484 6766 2485 6766 2484 6767 2249 6767 2248 6767 2930 6768 2818 6768 2934 6768 2706 6769 2818 6769 2930 6769 2818 6770 2706 6770 2710 6770 2694 6771 2707 6771 2711 6771 2707 6772 2694 6772 2493 6772 2706 6773 2931 6773 2707 6773 2931 6774 2706 6774 2930 6774 2492 6775 2698 6775 2706 6775 2698 6776 2492 6776 2673 6776 2673 6777 2492 6777 2554 6777 2706 6778 2698 6778 2710 6778 2493 6779 2706 6779 2707 6779 2706 6780 2493 6780 2492 6780 2674 6781 2493 6781 2694 6781 2493 6782 2674 6782 2555 6782 2819 6783 2931 6783 2935 6783 2711 6784 2931 6784 2819 6784 2931 6785 2711 6785 2707 6785 2930 6786 2954 6786 3152 6786 2954 6787 2930 6787 2934 6787 2970 6788 3153 6788 3091 6788 2950 6789 3153 6789 2970 6789 3153 6790 2950 6790 2931 6790 3152 6791 2969 6791 3090 6791 2969 6792 3152 6792 2954 6792 3152 6793 3090 6793 3160 6793 3152 6794 3161 6794 3153 6794 3161 6795 3152 6795 3160 6795 3160 6796 3090 6796 3098 6796 2935 6797 2931 6797 2950 6797 2931 6798 3152 6798 3153 6798 3152 6799 2931 6799 2930 6799 3161 6800 3396 6800 3397 6800 3396 6801 3161 6801 3160 6801 3396 6802 3405 6802 3397 6802 3405 6803 3396 6803 3404 6803 3161 6804 3204 6804 3153 6804 3204 6805 3091 6805 3153 6805 3396 6806 3160 6806 3404 6806 3338 6807 3405 6807 3343 6807 3405 6808 3338 6808 3397 6808 3214 6809 3397 6809 3338 6809 3161 6810 3214 6810 3204 6810 3214 6811 3161 6811 3397 6811 3404 6812 3232 6812 3342 6812 3404 6813 3213 6813 3232 6813 3160 6814 3213 6814 3404 6814 3213 6815 3160 6815 3098 6815 3404 6816 3530 6816 3700 6816 3530 6817 3404 6817 3431 6817 3431 6818 3404 6818 3342 6818 3514 6819 3701 6819 3600 6819 3701 6820 3514 6820 3405 6820 3599 6821 3700 6821 3530 6821 3432 6822 3405 6822 3514 6822 3405 6823 3432 6823 3343 6823 3405 6824 3700 6824 3701 6824 3700 6825 3405 6825 3404 6825 3810 6826 3983 6826 3863 6826 3756 6827 3983 6827 3810 6827 3983 6828 3756 6828 3701 6828 3701 6829 3982 6829 3983 6829 3982 6830 3701 6830 3700 6830 3700 6831 3768 6831 3982 6831 3768 6832 3700 6832 3599 6832 3756 6833 3600 6833 3701 6833 3982 6834 3809 6834 3862 6834 3809 6835 3982 6835 3768 6835 3956 6836 3863 6836 3983 6836 3983 6837 4252 6837 4253 6837 4252 6838 3983 6838 3982 6838 4252 6839 3996 6839 4094 6839 3967 6840 4252 6840 3982 6840 4252 6841 3967 6841 3996 6841 3967 6842 3982 6842 3862 6842 3968 6843 4253 6843 4095 6843 4253 6844 3968 6844 3983 6844 3983 6845 3968 6845 3956 6845 4208 6846 4574 6846 4308 6846 4574 6847 4208 6847 4253 6847 4253 6848 4573 6848 4574 6848 4573 6849 4253 6849 4252 6849 4252 6850 4216 6850 4573 6850 4252 6851 4157 6851 4216 6851 4157 6852 4252 6852 4094 6852 4158 6853 4253 6853 4208 6853 4253 6854 4158 6854 4095 6854 4573 6855 4216 6855 4307 6855 4574 6856 4876 6856 4877 6856 4876 6857 4574 6857 4573 6857 4480 6858 4877 6858 4531 6858 4415 6859 4877 6859 4480 6859 4877 6860 4415 6860 4574 6860 4308 6861 4574 6861 4415 6861 4573 6862 4424 6862 4876 6862 4424 6863 4573 6863 4307 6863 4877 6864 4880 6864 4881 6864 4880 6865 4877 6865 4876 6865 4876 6866 4534 6866 4880 6866 4534 6867 4876 6867 4530 6867 4876 6868 4479 6868 4530 6868 4479 6869 4876 6869 4424 6869 4601 6870 4531 6870 4877 6870 4881 6871 5020 6871 5021 6871 5020 6872 4881 6872 4880 6872 4676 6873 4673 6873 5021 6873 4615 6874 5021 6874 4673 6874 5021 6875 4615 6875 4877 6875 4877 6876 4615 6876 4601 6876 5025 6877 4676 6877 5021 6877 5021 6878 5024 6878 5025 6878 5024 6879 5021 6879 5020 6879 4614 6880 5020 6880 4880 6880 5020 6881 4614 6881 4631 6881 4614 6882 4880 6882 4534 6882 5021 6883 4877 6883 4881 6883 5020 6884 4631 6884 5024 6884 5024 6885 4631 6885 4675 6885 4729 6886 5087 6886 4750 6886 5087 6887 4729 6887 5025 6887 5087 6888 5092 6888 5093 6888 5092 6889 5087 6889 5086 6889 5024 6890 4733 6890 5086 6890 5024 6891 4712 6891 4733 6891 4712 6892 5024 6892 4675 6892 5086 6893 4733 6893 4749 6893 4749 6894 5092 6894 5086 6894 4760 6895 5092 6895 4749 6895 5092 6896 4760 6896 4767 6896 5025 6897 5086 6897 5087 6897 5086 6898 5025 6898 5024 6898 4713 6899 5025 6899 4729 6899 5025 6900 4713 6900 4676 6900 4768 6901 5087 6901 5093 6901 4761 6902 5087 6902 4768 6902 5087 6903 4761 6903 4750 6903 5093 6904 5030 6904 5031 6904 5030 6905 5093 6905 5092 6905 5031 6906 4736 6906 5093 6906 5031 6907 4725 6907 4736 6907 4725 6908 5031 6908 4682 6908 5030 6909 4681 6909 5034 6909 4732 6910 5092 6910 4767 6910 5092 6911 4732 6911 5030 6911 4724 6912 5030 6912 4732 6912 5030 6913 4724 6913 4681 6913 5031 6914 5034 6914 5035 6914 5034 6915 5031 6915 5030 6915 4681 6916 4684 6916 5034 6916 5093 6917 4736 6917 4768 6917 5035 6918 4886 6918 4887 6918 4886 6919 5035 6919 5034 6919 4887 6920 4890 6920 4891 6920 4890 6921 4887 6921 4886 6921 5035 6922 4634 6922 5031 6922 5031 6923 4634 6923 4682 6923 5034 6924 4890 6924 4886 6924 4891 6925 4537 6925 4887 6925 4537 6926 4891 6926 4541 6926 4627 6927 5035 6927 4887 6927 5035 6928 4627 6928 4634 6928 4627 6929 4887 6929 4537 6929 4604 6930 4540 6930 4890 6930 4626 6931 5034 6931 4684 6931 5034 6932 4626 6932 4890 6932 4890 6933 4626 6933 4604 6933 4491 6934 4890 6934 4540 6934 4418 6935 4890 6935 4491 6935 4890 6936 4418 6936 4579 6936 4580 6937 4427 6937 4891 6937 4427 6938 4580 6938 4320 6938 4319 6939 4579 6939 4418 6939 4891 6940 4492 6940 4541 6940 4492 6941 4891 6941 4427 6941 4891 6942 4579 6942 4580 6942 4579 6943 4891 6943 4890 6943 4259 6944 4219 6944 4580 6944 4259 6945 4170 6945 4219 6945 4170 6946 4259 6946 4101 6946 4580 6947 4258 6947 4259 6947 4258 6948 4580 6948 4579 6948 4211 6949 4579 6949 4319 6949 4579 6950 4211 6950 4258 6950 4580 6951 4219 6951 4320 6951 4169 6952 4258 6952 4211 6952 4258 6953 4169 6953 4100 6953 4259 6954 3999 6954 4101 6954 4259 6955 3988 6955 3989 6955 3988 6956 4259 6956 4258 6956 3959 6957 3868 6957 3988 6957 3979 6958 4258 6958 4100 6958 4258 6959 3979 6959 3988 6959 3988 6960 3979 6960 3959 6960 3980 6961 4259 6961 3989 6961 4259 6962 3980 6962 3999 6962 3980 6963 3989 6963 3869 6963 3707 6964 3771 6964 3989 6964 3771 6965 3707 6965 3612 6965 3989 6966 3706 6966 3707 6966 3706 6967 3989 6967 3988 6967 3821 6968 3988 6968 3868 6968 3759 6969 3988 6969 3821 6969 3988 6970 3759 6970 3706 6970 3989 6971 3822 6971 3869 6971 3822 6972 3989 6972 3771 6972 3759 6973 3611 6973 3706 6973 3707 6974 3410 6974 3411 6974 3410 6975 3707 6975 3706 6975 3410 6976 3403 6976 3411 6976 3403 6977 3410 6977 3402 6977 3411 6978 3533 6978 3707 6978 3533 6979 3411 6979 3450 6979 3450 6980 3411 6980 3349 6980 3612 6981 3707 6981 3533 6981 3517 6982 3706 6982 3611 6982 3706 6983 3517 6983 3410 6983 3341 6984 3410 6984 3348 6984 3410 6985 3341 6985 3402 6985 3449 6986 3410 6986 3517 6986 3410 6987 3449 6987 3348 6987 3411 6988 3235 6988 3349 6988 3403 6989 3166 6989 3167 6989 3166 6990 3403 6990 3402 6990 3167 6991 3097 6991 3101 6991 3411 6992 3226 6992 3235 6992 3167 6993 3226 6993 3411 6993 3226 6994 3167 6994 3101 6994 3159 6995 3097 6995 3167 6995 3166 6996 3159 6996 3167 6996 3159 6997 3166 6997 3158 6997 3225 6998 3402 6998 3341 6998 3166 6999 3225 6999 3207 6999 3225 7000 3166 7000 3402 7000 3403 7001 3167 7001 3411 7001 3166 7002 3207 7002 3158 7002 3207 7003 3096 7003 3158 7003 2836 7004 2944 7004 2940 7004 2716 7005 2944 7005 2836 7005 2944 7006 2716 7006 2720 7006 3159 7007 2944 7007 2945 7007 2944 7008 3159 7008 3158 7008 2945 7009 2957 7009 3159 7009 2957 7010 2945 7010 2941 7010 2944 7011 2721 7011 2945 7011 2721 7012 2944 7012 2720 7012 2981 7013 3158 7013 3096 7013 2953 7014 3158 7014 2981 7014 3158 7015 2953 7015 2944 7015 2953 7016 2940 7016 2944 7016 3159 7017 2982 7017 3097 7017 2982 7018 3159 7018 2957 7018 2945 7019 2837 7019 2941 7019 2721 7020 2837 7020 2945 7020 2837 7021 2721 7021 2717 7021 2697 7022 2720 7022 2716 7022 2720 7023 2697 7023 2498 7023 2499 7024 2701 7024 2721 7024 2701 7025 2499 7025 2686 7025 2686 7026 2499 7026 2561 7026 2498 7027 2491 7027 2499 7027 2491 7028 2498 7028 2490 7028 2685 7029 2498 7029 2697 7029 2498 7030 2685 7030 2560 7030 2498 7031 2560 7031 2490 7031 2553 7032 2490 7032 2560 7032 2721 7033 2701 7033 2717 7033 2721 7034 2498 7034 2499 7034 2498 7035 2721 7035 2720 7035 2254 7036 2247 7036 2255 7036 2247 7037 2254 7037 2246 7037 2491 7038 2447 7038 2499 7038 2499 7039 2447 7039 2561 7039 2490 7040 2246 7040 2254 7040 2247 7041 2313 7041 2255 7041 2313 7042 2247 7042 2309 7042 2491 7043 2442 7043 2447 7043 2255 7044 2442 7044 2491 7044 2442 7045 2255 7045 2313 7045 2308 7046 2246 7046 2419 7046 2441 7047 2490 7047 2553 7047 2246 7048 2441 7048 2419 7048 2441 7049 2246 7049 2490 7049 2491 7050 2254 7050 2255 7050 2254 7051 2491 7051 2490 7051 2223 7052 2246 7052 2308 7052 2121 7053 2246 7053 2223 7053 2246 7054 2121 7054 1950 7054 1951 7055 2137 7055 2247 7055 2137 7056 1951 7056 2056 7056 2055 7057 1950 7057 2121 7057 2247 7058 2224 7058 2309 7058 2224 7059 2247 7059 2137 7059 2247 7060 1950 7060 1951 7060 1950 7061 2247 7061 2246 7061 1669 7062 1895 7062 1951 7062 1895 7063 1669 7063 1846 7063 1846 7064 1669 7064 1789 7064 1951 7065 1668 7065 1669 7065 1668 7066 1951 7066 1950 7066 1883 7067 1950 7067 2055 7067 1950 7068 1883 7068 1668 7068 1951 7069 1895 7069 2056 7069 1845 7070 1668 7070 1883 7070 1668 7071 1845 7071 1788 7071 1789 7072 1669 7072 1695 7072 1398 7073 1669 7073 1668 7073 1669 7074 1398 7074 1399 7074 1556 7075 1398 7075 1655 7075 1687 7076 1668 7076 1788 7076 1398 7077 1687 7077 1655 7077 1687 7078 1398 7078 1668 7078 1669 7079 1688 7079 1695 7079 1399 7080 1688 7080 1669 7080 1688 7081 1399 7081 1557 7081 1096 7082 1443 7082 1399 7082 1443 7083 1096 7083 1352 7083 1095 7084 1399 7084 1398 7084 1399 7085 1095 7085 1096 7085 1497 7086 1398 7086 1556 7086 1435 7087 1398 7087 1497 7087 1398 7088 1435 7088 1095 7088 1498 7089 1399 7089 1443 7089 1399 7090 1498 7090 1557 7090 1351 7091 1095 7091 1435 7091 798 7092 1096 7092 1095 7092 1096 7093 798 7093 799 7093 799 7094 1241 7094 1096 7094 1241 7095 799 7095 1189 7095 1189 7096 799 7096 1136 7096 1352 7097 1096 7097 1241 7097 1233 7098 1095 7098 1351 7098 1095 7099 1233 7099 798 7099 794 7100 799 7100 798 7100 799 7101 794 7101 795 7101 1132 7102 798 7102 1135 7102 798 7103 1132 7103 794 7103 1188 7104 798 7104 1233 7104 798 7105 1188 7105 1135 7105 1136 7106 799 7106 1068 7106 654 7107 795 7107 794 7107 795 7108 654 7108 655 7108 996 7109 655 7109 994 7109 799 7110 1059 7110 1068 7110 655 7111 1059 7111 799 7111 1059 7112 655 7112 996 7112 651 7113 994 7113 655 7113 650 7114 655 7114 654 7114 655 7115 650 7115 651 7115 1058 7116 794 7116 1132 7116 654 7117 1058 7117 1038 7117 1058 7118 654 7118 794 7118 795 7119 655 7119 799 7119 654 7120 1038 7120 650 7120 993 7121 650 7121 1038 7121 907 7122 921 7122 916 7122 586 7123 921 7123 907 7123 921 7124 586 7124 590 7124 590 7125 651 7125 650 7125 651 7126 590 7126 591 7126 591 7127 940 7127 651 7127 940 7128 591 7128 922 7128 586 7129 591 7129 590 7129 591 7130 586 7130 587 7130 960 7131 650 7131 993 7131 936 7132 650 7132 960 7132 650 7133 936 7133 590 7133 921 7134 590 7134 936 7134 961 7135 651 7135 940 7135 651 7136 961 7136 994 7136 922 7137 908 7137 917 7137 591 7138 908 7138 922 7138 908 7139 591 7139 587 7139 586 7140 938 7140 646 7140 938 7141 586 7141 907 7141 951 7142 647 7142 990 7142 934 7143 647 7143 951 7143 647 7144 934 7144 587 7144 642 7145 647 7145 646 7145 647 7146 642 7146 643 7146 950 7147 646 7147 938 7147 646 7148 950 7148 989 7148 646 7149 989 7149 642 7149 986 7150 642 7150 989 7150 908 7151 587 7151 934 7151 646 7152 587 7152 586 7152 587 7153 646 7153 647 7153 790 7154 643 7154 642 7154 643 7155 790 7155 791 7155 786 7156 791 7156 790 7156 791 7157 786 7157 787 7157 643 7158 1036 7158 647 7158 990 7159 647 7159 1036 7159 790 7160 642 7160 786 7160 1130 7161 787 7161 1128 7161 787 7162 1130 7162 791 7162 1049 7163 791 7163 1130 7163 643 7164 1049 7164 1036 7164 1049 7165 643 7165 791 7165 1127 7166 786 7166 1066 7166 786 7167 1048 7167 1066 7167 642 7168 1048 7168 786 7168 1048 7169 642 7169 986 7169 786 7170 1239 7170 1091 7170 1239 7171 786 7171 1178 7171 1178 7172 786 7172 1127 7172 1231 7173 1092 7173 1342 7173 1092 7174 1231 7174 787 7174 1341 7175 1091 7175 1239 7175 1179 7176 787 7176 1231 7176 787 7177 1179 7177 1128 7177 1091 7178 787 7178 786 7178 787 7179 1091 7179 1092 7179 1488 7180 1395 7180 1553 7180 1433 7181 1395 7181 1488 7181 1395 7182 1433 7182 1092 7182 1394 7183 1092 7183 1091 7183 1092 7184 1394 7184 1395 7184 1091 7185 1441 7185 1394 7185 1441 7186 1091 7186 1341 7186 1342 7187 1092 7187 1433 7187 1487 7188 1394 7188 1441 7188 1394 7189 1487 7189 1552 7189 1553 7190 1395 7190 1653 7190 1664 7191 1395 7191 1394 7191 1395 7192 1664 7192 1665 7192 1784 7193 1664 7193 1693 7193 1664 7194 1677 7194 1693 7194 1394 7195 1677 7195 1664 7195 1677 7196 1394 7196 1552 7196 1678 7197 1665 7197 1785 7197 1395 7198 1678 7198 1653 7198 1678 7199 1395 7199 1665 7199 1881 7200 1947 7200 2046 7200 1947 7201 1881 7201 1665 7201 1665 7202 1946 7202 1947 7202 1946 7203 1665 7203 1664 7203 1664 7204 1893 7204 1946 7204 1893 7205 1664 7205 1835 7205 1835 7206 1664 7206 1784 7206 1836 7207 1665 7207 1881 7207 1665 7208 1836 7208 1785 7208 1946 7209 1893 7209 2045 7209 1947 7210 2242 7210 2243 7210 2242 7211 1947 7211 1946 7211 2208 7212 2243 7212 2305 7212 2119 7213 2243 7213 2208 7213 2243 7214 2119 7214 1947 7214 2046 7215 1947 7215 2119 7215 1946 7216 2135 7216 2242 7216 2135 7217 1946 7217 2045 7217 2242 7218 2251 7218 2243 7218 2251 7219 2242 7219 2250 7219 2242 7220 2311 7220 2250 7220 2311 7221 2242 7221 2304 7221 2242 7222 2207 7222 2304 7222 2207 7223 2242 7223 2135 7223 2305 7224 2243 7224 2417 7224 2551 7225 2487 7225 2557 7225 2432 7226 2487 7226 2551 7226 2243 7227 2432 7227 2417 7227 2432 7228 2243 7228 2487 7228 2495 7229 2557 7229 2487 7229 2486 7230 2495 7230 2487 7230 2495 7231 2486 7231 2494 7231 2486 7232 2431 7232 2445 7232 2250 7233 2431 7233 2486 7233 2431 7234 2250 7234 2311 7234 2487 7235 2243 7235 2251 7235 2486 7236 2445 7236 2494 7236 2494 7237 2445 7237 2556 7237 2251 7238 2486 7238 2487 7238 2486 7239 2251 7239 2250 7239 2932 7240 2820 7240 2936 7240 2708 7241 2820 7241 2932 7241 2820 7242 2708 7242 2712 7242 2695 7243 2709 7243 2713 7243 2709 7244 2695 7244 2495 7244 2708 7245 2933 7245 2709 7245 2933 7246 2708 7246 2932 7246 2494 7247 2699 7247 2708 7247 2699 7248 2494 7248 2675 7248 2675 7249 2494 7249 2556 7249 2708 7250 2699 7250 2712 7250 2495 7251 2708 7251 2709 7251 2708 7252 2495 7252 2494 7252 2676 7253 2495 7253 2695 7253 2495 7254 2676 7254 2557 7254 2821 7255 2933 7255 2937 7255 2713 7256 2933 7256 2821 7256 2933 7257 2713 7257 2709 7257 2932 7258 2955 7258 3154 7258 2955 7259 2932 7259 2936 7259 2972 7260 3155 7260 3093 7260 2951 7261 3155 7261 2972 7261 3155 7262 2951 7262 2933 7262 3154 7263 2971 7263 3092 7263 2971 7264 3154 7264 2955 7264 3154 7265 3092 7265 3162 7265 3154 7266 3163 7266 3155 7266 3163 7267 3154 7267 3162 7267 3162 7268 3092 7268 3099 7268 2937 7269 2933 7269 2951 7269 2933 7270 3154 7270 3155 7270 3154 7271 2933 7271 2932 7271 3163 7272 3398 7272 3399 7272 3398 7273 3163 7273 3162 7273 3398 7274 3407 7274 3399 7274 3407 7275 3398 7275 3406 7275 3163 7276 3205 7276 3155 7276 3205 7277 3093 7277 3155 7277 3398 7278 3162 7278 3406 7278 3339 7279 3407 7279 3345 7279 3407 7280 3339 7280 3399 7280 3216 7281 3399 7281 3339 7281 3163 7282 3216 7282 3205 7282 3216 7283 3163 7283 3399 7283 3406 7284 3233 7284 3344 7284 3406 7285 3215 7285 3233 7285 3162 7286 3215 7286 3406 7286 3215 7287 3162 7287 3099 7287 3406 7288 3531 7288 3702 7288 3531 7289 3406 7289 3433 7289 3433 7290 3406 7290 3344 7290 3515 7291 3703 7291 3602 7291 3703 7292 3515 7292 3407 7292 3601 7293 3702 7293 3531 7293 3434 7294 3407 7294 3515 7294 3407 7295 3434 7295 3345 7295 3407 7296 3702 7296 3703 7296 3702 7297 3407 7297 3406 7297 3812 7298 3985 7298 3865 7298 3757 7299 3985 7299 3812 7299 3985 7300 3757 7300 3703 7300 3703 7301 3984 7301 3985 7301 3984 7302 3703 7302 3702 7302 3702 7303 3769 7303 3984 7303 3769 7304 3702 7304 3601 7304 3757 7305 3602 7305 3703 7305 3984 7306 3811 7306 3864 7306 3811 7307 3984 7307 3769 7307 3957 7308 3865 7308 3985 7308 3985 7309 4254 7309 4255 7309 4254 7310 3985 7310 3984 7310 4254 7311 3997 7311 4096 7311 3969 7312 4254 7312 3984 7312 4254 7313 3969 7313 3997 7313 3969 7314 3984 7314 3864 7314 3970 7315 4255 7315 4097 7315 4255 7316 3970 7316 3985 7316 3985 7317 3970 7317 3957 7317 4209 7318 4576 7318 4310 7318 4576 7319 4209 7319 4255 7319 4255 7320 4575 7320 4576 7320 4575 7321 4255 7321 4254 7321 4254 7322 4217 7322 4575 7322 4254 7323 4159 7323 4217 7323 4159 7324 4254 7324 4096 7324 4160 7325 4255 7325 4209 7325 4255 7326 4160 7326 4097 7326 4575 7327 4217 7327 4309 7327 4576 7328 4878 7328 4879 7328 4878 7329 4576 7329 4575 7329 4482 7330 4879 7330 4533 7330 4416 7331 4879 7331 4482 7331 4879 7332 4416 7332 4576 7332 4285 7333 4332 7333 4299 7333 4332 7334 4285 7334 4288 7334 4310 7335 4576 7335 4416 7335 4285 7336 4276 7336 4288 7336 4575 7337 4425 7337 4878 7337 4425 7338 4575 7338 4309 7338 4879 7339 4882 7339 4883 7339 4882 7340 4879 7340 4878 7340 4878 7341 4535 7341 4882 7341 4535 7342 4878 7342 4532 7342 4878 7343 4481 7343 4532 7343 4481 7344 4878 7344 4425 7344 4602 7345 4533 7345 4879 7345 4386 7346 4446 7346 4419 7346 4386 7347 4332 7347 4446 7347 4332 7348 4386 7348 4299 7348 4883 7349 5022 7349 5023 7349 5022 7350 4883 7350 4882 7350 4678 7351 4674 7351 5023 7351 4428 7352 4495 7352 4429 7352 4495 7353 4428 7353 4494 7353 4617 7354 5023 7354 4674 7354 5023 7355 4617 7355 4879 7355 4879 7356 4617 7356 4602 7356 4419 7357 4494 7357 4428 7357 4494 7358 4419 7358 4446 7358 5027 7359 4678 7359 5023 7359 5023 7360 5026 7360 5027 7360 5026 7361 5023 7361 5022 7361 4616 7362 5022 7362 4882 7362 5022 7363 4616 7363 4632 7363 4616 7364 4882 7364 4535 7364 5023 7365 4879 7365 4883 7365 5022 7366 4632 7366 5026 7366 5026 7367 4632 7367 4677 7367 5094 7368 4770 7368 5095 7368 4770 7369 5094 7369 4769 7369 4568 7370 4466 7370 4467 7370 4730 7371 5089 7371 4752 7371 5089 7372 4730 7372 5027 7372 4455 7373 4567 7373 4462 7373 4567 7374 4455 7374 4552 7374 5089 7375 5094 7375 5095 7375 5094 7376 5089 7376 5088 7376 5026 7377 4734 7377 5088 7377 5026 7378 4714 7378 4734 7378 4714 7379 5026 7379 4677 7379 5088 7380 4734 7380 4751 7380 4751 7381 5094 7381 5088 7381 4762 7382 5094 7382 4751 7382 5094 7383 4762 7383 4769 7383 5027 7384 5088 7384 5089 7384 5088 7385 5027 7385 5026 7385 4715 7386 5027 7386 4730 7386 5027 7387 4715 7387 4678 7387 4441 7388 4552 7388 4455 7388 4552 7389 4441 7389 4495 7389 4495 7390 4441 7390 4429 7390 4770 7391 5089 7391 5095 7391 4763 7392 5089 7392 4770 7392 5089 7393 4763 7393 4752 7393 4467 7394 4567 7394 4568 7394 4465 7395 4567 7395 4467 7395 4567 7396 4465 7396 4462 7396 2951 7397 2973 7397 2822 7397 2973 7398 2951 7398 2972 7398 2937 7399 2822 7399 2821 7399 2822 7400 2937 7400 2951 7400 2813 7401 2948 7401 2814 7401 2964 7402 2948 7402 2813 7402 2948 7403 2964 7403 2965 7403 2818 7404 2817 7404 2934 7404 2946 7405 2934 7405 2817 7405 2934 7406 2946 7406 2954 7406 2968 7407 2954 7407 2946 7407 2954 7408 2968 7408 2969 7408 2815 7409 2962 7409 2816 7409 2966 7410 2962 7410 2815 7410 2962 7411 2966 7411 2967 7411 2935 7412 2936 7412 2820 7412 2936 7413 2950 7413 2970 7413 2935 7414 2820 7414 2819 7414 2936 7415 2935 7415 2950 7415 2955 7416 2970 7416 2971 7416 2970 7417 2955 7417 2936 7417 4672 7418 4619 7418 4620 7418 4717 7419 4672 7419 4718 7419 4672 7420 4717 7420 4619 7420 4683 7421 4623 7421 4624 7421 4698 7422 4683 7422 4679 7422 4683 7423 4698 7423 4623 7423 4722 7424 4698 7424 4679 7424 4698 7425 4722 7425 4721 7425 4636 7426 4621 7426 4622 7426 4719 7427 4636 7427 4720 7427 4636 7428 4719 7428 4621 7428 4628 7429 4634 7429 4627 7429 4628 7430 4682 7430 4634 7430 4726 7431 4682 7431 4628 7431 4682 7432 4726 7432 4725 7432 4626 7433 4633 7433 4625 7433 4684 7434 4633 7434 4626 7434 4680 7435 4684 7435 4681 7435 4684 7436 4680 7436 4633 7436 4724 7437 4680 7437 4681 7437 4680 7438 4724 7438 4723 7438 4742 7439 4717 7439 4718 7439 4753 7440 4742 7440 4754 7440 4742 7441 4753 7441 4717 7441 4731 7442 4721 7442 4722 7442 4731 7443 4746 7443 4721 7443 4765 7444 4746 7444 4731 7444 4757 7445 4765 7445 4758 7445 4765 7446 4757 7446 4746 7446 4728 7447 4719 7447 4720 7447 4755 7448 4728 7448 4756 7448 4728 7449 4755 7449 4719 7449 4769 7450 4725 7450 4726 7450 4769 7451 4726 7451 4770 7451 4764 7452 4770 7452 4726 7452 4770 7453 4764 7453 4763 7453 4725 7454 4769 7454 4736 7454 4769 7455 4768 7455 4736 7455 4762 7456 4768 7456 4769 7456 4768 7457 4762 7457 4761 7457 4732 7458 4723 7458 4724 7458 4732 7459 4735 7459 4723 7459 4767 7460 4735 7460 4732 7460 4767 7461 4766 7461 4735 7461 4760 7462 4766 7462 4767 7462 4766 7463 4760 7463 4759 7463 4560 7464 4484 7464 4485 7464 4619 7465 4560 7465 4620 7465 4560 7466 4619 7466 4484 7466 4538 7467 4488 7467 4489 7467 4538 7468 4598 7468 4488 7468 4603 7469 4598 7469 4538 7469 4623 7470 4603 7470 4624 7470 4603 7471 4623 7471 4598 7471 4501 7472 4486 7472 4487 7472 4621 7473 4501 7473 4622 7473 4501 7474 4621 7474 4486 7474 4493 7475 4541 7475 4492 7475 4493 7476 4537 7476 4541 7476 4628 7477 4537 7477 4493 7477 4537 7478 4628 7478 4627 7478 4540 7479 4490 7479 4491 7479 4540 7480 4539 7480 4490 7480 4540 7481 4536 7481 4539 7481 4604 7482 4536 7482 4540 7482 4625 7483 4604 7483 4626 7483 4604 7484 4625 7484 4536 7484 2974 7485 2949 7485 2975 7485 2829 7486 2949 7486 2974 7486 2949 7487 2829 7487 2830 7487 2833 7488 2938 7488 2952 7488 2963 7489 2979 7489 2978 7489 2979 7490 2963 7490 2952 7490 2833 7491 2952 7491 2963 7491 2938 7492 2833 7492 2834 7492 2976 7493 2947 7493 2977 7493 2831 7494 2947 7494 2976 7494 2947 7495 2831 7495 2832 7495 2957 7496 2838 7496 2983 7496 2838 7497 2957 7497 2941 7497 2957 7498 2983 7498 2982 7498 2838 7499 2941 7499 2837 7499 2953 7500 2956 7500 2939 7500 2956 7501 2981 7501 2980 7501 2939 7502 2940 7502 2953 7502 2956 7503 2953 7503 2981 7503 2940 7504 2939 7504 2836 7504 2836 7505 2939 7505 2835 7505 1679 7506 1785 7506 1837 7506 1785 7507 1679 7507 1678 7507 1837 7508 1785 7508 1836 7508 1670 7509 1750 7509 1671 7509 1828 7510 1750 7510 1670 7510 1750 7511 1828 7511 1829 7511 1700 7512 1692 7512 1674 7512 1674 7513 1692 7513 1675 7513 1692 7514 1700 7514 1782 7514 1832 7515 1782 7515 1700 7515 1782 7516 1832 7516 1833 7516 1672 7517 1822 7517 1673 7517 1830 7518 1822 7518 1672 7518 1822 7519 1830 7519 1831 7519 1676 7520 1693 7520 1677 7520 1693 7521 1676 7521 1783 7521 1783 7522 1784 7522 1693 7522 1834 7523 1784 7523 1783 7523 1784 7524 1834 7524 1835 7524 909 7525 927 7525 910 7525 943 7526 927 7526 909 7526 927 7527 943 7527 944 7527 913 7528 905 7528 914 7528 923 7529 905 7529 913 7529 923 7530 937 7530 905 7530 947 7531 937 7531 923 7531 937 7532 947 7532 948 7532 911 7533 941 7533 912 7533 945 7534 941 7534 911 7534 941 7535 945 7535 946 7535 908 7536 918 7536 917 7536 934 7537 918 7537 908 7537 952 7538 934 7538 951 7538 934 7539 952 7539 918 7539 906 7540 916 7540 915 7540 906 7541 907 7541 916 7541 933 7542 907 7542 906 7542 933 7543 938 7543 907 7543 949 7544 938 7544 933 7544 938 7545 949 7545 950 7545 1838 7546 1751 7546 1839 7546 1680 7547 1751 7547 1838 7547 1751 7548 1680 7548 1681 7548 1843 7549 1823 7549 1786 7549 1823 7550 1843 7550 1842 7550 1684 7551 1786 7551 1823 7551 1786 7552 1684 7552 1685 7552 1840 7553 1701 7553 1841 7553 1682 7554 1701 7554 1840 7554 1701 7555 1682 7555 1683 7555 1789 7556 1689 7556 1847 7556 1689 7557 1789 7557 1695 7557 1789 7558 1847 7558 1846 7558 1689 7559 1695 7559 1688 7559 1787 7560 1788 7560 1845 7560 1788 7561 1787 7561 1694 7561 1787 7562 1845 7562 1844 7562 1694 7563 1687 7563 1788 7563 1687 7564 1694 7564 1686 7564 4059 7565 3972 7565 3973 7565 4162 7566 4059 7566 4163 7566 4059 7567 4162 7567 3972 7567 4098 7568 3976 7568 3977 7568 4098 7569 4139 7569 3976 7569 4167 7570 4139 7570 4098 7570 4139 7571 4167 7571 4166 7571 4005 7572 3974 7572 3975 7572 4164 7573 4005 7573 4165 7573 4005 7574 4164 7574 3974 7574 3981 7575 3999 7575 3980 7575 3981 7576 4101 7576 3999 7576 4171 7577 4101 7577 3981 7577 4101 7578 4171 7578 4170 7578 3979 7579 3998 7579 3978 7579 4100 7580 3998 7580 3979 7580 4100 7581 4099 7581 3998 7581 4169 7582 4099 7582 4100 7582 4099 7583 4169 7583 4168 7583 4764 7584 4752 7584 4763 7584 4764 7585 4730 7585 4752 7585 4716 7586 4730 7586 4764 7586 4730 7587 4716 7587 4715 7587 4741 7588 4753 7588 4754 7588 4707 7589 4741 7589 4708 7589 4741 7590 4707 7590 4753 7590 4749 7591 4759 7591 4760 7591 4749 7592 4748 7592 4759 7592 4733 7593 4748 7593 4749 7593 4712 7594 4748 7594 4733 7594 4747 7595 4757 7595 4758 7595 4748 7596 4727 7596 4747 7596 4747 7597 4727 7597 4757 7597 4711 7598 4748 7598 4712 7598 4748 7599 4711 7599 4727 7599 4745 7600 4755 7600 4756 7600 4709 7601 4745 7601 4710 7601 4745 7602 4709 7602 4755 7602 4751 7603 4761 7603 4762 7603 4751 7604 4750 7604 4761 7604 4734 7605 4750 7605 4751 7605 4734 7606 4729 7606 4750 7606 4714 7607 4729 7607 4734 7607 4729 7608 4714 7608 4713 7608 3604 7609 3561 7609 3605 7609 3442 7610 3561 7610 3604 7610 3561 7611 3442 7611 3439 7611 3439 7612 3442 7612 3443 7612 3591 7613 3609 7613 3608 7613 3609 7614 3591 7614 3516 7614 3441 7615 3516 7615 3591 7615 3516 7616 3441 7616 3447 7616 3447 7617 3441 7617 3446 7617 3606 7618 3463 7618 3607 7618 3444 7619 3463 7619 3606 7619 3463 7620 3444 7620 3440 7620 3440 7621 3444 7621 3445 7621 3533 7622 3451 7622 3613 7622 3533 7623 3613 7623 3612 7623 3451 7624 3533 7624 3450 7624 3611 7625 3610 7625 3532 7625 3517 7626 3448 7626 3449 7626 3448 7627 3517 7627 3611 7627 3611 7628 3532 7628 3448 7628 4483 7629 4416 7629 4482 7629 4311 7630 4416 7630 4483 7630 4416 7631 4311 7631 4310 7631 4468 7632 4474 7632 4475 7632 4383 7633 4474 7633 4468 7633 4302 7634 4383 7634 4303 7634 4383 7635 4302 7635 4474 7635 4479 7636 4470 7636 4478 7636 4424 7637 4470 7637 4479 7637 4424 7638 4324 7638 4470 7638 4307 7639 4324 7639 4424 7639 4307 7640 4306 7640 4324 7640 4469 7641 4476 7641 4477 7641 4449 7642 4476 7642 4469 7642 4304 7643 4449 7643 4305 7643 4449 7644 4304 7644 4476 7644 4425 7645 4480 7645 4481 7645 4425 7646 4415 7646 4480 7646 4309 7647 4415 7647 4425 7647 4309 7648 4308 7648 4415 7648 2305 7649 2433 7649 2209 7649 2433 7650 2305 7650 2417 7650 2305 7651 2209 7651 2208 7651 2433 7652 2417 7652 2432 7652 2200 7653 2342 7653 2201 7653 2424 7654 2342 7654 2200 7654 2342 7655 2424 7655 2425 7655 2205 7656 2260 7656 2302 7656 2260 7657 2205 7657 2204 7657 2302 7658 2260 7658 2310 7658 2428 7659 2310 7659 2260 7659 2310 7660 2428 7660 2429 7660 2202 7661 2408 7661 2203 7661 2426 7662 2408 7662 2202 7662 2408 7663 2426 7663 2427 7663 2303 7664 2311 7664 2304 7664 2303 7665 2304 7665 2207 7665 2311 7666 2303 7666 2416 7666 2303 7667 2207 7667 2206 7667 2416 7668 2431 7668 2311 7668 2431 7669 2416 7669 2430 7669 4241 7670 4162 7670 4163 7670 4312 7671 4241 7671 4313 7671 4241 7672 4312 7672 4162 7672 4210 7673 4166 7673 4167 7673 4210 7674 4284 7674 4166 7674 4317 7675 4284 7675 4210 7675 4317 7676 4316 7676 4284 7676 4185 7677 4164 7677 4165 7677 4314 7678 4185 7678 4315 7678 4185 7679 4314 7679 4164 7679 4171 7680 4219 7680 4170 7680 4321 7681 4219 7681 4171 7681 4219 7682 4321 7682 4320 7682 4211 7683 4168 7683 4169 7683 4211 7684 4218 7684 4168 7684 4319 7685 4218 7685 4211 7685 4319 7686 4318 7686 4218 7686 4384 7687 4312 7687 4313 7687 4484 7688 4384 7688 4471 7688 4484 7689 4471 7689 4485 7689 4384 7690 4484 7690 4312 7690 4417 7691 4316 7691 4317 7691 4417 7692 4450 7692 4316 7692 4489 7693 4450 7693 4417 7693 4450 7694 4489 7694 4473 7694 4473 7695 4489 7695 4488 7695 4325 7696 4314 7696 4315 7696 4486 7697 4325 7697 4472 7697 4486 7698 4472 7698 4487 7698 4325 7699 4486 7699 4314 7699 4321 7700 4427 7700 4320 7700 4493 7701 4427 7701 4321 7701 4427 7702 4493 7702 4492 7702 4418 7703 4318 7703 4319 7703 4418 7704 4426 7704 4318 7704 4491 7705 4426 7705 4418 7705 4426 7706 4491 7706 4490 7706 1433 7707 1343 7707 1342 7707 1489 7708 1433 7708 1488 7708 1433 7709 1489 7709 1343 7709 1334 7710 1410 7710 1335 7710 1480 7711 1410 7711 1334 7711 1410 7712 1480 7712 1481 7712 1368 7713 1339 7713 1338 7713 1368 7714 1440 7714 1339 7714 1484 7715 1440 7715 1368 7715 1484 7716 1485 7716 1440 7716 1336 7717 1466 7717 1337 7717 1482 7718 1466 7718 1336 7718 1466 7719 1482 7719 1483 7719 1432 7720 1341 7720 1340 7720 1432 7721 1441 7721 1341 7721 1486 7722 1441 7722 1432 7722 1441 7723 1486 7723 1487 7723 3426 7724 3436 7724 3427 7724 3436 7725 3426 7725 3560 7725 3594 7726 3560 7726 3426 7726 3560 7727 3594 7727 3595 7727 3462 7728 3530 7728 3431 7728 3438 7729 3431 7729 3430 7729 3462 7730 3431 7730 3438 7730 3598 7731 3530 7731 3462 7731 3530 7732 3598 7732 3599 7732 3428 7733 3437 7733 3429 7733 3437 7734 3428 7734 3590 7734 3596 7735 3590 7735 3428 7735 3590 7736 3596 7736 3597 7736 3515 7737 3603 7737 3435 7737 3603 7738 3515 7738 3602 7738 3515 7739 3435 7739 3434 7739 3514 7740 3531 7740 3433 7740 3600 7741 3601 7741 3531 7741 3531 7742 3514 7742 3600 7742 3514 7743 3433 7743 3432 7743 940 7744 962 7744 961 7744 918 7745 940 7745 922 7745 918 7746 922 7746 917 7746 940 7747 918 7747 962 7747 953 7748 928 7748 954 7748 909 7749 928 7749 953 7749 928 7750 909 7750 910 7750 942 7751 958 7751 957 7751 942 7752 935 7752 958 7752 913 7753 935 7753 942 7753 935 7754 913 7754 919 7754 919 7755 913 7755 914 7755 955 7756 924 7756 956 7756 911 7757 924 7757 955 7757 924 7758 911 7758 912 7758 939 7759 960 7759 959 7759 939 7760 936 7760 960 7760 920 7761 936 7761 939 7761 920 7762 921 7762 936 7762 915 7763 921 7763 920 7763 921 7764 915 7764 916 7764 4568 7765 4764 7765 4726 7765 4443 7766 4726 7766 4628 7766 4567 7767 4764 7767 4568 7767 4552 7768 4764 7768 4567 7768 4388 7769 4628 7769 4493 7769 4726 7770 4443 7770 4568 7770 4568 7771 4443 7771 4466 7771 4628 7772 4388 7772 4443 7772 4271 7773 4493 7773 4321 7773 4493 7774 4271 7774 4388 7774 4321 7775 4191 7775 4271 7775 4171 7776 4191 7776 4321 7776 4171 7777 4041 7777 4191 7777 3981 7778 4041 7778 4171 7778 3981 7779 3881 7779 4041 7779 3823 7780 3881 7780 3981 7780 3823 7781 3741 7781 3881 7781 3613 7782 3741 7782 3823 7782 3613 7783 3569 7783 3741 7783 3451 7784 3569 7784 3613 7784 3451 7785 3363 7785 3569 7785 3227 7786 3363 7786 3451 7786 3227 7787 3201 7787 3363 7787 2983 7788 3201 7788 3227 7788 2983 7789 2961 7789 3201 7789 2838 7790 2961 7790 2983 7790 2838 7791 2828 7791 2961 7791 2838 7792 2693 7792 2828 7792 2687 7793 2693 7793 2838 7793 2687 7794 2453 7794 2693 7794 2443 7795 2453 7795 2687 7795 2443 7796 2291 7796 2453 7796 2225 7797 2291 7797 2443 7797 2225 7798 2087 7798 2291 7798 2057 7799 2087 7799 2225 7799 2057 7800 1913 7800 2087 7800 1847 7801 1913 7801 2057 7801 1847 7802 1773 7802 1913 7802 1689 7803 1773 7803 1847 7803 1689 7804 1613 7804 1773 7804 1499 7805 1613 7805 1689 7805 1499 7806 1465 7806 1613 7806 1353 7807 1465 7807 1499 7807 1465 7808 1353 7808 1383 7808 1190 7809 1383 7809 1353 7809 1383 7810 1190 7810 1271 7810 1271 7811 1060 7811 1219 7811 1060 7812 1271 7812 1190 7812 4764 7813 4552 7813 4716 7813 4495 7814 4716 7814 4552 7814 4494 7815 4716 7815 4495 7815 4716 7816 4494 7816 4618 7816 4446 7817 4618 7817 4494 7817 4332 7818 4618 7818 4446 7818 4618 7819 4332 7819 4483 7819 4288 7820 4483 7820 4332 7820 4276 7821 4483 7821 4288 7821 4483 7822 4276 7822 4269 7822 4483 7823 4269 7823 4311 7823 4188 7824 4311 7824 4269 7824 4188 7825 4161 7825 4311 7825 4039 7826 4161 7826 4188 7826 4039 7827 3971 7827 4161 7827 3879 7828 3971 7828 4039 7828 3879 7829 3813 7829 3971 7829 3739 7830 3813 7830 3879 7830 3739 7831 3603 7831 3813 7831 3566 7832 3603 7832 3739 7832 3566 7833 3435 7833 3603 7833 3361 7834 3435 7834 3566 7834 3361 7835 3217 7835 3435 7835 3199 7836 3217 7836 3361 7836 3199 7837 2973 7837 3217 7837 2959 7838 2973 7838 3199 7838 2825 7839 2973 7839 2959 7839 2825 7840 2822 7840 2973 7840 2691 7841 2822 7841 2825 7841 2691 7842 2677 7842 2822 7842 2451 7843 2677 7843 2691 7843 2451 7844 2433 7844 2677 7844 2289 7845 2433 7845 2451 7845 2289 7846 2209 7846 2433 7846 2084 7847 2209 7847 2289 7847 2084 7848 2047 7848 2209 7848 1911 7849 2047 7849 2084 7849 1911 7850 1837 7850 2047 7850 1771 7851 1837 7851 1911 7851 1771 7852 1679 7852 1837 7852 1611 7853 1679 7853 1771 7853 1611 7854 1489 7854 1679 7854 1462 7855 1489 7855 1611 7855 1343 7856 1462 7856 1381 7856 1462 7857 1343 7857 1489 7857 1180 7858 1381 7858 1269 7858 1050 7859 1269 7859 1217 7859 1381 7860 1180 7860 1343 7860 952 7861 1217 7861 1199 7861 962 7862 1219 7862 1060 7862 1219 7863 962 7863 1199 7863 1269 7864 1050 7864 1180 7864 918 7865 1199 7865 962 7865 1217 7866 952 7866 1050 7866 1199 7867 918 7867 952 7867 2216 7868 2213 7868 2217 7868 2213 7869 2216 7869 2091 7869 2048 7870 2091 7870 2216 7870 2091 7871 2048 7871 2049 7871 2189 7872 2120 7872 2221 7872 2215 7873 2221 7873 2220 7873 2189 7874 2221 7874 2215 7874 2052 7875 2120 7875 2189 7875 2120 7876 2052 7876 2053 7876 2218 7877 2214 7877 2219 7877 2214 7878 2218 7878 2061 7878 2050 7879 2061 7879 2218 7879 2061 7880 2050 7880 2051 7880 2137 7881 2057 7881 2225 7881 2057 7882 2137 7882 2056 7882 2137 7883 2225 7883 2224 7883 2136 7884 2121 7884 2223 7884 2054 7885 2055 7885 2121 7885 2121 7886 2136 7886 2054 7886 2136 7887 2223 7887 2222 7887 3227 7888 3101 7888 2983 7888 3101 7889 3227 7889 3226 7889 3097 7890 2983 7890 3101 7890 2983 7891 3097 7891 2982 7891 3219 7892 3218 7892 3123 7892 2974 7893 3123 7893 3218 7893 3123 7894 2974 7894 2975 7894 3203 7895 3206 7895 3222 7895 3222 7896 3206 7896 3223 7896 3206 7897 3203 7897 3094 7897 2978 7898 3094 7898 3203 7898 3094 7899 2978 7899 2979 7899 3220 7900 3011 7900 3221 7900 2976 7901 3011 7901 3220 7901 3011 7902 2976 7902 2977 7902 3224 7903 3207 7903 3225 7903 3207 7904 3224 7904 3100 7904 3100 7905 3096 7905 3207 7905 3095 7906 3096 7906 3100 7906 2980 7907 3096 7907 3095 7907 3096 7908 2980 7908 2981 7908 1680 7909 1593 7909 1681 7909 1490 7910 1593 7910 1680 7910 1593 7911 1490 7911 1491 7911 1684 7912 1654 7912 1685 7912 1647 7913 1654 7913 1684 7913 1647 7914 1554 7914 1654 7914 1494 7915 1554 7915 1647 7915 1554 7916 1494 7916 1495 7916 1682 7917 1513 7917 1683 7917 1492 7918 1513 7918 1682 7918 1513 7919 1492 7919 1493 7919 1557 7920 1689 7920 1688 7920 1499 7921 1557 7921 1498 7921 1557 7922 1499 7922 1689 7922 1686 7923 1655 7923 1687 7923 1555 7924 1655 7924 1686 7924 1555 7925 1556 7925 1655 7925 1496 7926 1556 7926 1555 7926 1556 7927 1496 7927 1497 7927 4618 7928 4602 7928 4617 7928 4618 7929 4533 7929 4602 7929 4483 7930 4533 7930 4618 7930 4533 7931 4483 7931 4482 7931 4559 7932 4609 7932 4610 7932 4474 7933 4559 7933 4475 7933 4559 7934 4474 7934 4609 7934 4534 7935 4613 7935 4614 7935 4500 7936 4534 7936 4530 7936 4534 7937 4500 7937 4613 7937 4479 7938 4500 7938 4530 7938 4500 7939 4479 7939 4478 7939 4597 7940 4611 7940 4612 7940 4476 7941 4597 7941 4477 7941 4597 7942 4476 7942 4611 7942 4616 7943 4601 7943 4615 7943 4535 7944 4601 7944 4616 7944 4531 7945 4535 7945 4532 7945 4535 7946 4531 7946 4601 7946 4481 7947 4531 7947 4532 7947 4531 7948 4481 7948 4480 7948 996 7949 1060 7949 1059 7949 962 7950 996 7950 994 7950 962 7951 994 7951 961 7951 996 7952 962 7952 1060 7952 1051 7953 998 7953 1052 7953 953 7954 998 7954 1051 7954 998 7955 953 7955 954 7955 1055 7956 1037 7956 1056 7956 1034 7957 1037 7957 1055 7957 1034 7958 991 7958 1037 7958 957 7959 991 7959 1034 7959 991 7960 957 7960 958 7960 1053 7961 972 7961 1054 7961 955 7962 972 7962 1053 7962 972 7963 955 7963 956 7963 1057 7964 1038 7964 1058 7964 995 7965 1038 7965 1057 7965 993 7966 995 7966 992 7966 995 7967 993 7967 1038 7967 959 7968 993 7968 992 7968 993 7969 959 7969 960 7969 2119 7970 2209 7970 2047 7970 2119 7971 2047 7971 2046 7971 2209 7972 2119 7972 2208 7972 2038 7973 2090 7973 2039 7973 2200 7974 2090 7974 2038 7974 2090 7975 2200 7975 2210 7975 2210 7976 2200 7976 2201 7976 2060 7977 2043 7977 2042 7977 2043 7978 2060 7978 2134 7978 2212 7979 2134 7979 2060 7979 2134 7980 2212 7980 2205 7980 2205 7981 2212 7981 2204 7981 2040 7982 2188 7982 2041 7982 2202 7983 2188 7983 2040 7983 2188 7984 2202 7984 2211 7984 2211 7985 2202 7985 2203 7985 2045 7986 2044 7986 2118 7986 2135 7987 2206 7987 2207 7987 2206 7988 2135 7988 2045 7988 2045 7989 2118 7989 2206 7989 1895 7990 1847 7990 2057 7990 1847 7991 1895 7991 1846 7991 2057 7992 2056 7992 1895 7992 2048 7993 1963 7993 2049 7993 1838 7994 1963 7994 2048 7994 1963 7995 1838 7995 1839 7995 2027 7996 2053 7996 2052 7996 2053 7997 2027 7997 1882 7997 1842 7998 1882 7998 2027 7998 1882 7999 1842 7999 1843 7999 2050 8000 1853 8000 2051 8000 1840 8001 1853 8001 2050 8001 1853 8002 1840 8002 1841 8002 2055 8003 1894 8003 1844 8003 2055 8004 2054 8004 1894 8004 1883 8005 1844 8005 1845 8005 1844 8006 1883 8006 2055 8006 3865 8007 3971 8007 3813 8007 3971 8008 3865 8008 3957 8008 3865 8009 3813 8009 3812 8009 3971 8010 3957 8010 3970 8010 3804 8011 3900 8011 3805 8011 3962 8012 3900 8012 3804 8012 3900 8013 3962 8013 3963 8013 3809 8014 3828 8014 3862 8014 3828 8015 3809 8015 3808 8015 3966 8016 3862 8016 3828 8016 3862 8017 3966 8017 3967 8017 3806 8018 3950 8018 3807 8018 3964 8019 3950 8019 3806 8019 3950 8020 3964 8020 3965 8020 3863 8021 3864 8021 3811 8021 3864 8022 3863 8022 3956 8022 3863 8023 3811 8023 3810 8023 3956 8024 3969 8024 3864 8024 3969 8025 3956 8025 3968 8025 2443 8026 2313 8026 2225 8026 2313 8027 2443 8027 2442 8027 2309 8028 2225 8028 2313 8028 2225 8029 2309 8029 2224 8029 2434 8030 2343 8030 2435 8030 2216 8031 2343 8031 2434 8031 2343 8032 2216 8032 2217 8032 2439 8033 2438 8033 2418 8033 2409 8034 2418 8034 2438 8034 2418 8035 2409 8035 2306 8035 2220 8036 2306 8036 2409 8036 2306 8037 2220 8037 2221 8037 2436 8038 2261 8038 2437 8038 2218 8039 2261 8039 2436 8039 2261 8040 2218 8040 2219 8040 2440 8041 2419 8041 2441 8041 2419 8042 2440 8042 2312 8042 2312 8043 2308 8043 2419 8043 2307 8044 2308 8044 2312 8044 2222 8045 2308 8045 2307 8045 2308 8046 2222 8046 2223 8046 4311 8047 4209 8047 4310 8047 4161 8048 4209 8048 4311 8048 4209 8049 4161 8049 4160 8049 4240 8050 4302 8050 4303 8050 4152 8051 4240 8051 4153 8051 4240 8052 4152 8052 4302 8052 4216 8053 4306 8053 4307 8053 4216 8054 4184 8054 4306 8054 4157 8055 4184 8055 4216 8055 4184 8056 4157 8056 4156 8056 4283 8057 4304 8057 4305 8057 4154 8058 4283 8058 4155 8058 4283 8059 4154 8059 4304 8059 4217 8060 4308 8060 4309 8060 4217 8061 4208 8061 4308 8061 4159 8062 4208 8062 4217 8062 4208 8063 4159 8063 4158 8063 3757 8064 3813 8064 3603 8064 3813 8065 3757 8065 3812 8065 3603 8066 3602 8066 3757 8066 3594 8067 3688 8067 3595 8067 3804 8068 3688 8068 3594 8068 3688 8069 3804 8069 3805 8069 3624 8070 3599 8070 3598 8070 3599 8071 3624 8071 3768 8071 3808 8072 3768 8072 3624 8072 3768 8073 3808 8073 3809 8073 3596 8074 3798 8074 3597 8074 3806 8075 3798 8075 3596 8075 3798 8076 3806 8076 3807 8076 3601 8077 3756 8077 3810 8077 3601 8078 3600 8078 3756 8078 3769 8079 3810 8079 3811 8079 3810 8080 3769 8080 3601 8080 4058 8081 4152 8081 4153 8081 3962 8082 4058 8082 3963 8082 4058 8083 3962 8083 4152 8083 4094 8084 4156 8084 4157 8084 4094 8085 4004 8085 4156 8085 3996 8086 4004 8086 4094 8086 3967 8087 4004 8087 3996 8087 4004 8088 3967 8088 3966 8088 4138 8089 4154 8089 4155 8089 3964 8090 4138 8090 3965 8090 4138 8091 3964 8091 4154 8091 4161 8092 4097 8092 4160 8092 3971 8093 4097 8093 4161 8093 4097 8094 3971 8094 3970 8094 4096 8095 4158 8095 4159 8095 4096 8096 4095 8096 4158 8096 3997 8097 4095 8097 4096 8097 3968 8098 3997 8098 3969 8098 3997 8099 3968 8099 4095 8099 4716 8100 4678 8100 4715 8100 4716 8101 4674 8101 4678 8101 4618 8102 4674 8102 4716 8102 4674 8103 4618 8103 4617 8103 4671 8104 4707 8104 4708 8104 4609 8105 4671 8105 4610 8105 4671 8106 4609 8106 4707 8106 4675 8107 4711 8107 4712 8107 4675 8108 4635 8108 4711 8108 4631 8109 4635 8109 4675 8109 4614 8110 4635 8110 4631 8110 4635 8111 4614 8111 4613 8111 4697 8112 4709 8112 4710 8112 4611 8113 4697 8113 4612 8113 4697 8114 4611 8114 4709 8114 4677 8115 4713 8115 4714 8115 4677 8116 4676 8116 4713 8116 4677 8117 4673 8117 4676 8117 4632 8118 4673 8118 4677 8118 4615 8119 4632 8119 4616 8119 4632 8120 4615 8120 4673 8120 2829 8121 2703 8121 2830 8121 2678 8122 2703 8122 2829 8122 2703 8123 2678 8123 2679 8123 2834 8124 2833 8124 2714 8124 2705 8125 2714 8125 2833 8125 2714 8126 2705 8126 2696 8126 2682 8127 2696 8127 2705 8127 2696 8128 2682 8128 2683 8128 2831 8129 2689 8129 2832 8129 2680 8130 2689 8130 2831 8130 2689 8131 2680 8131 2681 8131 2701 8132 2687 8132 2838 8132 2687 8133 2701 8133 2686 8133 2717 8134 2838 8134 2837 8134 2838 8135 2717 8135 2701 8135 2715 8136 2716 8136 2836 8136 2716 8137 2700 8137 2684 8137 2715 8138 2836 8138 2835 8138 2716 8139 2715 8139 2700 8139 2697 8140 2684 8140 2685 8140 2684 8141 2697 8141 2716 8141 1231 8142 1180 8142 1179 8142 1343 8143 1231 8143 1342 8143 1231 8144 1343 8144 1180 8144 1171 8145 1191 8145 1172 8145 1171 8146 1272 8146 1191 8146 1334 8147 1272 8147 1171 8147 1272 8148 1334 8148 1335 8148 1193 8149 1176 8149 1175 8149 1210 8150 1176 8150 1193 8150 1210 8151 1238 8151 1176 8151 1338 8152 1238 8152 1210 8152 1238 8153 1338 8153 1339 8153 1173 8154 1192 8154 1174 8154 1173 8155 1330 8155 1192 8155 1336 8156 1330 8156 1173 8156 1330 8157 1336 8157 1337 8157 1230 8158 1178 8158 1177 8158 1230 8159 1239 8159 1178 8159 1340 8160 1239 8160 1230 8160 1340 8161 1341 8161 1239 8161 1241 8162 1353 8162 1352 8162 1190 8163 1241 8163 1189 8163 1241 8164 1190 8164 1353 8164 1344 8165 1273 8165 1345 8165 1181 8166 1273 8166 1344 8166 1273 8167 1181 8167 1194 8167 1194 8168 1181 8168 1182 8168 1331 8169 1349 8169 1348 8169 1331 8170 1232 8170 1349 8170 1196 8171 1232 8171 1331 8171 1186 8172 1196 8172 1185 8172 1196 8173 1186 8173 1232 8173 1346 8174 1211 8174 1347 8174 1183 8175 1211 8175 1346 8175 1211 8176 1183 8176 1195 8176 1195 8177 1183 8177 1184 8177 1240 8178 1351 8178 1350 8178 1240 8179 1233 8179 1351 8179 1187 8180 1233 8180 1240 8180 1233 8181 1187 8181 1188 8181 3771 8182 3613 8182 3823 8182 3613 8183 3771 8183 3612 8183 3771 8184 3823 8184 3822 8184 3815 8185 3814 8185 3689 8185 3604 8186 3689 8186 3814 8186 3689 8187 3604 8187 3605 8187 3608 8188 3609 8188 3758 8188 3799 8189 3819 8189 3818 8189 3819 8190 3799 8190 3758 8190 3608 8191 3758 8191 3799 8191 3817 8192 3816 8192 3625 8192 3606 8193 3625 8193 3816 8193 3625 8194 3606 8194 3607 8194 3759 8195 3770 8195 3610 8195 3770 8196 3821 8196 3820 8196 3610 8197 3611 8197 3759 8197 3770 8198 3759 8198 3821 8198 943 8199 997 8199 944 8199 1041 8200 997 8200 943 8200 997 8201 1041 8201 1042 8201 971 8202 948 8202 947 8202 971 8203 987 8203 948 8203 971 8204 985 8204 987 8204 1045 8205 985 8205 971 8205 985 8206 1045 8206 1046 8206 945 8207 1033 8207 946 8207 1043 8208 1033 8208 945 8208 1033 8209 1043 8209 1044 8209 990 8210 952 8210 951 8210 1050 8211 990 8211 1036 8211 1050 8212 1036 8212 1049 8212 990 8213 1050 8213 952 8213 988 8214 950 8214 949 8214 988 8215 989 8215 950 8215 988 8216 986 8216 989 8216 1035 8217 986 8217 988 8217 1048 8218 1035 8218 1047 8218 1035 8219 1048 8219 986 8219 3208 8220 3308 8220 3209 8220 3426 8221 3308 8221 3208 8221 3308 8222 3426 8222 3427 8222 3213 8223 3212 8223 3232 8223 3242 8224 3232 8224 3212 8224 3232 8225 3242 8225 3342 8225 3430 8226 3342 8226 3242 8226 3342 8227 3430 8227 3431 8227 3210 8228 3390 8228 3211 8228 3428 8229 3390 8229 3210 8229 3390 8230 3428 8230 3429 8230 3217 8231 3339 8231 3435 8231 3339 8232 3217 8232 3216 8232 3345 8233 3435 8233 3339 8233 3435 8234 3345 8234 3434 8234 3214 8235 3233 8235 3215 8235 3233 8236 3214 8236 3338 8236 3338 8237 3344 8237 3233 8237 3343 8238 3344 8238 3338 8238 3432 8239 3344 8239 3343 8239 3344 8240 3432 8240 3433 8240 4463 8241 4753 8241 4707 8241 4440 8242 4707 8242 4609 8242 4753 8243 4463 8243 4717 8243 4385 8244 4609 8244 4474 8244 4442 8245 4717 8245 4463 8245 4717 8246 4442 8246 4619 8246 4707 8247 4440 8247 4463 8247 4609 8248 4385 8248 4440 8248 4268 8249 4474 8249 4302 8249 4474 8250 4268 8250 4385 8250 4302 8251 4186 8251 4268 8251 4152 8252 4186 8252 4302 8252 4152 8253 4038 8253 4186 8253 3962 8254 4038 8254 4152 8254 3962 8255 3878 8255 4038 8255 3804 8256 3878 8256 3962 8256 3804 8257 3738 8257 3878 8257 3594 8258 3738 8258 3804 8258 3594 8259 3564 8259 3738 8259 3426 8260 3564 8260 3594 8260 3426 8261 3360 8261 3564 8261 3208 8262 3360 8262 3426 8262 3208 8263 3198 8263 3360 8263 2964 8264 3198 8264 3208 8264 2964 8265 2958 8265 3198 8265 2813 8266 2958 8266 2964 8266 2813 8267 2823 8267 2958 8267 2813 8268 2690 8268 2823 8268 2668 8269 2690 8269 2813 8269 2668 8270 2450 8270 2690 8270 2424 8271 2450 8271 2668 8271 2424 8272 2288 8272 2450 8272 2200 8273 2288 8273 2424 8273 2200 8274 2082 8274 2288 8274 2038 8275 2082 8275 2200 8275 2038 8276 1910 8276 2082 8276 1828 8277 1910 8277 2038 8277 1828 8278 1770 8278 1910 8278 1670 8279 1770 8279 1828 8279 1670 8280 1610 8280 1770 8280 1480 8281 1610 8281 1670 8281 1480 8282 1460 8282 1610 8282 1334 8283 1460 8283 1480 8283 1460 8284 1334 8284 1380 8284 1171 8285 1380 8285 1334 8285 1380 8286 1171 8286 1268 8286 1268 8287 1041 8287 1216 8287 1041 8288 1268 8288 1171 8288 4387 8289 4619 8289 4442 8289 4619 8290 4387 8290 4484 8290 4270 8291 4484 8291 4387 8291 4484 8292 4270 8292 4312 8292 4189 8293 4312 8293 4270 8293 4189 8294 4162 8294 4312 8294 4040 8295 4162 8295 4189 8295 4040 8296 3972 8296 4162 8296 3880 8297 3972 8297 4040 8297 3880 8298 3814 8298 3972 8298 3740 8299 3814 8299 3880 8299 3740 8300 3604 8300 3814 8300 3567 8301 3604 8301 3740 8301 3567 8302 3442 8302 3604 8302 3362 8303 3442 8303 3567 8303 3362 8304 3218 8304 3442 8304 3200 8305 3218 8305 3362 8305 3200 8306 2974 8306 3218 8306 2960 8307 2974 8307 3200 8307 2826 8308 2974 8308 2960 8308 2826 8309 2829 8309 2974 8309 2692 8310 2829 8310 2826 8310 2692 8311 2678 8311 2829 8311 2452 8312 2678 8312 2692 8312 2452 8313 2434 8313 2678 8313 2290 8314 2434 8314 2452 8314 2290 8315 2216 8315 2434 8315 2085 8316 2216 8316 2290 8316 2085 8317 2048 8317 2216 8317 1912 8318 2048 8318 2085 8318 1912 8319 1838 8319 2048 8319 1772 8320 1838 8320 1912 8320 1772 8321 1680 8321 1838 8321 1612 8322 1680 8322 1772 8322 1612 8323 1490 8323 1680 8323 1463 8324 1490 8324 1612 8324 1344 8325 1463 8325 1382 8325 1463 8326 1344 8326 1490 8326 1181 8327 1382 8327 1270 8327 1051 8328 1270 8328 1218 8328 1382 8329 1181 8329 1344 8329 953 8330 1218 8330 1197 8330 943 8331 1216 8331 1041 8331 1216 8332 943 8332 1197 8332 1270 8333 1051 8333 1181 8333 909 8334 1197 8334 943 8334 1218 8335 953 8335 1051 8335 1197 8336 909 8336 953 8336 3972 8337 3901 8337 3973 8337 3814 8338 3901 8338 3972 8338 3901 8339 3814 8339 3815 8339 3951 8340 3958 8340 3976 8340 3976 8341 3958 8341 3977 8341 3958 8342 3951 8342 3866 8342 3818 8343 3866 8343 3951 8343 3866 8344 3818 8344 3819 8344 3974 8345 3829 8345 3975 8345 3816 8346 3829 8346 3974 8346 3829 8347 3816 8347 3817 8347 3981 8348 3869 8348 3823 8348 3869 8349 3981 8349 3980 8349 3823 8350 3869 8350 3822 8350 3978 8351 3959 8351 3979 8351 3959 8352 3978 8352 3867 8352 3867 8353 3868 8353 3959 8353 3820 8354 3868 8354 3867 8354 3868 8355 3820 8355 3821 8355 2965 8356 2964 8356 3122 8356 3208 8357 3122 8357 2964 8357 3122 8358 3208 8358 3209 8358 2969 8359 3010 8359 3090 8359 3010 8360 2969 8360 2968 8360 3090 8361 3010 8361 3098 8361 3212 8362 3098 8362 3010 8362 3098 8363 3212 8363 3213 8363 2966 8364 3202 8364 2967 8364 3210 8365 3202 8365 2966 8365 3202 8366 3210 8366 3211 8366 3093 8367 3217 8367 2973 8367 3217 8368 3093 8368 3205 8368 3093 8369 2973 8369 2972 8369 3217 8370 3205 8370 3216 8370 3091 8371 3099 8371 3092 8371 3091 8372 3092 8372 2971 8372 3099 8373 3091 8373 3204 8373 3091 8374 2971 8374 2970 8374 3204 8375 3215 8375 3099 8375 3215 8376 3204 8376 3214 8376 1136 8377 1190 8377 1189 8377 1060 8378 1136 8378 1068 8378 1060 8379 1068 8379 1059 8379 1136 8380 1060 8380 1190 8380 1181 8381 1108 8381 1182 8381 1051 8382 1108 8382 1181 8382 1108 8383 1051 8383 1052 8383 1166 8384 1186 8384 1185 8384 1166 8385 1133 8385 1186 8385 1166 8386 1131 8386 1133 8386 1055 8387 1131 8387 1166 8387 1131 8388 1055 8388 1056 8388 1183 8389 1072 8389 1184 8389 1053 8390 1072 8390 1183 8390 1072 8391 1053 8391 1054 8391 1134 8392 1188 8392 1187 8392 1134 8393 1135 8393 1188 8393 1134 8394 1132 8394 1135 8394 1067 8395 1132 8395 1134 8395 1058 8396 1067 8396 1057 8396 1067 8397 1058 8397 1132 8397 2561 8398 2443 8398 2687 8398 2443 8399 2561 8399 2447 8399 2561 8400 2687 8400 2686 8400 2443 8401 2447 8401 2442 8401 2679 8402 2678 8402 2529 8402 2434 8403 2529 8403 2678 8403 2529 8404 2434 8404 2435 8404 2683 8405 2641 8405 2558 8405 2641 8406 2683 8406 2682 8406 2558 8407 2641 8407 2552 8407 2438 8408 2552 8408 2641 8408 2552 8409 2438 8409 2439 8409 2680 8410 2449 8410 2681 8410 2436 8411 2449 8411 2680 8411 2449 8412 2436 8412 2437 8412 2559 8413 2553 8413 2560 8413 2559 8414 2560 8414 2685 8414 2553 8415 2559 8415 2446 8415 2559 8416 2685 8416 2684 8416 2446 8417 2441 8417 2553 8417 2441 8418 2446 8418 2440 8418 2695 8419 2822 8419 2677 8419 2822 8420 2695 8420 2713 8420 2695 8421 2677 8421 2676 8421 2822 8422 2713 8422 2821 8422 2668 8423 2702 8423 2669 8423 2813 8424 2702 8424 2668 8424 2702 8425 2813 8425 2814 8425 2817 8426 2710 8426 2698 8426 2688 8427 2673 8427 2672 8427 2673 8428 2688 8428 2698 8428 2817 8429 2698 8429 2688 8429 2710 8430 2817 8430 2818 8430 2670 8431 2704 8431 2671 8431 2815 8432 2704 8432 2670 8432 2704 8433 2815 8433 2816 8433 2699 8434 2694 8434 2711 8434 2694 8435 2675 8435 2674 8435 2711 8436 2712 8436 2699 8436 2694 8437 2699 8437 2675 8437 2712 8438 2711 8438 2820 8438 2820 8439 2711 8439 2819 8439 1041 8440 1107 8440 1042 8440 1171 8441 1107 8441 1041 8441 1107 8442 1171 8442 1172 8442 1045 8443 1065 8443 1046 8443 1071 8444 1065 8444 1045 8444 1071 8445 1125 8445 1065 8445 1175 8446 1125 8446 1071 8446 1125 8447 1175 8447 1176 8447 1043 8448 1165 8448 1044 8448 1173 8449 1165 8449 1043 8449 1165 8450 1173 8450 1174 8450 1130 8451 1050 8451 1049 8451 1180 8452 1130 8452 1128 8452 1180 8453 1128 8453 1179 8453 1130 8454 1180 8454 1050 8454 1047 8455 1066 8455 1048 8455 1129 8456 1066 8456 1047 8456 1127 8457 1129 8457 1126 8457 1129 8458 1127 8458 1066 8458 1177 8459 1127 8459 1126 8459 1127 8460 1177 8460 1178 8460 1553 8461 1489 8461 1488 8461 1679 8462 1553 8462 1653 8462 1679 8463 1653 8463 1678 8463 1553 8464 1679 8464 1489 8464 1480 8465 1592 8465 1481 8465 1670 8466 1592 8466 1480 8466 1592 8467 1670 8467 1671 8467 1512 8468 1485 8468 1484 8468 1512 8469 1550 8469 1485 8469 1674 8470 1550 8470 1512 8470 1550 8471 1674 8471 1675 8471 1482 8472 1646 8472 1483 8472 1672 8473 1646 8473 1482 8473 1646 8474 1672 8474 1673 8474 1551 8475 1487 8475 1486 8475 1551 8476 1552 8476 1487 8476 1652 8477 1552 8477 1551 8477 1677 8478 1652 8478 1676 8478 1652 8479 1677 8479 1552 8479 2425 8480 2424 8480 2528 8480 2668 8481 2528 8481 2424 8481 2528 8482 2668 8482 2669 8482 2448 8483 2444 8483 2428 8483 2428 8484 2444 8484 2429 8484 2444 8485 2448 8485 2554 8485 2672 8486 2554 8486 2448 8486 2554 8487 2672 8487 2673 8487 2426 8488 2640 8488 2427 8488 2670 8489 2640 8489 2426 8489 2640 8490 2670 8490 2671 8490 2433 8491 2551 8491 2677 8491 2551 8492 2433 8492 2432 8492 2557 8493 2677 8493 2551 8493 2677 8494 2557 8494 2676 8494 2430 8495 2445 8495 2431 8495 2445 8496 2430 8496 2550 8496 2550 8497 2556 8497 2445 8497 2555 8498 2556 8498 2550 8498 2674 8499 2556 8499 2555 8499 2556 8500 2674 8500 2675 8500 1829 8501 1828 8501 1962 8501 2038 8502 1962 8502 1828 8502 1962 8503 2038 8503 2039 8503 2042 8504 2043 8504 1892 8504 1852 8505 1833 8505 1832 8505 1833 8506 1852 8506 1892 8506 2042 8507 1892 8507 1852 8507 1831 8508 1830 8508 2026 8508 2040 8509 2026 8509 1830 8509 2026 8510 2040 8510 2041 8510 1881 8511 2047 8511 1837 8511 2047 8512 1881 8512 2046 8512 1881 8513 1837 8513 1836 8513 1893 8514 1880 8514 2044 8514 1880 8515 1835 8515 1834 8515 2044 8516 2045 8516 1893 8516 1880 8517 1893 8517 1835 8517 3349 8518 3227 8518 3451 8518 3227 8519 3349 8519 3235 8519 3349 8520 3451 8520 3450 8520 3227 8521 3235 8521 3226 8521 3442 8522 3309 8522 3443 8522 3218 8523 3309 8523 3442 8523 3309 8524 3218 8524 3219 8524 3447 8525 3391 8525 3346 8525 3391 8526 3447 8526 3446 8526 3346 8527 3391 8527 3340 8527 3222 8528 3340 8528 3391 8528 3340 8529 3222 8529 3223 8529 3444 8530 3243 8530 3445 8530 3220 8531 3243 8531 3444 8531 3243 8532 3220 8532 3221 8532 3347 8533 3341 8533 3348 8533 3347 8534 3348 8534 3449 8534 3341 8535 3347 8535 3234 8535 3347 8536 3449 8536 3448 8536 3234 8537 3225 8537 3341 8537 3225 8538 3234 8538 3224 8538 1443 8539 1499 8539 1498 8539 1353 8540 1443 8540 1352 8540 1443 8541 1353 8541 1499 8541 1490 8542 1411 8542 1491 8542 1344 8543 1411 8543 1490 8543 1411 8544 1344 8544 1345 8544 1467 8545 1495 8545 1494 8545 1467 8546 1434 8546 1495 8546 1348 8547 1434 8547 1467 8547 1434 8548 1348 8548 1349 8548 1492 8549 1369 8549 1493 8549 1346 8550 1369 8550 1492 8550 1369 8551 1346 8551 1347 8551 1442 8552 1497 8552 1496 8552 1442 8553 1435 8553 1497 8553 1350 8554 1435 8554 1442 8554 1350 8555 1351 8555 1435 8555 530 8556 553 8556 528 8556 553 8557 549 8557 528 8557 540 8558 559 8558 530 8558 559 8559 553 8559 530 8559 547 8560 571 8560 540 8560 571 8561 559 8561 540 8561 561 8562 583 8562 547 8562 583 8563 571 8563 547 8563 579 8564 606 8564 561 8564 606 8565 583 8565 561 8565 602 8566 625 8566 579 8566 625 8567 606 8567 579 8567 627 8568 677 8568 602 8568 677 8569 625 8569 602 8569 683 8570 709 8570 627 8570 709 8571 677 8571 627 8571 715 8572 730 8572 683 8572 730 8573 709 8573 683 8573 740 8574 758 8574 715 8574 758 8575 730 8575 715 8575 780 8576 819 8576 740 8576 819 8577 758 8577 740 8577 834 8578 856 8578 780 8578 856 8579 819 8579 780 8579 872 8580 900 8580 834 8580 900 8581 856 8581 834 8581 913 8582 942 8582 872 8582 900 8583 942 8583 957 8583 942 8584 900 8584 872 8584 871 8585 924 8585 912 8585 924 8586 871 8586 899 8586 899 8587 956 8587 924 8587 855 8588 871 8588 833 8588 899 8589 871 8589 855 8589 818 8590 833 8590 779 8590 855 8591 833 8591 818 8591 757 8592 779 8592 739 8592 818 8593 779 8593 757 8593 729 8594 739 8594 714 8594 757 8595 739 8595 729 8595 708 8596 714 8596 682 8596 729 8597 714 8597 708 8597 676 8598 682 8598 626 8598 708 8599 682 8599 676 8599 624 8600 626 8600 601 8600 676 8601 626 8601 624 8601 605 8602 601 8602 578 8602 605 8603 624 8603 601 8603 582 8604 578 8604 560 8604 582 8605 605 8605 578 8605 570 8606 560 8606 546 8606 570 8607 582 8607 560 8607 558 8608 546 8608 539 8608 558 8609 570 8609 546 8609 552 8610 539 8610 529 8610 552 8611 558 8611 539 8611 549 8612 529 8612 528 8612 549 8613 552 8613 529 8613 553 8614 621 8614 549 8614 621 8615 617 8615 549 8615 559 8616 637 8616 553 8616 637 8617 621 8617 553 8617 571 8618 663 8618 559 8618 663 8619 637 8619 559 8619 583 8620 687 8620 571 8620 687 8621 663 8621 571 8621 606 8622 703 8622 583 8622 703 8623 687 8623 583 8623 625 8624 723 8624 606 8624 723 8625 703 8625 606 8625 677 8626 746 8626 625 8626 746 8627 723 8627 625 8627 709 8628 772 8628 677 8628 772 8629 746 8629 677 8629 730 8630 829 8630 709 8630 829 8631 772 8631 709 8631 758 8632 864 8632 730 8632 864 8633 829 8633 730 8633 819 8634 896 8634 758 8634 896 8635 864 8635 758 8635 856 8636 970 8636 819 8636 970 8637 896 8637 819 8637 900 8638 1004 8638 856 8638 1004 8639 970 8639 856 8639 957 8640 1034 8640 900 8640 1004 8641 1034 8641 1055 8641 1034 8642 1004 8642 900 8642 899 8643 972 8643 956 8643 972 8644 899 8644 1003 8644 1003 8645 1054 8645 972 8645 969 8646 899 8646 855 8646 969 8647 1003 8647 899 8647 895 8648 855 8648 818 8648 895 8649 969 8649 855 8649 863 8650 818 8650 757 8650 863 8651 895 8651 818 8651 828 8652 757 8652 729 8652 828 8653 863 8653 757 8653 771 8654 729 8654 708 8654 771 8655 828 8655 729 8655 745 8656 708 8656 676 8656 745 8657 771 8657 708 8657 722 8658 676 8658 624 8658 722 8659 745 8659 676 8659 702 8660 624 8660 605 8660 702 8661 722 8661 624 8661 686 8662 605 8662 582 8662 686 8663 702 8663 605 8663 662 8664 582 8664 570 8664 662 8665 686 8665 582 8665 636 8666 570 8666 558 8666 636 8667 662 8667 570 8667 620 8668 558 8668 552 8668 620 8669 636 8669 558 8669 617 8670 552 8670 549 8670 617 8671 620 8671 552 8671 621 8672 768 8672 617 8672 768 8673 764 8673 617 8673 637 8674 778 8674 621 8674 778 8675 768 8675 621 8675 663 8676 803 8676 637 8676 803 8677 778 8677 637 8677 687 8678 823 8678 663 8678 823 8679 803 8679 663 8679 703 8680 842 8680 687 8680 842 8681 823 8681 687 8681 723 8682 868 8682 703 8682 868 8683 842 8683 703 8683 746 8684 890 8684 723 8684 890 8685 868 8685 723 8685 772 8686 932 8686 746 8686 932 8687 890 8687 746 8687 829 8688 984 8688 772 8688 984 8689 932 8689 772 8689 864 8690 1026 8690 829 8690 1026 8691 984 8691 829 8691 896 8692 1078 8692 864 8692 1078 8693 1026 8693 864 8693 970 8694 1114 8694 896 8694 1114 8695 1078 8695 896 8695 1004 8696 1146 8696 970 8696 1146 8697 1114 8697 970 8697 1004 8698 1055 8698 1166 8698 1146 8699 1185 8699 1196 8699 1146 8700 1166 8700 1185 8700 1166 8701 1146 8701 1004 8701 1072 8702 1054 8702 1003 8702 1072 8703 1003 8703 1145 8703 1184 8704 1145 8704 1195 8704 1145 8705 1184 8705 1072 8705 1113 8706 1003 8706 969 8706 1113 8707 1145 8707 1003 8707 1077 8708 969 8708 895 8708 1077 8709 1113 8709 969 8709 1025 8710 895 8710 863 8710 1025 8711 1077 8711 895 8711 983 8712 863 8712 828 8712 983 8713 1025 8713 863 8713 931 8714 828 8714 771 8714 931 8715 983 8715 828 8715 889 8716 771 8716 745 8716 889 8717 931 8717 771 8717 867 8718 745 8718 722 8718 867 8719 889 8719 745 8719 841 8720 722 8720 702 8720 841 8721 867 8721 722 8721 822 8722 702 8722 686 8722 822 8723 841 8723 702 8723 802 8724 686 8724 662 8724 802 8725 822 8725 686 8725 777 8726 662 8726 636 8726 777 8727 802 8727 662 8727 767 8728 636 8728 620 8728 767 8729 777 8729 636 8729 764 8730 620 8730 617 8730 764 8731 767 8731 620 8731 768 8732 1014 8732 764 8732 1014 8733 1008 8733 764 8733 778 8734 1018 8734 768 8734 1018 8735 1014 8735 768 8735 803 8736 1032 8736 778 8736 1032 8737 1018 8737 778 8737 823 8738 1064 8738 803 8738 1064 8739 1032 8739 803 8739 842 8740 1084 8740 823 8740 1084 8741 1064 8741 823 8741 868 8742 1106 8742 842 8742 1106 8743 1084 8743 842 8743 890 8744 1120 8744 868 8744 1120 8745 1106 8745 868 8745 932 8746 1154 8746 890 8746 1154 8747 1120 8747 890 8747 984 8748 1205 8748 932 8748 1205 8749 1154 8749 932 8749 1026 8750 1229 8750 984 8750 1229 8751 1205 8751 984 8751 1078 8752 1247 8752 1026 8752 1247 8753 1229 8753 1026 8753 1114 8754 1289 8754 1078 8754 1289 8755 1247 8755 1078 8755 1146 8756 1319 8756 1114 8756 1319 8757 1289 8757 1114 8757 1196 8758 1331 8758 1146 8758 1319 8759 1331 8759 1348 8759 1331 8760 1319 8760 1146 8760 1145 8761 1211 8761 1195 8761 1211 8762 1145 8762 1318 8762 1318 8763 1347 8763 1211 8763 1288 8764 1145 8764 1113 8764 1288 8765 1318 8765 1145 8765 1246 8766 1113 8766 1077 8766 1246 8767 1288 8767 1113 8767 1228 8768 1077 8768 1025 8768 1228 8769 1246 8769 1077 8769 1204 8770 1025 8770 983 8770 1204 8771 1228 8771 1025 8771 1153 8772 983 8772 931 8772 1153 8773 1204 8773 983 8773 1119 8774 931 8774 889 8774 1119 8775 1153 8775 931 8775 1105 8776 889 8776 867 8776 1105 8777 1119 8777 889 8777 1083 8778 867 8778 841 8778 1083 8779 1105 8779 867 8779 1063 8780 841 8780 822 8780 1063 8781 1083 8781 841 8781 1031 8782 822 8782 802 8782 1031 8783 1063 8783 822 8783 1017 8784 802 8784 777 8784 1017 8785 1031 8785 802 8785 1013 8786 777 8786 767 8786 1013 8787 1017 8787 777 8787 1008 8788 767 8788 764 8788 1008 8789 1013 8789 767 8789 1014 8790 1263 8790 1008 8790 1263 8791 1259 8791 1008 8791 1018 8792 1267 8792 1014 8792 1267 8793 1263 8793 1014 8793 1032 8794 1283 8794 1018 8794 1283 8795 1267 8795 1018 8795 1064 8796 1299 8796 1032 8796 1299 8797 1283 8797 1032 8797 1084 8798 1313 8798 1064 8798 1313 8799 1299 8799 1064 8799 1106 8800 1327 8800 1084 8800 1327 8801 1313 8801 1084 8801 1120 8802 1365 8802 1106 8802 1365 8803 1327 8803 1106 8803 1154 8804 1375 8804 1120 8804 1375 8805 1365 8805 1120 8805 1205 8806 1391 8806 1154 8806 1391 8807 1375 8807 1154 8807 1229 8808 1415 8808 1205 8808 1415 8809 1391 8809 1205 8809 1247 8810 1423 8810 1229 8810 1423 8811 1415 8811 1229 8811 1289 8812 1449 8812 1247 8812 1449 8813 1423 8813 1247 8813 1319 8814 1455 8814 1289 8814 1455 8815 1449 8815 1289 8815 1348 8816 1467 8816 1319 8816 1455 8817 1467 8817 1494 8817 1467 8818 1455 8818 1319 8818 1318 8819 1369 8819 1347 8819 1369 8820 1318 8820 1454 8820 1454 8821 1493 8821 1369 8821 1448 8822 1318 8822 1288 8822 1448 8823 1454 8823 1318 8823 1422 8824 1288 8824 1246 8824 1422 8825 1448 8825 1288 8825 1414 8826 1246 8826 1228 8826 1414 8827 1422 8827 1246 8827 1390 8828 1228 8828 1204 8828 1390 8829 1414 8829 1228 8829 1374 8830 1204 8830 1153 8830 1374 8831 1390 8831 1204 8831 1364 8832 1153 8832 1119 8832 1364 8833 1374 8833 1153 8833 1326 8834 1119 8834 1105 8834 1326 8835 1364 8835 1119 8835 1312 8836 1105 8836 1083 8836 1312 8837 1326 8837 1105 8837 1298 8838 1083 8838 1063 8838 1298 8839 1312 8839 1083 8839 1282 8840 1063 8840 1031 8840 1282 8841 1298 8841 1063 8841 1266 8842 1031 8842 1017 8842 1266 8843 1282 8843 1031 8843 1262 8844 1017 8844 1013 8844 1262 8845 1266 8845 1017 8845 1259 8846 1013 8846 1008 8846 1259 8847 1262 8847 1013 8847 1263 8848 1475 8848 1259 8848 1475 8849 1469 8849 1259 8849 1267 8850 1479 8850 1263 8850 1479 8851 1475 8851 1263 8851 1283 8852 1505 8852 1267 8852 1505 8853 1479 8853 1267 8853 1299 8854 1511 8854 1283 8854 1511 8855 1505 8855 1283 8855 1313 8856 1517 8856 1299 8856 1517 8857 1511 8857 1299 8857 1327 8858 1525 8858 1313 8858 1525 8859 1517 8859 1313 8859 1365 8860 1537 8860 1327 8860 1537 8861 1525 8861 1327 8861 1375 8862 1563 8862 1365 8862 1563 8863 1537 8863 1365 8863 1391 8864 1577 8864 1375 8864 1577 8865 1563 8865 1375 8865 1415 8866 1591 8866 1391 8866 1591 8867 1577 8867 1391 8867 1423 8868 1607 8868 1415 8868 1607 8869 1591 8869 1415 8869 1449 8870 1631 8870 1423 8870 1631 8871 1607 8871 1423 8871 1455 8872 1645 8872 1449 8872 1645 8873 1631 8873 1449 8873 1455 8874 1494 8874 1647 8874 1645 8875 1647 8875 1684 8875 1647 8876 1645 8876 1455 8876 1454 8877 1513 8877 1493 8877 1513 8878 1454 8878 1644 8878 1644 8879 1683 8879 1513 8879 1630 8880 1454 8880 1448 8880 1630 8881 1644 8881 1454 8881 1606 8882 1448 8882 1422 8882 1606 8883 1630 8883 1448 8883 1590 8884 1422 8884 1414 8884 1590 8885 1606 8885 1422 8885 1576 8886 1414 8886 1390 8886 1576 8887 1590 8887 1414 8887 1562 8888 1390 8888 1374 8888 1562 8889 1576 8889 1390 8889 1536 8890 1374 8890 1364 8890 1536 8891 1562 8891 1374 8891 1524 8892 1364 8892 1326 8892 1524 8893 1536 8893 1364 8893 1516 8894 1326 8894 1312 8894 1516 8895 1524 8895 1326 8895 1510 8896 1312 8896 1298 8896 1510 8897 1516 8897 1312 8897 1504 8898 1298 8898 1282 8898 1504 8899 1510 8899 1298 8899 1478 8900 1282 8900 1266 8900 1478 8901 1504 8901 1282 8901 1474 8902 1266 8902 1262 8902 1474 8903 1478 8903 1266 8903 1469 8904 1262 8904 1259 8904 1469 8905 1474 8905 1262 8905 1475 8906 1717 8906 1469 8906 1717 8907 1713 8907 1469 8907 1479 8908 1721 8908 1475 8908 1721 8909 1717 8909 1475 8909 1505 8910 1727 8910 1479 8910 1727 8911 1721 8911 1479 8911 1511 8912 1733 8912 1505 8912 1733 8913 1727 8913 1505 8913 1517 8914 1741 8914 1511 8914 1741 8915 1733 8915 1511 8915 1525 8916 1749 8916 1517 8916 1749 8917 1741 8917 1517 8917 1537 8918 1759 8918 1525 8918 1759 8919 1749 8919 1525 8919 1563 8920 1767 8920 1537 8920 1767 8921 1759 8921 1537 8921 1577 8922 1779 8922 1563 8922 1779 8923 1767 8923 1563 8923 1591 8924 1795 8924 1577 8924 1795 8925 1779 8925 1577 8925 1607 8926 1805 8926 1591 8926 1805 8927 1795 8927 1591 8927 1631 8928 1813 8928 1607 8928 1813 8929 1805 8929 1607 8929 1645 8930 1821 8930 1631 8930 1821 8931 1813 8931 1631 8931 1684 8932 1823 8932 1645 8932 1821 8933 1823 8933 1842 8933 1823 8934 1821 8934 1645 8934 1644 8935 1701 8935 1683 8935 1701 8936 1644 8936 1820 8936 1820 8937 1841 8937 1701 8937 1812 8938 1644 8938 1630 8938 1812 8939 1820 8939 1644 8939 1804 8940 1630 8940 1606 8940 1804 8941 1812 8941 1630 8941 1794 8942 1606 8942 1590 8942 1794 8943 1804 8943 1606 8943 1778 8944 1590 8944 1576 8944 1778 8945 1794 8945 1590 8945 1766 8946 1576 8946 1562 8946 1766 8947 1778 8947 1576 8947 1758 8948 1562 8948 1536 8948 1758 8949 1766 8949 1562 8949 1748 8950 1536 8950 1524 8950 1748 8951 1758 8951 1536 8951 1740 8952 1524 8952 1516 8952 1740 8953 1748 8953 1524 8953 1732 8954 1516 8954 1510 8954 1732 8955 1740 8955 1516 8955 1726 8956 1510 8956 1504 8956 1726 8957 1732 8957 1510 8957 1720 8958 1504 8958 1478 8958 1720 8959 1726 8959 1504 8959 1716 8960 1478 8960 1474 8960 1716 8961 1720 8961 1478 8961 1713 8962 1474 8962 1469 8962 1713 8963 1716 8963 1474 8963 1717 8964 1905 8964 1713 8964 1905 8965 1901 8965 1713 8965 1721 8966 1909 8966 1717 8966 1909 8967 1905 8967 1717 8967 1727 8968 1919 8968 1721 8968 1919 8969 1909 8969 1721 8969 1733 8970 1933 8970 1727 8970 1933 8971 1919 8971 1727 8971 1741 8972 1941 8972 1733 8972 1941 8973 1933 8973 1733 8973 1749 8974 1961 8974 1741 8974 1961 8975 1941 8975 1741 8975 1759 8976 1973 8976 1749 8976 1973 8977 1961 8977 1749 8977 1767 8978 1981 8978 1759 8978 1981 8979 1973 8979 1759 8979 1779 8980 1991 8980 1767 8980 1991 8981 1981 8981 1767 8981 1795 8982 2003 8982 1779 8982 2003 8983 1991 8983 1779 8983 1805 8984 2009 8984 1795 8984 2009 8985 2003 8985 1795 8985 1813 8986 2023 8986 1805 8986 2023 8987 2009 8987 1805 8987 1821 8988 2031 8988 1813 8988 2031 8989 2023 8989 1813 8989 1842 8990 2027 8990 1821 8990 2031 8991 2027 8991 2052 8991 2027 8992 2031 8992 1821 8992 1820 8993 1853 8993 1841 8993 1853 8994 1820 8994 2030 8994 2030 8995 2051 8995 1853 8995 2022 8996 1820 8996 1812 8996 2022 8997 2030 8997 1820 8997 2008 8998 1812 8998 1804 8998 2008 8999 2022 8999 1812 8999 2002 9000 1804 9000 1794 9000 2002 9001 2008 9001 1804 9001 1990 9002 1794 9002 1778 9002 1990 9003 2002 9003 1794 9003 1980 9004 1778 9004 1766 9004 1980 9005 1990 9005 1778 9005 1972 9006 1766 9006 1758 9006 1972 9007 1980 9007 1766 9007 1960 9008 1758 9008 1748 9008 1960 9009 1972 9009 1758 9009 1940 9010 1748 9010 1740 9010 1940 9011 1960 9011 1748 9011 1932 9012 1740 9012 1732 9012 1932 9013 1940 9013 1740 9013 1918 9014 1732 9014 1726 9014 1918 9015 1932 9015 1732 9015 1908 9016 1726 9016 1720 9016 1908 9017 1918 9017 1726 9017 1904 9018 1720 9018 1716 9018 1904 9019 1908 9019 1720 9019 1901 9020 1716 9020 1713 9020 1901 9021 1904 9021 1716 9021 1905 9022 2103 9022 1901 9022 2103 9023 2099 9023 1901 9023 1909 9024 2107 9024 1905 9024 2107 9025 2103 9025 1905 9025 1919 9026 2113 9026 1909 9026 2113 9027 2107 9027 1909 9027 1933 9028 2117 9028 1919 9028 2117 9029 2113 9029 1919 9029 1941 9030 2125 9030 1933 9030 2125 9031 2117 9031 1933 9031 1961 9032 2131 9032 1941 9032 2131 9033 2125 9033 1941 9033 1973 9034 2141 9034 1961 9034 2141 9035 2131 9035 1961 9035 1981 9036 2145 9036 1973 9036 2145 9037 2141 9037 1973 9037 1991 9038 2149 9038 1981 9038 2149 9039 2145 9039 1981 9039 2003 9040 2155 9040 1991 9040 2155 9041 2149 9041 1991 9041 2009 9042 2165 9042 2003 9042 2165 9043 2155 9043 2003 9043 2023 9044 2183 9044 2009 9044 2183 9045 2165 9045 2009 9045 2031 9046 2197 9046 2023 9046 2197 9047 2183 9047 2023 9047 2052 9048 2189 9048 2031 9048 2197 9049 2189 9049 2215 9049 2189 9050 2197 9050 2031 9050 2030 9051 2061 9051 2051 9051 2061 9052 2030 9052 2196 9052 2196 9053 2214 9053 2061 9053 2182 9054 2030 9054 2022 9054 2182 9055 2196 9055 2030 9055 2164 9056 2022 9056 2008 9056 2164 9057 2182 9057 2022 9057 2154 9058 2008 9058 2002 9058 2154 9059 2164 9059 2008 9059 2148 9060 2002 9060 1990 9060 2148 9061 2154 9061 2002 9061 2144 9062 1990 9062 1980 9062 2144 9063 2148 9063 1990 9063 2140 9064 1980 9064 1972 9064 2140 9065 2144 9065 1980 9065 2130 9066 1972 9066 1960 9066 2130 9067 2140 9067 1972 9067 2124 9068 1960 9068 1940 9068 2124 9069 2130 9069 1960 9069 2116 9070 1940 9070 1932 9070 2116 9071 2124 9071 1940 9071 2112 9072 1932 9072 1918 9072 2112 9073 2116 9073 1932 9073 2106 9074 1918 9074 1908 9074 2106 9075 2112 9075 1918 9075 2102 9076 1908 9076 1904 9076 2102 9077 2106 9077 1908 9077 2099 9078 1904 9078 1901 9078 2099 9079 2102 9079 1904 9079 2103 9080 2357 9080 2099 9080 2357 9081 2353 9081 2099 9081 2107 9082 2361 9082 2103 9082 2361 9083 2357 9083 2103 9083 2113 9084 2367 9084 2107 9084 2367 9085 2361 9085 2107 9085 2117 9086 2371 9086 2113 9086 2371 9087 2367 9087 2113 9087 2125 9088 2375 9088 2117 9088 2375 9089 2371 9089 2117 9089 2131 9090 2381 9090 2125 9090 2381 9091 2375 9091 2125 9091 2141 9092 2387 9092 2131 9092 2387 9093 2381 9093 2131 9093 2145 9094 2391 9094 2141 9094 2391 9095 2387 9095 2141 9095 2149 9096 2395 9096 2145 9096 2395 9097 2391 9097 2145 9097 2155 9098 2401 9098 2149 9098 2401 9099 2395 9099 2149 9099 2165 9100 2405 9100 2155 9100 2405 9101 2401 9101 2155 9101 2183 9102 2415 9102 2165 9102 2415 9103 2405 9103 2165 9103 2197 9104 2423 9104 2183 9104 2423 9105 2415 9105 2183 9105 2220 9106 2197 9106 2215 9106 2197 9107 2220 9107 2409 9107 2409 9108 2438 9108 2423 9108 2409 9109 2423 9109 2197 9109 2196 9110 2261 9110 2219 9110 2261 9111 2196 9111 2422 9111 2196 9112 2219 9112 2214 9112 2422 9113 2437 9113 2261 9113 2414 9114 2196 9114 2182 9114 2414 9115 2422 9115 2196 9115 2404 9116 2182 9116 2164 9116 2404 9117 2414 9117 2182 9117 2400 9118 2164 9118 2154 9118 2400 9119 2404 9119 2164 9119 2394 9120 2154 9120 2148 9120 2394 9121 2400 9121 2154 9121 2390 9122 2148 9122 2144 9122 2390 9123 2394 9123 2148 9123 2386 9124 2144 9124 2140 9124 2386 9125 2390 9125 2144 9125 2380 9126 2140 9126 2130 9126 2380 9127 2386 9127 2140 9127 2374 9128 2130 9128 2124 9128 2374 9129 2380 9129 2130 9129 2370 9130 2124 9130 2116 9130 2370 9131 2374 9131 2124 9131 2366 9132 2116 9132 2112 9132 2366 9133 2370 9133 2116 9133 2360 9134 2112 9134 2106 9134 2360 9135 2366 9135 2112 9135 2356 9136 2106 9136 2102 9136 2356 9137 2360 9137 2106 9137 2353 9138 2102 9138 2099 9138 2353 9139 2356 9139 2102 9139 2357 9140 2605 9140 2353 9140 2605 9141 2601 9141 2353 9141 2361 9142 2609 9142 2357 9142 2609 9143 2605 9143 2357 9143 2367 9144 2615 9144 2361 9144 2615 9145 2609 9145 2361 9145 2371 9146 2619 9146 2367 9146 2619 9147 2615 9147 2367 9147 2375 9148 2623 9148 2371 9148 2623 9149 2619 9149 2371 9149 2381 9150 2629 9150 2375 9150 2629 9151 2623 9151 2375 9151 2387 9152 2635 9152 2381 9152 2635 9153 2629 9153 2381 9153 2391 9154 2639 9154 2387 9154 2639 9155 2635 9155 2387 9155 2395 9156 2645 9156 2391 9156 2645 9157 2639 9157 2391 9157 2401 9158 2651 9158 2395 9158 2651 9159 2645 9159 2395 9159 2405 9160 2655 9160 2401 9160 2655 9161 2651 9161 2401 9161 2415 9162 2663 9162 2405 9162 2663 9163 2655 9163 2405 9163 2423 9164 2667 9164 2415 9164 2667 9165 2663 9165 2415 9165 2438 9166 2641 9166 2423 9166 2667 9167 2641 9167 2682 9167 2641 9168 2667 9168 2423 9168 2422 9169 2449 9169 2437 9169 2449 9170 2422 9170 2666 9170 2666 9171 2681 9171 2449 9171 2662 9172 2422 9172 2414 9172 2662 9173 2666 9173 2422 9173 2654 9174 2414 9174 2404 9174 2654 9175 2662 9175 2414 9175 2650 9176 2404 9176 2400 9176 2650 9177 2654 9177 2404 9177 2644 9178 2400 9178 2394 9178 2644 9179 2650 9179 2400 9179 2638 9180 2394 9180 2390 9180 2638 9181 2644 9181 2394 9181 2634 9182 2390 9182 2386 9182 2634 9183 2638 9183 2390 9183 2628 9184 2386 9184 2380 9184 2628 9185 2634 9185 2386 9185 2622 9186 2380 9186 2374 9186 2622 9187 2628 9187 2380 9187 2618 9188 2374 9188 2370 9188 2618 9189 2622 9189 2374 9189 2614 9190 2370 9190 2366 9190 2614 9191 2618 9191 2370 9191 2608 9192 2366 9192 2360 9192 2608 9193 2614 9193 2366 9193 2604 9194 2360 9194 2356 9194 2604 9195 2608 9195 2360 9195 2601 9196 2356 9196 2353 9196 2601 9197 2604 9197 2356 9197 2605 9198 2870 9198 2601 9198 2870 9199 2871 9199 2601 9199 2609 9200 2868 9200 2605 9200 2868 9201 2870 9201 2605 9201 2615 9202 2865 9202 2609 9202 2865 9203 2868 9203 2609 9203 2619 9204 2863 9204 2615 9204 2863 9205 2865 9205 2615 9205 2623 9206 2861 9206 2619 9206 2861 9207 2863 9207 2619 9207 2629 9208 2858 9208 2623 9208 2858 9209 2861 9209 2623 9209 2635 9210 2855 9210 2629 9210 2855 9211 2858 9211 2629 9211 2639 9212 2853 9212 2635 9212 2853 9213 2855 9213 2635 9213 2645 9214 2851 9214 2639 9214 2851 9215 2853 9215 2639 9215 2651 9216 2848 9216 2645 9216 2848 9217 2851 9217 2645 9217 2655 9218 2846 9218 2651 9218 2846 9219 2848 9219 2651 9219 2663 9220 2843 9220 2655 9220 2843 9221 2846 9221 2655 9221 2667 9222 2840 9222 2663 9222 2840 9223 2843 9223 2663 9223 2667 9224 2682 9224 2705 9224 2840 9225 2705 9225 2833 9225 2705 9226 2840 9226 2667 9226 2666 9227 2689 9227 2681 9227 2689 9228 2666 9228 2839 9228 2839 9229 2832 9229 2689 9229 2842 9230 2666 9230 2662 9230 2842 9231 2839 9231 2666 9231 2845 9232 2662 9232 2654 9232 2845 9233 2842 9233 2662 9233 2847 9234 2654 9234 2650 9234 2847 9235 2845 9235 2654 9235 2850 9236 2650 9236 2644 9236 2850 9237 2847 9237 2650 9237 2852 9238 2644 9238 2638 9238 2852 9239 2850 9239 2644 9239 2854 9240 2638 9240 2634 9240 2854 9241 2852 9241 2638 9241 2857 9242 2634 9242 2628 9242 2857 9243 2854 9243 2634 9243 2860 9244 2628 9244 2622 9244 2860 9245 2857 9245 2628 9245 2862 9246 2622 9246 2618 9246 2862 9247 2860 9247 2622 9247 2864 9248 2618 9248 2614 9248 2864 9249 2862 9249 2618 9249 2867 9250 2614 9250 2608 9250 2867 9251 2864 9251 2614 9251 2869 9252 2608 9252 2604 9252 2869 9253 2867 9253 2608 9253 2871 9254 2604 9254 2601 9254 2871 9255 2869 9255 2604 9255 3049 9256 2871 9256 2870 9256 3049 9257 3051 9257 2871 9257 3045 9258 2870 9258 2868 9258 3045 9259 3049 9259 2870 9259 3039 9260 2868 9260 2865 9260 3039 9261 3045 9261 2868 9261 3035 9262 2865 9262 2863 9262 3035 9263 3039 9263 2865 9263 3031 9264 2863 9264 2861 9264 3031 9265 3035 9265 2863 9265 3025 9266 2861 9266 2858 9266 3025 9267 3031 9267 2861 9267 3019 9268 2858 9268 2855 9268 3019 9269 3025 9269 2858 9269 3015 9270 2855 9270 2853 9270 3015 9271 3019 9271 2855 9271 3009 9272 2853 9272 2851 9272 3009 9273 3015 9273 2853 9273 3003 9274 2851 9274 2848 9274 3003 9275 3009 9275 2851 9275 2999 9276 2848 9276 2846 9276 2999 9277 3003 9277 2848 9277 2993 9278 2846 9278 2843 9278 2993 9279 2999 9279 2846 9279 2987 9280 2843 9280 2840 9280 2987 9281 2993 9281 2843 9281 2963 9282 2840 9282 2833 9282 2987 9283 2963 9283 2978 9283 2963 9284 2987 9284 2840 9284 2839 9285 2947 9285 2832 9285 2947 9286 2839 9286 2986 9286 2986 9287 2977 9287 2947 9287 2842 9288 2992 9288 2839 9288 2992 9289 2986 9289 2839 9289 2845 9290 2998 9290 2842 9290 2998 9291 2992 9291 2842 9291 2847 9292 3002 9292 2845 9292 3002 9293 2998 9293 2845 9293 2850 9294 3008 9294 2847 9294 3008 9295 3002 9295 2847 9295 2852 9296 3014 9296 2850 9296 3014 9297 3008 9297 2850 9297 2854 9298 3018 9298 2852 9298 3018 9299 3014 9299 2852 9299 2857 9300 3024 9300 2854 9300 3024 9301 3018 9301 2854 9301 2860 9302 3030 9302 2857 9302 3030 9303 3024 9303 2857 9303 2862 9304 3034 9304 2860 9304 3034 9305 3030 9305 2860 9305 2864 9306 3038 9306 2862 9306 3038 9307 3034 9307 2862 9307 2867 9308 3044 9308 2864 9308 3044 9309 3038 9309 2864 9309 2869 9310 3048 9310 2867 9310 3048 9311 3044 9311 2867 9311 2871 9312 3051 9312 2869 9312 3051 9313 3048 9313 2869 9313 3297 9314 3051 9314 3049 9314 3297 9315 3299 9315 3051 9315 3293 9316 3049 9316 3045 9316 3293 9317 3297 9317 3049 9317 3287 9318 3045 9318 3039 9318 3287 9319 3293 9319 3045 9319 3283 9320 3039 9320 3035 9320 3283 9321 3287 9321 3039 9321 3279 9322 3035 9322 3031 9322 3279 9323 3283 9323 3035 9323 3273 9324 3031 9324 3025 9324 3273 9325 3279 9325 3031 9325 3267 9326 3025 9326 3019 9326 3267 9327 3273 9327 3025 9327 3263 9328 3019 9328 3015 9328 3263 9329 3267 9329 3019 9329 3259 9330 3015 9330 3009 9330 3259 9331 3263 9331 3015 9331 3253 9332 3009 9332 3003 9332 3253 9333 3259 9333 3009 9333 3249 9334 3003 9334 2999 9334 3249 9335 3253 9335 3003 9335 3241 9336 2999 9336 2993 9336 3241 9337 3249 9337 2999 9337 3231 9338 2993 9338 2987 9338 3231 9339 3241 9339 2993 9339 3203 9340 2987 9340 2978 9340 3231 9341 3203 9341 3222 9341 3203 9342 3231 9342 2987 9342 3011 9343 2986 9343 3230 9343 2986 9344 3011 9344 2977 9344 3230 9345 3221 9345 3011 9345 2992 9346 3240 9346 2986 9346 3240 9347 3230 9347 2986 9347 2998 9348 3248 9348 2992 9348 3248 9349 3240 9349 2992 9349 3002 9350 3252 9350 2998 9350 3252 9351 3248 9351 2998 9351 3008 9352 3258 9352 3002 9352 3258 9353 3252 9353 3002 9353 3014 9354 3262 9354 3008 9354 3262 9355 3258 9355 3008 9355 3018 9356 3266 9356 3014 9356 3266 9357 3262 9357 3014 9357 3024 9358 3272 9358 3018 9358 3272 9359 3266 9359 3018 9359 3030 9360 3278 9360 3024 9360 3278 9361 3272 9361 3024 9361 3034 9362 3282 9362 3030 9362 3282 9363 3278 9363 3030 9363 3038 9364 3286 9364 3034 9364 3286 9365 3282 9365 3034 9365 3044 9366 3292 9366 3038 9366 3292 9367 3286 9367 3038 9367 3048 9368 3296 9368 3044 9368 3296 9369 3292 9369 3044 9369 3051 9370 3299 9370 3048 9370 3299 9371 3296 9371 3048 9371 3551 9372 3299 9372 3297 9372 3551 9373 3553 9373 3299 9373 3547 9374 3297 9374 3293 9374 3547 9375 3551 9375 3297 9375 3541 9376 3293 9376 3287 9376 3541 9377 3547 9377 3293 9377 3537 9378 3287 9378 3283 9378 3537 9379 3541 9379 3287 9379 3529 9380 3283 9380 3279 9380 3529 9381 3537 9381 3283 9381 3523 9382 3279 9382 3273 9382 3523 9383 3529 9383 3279 9383 3513 9384 3273 9384 3267 9384 3513 9385 3523 9385 3273 9385 3509 9386 3267 9386 3263 9386 3509 9387 3513 9387 3267 9387 3505 9388 3263 9388 3259 9388 3505 9389 3509 9389 3263 9389 3499 9390 3259 9390 3253 9390 3499 9391 3505 9391 3259 9391 3489 9392 3253 9392 3249 9392 3489 9393 3499 9393 3253 9393 3473 9394 3249 9394 3241 9394 3473 9395 3489 9395 3249 9395 3457 9396 3241 9396 3231 9396 3457 9397 3473 9397 3241 9397 3231 9398 3222 9398 3391 9398 3457 9399 3446 9399 3441 9399 3457 9400 3391 9400 3446 9400 3391 9401 3457 9401 3231 9401 3243 9402 3230 9402 3456 9402 3243 9403 3221 9403 3230 9403 3445 9404 3456 9404 3440 9404 3456 9405 3445 9405 3243 9405 3240 9406 3472 9406 3230 9406 3472 9407 3456 9407 3230 9407 3248 9408 3488 9408 3240 9408 3488 9409 3472 9409 3240 9409 3252 9410 3498 9410 3248 9410 3498 9411 3488 9411 3248 9411 3258 9412 3504 9412 3252 9412 3504 9413 3498 9413 3252 9413 3262 9414 3508 9414 3258 9414 3508 9415 3504 9415 3258 9415 3266 9416 3512 9416 3262 9416 3512 9417 3508 9417 3262 9417 3272 9418 3522 9418 3266 9418 3522 9419 3512 9419 3266 9419 3278 9420 3528 9420 3272 9420 3528 9421 3522 9421 3272 9421 3282 9422 3536 9422 3278 9422 3536 9423 3528 9423 3278 9423 3286 9424 3540 9424 3282 9424 3540 9425 3536 9425 3282 9425 3292 9426 3546 9426 3286 9426 3546 9427 3540 9427 3286 9427 3296 9428 3550 9428 3292 9428 3550 9429 3546 9429 3292 9429 3299 9430 3553 9430 3296 9430 3553 9431 3550 9431 3296 9431 3749 9432 3553 9432 3551 9432 3749 9433 3751 9433 3553 9433 3745 9434 3551 9434 3547 9434 3745 9435 3749 9435 3551 9435 3735 9436 3547 9436 3541 9436 3735 9437 3745 9437 3547 9437 3721 9438 3541 9438 3537 9438 3721 9439 3735 9439 3541 9439 3713 9440 3537 9440 3529 9440 3713 9441 3721 9441 3537 9441 3693 9442 3529 9442 3523 9442 3693 9443 3713 9443 3529 9443 3681 9444 3523 9444 3513 9444 3681 9445 3693 9445 3523 9445 3673 9446 3513 9446 3509 9446 3673 9447 3681 9447 3513 9447 3663 9448 3509 9448 3505 9448 3663 9449 3673 9449 3509 9449 3651 9450 3505 9450 3499 9450 3651 9451 3663 9451 3505 9451 3645 9452 3499 9452 3489 9452 3645 9453 3651 9453 3499 9453 3633 9454 3489 9454 3473 9454 3633 9455 3645 9455 3489 9455 3623 9456 3473 9456 3457 9456 3623 9457 3633 9457 3473 9457 3591 9458 3457 9458 3441 9458 3623 9459 3591 9459 3608 9459 3591 9460 3623 9460 3457 9460 3463 9461 3456 9461 3622 9461 3456 9462 3463 9462 3440 9462 3622 9463 3607 9463 3463 9463 3472 9464 3632 9464 3456 9464 3632 9465 3622 9465 3456 9465 3488 9466 3644 9466 3472 9466 3644 9467 3632 9467 3472 9467 3498 9468 3650 9468 3488 9468 3650 9469 3644 9469 3488 9469 3504 9470 3662 9470 3498 9470 3662 9471 3650 9471 3498 9471 3508 9472 3672 9472 3504 9472 3672 9473 3662 9473 3504 9473 3512 9474 3680 9474 3508 9474 3680 9475 3672 9475 3508 9475 3522 9476 3692 9476 3512 9476 3692 9477 3680 9477 3512 9477 3528 9478 3712 9478 3522 9478 3712 9479 3692 9479 3522 9479 3536 9480 3720 9480 3528 9480 3720 9481 3712 9481 3528 9481 3540 9482 3734 9482 3536 9482 3734 9483 3720 9483 3536 9483 3546 9484 3744 9484 3540 9484 3744 9485 3734 9485 3540 9485 3550 9486 3748 9486 3546 9486 3748 9487 3744 9487 3546 9487 3553 9488 3751 9488 3550 9488 3751 9489 3748 9489 3550 9489 3937 9490 3751 9490 3749 9490 3937 9491 3939 9491 3751 9491 3933 9492 3749 9492 3745 9492 3933 9493 3937 9493 3749 9493 3927 9494 3745 9494 3735 9494 3927 9495 3933 9495 3745 9495 3921 9496 3735 9496 3721 9496 3921 9497 3927 9497 3735 9497 3913 9498 3721 9498 3713 9498 3913 9499 3921 9499 3721 9499 3905 9500 3713 9500 3693 9500 3905 9501 3913 9501 3713 9501 3895 9502 3693 9502 3681 9502 3895 9503 3905 9503 3693 9503 3887 9504 3681 9504 3673 9504 3887 9505 3895 9505 3681 9505 3875 9506 3673 9506 3663 9506 3875 9507 3887 9507 3673 9507 3859 9508 3663 9508 3651 9508 3859 9509 3875 9509 3663 9509 3849 9510 3651 9510 3645 9510 3849 9511 3859 9511 3651 9511 3843 9512 3645 9512 3633 9512 3843 9513 3849 9513 3645 9513 3833 9514 3633 9514 3623 9514 3833 9515 3843 9515 3633 9515 3608 9516 3799 9516 3623 9516 3833 9517 3799 9517 3818 9517 3799 9518 3833 9518 3623 9518 3625 9519 3622 9519 3832 9519 3622 9520 3625 9520 3607 9520 3832 9521 3817 9521 3625 9521 3632 9522 3842 9522 3622 9522 3842 9523 3832 9523 3622 9523 3644 9524 3848 9524 3632 9524 3848 9525 3842 9525 3632 9525 3650 9526 3858 9526 3644 9526 3858 9527 3848 9527 3644 9527 3662 9528 3874 9528 3650 9528 3874 9529 3858 9529 3650 9529 3672 9530 3886 9530 3662 9530 3886 9531 3874 9531 3662 9531 3680 9532 3894 9532 3672 9532 3894 9533 3886 9533 3672 9533 3692 9534 3904 9534 3680 9534 3904 9535 3894 9535 3680 9535 3712 9536 3912 9536 3692 9536 3912 9537 3904 9537 3692 9537 3720 9538 3920 9538 3712 9538 3920 9539 3912 9539 3712 9539 3734 9540 3926 9540 3720 9540 3926 9541 3920 9541 3720 9541 3744 9542 3932 9542 3734 9542 3932 9543 3926 9543 3734 9543 3748 9544 3936 9544 3744 9544 3936 9545 3932 9545 3744 9545 3751 9546 3939 9546 3748 9546 3939 9547 3936 9547 3748 9547 4179 9548 3939 9548 3937 9548 4179 9549 4183 9549 3939 9549 4175 9550 3937 9550 3933 9550 4175 9551 4179 9551 3937 9551 4149 9552 3933 9552 3927 9552 4149 9553 4175 9553 3933 9553 4143 9554 3927 9554 3921 9554 4143 9555 4149 9555 3927 9555 4137 9556 3921 9556 3913 9556 4137 9557 4143 9557 3921 9557 4129 9558 3913 9558 3905 9558 4129 9559 4137 9559 3913 9559 4117 9560 3905 9560 3895 9560 4117 9561 4129 9561 3905 9561 4091 9562 3895 9562 3887 9562 4091 9563 4117 9563 3895 9563 4077 9564 3887 9564 3875 9564 4077 9565 4091 9565 3887 9565 4063 9566 3875 9566 3859 9566 4063 9567 4077 9567 3875 9567 4047 9568 3859 9568 3849 9568 4047 9569 4063 9569 3859 9569 4025 9570 3849 9570 3843 9570 4025 9571 4047 9571 3849 9571 4009 9572 3843 9572 3833 9572 4009 9573 4025 9573 3843 9573 3833 9574 3818 9574 3951 9574 4009 9575 3951 9575 3976 9575 3951 9576 4009 9576 3833 9576 3829 9577 3832 9577 4008 9577 3817 9578 3832 9578 3829 9578 4008 9579 3975 9579 3829 9579 3842 9580 4024 9580 3832 9580 4024 9581 4008 9581 3832 9581 3848 9582 4046 9582 3842 9582 4046 9583 4024 9583 3842 9583 3858 9584 4062 9584 3848 9584 4062 9585 4046 9585 3848 9585 3874 9586 4076 9586 3858 9586 4076 9587 4062 9587 3858 9587 3886 9588 4090 9588 3874 9588 4090 9589 4076 9589 3874 9589 3894 9590 4116 9590 3886 9590 4116 9591 4090 9591 3886 9591 3904 9592 4128 9592 3894 9592 4128 9593 4116 9593 3894 9593 3912 9594 4136 9594 3904 9594 4136 9595 4128 9595 3904 9595 3920 9596 4142 9596 3912 9596 4142 9597 4136 9597 3912 9597 3926 9598 4148 9598 3920 9598 4148 9599 4142 9599 3920 9599 3932 9600 4174 9600 3926 9600 4174 9601 4148 9601 3926 9601 3936 9602 4178 9602 3932 9602 4178 9603 4174 9603 3932 9603 3939 9604 4183 9604 3936 9604 4183 9605 4178 9605 3936 9605 4396 9606 4183 9606 4179 9606 4396 9607 4398 9607 4183 9607 4392 9608 4179 9608 4175 9608 4392 9609 4396 9609 4179 9609 4376 9610 4175 9610 4149 9610 4376 9611 4392 9611 4175 9611 4360 9612 4149 9612 4143 9612 4360 9613 4376 9613 4149 9613 4346 9614 4143 9614 4137 9614 4346 9615 4360 9615 4143 9615 4331 9616 4137 9616 4129 9616 4331 9617 4346 9617 4137 9617 4292 9618 4129 9618 4117 9618 4292 9619 4331 9619 4129 9619 4280 9620 4117 9620 4091 9620 4280 9621 4292 9621 4117 9621 4263 9622 4091 9622 4077 9622 4263 9623 4280 9623 4091 9623 4239 9624 4077 9624 4063 9624 4239 9625 4263 9625 4077 9625 4231 9626 4063 9626 4047 9626 4231 9627 4239 9627 4063 9627 4207 9628 4047 9628 4025 9628 4207 9629 4231 9629 4047 9629 4199 9630 4025 9630 4009 9630 4199 9631 4207 9631 4025 9631 4139 9632 4009 9632 3976 9632 4199 9633 4139 9633 4166 9633 4139 9634 4199 9634 4009 9634 4005 9635 4008 9635 4198 9635 4008 9636 4005 9636 3975 9636 4198 9637 4165 9637 4005 9637 4024 9638 4206 9638 4008 9638 4206 9639 4198 9639 4008 9639 4046 9640 4230 9640 4024 9640 4230 9641 4206 9641 4024 9641 4062 9642 4238 9642 4046 9642 4238 9643 4230 9643 4046 9643 4076 9644 4262 9644 4062 9644 4262 9645 4238 9645 4062 9645 4090 9646 4279 9646 4076 9646 4279 9647 4262 9647 4076 9647 4116 9648 4291 9648 4090 9648 4291 9649 4279 9649 4090 9649 4128 9650 4330 9650 4116 9650 4330 9651 4291 9651 4116 9651 4136 9652 4345 9652 4128 9652 4345 9653 4330 9653 4128 9653 4142 9654 4359 9654 4136 9654 4359 9655 4345 9655 4136 9655 4148 9656 4375 9656 4142 9656 4375 9657 4359 9657 4142 9657 4174 9658 4391 9658 4148 9658 4391 9659 4375 9659 4148 9659 4178 9660 4395 9660 4174 9660 4395 9661 4391 9661 4174 9661 4183 9662 4398 9662 4178 9662 4398 9663 4395 9663 4178 9663 4658 9664 4398 9664 4396 9664 4658 9665 4662 9665 4398 9665 4654 9666 4396 9666 4392 9666 4654 9667 4658 9667 4396 9667 4640 9668 4392 9668 4376 9668 4640 9669 4654 9669 4392 9669 4608 9670 4376 9670 4360 9670 4608 9671 4640 9671 4376 9671 4588 9672 4360 9672 4346 9672 4588 9673 4608 9673 4360 9673 4564 9674 4346 9674 4331 9674 4564 9675 4588 9675 4346 9675 4549 9676 4331 9676 4292 9676 4549 9677 4564 9677 4331 9677 4515 9678 4292 9678 4280 9678 4515 9679 4549 9679 4292 9679 4459 9680 4280 9680 4263 9680 4459 9681 4515 9681 4280 9681 4433 9682 4263 9682 4239 9682 4433 9683 4459 9683 4263 9683 4412 9684 4239 9684 4231 9684 4412 9685 4433 9685 4239 9685 4372 9686 4231 9686 4207 9686 4372 9687 4412 9687 4231 9687 4340 9688 4207 9688 4199 9688 4340 9689 4372 9689 4207 9689 4284 9690 4199 9690 4166 9690 4340 9691 4284 9691 4316 9691 4284 9692 4340 9692 4199 9692 4185 9693 4198 9693 4339 9693 4198 9694 4185 9694 4165 9694 4339 9695 4315 9695 4185 9695 4206 9696 4371 9696 4198 9696 4371 9697 4339 9697 4198 9697 4230 9698 4411 9698 4206 9698 4411 9699 4371 9699 4206 9699 4238 9700 4432 9700 4230 9700 4432 9701 4411 9701 4230 9701 4262 9702 4458 9702 4238 9702 4458 9703 4432 9703 4238 9703 4279 9704 4514 9704 4262 9704 4514 9705 4458 9705 4262 9705 4291 9706 4548 9706 4279 9706 4548 9707 4514 9707 4279 9707 4330 9708 4563 9708 4291 9708 4563 9709 4548 9709 4291 9709 4345 9710 4587 9710 4330 9710 4587 9711 4563 9711 4330 9711 4359 9712 4607 9712 4345 9712 4607 9713 4587 9713 4345 9713 4375 9714 4639 9714 4359 9714 4639 9715 4607 9715 4359 9715 4391 9716 4653 9716 4375 9716 4653 9717 4639 9717 4375 9717 4395 9718 4657 9718 4391 9718 4657 9719 4653 9719 4391 9719 4398 9720 4662 9720 4395 9720 4662 9721 4657 9721 4395 9721 4910 9722 4662 9722 4658 9722 4910 9723 4912 9723 4662 9723 4900 9724 4658 9724 4654 9724 4900 9725 4910 9725 4658 9725 4875 9726 4654 9726 4640 9726 4875 9727 4900 9727 4654 9727 4855 9728 4640 9728 4608 9728 4855 9729 4875 9729 4640 9729 4836 9730 4608 9730 4588 9730 4836 9731 4855 9731 4608 9731 4810 9732 4588 9732 4564 9732 4810 9733 4836 9733 4588 9733 4788 9734 4564 9734 4549 9734 4788 9735 4810 9735 4564 9735 4740 9736 4549 9736 4515 9736 4740 9737 4788 9737 4549 9737 4688 9738 4515 9738 4459 9738 4688 9739 4740 9739 4515 9739 4646 9740 4459 9740 4433 9740 4646 9741 4688 9741 4459 9741 4594 9742 4433 9742 4412 9742 4594 9743 4646 9743 4433 9743 4558 9744 4412 9744 4372 9744 4558 9745 4594 9745 4412 9745 4523 9746 4372 9746 4340 9746 4523 9747 4558 9747 4372 9747 4450 9748 4340 9748 4316 9748 4523 9749 4450 9749 4473 9749 4450 9750 4523 9750 4340 9750 4325 9751 4339 9751 4522 9751 4339 9752 4325 9752 4315 9752 4522 9753 4472 9753 4325 9753 4371 9754 4557 9754 4339 9754 4557 9755 4522 9755 4339 9755 4411 9756 4593 9756 4371 9756 4593 9757 4557 9757 4371 9757 4432 9758 4645 9758 4411 9758 4645 9759 4593 9759 4411 9759 4458 9760 4687 9760 4432 9760 4687 9761 4645 9761 4432 9761 4514 9762 4739 9762 4458 9762 4739 9763 4687 9763 4458 9763 4548 9764 4787 9764 4514 9764 4787 9765 4739 9765 4514 9765 4563 9766 4809 9766 4548 9766 4809 9767 4787 9767 4548 9767 4587 9768 4835 9768 4563 9768 4835 9769 4809 9769 4563 9769 4607 9770 4854 9770 4587 9770 4854 9771 4835 9771 4587 9771 4639 9772 4874 9772 4607 9772 4874 9773 4854 9773 4607 9773 4653 9774 4899 9774 4639 9774 4899 9775 4874 9775 4639 9775 4657 9776 4909 9776 4653 9776 4909 9777 4899 9777 4653 9777 4662 9778 4912 9778 4657 9778 4912 9779 4909 9779 4657 9779 5057 9780 4912 9780 4910 9780 5057 9781 5059 9781 4912 9781 5041 9782 4910 9782 4900 9782 5041 9783 5057 9783 4910 9783 5015 9784 4900 9784 4875 9784 5015 9785 5041 9785 4900 9785 4991 9786 4875 9786 4855 9786 4991 9787 5015 9787 4875 9787 4975 9788 4855 9788 4836 9788 4975 9789 4991 9789 4855 9789 4955 9790 4836 9790 4810 9790 4955 9791 4975 9791 4836 9791 4932 9792 4810 9792 4788 9792 4932 9793 4955 9793 4810 9793 4906 9794 4788 9794 4740 9794 4906 9795 4932 9795 4788 9795 4849 9796 4740 9796 4688 9796 4849 9797 4906 9797 4740 9797 4814 9798 4688 9798 4646 9798 4814 9799 4849 9799 4688 9799 4782 9800 4646 9800 4594 9800 4782 9801 4814 9801 4646 9801 4704 9802 4594 9802 4558 9802 4704 9803 4782 9803 4594 9803 4668 9804 4558 9804 4523 9804 4668 9805 4704 9805 4558 9805 4523 9806 4488 9806 4598 9806 4488 9807 4523 9807 4473 9807 4598 9808 4623 9808 4668 9808 4598 9809 4668 9809 4523 9809 4501 9810 4522 9810 4667 9810 4487 9811 4522 9811 4501 9811 4522 9812 4487 9812 4472 9812 4667 9813 4622 9813 4501 9813 4557 9814 4703 9814 4522 9814 4703 9815 4667 9815 4522 9815 4593 9816 4781 9816 4557 9816 4781 9817 4703 9817 4557 9817 4645 9818 4813 9818 4593 9818 4813 9819 4781 9819 4593 9819 4687 9820 4848 9820 4645 9820 4848 9821 4813 9821 4645 9821 4739 9822 4905 9822 4687 9822 4905 9823 4848 9823 4687 9823 4787 9824 4931 9824 4739 9824 4931 9825 4905 9825 4739 9825 4809 9826 4954 9826 4787 9826 4954 9827 4931 9827 4787 9827 4835 9828 4974 9828 4809 9828 4974 9829 4954 9829 4809 9829 4854 9830 4990 9830 4835 9830 4990 9831 4974 9831 4835 9831 4874 9832 5014 9832 4854 9832 5014 9833 4990 9833 4854 9833 4899 9834 5040 9834 4874 9834 5040 9835 5014 9835 4874 9835 4909 9836 5056 9836 4899 9836 5056 9837 5040 9837 4899 9837 4912 9838 5059 9838 4909 9838 5059 9839 5056 9839 4909 9839 5129 9840 5059 9840 5057 9840 5129 9841 5131 9841 5059 9841 5123 9842 5057 9842 5041 9842 5123 9843 5129 9843 5057 9843 5111 9844 5041 9844 5015 9844 5111 9845 5123 9845 5041 9845 5099 9846 5015 9846 4991 9846 5099 9847 5111 9847 5015 9847 5072 9848 4991 9848 4975 9848 5072 9849 5099 9849 4991 9849 5053 9850 4975 9850 4955 9850 5053 9851 5072 9851 4975 9851 5001 9852 4955 9852 4932 9852 5001 9853 5053 9853 4955 9853 4969 9854 4932 9854 4906 9854 4969 9855 5001 9855 4932 9855 4948 9856 4906 9856 4849 9856 4948 9857 4969 9857 4906 9857 4920 9858 4849 9858 4814 9858 4920 9859 4948 9859 4849 9859 4859 9860 4814 9860 4782 9860 4859 9861 4920 9861 4814 9861 4824 9862 4782 9862 4704 9862 4824 9863 4859 9863 4782 9863 4778 9864 4704 9864 4668 9864 4778 9865 4824 9865 4704 9865 4698 9866 4668 9866 4623 9866 4778 9867 4698 9867 4721 9867 4698 9868 4778 9868 4668 9868 4636 9869 4667 9869 4777 9869 4667 9870 4636 9870 4622 9870 4777 9871 4720 9871 4636 9871 4703 9872 4823 9872 4667 9872 4823 9873 4777 9873 4667 9873 4781 9874 4858 9874 4703 9874 4858 9875 4823 9875 4703 9875 4813 9876 4919 9876 4781 9876 4919 9877 4858 9877 4781 9877 4848 9878 4947 9878 4813 9878 4947 9879 4919 9879 4813 9879 4905 9880 4968 9880 4848 9880 4968 9881 4947 9881 4848 9881 4931 9882 5000 9882 4905 9882 5000 9883 4968 9883 4905 9883 4954 9884 5052 9884 4931 9884 5052 9885 5000 9885 4931 9885 4974 9886 5071 9886 4954 9886 5071 9887 5052 9887 4954 9887 4990 9888 5098 9888 4974 9888 5098 9889 5071 9889 4974 9889 5014 9890 5110 9890 4990 9890 5110 9891 5098 9891 4990 9891 5040 9892 5122 9892 5014 9892 5122 9893 5110 9893 5014 9893 5056 9894 5128 9894 5040 9894 5128 9895 5122 9895 5040 9895 5059 9896 5131 9896 5056 9896 5131 9897 5128 9897 5056 9897 5150 9898 5131 9898 5129 9898 5150 9899 5151 9899 5131 9899 5140 9900 5129 9900 5123 9900 5140 9901 5150 9901 5129 9901 5133 9902 5123 9902 5111 9902 5133 9903 5140 9903 5123 9903 5119 9904 5111 9904 5099 9904 5119 9905 5133 9905 5111 9905 5101 9906 5099 9906 5072 9906 5101 9907 5119 9907 5099 9907 5074 9908 5072 9908 5053 9908 5074 9909 5101 9909 5072 9909 5049 9910 5053 9910 5001 9910 5074 9911 5053 9911 5049 9911 4993 9912 5001 9912 4969 9912 5049 9913 5001 9913 4993 9913 4961 9914 4969 9914 4948 9914 4993 9915 4969 9915 4961 9915 4936 9916 4948 9916 4920 9916 4961 9917 4948 9917 4936 9917 4896 9918 4920 9918 4859 9918 4936 9919 4920 9919 4896 9919 4843 9920 4859 9920 4824 9920 4896 9921 4859 9921 4843 9921 4804 9922 4824 9922 4778 9922 4843 9923 4824 9923 4804 9923 4778 9924 4721 9924 4746 9924 4746 9925 4804 9925 4778 9925 4804 9926 4746 9926 4757 9926 4728 9927 4777 9927 4803 9927 4720 9928 4777 9928 4728 9928 4803 9929 4756 9929 4728 9929 4823 9930 4842 9930 4777 9930 4842 9931 4803 9931 4777 9931 4858 9932 4895 9932 4823 9932 4895 9933 4842 9933 4823 9933 4919 9934 4935 9934 4858 9934 4935 9935 4895 9935 4858 9935 4947 9936 4960 9936 4919 9936 4960 9937 4935 9937 4919 9937 4968 9938 4992 9938 4947 9938 4992 9939 4960 9939 4947 9939 5000 9940 5048 9940 4968 9940 5048 9941 4992 9941 4968 9941 5052 9942 5073 9942 5000 9942 5073 9943 5048 9943 5000 9943 5071 9944 5100 9944 5052 9944 5100 9945 5073 9945 5052 9945 5098 9946 5118 9946 5071 9946 5118 9947 5100 9947 5071 9947 5110 9948 5132 9948 5098 9948 5132 9949 5118 9949 5098 9949 5122 9950 5139 9950 5110 9950 5139 9951 5132 9951 5110 9951 5128 9952 5149 9952 5122 9952 5149 9953 5139 9953 5122 9953 5131 9954 5151 9954 5128 9954 5151 9955 5149 9955 5128 9955 5151 9956 5150 9956 5127 9956 5130 9957 5151 9957 5127 9957 5150 9958 5140 9958 5121 9958 5127 9959 5150 9959 5121 9959 5140 9960 5133 9960 5109 9960 5121 9961 5140 9961 5109 9961 5133 9962 5119 9962 5097 9962 5109 9963 5133 9963 5097 9963 5119 9964 5101 9964 5070 9964 5097 9965 5119 9965 5070 9965 5101 9966 5074 9966 5051 9966 5070 9967 5101 9967 5051 9967 5074 9968 5049 9968 4999 9968 5051 9969 5074 9969 4999 9969 5049 9970 4993 9970 4967 9970 4999 9971 5049 9971 4967 9971 4993 9972 4961 9972 4946 9972 4967 9973 4993 9973 4946 9973 4961 9974 4936 9974 4918 9974 4946 9975 4961 9975 4918 9975 4936 9976 4896 9976 4857 9976 4918 9977 4936 9977 4857 9977 4896 9978 4843 9978 4821 9978 4857 9979 4896 9979 4821 9979 4843 9980 4804 9980 4776 9980 4821 9981 4843 9981 4776 9981 4804 9982 4757 9982 4727 9982 4727 9983 4776 9983 4804 9983 4711 9984 4776 9984 4727 9984 4745 9985 4803 9985 4775 9985 4803 9986 4745 9986 4756 9986 4775 9987 4710 9987 4745 9987 4842 9988 4820 9988 4803 9988 4803 9989 4820 9989 4775 9989 4895 9990 4856 9990 4842 9990 4842 9991 4856 9991 4820 9991 4935 9992 4917 9992 4895 9992 4895 9993 4917 9993 4856 9993 4960 9994 4945 9994 4935 9994 4935 9995 4945 9995 4917 9995 4992 9996 4966 9996 4960 9996 4960 9997 4966 9997 4945 9997 5048 9998 4998 9998 4992 9998 4992 9999 4998 9999 4966 9999 5073 10000 5050 10000 5048 10000 5048 10001 5050 10001 4998 10001 5073 10002 5100 10002 5069 10002 5073 10003 5069 10003 5050 10003 5100 10004 5118 10004 5096 10004 5100 10005 5096 10005 5069 10005 5118 10006 5132 10006 5108 10006 5118 10007 5108 10007 5096 10007 5132 10008 5139 10008 5120 10008 5132 10009 5120 10009 5108 10009 5139 10010 5149 10010 5126 10010 5139 10011 5126 10011 5120 10011 5149 10012 5151 10012 5130 10012 5149 10013 5130 10013 5126 10013 5130 10014 5127 10014 5055 10014 5058 10015 5130 10015 5055 10015 5127 10016 5121 10016 5039 10016 5055 10017 5127 10017 5039 10017 5121 10018 5109 10018 5013 10018 5039 10019 5121 10019 5013 10019 5109 10020 5097 10020 4989 10020 5013 10021 5109 10021 4989 10021 5097 10022 5070 10022 4973 10022 4989 10023 5097 10023 4973 10023 5070 10024 5051 10024 4953 10024 4973 10025 5070 10025 4953 10025 5051 10026 4999 10026 4930 10026 4953 10027 5051 10027 4930 10027 4999 10028 4967 10028 4904 10028 4930 10029 4999 10029 4904 10029 4967 10030 4946 10030 4847 10030 4904 10031 4967 10031 4847 10031 4946 10032 4918 10032 4812 10032 4847 10033 4946 10033 4812 10033 4918 10034 4857 10034 4780 10034 4812 10035 4918 10035 4780 10035 4857 10036 4821 10036 4701 10036 4780 10037 4857 10037 4701 10037 4821 10038 4776 10038 4666 10038 4701 10039 4821 10039 4666 10039 4776 10040 4711 10040 4635 10040 4635 10041 4666 10041 4776 10041 4666 10042 4635 10042 4613 10042 4775 10043 4697 10043 4710 10043 4697 10044 4775 10044 4665 10044 4697 10045 4665 10045 4612 10045 4775 10046 4820 10046 4700 10046 4775 10047 4700 10047 4665 10047 4820 10048 4856 10048 4779 10048 4820 10049 4779 10049 4700 10049 4856 10050 4917 10050 4811 10050 4856 10051 4811 10051 4779 10051 4917 10052 4945 10052 4846 10052 4917 10053 4846 10053 4811 10053 4945 10054 4966 10054 4903 10054 4945 10055 4903 10055 4846 10055 4966 10056 4998 10056 4929 10056 4966 10057 4929 10057 4903 10057 4998 10058 5050 10058 4952 10058 4998 10059 4952 10059 4929 10059 5050 10060 5069 10060 4972 10060 5050 10061 4972 10061 4952 10061 5069 10062 5096 10062 4988 10062 5069 10063 4988 10063 4972 10063 5096 10064 5108 10064 5012 10064 5096 10065 5012 10065 4988 10065 5108 10066 5120 10066 5038 10066 5108 10067 5038 10067 5012 10067 5120 10068 5126 10068 5054 10068 5120 10069 5054 10069 5038 10069 5126 10070 5130 10070 5058 10070 5126 10071 5058 10071 5054 10071 5058 10072 5055 10072 4908 10072 4911 10073 5058 10073 4908 10073 5055 10074 5039 10074 4898 10074 4908 10075 5055 10075 4898 10075 5039 10076 5013 10076 4873 10076 4898 10077 5039 10077 4873 10077 5013 10078 4989 10078 4853 10078 4873 10079 5013 10079 4853 10079 4989 10080 4973 10080 4834 10080 4853 10081 4989 10081 4834 10081 4973 10082 4953 10082 4808 10082 4834 10083 4973 10083 4808 10083 4953 10084 4930 10084 4786 10084 4808 10085 4953 10085 4786 10085 4930 10086 4904 10086 4738 10086 4786 10087 4930 10087 4738 10087 4904 10088 4847 10088 4686 10088 4738 10089 4904 10089 4686 10089 4847 10090 4812 10090 4644 10090 4686 10091 4847 10091 4644 10091 4812 10092 4780 10092 4592 10092 4644 10093 4812 10093 4592 10093 4780 10094 4701 10094 4555 10094 4592 10095 4780 10095 4555 10095 4701 10096 4666 10096 4521 10096 4555 10097 4701 10097 4521 10097 4666 10098 4613 10098 4500 10098 4500 10099 4521 10099 4666 10099 4478 10100 4521 10100 4500 10100 4521 10101 4478 10101 4470 10101 4597 10102 4612 10102 4665 10102 4597 10103 4665 10103 4520 10103 4520 10104 4477 10104 4597 10104 4477 10105 4520 10105 4469 10105 4665 10106 4700 10106 4554 10106 4665 10107 4554 10107 4520 10107 4700 10108 4779 10108 4591 10108 4700 10109 4591 10109 4554 10109 4779 10110 4811 10110 4643 10110 4779 10111 4643 10111 4591 10111 4811 10112 4846 10112 4685 10112 4811 10113 4685 10113 4643 10113 4846 10114 4903 10114 4737 10114 4846 10115 4737 10115 4685 10115 4903 10116 4929 10116 4785 10116 4903 10117 4785 10117 4737 10117 4929 10118 4952 10118 4807 10118 4929 10119 4807 10119 4785 10119 4952 10120 4972 10120 4833 10120 4952 10121 4833 10121 4807 10121 4972 10122 4988 10122 4852 10122 4972 10123 4852 10123 4833 10123 4988 10124 5012 10124 4872 10124 4988 10125 4872 10125 4852 10125 5012 10126 5038 10126 4897 10126 5012 10127 4897 10127 4872 10127 5038 10128 5054 10128 4907 10128 5038 10129 4907 10129 4897 10129 5054 10130 5058 10130 4911 10130 5054 10131 4911 10131 4907 10131 4911 10132 4908 10132 4656 10132 4661 10133 4911 10133 4656 10133 4908 10134 4898 10134 4652 10134 4656 10135 4908 10135 4652 10135 4898 10136 4873 10136 4638 10136 4652 10137 4898 10137 4638 10137 4873 10138 4853 10138 4606 10138 4638 10139 4873 10139 4606 10139 4853 10140 4834 10140 4586 10140 4606 10141 4853 10141 4586 10141 4834 10142 4808 10142 4562 10142 4586 10143 4834 10143 4562 10143 4808 10144 4786 10144 4547 10144 4562 10145 4808 10145 4547 10145 4786 10146 4738 10146 4513 10146 4547 10147 4786 10147 4513 10147 4738 10148 4686 10148 4457 10148 4513 10149 4738 10149 4457 10149 4686 10150 4644 10150 4431 10150 4457 10151 4686 10151 4431 10151 4644 10152 4592 10152 4410 10152 4431 10153 4644 10153 4410 10153 4592 10154 4555 10154 4369 10154 4410 10155 4592 10155 4369 10155 4555 10156 4521 10156 4338 10156 4369 10157 4555 10157 4338 10157 4521 10158 4470 10158 4324 10158 4324 10159 4338 10159 4521 10159 4338 10160 4324 10160 4306 10160 4520 10161 4449 10161 4469 10161 4449 10162 4520 10162 4337 10162 4449 10163 4337 10163 4305 10163 4520 10164 4554 10164 4368 10164 4520 10165 4368 10165 4337 10165 4554 10166 4591 10166 4409 10166 4554 10167 4409 10167 4368 10167 4591 10168 4643 10168 4430 10168 4591 10169 4430 10169 4409 10169 4643 10170 4685 10170 4456 10170 4643 10171 4456 10171 4430 10171 4685 10172 4737 10172 4512 10172 4685 10173 4512 10173 4456 10173 4737 10174 4785 10174 4546 10174 4737 10175 4546 10175 4512 10175 4785 10176 4807 10176 4561 10176 4785 10177 4561 10177 4546 10177 4807 10178 4833 10178 4585 10178 4807 10179 4585 10179 4561 10179 4833 10180 4852 10180 4605 10180 4833 10181 4605 10181 4585 10181 4852 10182 4872 10182 4637 10182 4852 10183 4637 10183 4605 10183 4872 10184 4897 10184 4651 10184 4872 10185 4651 10185 4637 10185 4897 10186 4907 10186 4655 10186 4897 10187 4655 10187 4651 10187 4907 10188 4911 10188 4661 10188 4907 10189 4661 10189 4655 10189 4661 10190 4656 10190 4394 10190 4397 10191 4661 10191 4394 10191 4656 10192 4652 10192 4390 10192 4394 10193 4656 10193 4390 10193 4652 10194 4638 10194 4374 10194 4390 10195 4652 10195 4374 10195 4638 10196 4606 10196 4358 10196 4374 10197 4638 10197 4358 10197 4606 10198 4586 10198 4344 10198 4358 10199 4606 10199 4344 10199 4586 10200 4562 10200 4329 10200 4344 10201 4586 10201 4329 10201 4562 10202 4547 10202 4290 10202 4329 10203 4562 10203 4290 10203 4547 10204 4513 10204 4278 10204 4290 10205 4547 10205 4278 10205 4513 10206 4457 10206 4261 10206 4278 10207 4513 10207 4261 10207 4457 10208 4431 10208 4237 10208 4261 10209 4457 10209 4237 10209 4431 10210 4410 10210 4229 10210 4237 10211 4431 10211 4229 10211 4410 10212 4369 10212 4204 10212 4229 10213 4410 10213 4204 10213 4369 10214 4338 10214 4197 10214 4204 10215 4369 10215 4197 10215 4338 10216 4306 10216 4184 10216 4184 10217 4197 10217 4338 10217 4197 10218 4184 10218 4156 10218 4337 10219 4283 10219 4305 10219 4283 10220 4337 10220 4196 10220 4283 10221 4196 10221 4155 10221 4337 10222 4368 10222 4203 10222 4337 10223 4203 10223 4196 10223 4368 10224 4409 10224 4228 10224 4368 10225 4228 10225 4203 10225 4409 10226 4430 10226 4236 10226 4409 10227 4236 10227 4228 10227 4430 10228 4456 10228 4260 10228 4430 10229 4260 10229 4236 10229 4456 10230 4512 10230 4277 10230 4456 10231 4277 10231 4260 10231 4512 10232 4546 10232 4289 10232 4512 10233 4289 10233 4277 10233 4546 10234 4561 10234 4328 10234 4546 10235 4328 10235 4289 10235 4561 10236 4585 10236 4343 10236 4561 10237 4343 10237 4328 10237 4585 10238 4605 10238 4357 10238 4585 10239 4357 10239 4343 10239 4605 10240 4637 10240 4373 10240 4605 10241 4373 10241 4357 10241 4637 10242 4651 10242 4389 10242 4637 10243 4389 10243 4373 10243 4651 10244 4655 10244 4393 10244 4651 10245 4393 10245 4389 10245 4655 10246 4661 10246 4397 10246 4655 10247 4397 10247 4393 10247 4397 10248 4394 10248 4177 10248 4182 10249 4397 10249 4177 10249 4394 10250 4390 10250 4173 10250 4177 10251 4394 10251 4173 10251 4390 10252 4374 10252 4147 10252 4173 10253 4390 10253 4147 10253 4374 10254 4358 10254 4141 10254 4147 10255 4374 10255 4141 10255 4358 10256 4344 10256 4135 10256 4141 10257 4358 10257 4135 10257 4344 10258 4329 10258 4127 10258 4135 10259 4344 10259 4127 10259 4329 10260 4290 10260 4115 10260 4127 10261 4329 10261 4115 10261 4290 10262 4278 10262 4089 10262 4115 10263 4290 10263 4089 10263 4278 10264 4261 10264 4075 10264 4089 10265 4278 10265 4075 10265 4261 10266 4237 10266 4061 10266 4075 10267 4261 10267 4061 10267 4237 10268 4229 10268 4045 10268 4061 10269 4237 10269 4045 10269 4229 10270 4204 10270 4022 10270 4045 10271 4229 10271 4022 10271 4204 10272 4197 10272 4007 10272 4022 10273 4204 10273 4007 10273 4197 10274 4156 10274 4004 10274 4004 10275 4007 10275 4197 10275 4007 10276 4004 10276 3966 10276 4196 10277 4138 10277 4155 10277 4138 10278 4196 10278 4006 10278 4138 10279 4006 10279 3965 10279 4196 10280 4203 10280 4021 10280 4196 10281 4021 10281 4006 10281 4203 10282 4228 10282 4044 10282 4203 10283 4044 10283 4021 10283 4228 10284 4236 10284 4060 10284 4228 10285 4060 10285 4044 10285 4236 10286 4260 10286 4074 10286 4236 10287 4074 10287 4060 10287 4260 10288 4277 10288 4088 10288 4260 10289 4088 10289 4074 10289 4277 10290 4289 10290 4114 10290 4277 10291 4114 10291 4088 10291 4289 10292 4328 10292 4126 10292 4289 10293 4126 10293 4114 10293 4328 10294 4343 10294 4134 10294 4328 10295 4134 10295 4126 10295 4343 10296 4357 10296 4140 10296 4343 10297 4140 10297 4134 10297 4357 10298 4373 10298 4146 10298 4357 10299 4146 10299 4140 10299 4373 10300 4389 10300 4172 10300 4373 10301 4172 10301 4146 10301 4389 10302 4393 10302 4176 10302 4389 10303 4176 10303 4172 10303 4393 10304 4397 10304 4182 10304 4393 10305 4182 10305 4176 10305 4182 10306 4177 10306 3935 10306 3938 10307 4182 10307 3935 10307 4177 10308 4173 10308 3931 10308 3935 10309 4177 10309 3931 10309 4173 10310 4147 10310 3925 10310 3931 10311 4173 10311 3925 10311 4147 10312 4141 10312 3919 10312 3925 10313 4147 10313 3919 10313 4141 10314 4135 10314 3911 10314 3919 10315 4141 10315 3911 10315 4135 10316 4127 10316 3903 10316 3911 10317 4135 10317 3903 10317 4127 10318 4115 10318 3893 10318 3903 10319 4127 10319 3893 10319 4115 10320 4089 10320 3885 10320 3893 10321 4115 10321 3885 10321 4089 10322 4075 10322 3873 10322 3885 10323 4089 10323 3873 10323 4075 10324 4061 10324 3857 10324 3873 10325 4075 10325 3857 10325 4061 10326 4045 10326 3847 10326 3857 10327 4061 10327 3847 10327 4045 10328 4022 10328 3840 10328 3847 10329 4045 10329 3840 10329 4022 10330 4007 10330 3831 10330 3840 10331 4022 10331 3831 10331 4007 10332 3966 10332 3828 10332 3828 10333 3831 10333 4007 10333 3808 10334 3831 10334 3828 10334 4006 10335 3950 10335 3965 10335 3950 10336 4006 10336 3830 10336 3830 10337 3807 10337 3950 10337 4006 10338 4021 10338 3839 10338 4006 10339 3839 10339 3830 10339 4021 10340 4044 10340 3846 10340 4021 10341 3846 10341 3839 10341 4044 10342 4060 10342 3856 10342 4044 10343 3856 10343 3846 10343 4060 10344 4074 10344 3872 10344 4060 10345 3872 10345 3856 10345 4074 10346 4088 10346 3884 10346 4074 10347 3884 10347 3872 10347 4088 10348 4114 10348 3892 10348 4088 10349 3892 10349 3884 10349 4114 10350 4126 10350 3902 10350 4114 10351 3902 10351 3892 10351 4126 10352 4134 10352 3910 10352 4126 10353 3910 10353 3902 10353 4134 10354 4140 10354 3918 10354 4134 10355 3918 10355 3910 10355 4140 10356 4146 10356 3924 10356 4140 10357 3924 10357 3918 10357 4146 10358 4172 10358 3930 10358 4146 10359 3930 10359 3924 10359 4172 10360 4176 10360 3934 10360 4172 10361 3934 10361 3930 10361 4176 10362 4182 10362 3938 10362 4176 10363 3938 10363 3934 10363 3938 10364 3935 10364 3747 10364 3750 10365 3938 10365 3747 10365 3935 10366 3931 10366 3743 10366 3747 10367 3935 10367 3743 10367 3931 10368 3925 10368 3733 10368 3743 10369 3931 10369 3733 10369 3925 10370 3919 10370 3719 10370 3733 10371 3925 10371 3719 10371 3919 10372 3911 10372 3711 10372 3719 10373 3919 10373 3711 10373 3911 10374 3903 10374 3691 10374 3711 10375 3911 10375 3691 10375 3903 10376 3893 10376 3679 10376 3691 10377 3903 10377 3679 10377 3893 10378 3885 10378 3671 10378 3679 10379 3893 10379 3671 10379 3885 10380 3873 10380 3661 10380 3671 10381 3885 10381 3661 10381 3873 10382 3857 10382 3649 10382 3661 10383 3873 10383 3649 10383 3857 10384 3847 10384 3643 10384 3649 10385 3857 10385 3643 10385 3847 10386 3840 10386 3630 10386 3643 10387 3847 10387 3630 10387 3840 10388 3831 10388 3621 10388 3630 10389 3840 10389 3621 10389 3831 10390 3808 10390 3624 10390 3624 10391 3621 10391 3831 10391 3621 10392 3624 10392 3598 10392 3830 10393 3798 10393 3807 10393 3798 10394 3830 10394 3620 10394 3597 10395 3798 10395 3620 10395 3830 10396 3839 10396 3629 10396 3830 10397 3629 10397 3620 10397 3839 10398 3846 10398 3642 10398 3839 10399 3642 10399 3629 10399 3846 10400 3856 10400 3648 10400 3846 10401 3648 10401 3642 10401 3856 10402 3872 10402 3660 10402 3856 10403 3660 10403 3648 10403 3872 10404 3884 10404 3670 10404 3872 10405 3670 10405 3660 10405 3884 10406 3892 10406 3678 10406 3884 10407 3678 10407 3670 10407 3892 10408 3902 10408 3690 10408 3892 10409 3690 10409 3678 10409 3902 10410 3910 10410 3710 10410 3902 10411 3710 10411 3690 10411 3910 10412 3918 10412 3718 10412 3910 10413 3718 10413 3710 10413 3918 10414 3924 10414 3732 10414 3918 10415 3732 10415 3718 10415 3924 10416 3930 10416 3742 10416 3924 10417 3742 10417 3732 10417 3930 10418 3934 10418 3746 10418 3930 10419 3746 10419 3742 10419 3934 10420 3938 10420 3750 10420 3934 10421 3750 10421 3746 10421 3750 10422 3747 10422 3549 10422 3552 10423 3750 10423 3549 10423 3747 10424 3743 10424 3545 10424 3549 10425 3747 10425 3545 10425 3743 10426 3733 10426 3539 10426 3545 10427 3743 10427 3539 10427 3733 10428 3719 10428 3535 10428 3539 10429 3733 10429 3535 10429 3719 10430 3711 10430 3527 10430 3535 10431 3719 10431 3527 10431 3711 10432 3691 10432 3521 10432 3527 10433 3711 10433 3521 10433 3691 10434 3679 10434 3511 10434 3521 10435 3691 10435 3511 10435 3679 10436 3671 10436 3507 10436 3511 10437 3679 10437 3507 10437 3671 10438 3661 10438 3503 10438 3507 10439 3671 10439 3503 10439 3661 10440 3649 10440 3497 10440 3503 10441 3661 10441 3497 10441 3649 10442 3643 10442 3487 10442 3497 10443 3649 10443 3487 10443 3643 10444 3630 10444 3470 10444 3487 10445 3643 10445 3470 10445 3630 10446 3621 10446 3455 10446 3470 10447 3630 10447 3455 10447 3621 10448 3598 10448 3462 10448 3462 10449 3455 10449 3621 10449 3455 10450 3462 10450 3438 10450 3620 10451 3590 10451 3597 10451 3590 10452 3620 10452 3454 10452 3590 10453 3454 10453 3437 10453 3620 10454 3629 10454 3469 10454 3620 10455 3469 10455 3454 10455 3629 10456 3642 10456 3486 10456 3629 10457 3486 10457 3469 10457 3642 10458 3648 10458 3496 10458 3642 10459 3496 10459 3486 10459 3648 10460 3660 10460 3502 10460 3648 10461 3502 10461 3496 10461 3660 10462 3670 10462 3506 10462 3660 10463 3506 10463 3502 10463 3670 10464 3678 10464 3510 10464 3670 10465 3510 10465 3506 10465 3678 10466 3690 10466 3520 10466 3678 10467 3520 10467 3510 10467 3690 10468 3710 10468 3526 10468 3690 10469 3526 10469 3520 10469 3710 10470 3718 10470 3534 10470 3710 10471 3534 10471 3526 10471 3718 10472 3732 10472 3538 10472 3718 10473 3538 10473 3534 10473 3732 10474 3742 10474 3544 10474 3732 10475 3544 10475 3538 10475 3742 10476 3746 10476 3548 10476 3742 10477 3548 10477 3544 10477 3746 10478 3750 10478 3552 10478 3746 10479 3552 10479 3548 10479 3552 10480 3549 10480 3295 10480 3298 10481 3552 10481 3295 10481 3549 10482 3545 10482 3291 10482 3295 10483 3549 10483 3291 10483 3545 10484 3539 10484 3285 10484 3291 10485 3545 10485 3285 10485 3539 10486 3535 10486 3281 10486 3285 10487 3539 10487 3281 10487 3535 10488 3527 10488 3277 10488 3281 10489 3535 10489 3277 10489 3527 10490 3521 10490 3271 10490 3277 10491 3527 10491 3271 10491 3521 10492 3511 10492 3265 10492 3271 10493 3521 10493 3265 10493 3511 10494 3507 10494 3261 10494 3265 10495 3511 10495 3261 10495 3507 10496 3503 10496 3257 10496 3261 10497 3507 10497 3257 10497 3503 10498 3497 10498 3251 10498 3257 10499 3503 10499 3251 10499 3497 10500 3487 10500 3247 10500 3251 10501 3497 10501 3247 10501 3487 10502 3470 10502 3238 10502 3247 10503 3487 10503 3238 10503 3470 10504 3455 10504 3229 10504 3238 10505 3470 10505 3229 10505 3430 10506 3455 10506 3438 10506 3455 10507 3430 10507 3242 10507 3242 10508 3229 10508 3455 10508 3242 10509 3212 10509 3229 10509 3454 10510 3429 10510 3437 10510 3454 10511 3390 10511 3429 10511 3390 10512 3454 10512 3228 10512 3228 10513 3211 10513 3390 10513 3454 10514 3469 10514 3237 10514 3454 10515 3237 10515 3228 10515 3469 10516 3486 10516 3246 10516 3469 10517 3246 10517 3237 10517 3486 10518 3496 10518 3250 10518 3486 10519 3250 10519 3246 10519 3496 10520 3502 10520 3256 10520 3496 10521 3256 10521 3250 10521 3502 10522 3506 10522 3260 10522 3502 10523 3260 10523 3256 10523 3506 10524 3510 10524 3264 10524 3506 10525 3264 10525 3260 10525 3510 10526 3520 10526 3270 10526 3510 10527 3270 10527 3264 10527 3520 10528 3526 10528 3276 10528 3520 10529 3276 10529 3270 10529 3526 10530 3534 10530 3280 10530 3526 10531 3280 10531 3276 10531 3534 10532 3538 10532 3284 10532 3534 10533 3284 10533 3280 10533 3538 10534 3544 10534 3290 10534 3538 10535 3290 10535 3284 10535 3544 10536 3548 10536 3294 10536 3544 10537 3294 10537 3290 10537 3548 10538 3552 10538 3298 10538 3548 10539 3298 10539 3294 10539 3298 10540 3295 10540 3047 10540 3050 10541 3298 10541 3047 10541 3295 10542 3291 10542 3043 10542 3047 10543 3295 10543 3043 10543 3291 10544 3285 10544 3037 10544 3043 10545 3291 10545 3037 10545 3285 10546 3281 10546 3033 10546 3037 10547 3285 10547 3033 10547 3281 10548 3277 10548 3029 10548 3033 10549 3281 10549 3029 10549 3277 10550 3271 10550 3023 10550 3029 10551 3277 10551 3023 10551 3271 10552 3265 10552 3017 10552 3023 10553 3271 10553 3017 10553 3265 10554 3261 10554 3013 10554 3017 10555 3265 10555 3013 10555 3261 10556 3257 10556 3007 10556 3013 10557 3261 10557 3007 10557 3257 10558 3251 10558 3001 10558 3007 10559 3257 10559 3001 10559 3251 10560 3247 10560 2997 10560 3001 10561 3251 10561 2997 10561 3247 10562 3238 10562 2990 10562 2997 10563 3247 10563 2990 10563 3238 10564 3229 10564 2985 10564 2990 10565 3238 10565 2985 10565 3229 10566 3212 10566 3010 10566 3010 10567 2985 10567 3229 10567 2985 10568 3010 10568 2968 10568 3228 10569 3202 10569 3211 10569 3202 10570 3228 10570 2984 10570 3202 10571 2984 10571 2967 10571 3228 10572 3237 10572 2989 10572 3228 10573 2989 10573 2984 10573 3237 10574 3246 10574 2996 10574 3237 10575 2996 10575 2989 10575 3246 10576 3250 10576 3000 10576 3246 10577 3000 10577 2996 10577 3250 10578 3256 10578 3006 10578 3250 10579 3006 10579 3000 10579 3256 10580 3260 10580 3012 10580 3256 10581 3012 10581 3006 10581 3260 10582 3264 10582 3016 10582 3260 10583 3016 10583 3012 10583 3264 10584 3270 10584 3022 10584 3264 10585 3022 10585 3016 10585 3270 10586 3276 10586 3028 10586 3270 10587 3028 10587 3022 10587 3276 10588 3280 10588 3032 10588 3276 10589 3032 10589 3028 10589 3280 10590 3284 10590 3036 10590 3280 10591 3036 10591 3032 10591 3284 10592 3290 10592 3042 10592 3284 10593 3042 10593 3036 10593 3290 10594 3294 10594 3046 10594 3290 10595 3046 10595 3042 10595 3294 10596 3298 10596 3050 10596 3294 10597 3050 10597 3046 10597 3050 10598 3047 10598 2782 10598 3050 10599 2782 10599 2780 10599 3047 10600 3043 10600 2784 10600 3047 10601 2784 10601 2782 10601 3043 10602 3037 10602 2787 10602 3043 10603 2787 10603 2784 10603 3037 10604 3033 10604 2789 10604 3037 10605 2789 10605 2787 10605 3033 10606 3029 10606 2791 10606 3033 10607 2791 10607 2789 10607 3029 10608 3023 10608 2794 10608 3029 10609 2794 10609 2791 10609 3023 10610 3017 10610 2797 10610 3023 10611 2797 10611 2794 10611 3017 10612 3013 10612 2799 10612 3017 10613 2799 10613 2797 10613 3013 10614 3007 10614 2801 10614 3013 10615 2801 10615 2799 10615 3007 10616 3001 10616 2804 10616 3007 10617 2804 10617 2801 10617 3001 10618 2997 10618 2806 10618 3001 10619 2806 10619 2804 10619 2997 10620 2990 10620 2810 10620 2997 10621 2810 10621 2806 10621 2990 10622 2985 10622 2812 10622 2990 10623 2812 10623 2810 10623 2985 10624 2968 10624 2946 10624 2812 10625 2946 10625 2817 10625 2946 10626 2812 10626 2985 10626 2984 10627 2962 10627 2967 10627 2962 10628 2984 10628 2811 10628 2816 10629 2962 10629 2811 10629 2984 10630 2989 10630 2809 10630 2811 10631 2984 10631 2809 10631 2989 10632 2996 10632 2805 10632 2809 10633 2989 10633 2805 10633 2996 10634 3000 10634 2803 10634 2805 10635 2996 10635 2803 10635 3000 10636 3006 10636 2800 10636 2803 10637 3000 10637 2800 10637 3006 10638 3012 10638 2798 10638 2800 10639 3006 10639 2798 10639 3012 10640 3016 10640 2796 10640 2798 10641 3012 10641 2796 10641 3016 10642 3022 10642 2793 10642 2796 10643 3016 10643 2793 10643 3022 10644 3028 10644 2790 10644 2793 10645 3022 10645 2790 10645 3028 10646 3032 10646 2788 10646 2790 10647 3028 10647 2788 10647 3032 10648 3036 10648 2786 10648 2788 10649 3032 10649 2786 10649 3036 10650 3042 10650 2783 10650 2786 10651 3036 10651 2783 10651 3042 10652 3046 10652 2781 10652 2783 10653 3042 10653 2781 10653 3046 10654 3050 10654 2780 10654 2781 10655 3046 10655 2780 10655 2780 10656 2782 10656 2603 10656 2780 10657 2603 10657 2600 10657 2782 10658 2784 10658 2607 10658 2782 10659 2607 10659 2603 10659 2784 10660 2787 10660 2613 10660 2784 10661 2613 10661 2607 10661 2787 10662 2789 10662 2617 10662 2787 10663 2617 10663 2613 10663 2789 10664 2791 10664 2621 10664 2789 10665 2621 10665 2617 10665 2791 10666 2794 10666 2627 10666 2791 10667 2627 10667 2621 10667 2794 10668 2797 10668 2633 10668 2794 10669 2633 10669 2627 10669 2797 10670 2799 10670 2637 10670 2797 10671 2637 10671 2633 10671 2799 10672 2801 10672 2643 10672 2799 10673 2643 10673 2637 10673 2801 10674 2804 10674 2649 10674 2801 10675 2649 10675 2643 10675 2804 10676 2806 10676 2653 10676 2804 10677 2653 10677 2649 10677 2806 10678 2810 10678 2660 10678 2806 10679 2660 10679 2653 10679 2810 10680 2812 10680 2665 10680 2810 10681 2665 10681 2660 10681 2812 10682 2817 10682 2688 10682 2665 10683 2688 10683 2672 10683 2688 10684 2665 10684 2812 10684 2811 10685 2704 10685 2816 10685 2704 10686 2811 10686 2664 10686 2664 10687 2671 10687 2704 10687 2811 10688 2809 10688 2659 10688 2664 10689 2811 10689 2659 10689 2809 10690 2805 10690 2652 10690 2659 10691 2809 10691 2652 10691 2805 10692 2803 10692 2648 10692 2652 10693 2805 10693 2648 10693 2803 10694 2800 10694 2642 10694 2648 10695 2803 10695 2642 10695 2800 10696 2798 10696 2636 10696 2642 10697 2800 10697 2636 10697 2798 10698 2796 10698 2632 10698 2636 10699 2798 10699 2632 10699 2796 10700 2793 10700 2626 10700 2632 10701 2796 10701 2626 10701 2793 10702 2790 10702 2620 10702 2626 10703 2793 10703 2620 10703 2790 10704 2788 10704 2616 10704 2620 10705 2790 10705 2616 10705 2788 10706 2786 10706 2612 10706 2616 10707 2788 10707 2612 10707 2786 10708 2783 10708 2606 10708 2612 10709 2786 10709 2606 10709 2783 10710 2781 10710 2602 10710 2606 10711 2783 10711 2602 10711 2781 10712 2780 10712 2600 10712 2602 10713 2781 10713 2600 10713 2600 10714 2603 10714 2355 10714 2600 10715 2355 10715 2352 10715 2603 10716 2607 10716 2359 10716 2603 10717 2359 10717 2355 10717 2607 10718 2613 10718 2365 10718 2607 10719 2365 10719 2359 10719 2613 10720 2617 10720 2369 10720 2613 10721 2369 10721 2365 10721 2617 10722 2621 10722 2373 10722 2617 10723 2373 10723 2369 10723 2621 10724 2627 10724 2379 10724 2621 10725 2379 10725 2373 10725 2627 10726 2633 10726 2385 10726 2627 10727 2385 10727 2379 10727 2633 10728 2637 10728 2389 10728 2633 10729 2389 10729 2385 10729 2637 10730 2643 10730 2393 10730 2637 10731 2393 10731 2389 10731 2643 10732 2649 10732 2399 10732 2643 10733 2399 10733 2393 10733 2649 10734 2653 10734 2403 10734 2649 10735 2403 10735 2399 10735 2653 10736 2660 10736 2412 10736 2653 10737 2412 10737 2403 10737 2660 10738 2665 10738 2421 10738 2660 10739 2421 10739 2412 10739 2665 10740 2672 10740 2448 10740 2421 10741 2448 10741 2428 10741 2448 10742 2421 10742 2665 10742 2664 10743 2640 10743 2671 10743 2640 10744 2664 10744 2420 10744 2427 10745 2640 10745 2420 10745 2664 10746 2659 10746 2411 10746 2420 10747 2664 10747 2411 10747 2659 10748 2652 10748 2402 10748 2411 10749 2659 10749 2402 10749 2652 10750 2648 10750 2398 10750 2402 10751 2652 10751 2398 10751 2648 10752 2642 10752 2392 10752 2398 10753 2648 10753 2392 10753 2642 10754 2636 10754 2388 10754 2392 10755 2642 10755 2388 10755 2636 10756 2632 10756 2384 10756 2388 10757 2636 10757 2384 10757 2632 10758 2626 10758 2378 10758 2384 10759 2632 10759 2378 10759 2626 10760 2620 10760 2372 10760 2378 10761 2626 10761 2372 10761 2620 10762 2616 10762 2368 10762 2372 10763 2620 10763 2368 10763 2616 10764 2612 10764 2364 10764 2368 10765 2616 10765 2364 10765 2612 10766 2606 10766 2358 10766 2364 10767 2612 10767 2358 10767 2606 10768 2602 10768 2354 10768 2358 10769 2606 10769 2354 10769 2602 10770 2600 10770 2352 10770 2354 10771 2602 10771 2352 10771 2352 10772 2355 10772 2101 10772 2352 10773 2101 10773 2098 10773 2355 10774 2359 10774 2105 10774 2355 10775 2105 10775 2101 10775 2359 10776 2365 10776 2111 10776 2359 10777 2111 10777 2105 10777 2365 10778 2369 10778 2115 10778 2365 10779 2115 10779 2111 10779 2369 10780 2373 10780 2123 10780 2369 10781 2123 10781 2115 10781 2373 10782 2379 10782 2129 10782 2373 10783 2129 10783 2123 10783 2379 10784 2385 10784 2139 10784 2379 10785 2139 10785 2129 10785 2385 10786 2389 10786 2143 10786 2385 10787 2143 10787 2139 10787 2389 10788 2393 10788 2147 10788 2389 10789 2147 10789 2143 10789 2393 10790 2399 10790 2153 10790 2393 10791 2153 10791 2147 10791 2399 10792 2403 10792 2163 10792 2399 10793 2163 10793 2153 10793 2403 10794 2412 10794 2180 10794 2403 10795 2180 10795 2163 10795 2412 10796 2421 10796 2195 10796 2412 10797 2195 10797 2180 10797 2421 10798 2428 10798 2260 10798 2195 10799 2260 10799 2204 10799 2260 10800 2195 10800 2421 10800 2195 10801 2204 10801 2212 10801 2408 10802 2427 10802 2420 10802 2408 10803 2420 10803 2194 10803 2203 10804 2194 10804 2211 10804 2194 10805 2203 10805 2408 10805 2420 10806 2411 10806 2179 10806 2194 10807 2420 10807 2179 10807 2411 10808 2402 10808 2162 10808 2179 10809 2411 10809 2162 10809 2402 10810 2398 10810 2152 10810 2162 10811 2402 10811 2152 10811 2398 10812 2392 10812 2146 10812 2152 10813 2398 10813 2146 10813 2392 10814 2388 10814 2142 10814 2146 10815 2392 10815 2142 10815 2388 10816 2384 10816 2138 10816 2142 10817 2388 10817 2138 10817 2384 10818 2378 10818 2128 10818 2138 10819 2384 10819 2128 10819 2378 10820 2372 10820 2122 10820 2128 10821 2378 10821 2122 10821 2372 10822 2368 10822 2114 10822 2122 10823 2372 10823 2114 10823 2368 10824 2364 10824 2110 10824 2114 10825 2368 10825 2110 10825 2364 10826 2358 10826 2104 10826 2110 10827 2364 10827 2104 10827 2358 10828 2354 10828 2100 10828 2104 10829 2358 10829 2100 10829 2354 10830 2352 10830 2098 10830 2100 10831 2354 10831 2098 10831 2098 10832 2101 10832 1903 10832 2098 10833 1903 10833 1900 10833 2101 10834 2105 10834 1907 10834 2101 10835 1907 10835 1903 10835 2105 10836 2111 10836 1917 10836 2105 10837 1917 10837 1907 10837 2111 10838 2115 10838 1931 10838 2111 10839 1931 10839 1917 10839 2115 10840 2123 10840 1939 10840 2115 10841 1939 10841 1931 10841 2123 10842 2129 10842 1959 10842 2123 10843 1959 10843 1939 10843 2129 10844 2139 10844 1971 10844 2129 10845 1971 10845 1959 10845 2139 10846 2143 10846 1979 10846 2139 10847 1979 10847 1971 10847 2143 10848 2147 10848 1989 10848 2143 10849 1989 10849 1979 10849 2147 10850 2153 10850 2001 10850 2147 10851 2001 10851 1989 10851 2153 10852 2163 10852 2007 10852 2153 10853 2007 10853 2001 10853 2163 10854 2180 10854 2020 10854 2163 10855 2020 10855 2007 10855 2180 10856 2195 10856 2029 10856 2180 10857 2029 10857 2020 10857 2195 10858 2212 10858 2060 10858 2029 10859 2060 10859 2042 10859 2060 10860 2029 10860 2195 10860 2194 10861 2188 10861 2211 10861 2188 10862 2194 10862 2028 10862 2041 10863 2188 10863 2028 10863 2194 10864 2179 10864 2019 10864 2028 10865 2194 10865 2019 10865 2179 10866 2162 10866 2006 10866 2019 10867 2179 10867 2006 10867 2162 10868 2152 10868 2000 10868 2006 10869 2162 10869 2000 10869 2152 10870 2146 10870 1988 10870 2000 10871 2152 10871 1988 10871 2146 10872 2142 10872 1978 10872 1988 10873 2146 10873 1978 10873 2142 10874 2138 10874 1970 10874 1978 10875 2142 10875 1970 10875 2138 10876 2128 10876 1958 10876 1970 10877 2138 10877 1958 10877 2128 10878 2122 10878 1938 10878 1958 10879 2128 10879 1938 10879 2122 10880 2114 10880 1930 10880 1938 10881 2122 10881 1930 10881 2114 10882 2110 10882 1916 10882 1930 10883 2114 10883 1916 10883 2110 10884 2104 10884 1906 10884 1916 10885 2110 10885 1906 10885 2104 10886 2100 10886 1902 10886 1906 10887 2104 10887 1902 10887 2100 10888 2098 10888 1900 10888 1902 10889 2100 10889 1900 10889 1900 10890 1903 10890 1715 10890 1900 10891 1715 10891 1712 10891 1903 10892 1907 10892 1719 10892 1903 10893 1719 10893 1715 10893 1907 10894 1917 10894 1725 10894 1907 10895 1725 10895 1719 10895 1917 10896 1931 10896 1731 10896 1917 10897 1731 10897 1725 10897 1931 10898 1939 10898 1739 10898 1931 10899 1739 10899 1731 10899 1939 10900 1959 10900 1747 10900 1939 10901 1747 10901 1739 10901 1959 10902 1971 10902 1757 10902 1959 10903 1757 10903 1747 10903 1971 10904 1979 10904 1765 10904 1971 10905 1765 10905 1757 10905 1979 10906 1989 10906 1777 10906 1979 10907 1777 10907 1765 10907 1989 10908 2001 10908 1793 10908 1989 10909 1793 10909 1777 10909 2001 10910 2007 10910 1803 10910 2001 10911 1803 10911 1793 10911 2007 10912 2020 10912 1810 10912 2007 10913 1810 10913 1803 10913 2020 10914 2029 10914 1819 10914 2020 10915 1819 10915 1810 10915 2029 10916 2042 10916 1852 10916 1819 10917 1852 10917 1832 10917 1852 10918 1819 10918 2029 10918 2028 10919 2026 10919 2041 10919 2026 10920 2028 10920 1818 10920 1831 10921 2026 10921 1818 10921 2028 10922 2019 10922 1809 10922 1818 10923 2028 10923 1809 10923 2019 10924 2006 10924 1802 10924 1809 10925 2019 10925 1802 10925 2006 10926 2000 10926 1792 10926 1802 10927 2006 10927 1792 10927 2000 10928 1988 10928 1776 10928 1792 10929 2000 10929 1776 10929 1988 10930 1978 10930 1764 10930 1776 10931 1988 10931 1764 10931 1978 10932 1970 10932 1756 10932 1764 10933 1978 10933 1756 10933 1970 10934 1958 10934 1746 10934 1756 10935 1970 10935 1746 10935 1958 10936 1938 10936 1738 10936 1746 10937 1958 10937 1738 10937 1938 10938 1930 10938 1730 10938 1738 10939 1938 10939 1730 10939 1930 10940 1916 10940 1724 10940 1730 10941 1930 10941 1724 10941 1916 10942 1906 10942 1718 10942 1724 10943 1916 10943 1718 10943 1906 10944 1902 10944 1714 10944 1718 10945 1906 10945 1714 10945 1902 10946 1900 10946 1712 10946 1714 10947 1902 10947 1712 10947 1712 10948 1715 10948 1473 10948 1712 10949 1473 10949 1468 10949 1715 10950 1719 10950 1477 10950 1715 10951 1477 10951 1473 10951 1719 10952 1725 10952 1503 10952 1719 10953 1503 10953 1477 10953 1725 10954 1731 10954 1509 10954 1725 10955 1509 10955 1503 10955 1731 10956 1739 10956 1515 10956 1731 10957 1515 10957 1509 10957 1739 10958 1747 10958 1523 10958 1739 10959 1523 10959 1515 10959 1747 10960 1757 10960 1535 10960 1747 10961 1535 10961 1523 10961 1757 10962 1765 10962 1561 10962 1757 10963 1561 10963 1535 10963 1765 10964 1777 10964 1575 10964 1765 10965 1575 10965 1561 10965 1777 10966 1793 10966 1589 10966 1777 10967 1589 10967 1575 10967 1793 10968 1803 10968 1605 10968 1793 10969 1605 10969 1589 10969 1803 10970 1810 10970 1628 10970 1803 10971 1628 10971 1605 10971 1810 10972 1819 10972 1643 10972 1810 10973 1643 10973 1628 10973 1819 10974 1832 10974 1700 10974 1643 10975 1700 10975 1674 10975 1700 10976 1643 10976 1819 10976 1818 10977 1822 10977 1831 10977 1822 10978 1818 10978 1642 10978 1673 10979 1822 10979 1642 10979 1818 10980 1809 10980 1627 10980 1642 10981 1818 10981 1627 10981 1809 10982 1802 10982 1604 10982 1627 10983 1809 10983 1604 10983 1802 10984 1792 10984 1588 10984 1604 10985 1802 10985 1588 10985 1792 10986 1776 10986 1574 10986 1588 10987 1792 10987 1574 10987 1776 10988 1764 10988 1560 10988 1574 10989 1776 10989 1560 10989 1764 10990 1756 10990 1534 10990 1560 10991 1764 10991 1534 10991 1756 10992 1746 10992 1522 10992 1534 10993 1756 10993 1522 10993 1746 10994 1738 10994 1514 10994 1522 10995 1746 10995 1514 10995 1738 10996 1730 10996 1508 10996 1514 10997 1738 10997 1508 10997 1730 10998 1724 10998 1502 10998 1508 10999 1730 10999 1502 10999 1724 11000 1718 11000 1476 11000 1502 11001 1724 11001 1476 11001 1718 11002 1714 11002 1472 11002 1476 11003 1718 11003 1472 11003 1714 11004 1712 11004 1468 11004 1472 11005 1714 11005 1468 11005 1468 11006 1473 11006 1261 11006 1468 11007 1261 11007 1258 11007 1473 11008 1477 11008 1265 11008 1473 11009 1265 11009 1261 11009 1477 11010 1503 11010 1281 11010 1477 11011 1281 11011 1265 11011 1503 11012 1509 11012 1297 11012 1503 11013 1297 11013 1281 11013 1509 11014 1515 11014 1311 11014 1509 11015 1311 11015 1297 11015 1515 11016 1523 11016 1325 11016 1515 11017 1325 11017 1311 11017 1523 11018 1535 11018 1363 11018 1523 11019 1363 11019 1325 11019 1535 11020 1561 11020 1373 11020 1535 11021 1373 11021 1363 11021 1561 11022 1575 11022 1389 11022 1561 11023 1389 11023 1373 11023 1575 11024 1589 11024 1413 11024 1575 11025 1413 11025 1389 11025 1589 11026 1605 11026 1421 11026 1589 11027 1421 11027 1413 11027 1605 11028 1628 11028 1446 11028 1605 11029 1446 11029 1421 11029 1628 11030 1643 11030 1453 11030 1628 11031 1453 11031 1446 11031 1643 11032 1674 11032 1512 11032 1453 11033 1512 11033 1484 11033 1512 11034 1453 11034 1643 11034 1642 11035 1646 11035 1673 11035 1646 11036 1642 11036 1452 11036 1452 11037 1483 11037 1646 11037 1642 11038 1627 11038 1445 11038 1452 11039 1642 11039 1445 11039 1627 11040 1604 11040 1420 11040 1445 11041 1627 11041 1420 11041 1604 11042 1588 11042 1412 11042 1420 11043 1604 11043 1412 11043 1588 11044 1574 11044 1388 11044 1412 11045 1588 11045 1388 11045 1574 11046 1560 11046 1372 11046 1388 11047 1574 11047 1372 11047 1560 11048 1534 11048 1362 11048 1372 11049 1560 11049 1362 11049 1534 11050 1522 11050 1324 11050 1362 11051 1534 11051 1324 11051 1522 11052 1514 11052 1310 11052 1324 11053 1522 11053 1310 11053 1514 11054 1508 11054 1296 11054 1310 11055 1514 11055 1296 11055 1508 11056 1502 11056 1280 11056 1296 11057 1508 11057 1280 11057 1502 11058 1476 11058 1264 11058 1280 11059 1502 11059 1264 11059 1476 11060 1472 11060 1260 11060 1264 11061 1476 11061 1260 11061 1472 11062 1468 11062 1258 11062 1260 11063 1472 11063 1258 11063 1258 11064 1261 11064 1012 11064 1258 11065 1012 11065 1007 11065 1261 11066 1265 11066 1016 11066 1261 11067 1016 11067 1012 11067 1265 11068 1281 11068 1030 11068 1265 11069 1030 11069 1016 11069 1281 11070 1297 11070 1062 11070 1281 11071 1062 11071 1030 11071 1297 11072 1311 11072 1082 11072 1297 11073 1082 11073 1062 11073 1311 11074 1325 11074 1104 11074 1311 11075 1104 11075 1082 11075 1325 11076 1363 11076 1118 11076 1325 11077 1118 11077 1104 11077 1363 11078 1373 11078 1152 11078 1363 11079 1152 11079 1118 11079 1373 11080 1389 11080 1203 11080 1373 11081 1203 11081 1152 11081 1389 11082 1413 11082 1227 11082 1389 11083 1227 11083 1203 11083 1413 11084 1421 11084 1245 11084 1413 11085 1245 11085 1227 11085 1421 11086 1446 11086 1286 11086 1421 11087 1286 11087 1245 11087 1446 11088 1453 11088 1317 11088 1446 11089 1317 11089 1286 11089 1453 11090 1484 11090 1368 11090 1317 11091 1368 11091 1338 11091 1368 11092 1317 11092 1453 11092 1452 11093 1466 11093 1483 11093 1466 11094 1452 11094 1316 11094 1337 11095 1466 11095 1316 11095 1452 11096 1445 11096 1285 11096 1316 11097 1452 11097 1285 11097 1445 11098 1420 11098 1244 11098 1285 11099 1445 11099 1244 11099 1420 11100 1412 11100 1226 11100 1244 11101 1420 11101 1226 11101 1412 11102 1388 11102 1202 11102 1226 11103 1412 11103 1202 11103 1388 11104 1372 11104 1151 11104 1202 11105 1388 11105 1151 11105 1372 11106 1362 11106 1117 11106 1151 11107 1372 11107 1117 11107 1362 11108 1324 11108 1103 11108 1117 11109 1362 11109 1103 11109 1324 11110 1310 11110 1081 11110 1103 11111 1324 11111 1081 11111 1310 11112 1296 11112 1061 11112 1081 11113 1310 11113 1061 11113 1296 11114 1280 11114 1029 11114 1061 11115 1296 11115 1029 11115 1280 11116 1264 11116 1015 11116 1029 11117 1280 11117 1015 11117 1264 11118 1260 11118 1011 11118 1015 11119 1264 11119 1011 11119 1260 11120 1258 11120 1007 11120 1011 11121 1260 11121 1007 11121 1007 11122 1012 11122 766 11122 1007 11123 766 11123 763 11123 1012 11124 1016 11124 776 11124 1012 11125 776 11125 766 11125 1016 11126 1030 11126 801 11126 1016 11127 801 11127 776 11127 1030 11128 1062 11128 821 11128 1030 11129 821 11129 801 11129 1062 11130 1082 11130 840 11130 1062 11131 840 11131 821 11131 1082 11132 1104 11132 866 11132 1082 11133 866 11133 840 11133 1104 11134 1118 11134 888 11134 1104 11135 888 11135 866 11135 1118 11136 1152 11136 930 11136 1118 11137 930 11137 888 11137 1152 11138 1203 11138 982 11138 1152 11139 982 11139 930 11139 1203 11140 1227 11140 1024 11140 1203 11141 1024 11141 982 11141 1227 11142 1245 11142 1076 11142 1227 11143 1076 11143 1024 11143 1245 11144 1286 11144 1111 11144 1245 11145 1111 11145 1076 11145 1286 11146 1317 11146 1144 11146 1286 11147 1144 11147 1111 11147 1317 11148 1338 11148 1210 11148 1144 11149 1210 11149 1193 11149 1210 11150 1144 11150 1317 11150 1316 11151 1330 11151 1337 11151 1330 11152 1316 11152 1143 11152 1192 11153 1330 11153 1143 11153 1316 11154 1285 11154 1110 11154 1143 11155 1316 11155 1110 11155 1285 11156 1244 11156 1075 11156 1110 11157 1285 11157 1075 11157 1244 11158 1226 11158 1023 11158 1075 11159 1244 11159 1023 11159 1226 11160 1202 11160 981 11160 1023 11161 1226 11161 981 11161 1202 11162 1151 11162 929 11162 981 11163 1202 11163 929 11163 1151 11164 1117 11164 887 11164 929 11165 1151 11165 887 11165 1117 11166 1103 11166 865 11166 887 11167 1117 11167 865 11167 1103 11168 1081 11168 839 11168 865 11169 1103 11169 839 11169 1081 11170 1061 11170 820 11170 839 11171 1081 11171 820 11171 1061 11172 1029 11172 800 11172 820 11173 1061 11173 800 11173 1029 11174 1015 11174 775 11174 800 11175 1029 11175 775 11175 1015 11176 1011 11176 765 11176 775 11177 1015 11177 765 11177 1011 11178 1007 11178 763 11178 765 11179 1011 11179 763 11179 763 11180 766 11180 619 11180 763 11181 619 11181 616 11181 766 11182 776 11182 635 11182 766 11183 635 11183 619 11183 776 11184 801 11184 661 11184 776 11185 661 11185 635 11185 801 11186 821 11186 685 11186 801 11187 685 11187 661 11187 821 11188 840 11188 701 11188 821 11189 701 11189 685 11189 840 11190 866 11190 721 11190 840 11191 721 11191 701 11191 866 11192 888 11192 744 11192 866 11193 744 11193 721 11193 888 11194 930 11194 770 11194 888 11195 770 11195 744 11195 930 11196 982 11196 827 11196 930 11197 827 11197 770 11197 982 11198 1024 11198 862 11198 982 11199 862 11199 827 11199 1024 11200 1076 11200 894 11200 1024 11201 894 11201 862 11201 1076 11202 1111 11202 967 11202 1076 11203 967 11203 894 11203 1111 11204 1144 11204 1002 11204 1111 11205 1002 11205 967 11205 1175 11206 1144 11206 1193 11206 1144 11207 1175 11207 1071 11207 1071 11208 1045 11208 1002 11208 1071 11209 1002 11209 1144 11209 1143 11210 1174 11210 1192 11210 1143 11211 1165 11211 1174 11211 1165 11212 1143 11212 1001 11212 1001 11213 1044 11213 1165 11213 1143 11214 1110 11214 966 11214 1001 11215 1143 11215 966 11215 1110 11216 1075 11216 893 11216 966 11217 1110 11217 893 11217 1075 11218 1023 11218 861 11218 893 11219 1075 11219 861 11219 1023 11220 981 11220 826 11220 861 11221 1023 11221 826 11221 981 11222 929 11222 769 11222 826 11223 981 11223 769 11223 929 11224 887 11224 743 11224 769 11225 929 11225 743 11225 887 11226 865 11226 720 11226 743 11227 887 11227 720 11227 865 11228 839 11228 700 11228 720 11229 865 11229 700 11229 839 11230 820 11230 684 11230 700 11231 839 11231 684 11231 820 11232 800 11232 660 11232 684 11233 820 11233 660 11233 800 11234 775 11234 634 11234 660 11235 800 11235 634 11235 775 11236 765 11236 618 11236 634 11237 775 11237 618 11237 765 11238 763 11238 616 11238 618 11239 765 11239 616 11239 616 11240 619 11240 551 11240 616 11241 551 11241 548 11241 619 11242 635 11242 557 11242 619 11243 557 11243 551 11243 635 11244 661 11244 569 11244 635 11245 569 11245 557 11245 661 11246 685 11246 581 11246 661 11247 581 11247 569 11247 685 11248 701 11248 604 11248 685 11249 604 11249 581 11249 701 11250 721 11250 623 11250 701 11251 623 11251 604 11251 721 11252 744 11252 675 11252 721 11253 675 11253 623 11253 744 11254 770 11254 707 11254 744 11255 707 11255 675 11255 770 11256 827 11256 728 11256 770 11257 728 11257 707 11257 827 11258 862 11258 756 11258 827 11259 756 11259 728 11259 862 11260 894 11260 817 11260 862 11261 817 11261 756 11261 894 11262 967 11262 853 11262 894 11263 853 11263 817 11263 967 11264 1002 11264 898 11264 967 11265 898 11265 853 11265 1002 11266 1045 11266 971 11266 898 11267 971 11267 947 11267 971 11268 898 11268 1002 11268 1001 11269 1033 11269 1044 11269 1033 11270 1001 11270 897 11270 946 11271 1033 11271 897 11271 1001 11272 966 11272 852 11272 897 11273 1001 11273 852 11273 966 11274 893 11274 816 11274 852 11275 966 11275 816 11275 893 11276 861 11276 755 11276 816 11277 893 11277 755 11277 861 11278 826 11278 727 11278 755 11279 861 11279 727 11279 826 11280 769 11280 706 11280 727 11281 826 11281 706 11281 769 11282 743 11282 674 11282 706 11283 769 11283 674 11283 743 11284 720 11284 622 11284 674 11285 743 11285 622 11285 720 11286 700 11286 603 11286 622 11287 720 11287 603 11287 700 11288 684 11288 580 11288 603 11289 700 11289 580 11289 684 11290 660 11290 568 11290 580 11291 684 11291 568 11291 660 11292 634 11292 556 11292 568 11293 660 11293 556 11293 634 11294 618 11294 550 11294 556 11295 634 11295 550 11295 618 11296 616 11296 548 11296 550 11297 618 11297 548 11297 548 11298 551 11298 530 11298 548 11299 530 11299 528 11299 551 11300 557 11300 540 11300 551 11301 540 11301 530 11301 557 11302 569 11302 547 11302 557 11303 547 11303 540 11303 569 11304 581 11304 561 11304 569 11305 561 11305 547 11305 581 11306 604 11306 579 11306 581 11307 579 11307 561 11307 604 11308 623 11308 602 11308 604 11309 602 11309 579 11309 675 11310 627 11310 623 11310 623 11311 627 11311 602 11311 707 11312 683 11312 675 11312 675 11313 683 11313 627 11313 728 11314 715 11314 707 11314 707 11315 715 11315 683 11315 756 11316 740 11316 728 11316 728 11317 740 11317 715 11317 817 11318 780 11318 756 11318 756 11319 780 11319 740 11319 853 11320 834 11320 817 11320 817 11321 834 11321 780 11321 898 11322 872 11322 853 11322 853 11323 872 11323 834 11323 898 11324 947 11324 923 11324 872 11325 923 11325 913 11325 923 11326 872 11326 898 11326 897 11327 941 11327 946 11327 941 11328 897 11328 871 11328 912 11329 941 11329 871 11329 897 11330 852 11330 833 11330 871 11331 897 11331 833 11331 852 11332 816 11332 779 11332 833 11333 852 11333 779 11333 816 11334 755 11334 739 11334 779 11335 816 11335 739 11335 755 11336 727 11336 714 11336 739 11337 755 11337 714 11337 727 11338 706 11338 682 11338 714 11339 727 11339 682 11339 706 11340 674 11340 626 11340 682 11341 706 11341 626 11341 674 11342 622 11342 601 11342 626 11343 674 11343 601 11343 622 11344 603 11344 578 11344 601 11345 622 11345 578 11345 603 11346 580 11346 560 11346 578 11347 603 11347 560 11347 580 11348 568 11348 546 11348 560 11349 580 11349 546 11349 568 11350 556 11350 539 11350 546 11351 568 11351 539 11351 556 11352 550 11352 529 11352 539 11353 556 11353 529 11353 550 11354 548 11354 528 11354 529 11355 550 11355 528 11355</p>
        </triangles>
      </mesh>
    </geometry>
  </library_geometries>
  <library_materials>
    <material id="mat_bottle" name="bottle">
      <instance_effect url="#effect_bottle"/>
    </material>
  </library_materials>
  <library_visual_scenes>
    <visual_scene id="myscene">
      <node id="node0" name="node0">
        <instance_geometry url="#geometry0">
          <bind_material>
            <technique_common>
              <instance_material symbol="ref_bottle" target="#mat_bottle"/>
            </technique_common>
          </bind_material>
        </instance_geometry>
      </node>
    </visual_scene>
  </library_visual_scenes>
  <scene>
    <instance_visual_scene url="#myscene"/>
  </scene>
</COLLADA>
