<COLLADA xmlns="http://www.collada.org/2005/11/COLLADASchema" version="1.4.1">
  <asset>
    <contributor/>
    <created>2024-08-30T10:15:16.222943</created>
    <modified>2024-08-30T10:15:16.222951</modified>
    <unit name="meter" meter="1.0"/>
    <up_axis>Z_UP</up_axis>
  </asset>
  <library_effects>
    <effect id="effect_bottle_cap" name="effect_bottle_cap">
      <profile_COMMON>
        <technique sid="common">
          <phong>
            <emission>
              <color>0.0 0.0 0.0 1.0</color>
            </emission>
            <ambient>
              <color>0.0 0.0 0.0 1.0</color>
            </ambient>
            <diffuse>
              <color>0.800000011920929 0.800000011920929 0.800000011920929 1.0</color>
            </diffuse>
            <specular>
              <color>1 1 1 1.0</color>
            </specular>
            <shininess>
              <float>0.0</float>
            </shininess>
            <reflective>
              <color>0.0 0.0 0.0 1.0</color>
            </reflective>
            <reflectivity>
              <float>0.0</float>
            </reflectivity>
            <transparent>
              <color>0.0 0.0 0.0 1.0</color>
            </transparent>
            <transparency>
              <float>1.0</float>
            </transparency>
          </phong>
        </technique>
        <extra>
          <technique profile="GOOGLEEARTH">
            <double_sided>0</double_sided>
          </technique>
        </extra>
      </profile_COMMON>
    </effect>
  </library_effects>
  <library_geometries>
    <geometry id="geometry0" name="bottle_cap">
      <mesh>
        <source id="cubeverts-array0">
          <float_array count="2472" id="cubeverts-array0-array">-0.0235 0 -0.0175 -0.0235 0 -0.0025 -0.0229865 -0.00488592 -0.0175 -0.0229865 -0.00488592 -0.0025 -0.0229865 0.00488592 -0.0175 -0.0229865 0.00488592 -0.0025 -0.02225 -4.76837e-09 -0.0128125 -0.02225 -4.76837e-09 -0.0121875 -0.02225 -4.76837e-09 -0.0078125 -0.02225 -4.76837e-09 -0.0071875 -0.02225 -4.76837e-09 -0.0028125 -0.02225 -4.76837e-09 -0.0025 -0.02225 4.76837e-09 -0.0128125 -0.02225 4.76837e-09 -0.0121875 -0.02225 4.76837e-09 -0.0078125 -0.02225 4.76837e-09 -0.0071875 -0.02225 4.76837e-09 -0.0028125 -0.02225 4.76837e-09 -0.0025 -0.021912 -0.00386368 -0.0126736 -0.021912 -0.00386368 -0.0120486 -0.021912 -0.00386368 -0.00767361 -0.021912 -0.00386368 -0.00704861 -0.021912 -0.00386367 -0.0126736 -0.021912 -0.00386367 -0.0120486 -0.021912 -0.00386367 -0.00767361 -0.021912 -0.00386367 -0.00704861 -0.021912 0.00386367 -0.00795139 -0.021912 0.00386367 -0.00732639 -0.021912 0.00386367 -0.00295139 -0.021912 0.00386367 -0.0025 -0.021912 0.00386368 -0.00795139 -0.021912 0.00386368 -0.00732639 -0.021912 0.00386368 -0.00295139 -0.021912 0.00386368 -0.0025 -0.0214683 -0.00955831 -0.0175 -0.0214683 -0.00955831 -0.0025 -0.0214683 0.00955831 -0.0175 -0.0214683 0.00955831 -0.0025 -0.0209082 -0.00760995 -0.0125347 -0.0209082 -0.00760995 -0.0119097 -0.0209082 -0.00760995 -0.00753472 -0.0209082 -0.00760995 -0.00690972 -0.0209082 -0.00760994 -0.0125347 -0.0209082 -0.00760994 -0.0119097 -0.0209082 -0.00760994 -0.00753472 -0.0209082 -0.00760994 -0.00690972 -0.0209082 0.00760994 -0.00809028 -0.0209082 0.00760994 -0.00746528 -0.0209082 0.00760994 -0.00309028 -0.0209082 0.00760994 -0.0025 -0.0209082 0.00760995 -0.00809028 -0.0209082 0.00760995 -0.00746528 -0.0209082 0.00760995 -0.00309028 -0.0209082 0.00760995 -0.0025 -0.0204984 0.0084887 -0.0025 -0.02 -4.76837e-09 -0.0141115 -0.02 -4.76837e-09 -0.0108885 -0.02 -4.76837e-09 -0.00911154 -0.02 -4.76837e-09 -0.00588846 -0.02 -4.76837e-09 -0.00411154 -0.02 -4.76837e-09 -0.0025 -0.02 0 -0.0145 -0.02 0 -0.0141115 -0.02 0 -0.0108885 -0.02 0 -0.00911154 -0.02 0 -0.00588846 -0.02 0 -0.00411154 -0.02 4.76837e-09 -0.0141115 -0.02 4.76837e-09 -0.0108885 -0.02 4.76837e-09 -0.00911154 -0.02 4.76837e-09 -0.00588846 -0.02 4.76837e-09 -0.00411154 -0.019838 -0.00154155 -0.0140718 -0.019838 -0.00154155 -0.0090718 -0.019838 0.00154155 -0.0059282 -0.0197969 -0.00193252 -0.0107851 -0.0197969 -0.00193252 -0.00578508 -0.0197969 0.00193252 -0.00921492 -0.0197969 0.00193252 -0.00421492 -0.0196361 -0.00346238 -0.0140079 -0.0196361 -0.00346238 -0.00900786 -0.0196361 -0.00346237 -0.0140079 -0.0196361 -0.00346237 -0.0107144 -0.0196361 -0.00346237 -0.00900786 -0.0196361 -0.00346237 -0.00571436 -0.0196361 0.00346237 -0.00928564 -0.0196361 0.00346237 -0.00599214 -0.0196361 0.00346237 -0.00428564 -0.0196361 0.00346238 -0.00599214 -0.019563 -0.00415823 -0.0145 -0.019563 -0.00415823 -0.0139193 -0.019563 -0.00415823 -0.0107476 -0.019563 -0.00415823 -0.00891934 -0.019563 -0.00415823 -0.00574755 -0.019563 -0.00415823 -0.0025 -0.019563 0.00415823 -0.0145 -0.019563 0.00415823 -0.00925244 -0.019563 0.00415823 -0.00608066 -0.019563 0.00415823 -0.00425244 -0.0193272 -4.76837e-09 -0.0145 -0.0193272 4.76837e-09 -0.0145 -0.0192903 -0.00499746 -0.0139147 -0.0192903 -0.00499746 -0.00891469 -0.0192903 0.00499746 -0.00608531 -0.0192691 -0.011125 -0.0123958 -0.0192691 -0.011125 -0.0117708 -0.0192691 -0.011125 -0.00739583 -0.0192691 -0.011125 -0.00677083 -0.0192691 0.011125 -0.00822917 -0.0192691 0.011125 -0.00760417 -0.0192691 0.011125 -0.00322917 -0.0192691 0.011125 -0.00260417 -0.0192028 -0.000830402 -0.0145 -0.019183 0.0109096 -0.0025 -0.0191825 -0.00532905 -0.0106574 -0.0191825 -0.00532905 -0.0056574 -0.0191825 0.00532905 -0.0093426 -0.0191825 0.00532905 -0.0043426 -0.0191128 0.0110348 -0.0025 -0.0190119 -0.013813 -0.0175 -0.0190119 -0.013813 -0.0025 -0.0190119 0.013813 -0.0175 -0.0190119 0.013813 -0.0025 -0.0187966 -0.00331436 -0.0145 -0.0187023 -0.00680708 -0.01389 -0.0187023 -0.00680708 -0.00889002 -0.0187023 -0.00680708 -0.00889001 -0.0187023 -0.00680707 -0.01389 -0.0187023 -0.00680707 -0.0105544 -0.0187023 -0.00680707 -0.00889002 -0.0187023 -0.00680707 -0.00555443 -0.0187023 0.00680707 -0.00944557 -0.0187023 0.00680707 -0.00610998 -0.0187023 0.00680707 -0.00444557 -0.0187023 0.00680708 -0.00610998 -0.018604 -0.00388938 -0.0145 -0.0184611 -4.76837e-09 -0.015 -0.0184611 4.76837e-09 -0.015 -0.0184611 4.76837e-09 -0.0145 -0.0182709 -0.00813473 -0.0145 -0.0182709 -0.00813473 -0.0137413 -0.0182709 -0.00813473 -0.0105926 -0.0182709 -0.00813473 -0.00874127 -0.0182709 -0.00813473 -0.00559258 -0.0182709 -0.00813473 -0.0025 -0.0182709 0.00813473 -0.0145 -0.0182709 0.00813473 -0.00940742 -0.0182709 0.00813473 -0.00625873 -0.0182709 0.00813473 -0.00440742 -0.0181807 -0.00320575 -0.0148611 -0.0181807 -0.00320574 -0.0148611 -0.0181807 -0.00320574 -0.0145 -0.018155 -0.00833544 -0.0137448 -0.018155 -0.00833544 -0.00874477 -0.018155 -0.00833543 -0.0137448 -0.018155 -0.00833543 -0.00874477 -0.018155 0.00833543 -0.00625523 -0.018155 0.00833544 -0.00625523 -0.0180258 -0.00855932 -0.0105469 -0.0180258 -0.00855932 -0.0055469 -0.0180258 0.00855932 -0.0094531 -0.0180258 0.00855932 -0.0044531 -0.0177095 -0.00644573 -0.0145 -0.0177095 -0.00644572 -0.0145 -0.0175313 -0.00677363 -0.0145 -0.0173478 -0.00631409 -0.0147222 -0.0173478 -0.00631408 -0.0147222 -0.0173478 -0.00631408 -0.0145 -0.0172256 -0.00994522 -0.0137581 -0.0172256 -0.00994522 -0.0104085 -0.0172256 -0.00994522 -0.00875813 -0.0172256 -0.00994522 -0.00540854 -0.0172256 -0.00994521 -0.0104085 -0.0172256 -0.00994521 -0.00540854 -0.0172256 0.00994521 -0.00959146 -0.0172256 0.00994521 -0.00459146 -0.0172256 0.00994522 -0.00959146 -0.0172256 0.00994522 -0.00624187 -0.0172256 0.00994522 -0.00459146 -0.0170445 -0.014302 -0.0122569 -0.0170445 -0.014302 -0.0116319 -0.0170445 -0.014302 -0.00725694 -0.0170445 -0.014302 -0.00663194 -0.0170445 0.014302 -0.00836805 -0.0170445 0.014302 -0.00774306 -0.0170445 0.014302 -0.00336805 -0.0170445 0.014302 -0.00274306 -0.0169341 0.0137722 -0.0025 -0.016722 0.0140314 -0.0025 -0.0164255 -0.0113311 -0.0136198 -0.0164255 -0.0113311 -0.00861977 -0.0164255 0.0113311 -0.00638023 -0.0162962 -0.011555 -0.0104219 -0.0162962 -0.011555 -0.0054219 -0.0162962 0.011555 -0.0095781 -0.0162962 0.011555 -0.0045781 -0.0161803 -0.0117557 -0.0145 -0.0161803 -0.0117557 -0.0135741 -0.0161803 -0.0117557 -0.0104254 -0.0161803 -0.0117557 -0.00857408 -0.0161803 -0.0117557 -0.0054254 -0.0161803 -0.0117557 -0.0025 -0.0161803 0.0117557 -0.0145 -0.0161803 0.0117557 -0.0095746 -0.0161803 0.0117557 -0.00642592 -0.0161803 0.0117557 -0.0045746 -0.0161128 -0.00930274 -0.0145 -0.0160257 -0.00941223 -0.0145 -0.0159878 -0.00923057 -0.0145833 -0.0159878 -0.00923057 -0.0145 -0.0157246 -0.0174639 -0.0175 -0.0157246 -0.0174639 -0.0025 -0.0157246 0.0174639 -0.0175 -0.0157246 0.0174639 -0.0025 -0.0152463 -0.0127931 -0.0136122 -0.0152463 -0.0127931 -0.0102767 -0.0152463 -0.0127931 -0.00861224 -0.0152463 -0.0127931 -0.00527665 -0.0152463 0.0127931 -0.00972335 -0.0152463 0.0127931 -0.00638776 -0.0152463 0.0127931 -0.00472335 -0.0152462 -0.0127931 -0.0136122 -0.0152462 -0.0127931 -0.00861224 -0.0152462 0.0127931 -0.00638776 -0.0148804 -0.0108122 -0.0145 -0.014302 -0.0170445 -0.0121181 -0.014302 -0.0170445 -0.0114931 -0.014302 -0.0170445 -0.00711805 -0.014302 -0.0170445 -0.00649306 -0.014302 0.0170445 -0.00850694 -0.014302 0.0170445 -0.00788194 -0.014302 0.0170445 -0.00350694 -0.014302 0.0170445 -0.00288194 -0.0142758 0.0161944 -0.0025 -0.0142064 -0.013948 -0.0135093 -0.0142064 -0.013948 -0.00850927 -0.0142064 0.013948 -0.00649073 -0.0139731 -0.0142071 -0.010252 -0.0139731 -0.0142071 -0.00525198 -0.0139731 0.0142071 -0.00974802 -0.0139731 0.0142071 -0.00474802 -0.0138768 0.0165377 -0.0025 -0.0133826 -0.0148629 -0.0145 -0.0133826 -0.0148629 -0.0134191 -0.0133826 -0.0148629 -0.0102473 -0.0133826 -0.0148629 -0.00841911 -0.0133826 -0.0148629 -0.00524733 -0.0133826 -0.0148629 -0.0025 -0.0133826 0.0148629 -0.0145 -0.0133826 0.0148629 -0.00975267 -0.0133826 0.0148629 -0.00658089 -0.0133826 0.0148629 -0.00475267 -0.0128166 -0.0152742 -0.0101588 -0.0128166 -0.0152742 -0.0051588 -0.0128166 0.0152742 -0.0098412 -0.0128166 0.0152742 -0.0048412 -0.0128165 -0.0152742 -0.0134523 -0.0128165 -0.0152742 -0.0101588 -0.0128165 -0.0152742 -0.00845231 -0.0128165 -0.0152742 -0.0051588 -0.0128165 0.0152742 -0.0098412 -0.0128165 0.0152742 -0.00654769 -0.0128165 0.0152742 -0.0048412 -0.01175 -0.0203516 -0.0175 -0.01175 -0.0203516 -0.0025 -0.01175 0.0203516 -0.0175 -0.01175 0.0203516 -0.0025 -0.0115721 -0.0161783 -0.0133816 -0.0115721 -0.0161783 -0.00838159 -0.0115721 0.0161783 -0.00661841 -0.011291 0.0181212 -0.0025 -0.011254 -0.0164094 -0.0100949 -0.011254 -0.0164094 -0.00509486 -0.011254 0.0164094 -0.00990513 -0.011254 0.0164094 -0.00490513 -0.011125 -0.0192691 -0.0119792 -0.011125 -0.0192691 -0.0113542 -0.011125 -0.0192691 -0.00697917 -0.011125 -0.0192691 -0.00635417 -0.011125 0.0192691 -0.00864583 -0.011125 0.0192691 -0.00802083 -0.011125 0.0192691 -0.00364583 -0.011125 0.0192691 -0.00302083 -0.0106739 0.0184878 -0.0025 -0.01 -0.0173205 -0.0145 -0.01 -0.0173205 -0.0132782 -0.01 -0.0173205 -0.0100551 -0.01 -0.0173205 -0.0082782 -0.01 -0.0173205 -0.00505513 -0.01 -0.0173205 -0.0025 -0.01 0.0173205 -0.0145 -0.01 0.0173205 -0.00994487 -0.01 0.0173205 -0.0067218 -0.01 0.0173205 -0.00494487 -0.00858396 -0.017951 -0.0132385 -0.00858396 -0.017951 -0.00823847 -0.00858396 0.017951 -0.00676153 -0.00822483 -0.0181109 -0.00995175 -0.00822483 -0.0181109 -0.00495175 -0.00822483 0.0181109 -0.0100483 -0.00822483 0.0181109 -0.00504825 -0.00806952 0.0195128 -0.0025 -0.00760995 -0.0209082 -0.0118403 -0.00760995 -0.0209082 -0.0112153 -0.00760995 -0.0209082 -0.00684028 -0.00760995 -0.0209082 -0.00621528 -0.00760995 0.0209082 -0.00878472 -0.00760995 0.0209082 -0.00815972 -0.00760995 0.0209082 -0.00378472 -0.00760995 0.0209082 -0.00315972 -0.00760994 -0.0209082 -0.0118403 -0.00760994 -0.0209082 -0.0112153 -0.00760994 -0.0209082 -0.00684028 -0.00760994 -0.0209082 -0.00621528 -0.00760994 0.0209082 -0.00878472 -0.00760994 0.0209082 -0.00815972 -0.00760994 0.0209082 -0.00378472 -0.00760994 0.0209082 -0.00315972 -0.0072619 -0.0223498 -0.0175 -0.0072619 -0.0223498 -0.0025 -0.0072619 0.0223498 -0.0175 -0.0072619 0.0223498 -0.0025 -0.00721913 0.0198344 -0.0025 -0.00681955 -0.0187365 -0.00988103 -0.00681955 -0.0187365 -0.00488103 -0.00681955 0.0187365 -0.010119 -0.00681955 0.0187365 -0.00511897 -0.00681954 -0.0187365 -0.0131745 -0.00681954 -0.0187365 -0.00988103 -0.00681954 -0.0187365 -0.00817453 -0.00681954 -0.0187365 -0.00488103 -0.00681954 0.0187365 -0.010119 -0.00681954 0.0187365 -0.00682547 -0.00681954 0.0187365 -0.00511897 -0.00618034 -0.0190211 -0.0145 -0.00618034 -0.0190211 -0.013086 -0.00618034 -0.0190211 -0.00991422 -0.00618034 -0.0190211 -0.008086 -0.00618034 -0.0190211 -0.00491422 -0.00618034 -0.0190211 -0.0025 -0.00618034 0.0190211 -0.0145 -0.00618034 0.0190211 -0.0100858 -0.00618034 0.0190211 -0.006914 -0.00618034 0.0190211 -0.00508578 -0.0053172 -0.0192046 -0.0130814 -0.0053172 -0.0192046 -0.00808136 -0.0053172 0.0192046 -0.00691864 -0.00497617 -0.0192771 -0.00982406 -0.00497617 -0.0192771 -0.00482406 -0.00497617 0.0192771 -0.0101759 -0.00497617 0.0192771 -0.00517594 -0.00470486 0.0203452 -0.0025 -0.00470485 0.0203452 -0.0025 -0.00386368 -0.021912 -0.0117014 -0.00386368 -0.021912 -0.0110764 -0.00386368 -0.021912 -0.00670139 -0.00386368 -0.021912 -0.00607639 -0.00386368 0.021912 -0.00892361 -0.00386368 0.021912 -0.00829861 -0.00386368 0.021912 -0.00392361 -0.00386368 0.021912 -0.00329861 -0.00386367 -0.021912 -0.0117014 -0.00386367 -0.021912 -0.0110764 -0.00386367 -0.021912 -0.00670139 -0.00386367 -0.021912 -0.00607639 -0.00386367 0.021912 -0.00892361 -0.00386367 0.021912 -0.00829861 -0.00386367 0.021912 -0.00392361 -0.00386367 0.021912 -0.00329861 -0.00362347 0.0205498 -0.0025 -0.00345605 -0.0196002 -0.00972109 -0.00345605 -0.0196002 -0.00472109 -0.00345605 0.0196002 -0.0102789 -0.00345605 0.0196002 -0.0052789 -0.00345604 -0.0196002 -0.0130567 -0.00345604 -0.0196002 -0.00972109 -0.00345604 -0.0196002 -0.00805668 -0.00345604 -0.0196002 -0.00472109 -0.00345604 0.0196002 -0.0102789 -0.00345604 0.0196002 -0.00694332 -0.00345604 0.0196002 -0.0052789 -0.00245642 -0.0233713 -0.0175 -0.00245642 -0.0233713 -0.0025 -0.00245642 0.0233713 -0.0175 -0.00245642 0.0233713 -0.0025 -0.00209057 -0.0198904 -0.0145 -0.00209057 -0.0198904 -0.0129079 -0.00209057 -0.0198904 -0.00975925 -0.00209057 -0.0198904 -0.00790793 -0.00209057 -0.0198904 -0.00475925 -0.00209057 -0.0198904 -0.0025 -0.00209057 0.0198904 -0.0145 -0.00209057 0.0198904 -0.0102408 -0.00209057 0.0198904 -0.00709207 -0.00209057 0.0198904 -0.00524075 -0.00185882 -0.0198904 -0.0129114 -0.00185882 -0.0198904 -0.00791143 -0.00185882 0.0198904 -0.00708856 -0.00160029 -0.0198904 -0.00971356 -0.00160029 -0.0198904 -0.00471357 -0.00160029 0.0198904 -0.0102864 -0.00160029 0.0198904 -0.00528643 -0.00129187 0.0206101 -0.0025 -4.76837e-09 -0.02225 -0.0115625 -4.76837e-09 -0.02225 -0.0109375 -4.76837e-09 -0.02225 -0.0065625 -4.76837e-09 -0.02225 -0.0059375 -4.76837e-09 -0.0198904 -0.0129248 -4.76837e-09 -0.0198904 -0.00957521 -4.76837e-09 -0.0198904 -0.00792479 -4.76837e-09 -0.0198904 -0.00457521 -4.76837e-09 0.0198904 -0.0104248 -4.76837e-09 0.0198904 -0.00707521 -4.76837e-09 0.0198904 -0.00542479 -4.76837e-09 0.0206262 -0.0025 -4.76837e-09 0.02225 -0.0090625 -4.76837e-09 0.02225 -0.0084375 -4.76837e-09 0.02225 -0.0040625 -4.76837e-09 0.02225 -0.0034375 4.76837e-09 -0.02225 -0.0115625 4.76837e-09 -0.02225 -0.0109375 4.76837e-09 -0.02225 -0.0065625 4.76837e-09 -0.02225 -0.0059375 4.76837e-09 -0.0198904 -0.0129248 4.76837e-09 -0.0198904 -0.00957521 4.76837e-09 -0.0198904 -0.00792479 4.76837e-09 -0.0198904 -0.00457521 4.76837e-09 0.0198904 -0.0104248 4.76837e-09 0.0198904 -0.00707521 4.76837e-09 0.0198904 -0.00542479 4.76837e-09 0.0206262 -0.0025 4.76837e-09 0.02225 -0.0090625 4.76837e-09 0.02225 -0.0084375 4.76837e-09 0.02225 -0.0040625 4.76837e-09 0.02225 -0.0034375 0.00160029 -0.0198904 -0.0127864 0.00160029 -0.0198904 -0.00778643 0.00160029 0.0198904 -0.00721357 0.00185882 -0.0198904 -0.00958856 0.00185882 -0.0198904 -0.00458856 0.00185882 0.0198904 -0.0104114 0.00185882 0.0198904 -0.00541143 0.002076 0.0203153 -0.0025 0.00209057 -0.0198904 -0.0145 0.00209057 -0.0198904 -0.0127408 0.00209057 -0.0198904 -0.00959207 0.00209057 -0.0198904 -0.00774075 0.00209057 -0.0198904 -0.00459207 0.00209057 -0.0198904 -0.0025 0.00209057 0.0198904 -0.0145 0.00209057 0.0198904 -0.0104079 0.00209057 0.0198904 -0.00725925 0.00209057 0.0198904 -0.00540793 0.00245642 -0.0233713 -0.0175 0.00245642 -0.0233713 -0.0025 0.00245642 0.0233713 -0.0175 0.00245642 0.0233713 -0.0025 0.00345604 -0.0196002 -0.0127789 0.00345604 -0.0196002 -0.00944332 0.00345604 -0.0196002 -0.0077789 0.00345604 -0.0196002 -0.00444332 0.00345604 0.0196002 -0.0105567 0.00345604 0.0196002 -0.0072211 0.00345604 0.0196002 -0.00555668 0.00345605 -0.0196002 -0.0127789 0.00345605 -0.0196002 -0.0077789 0.00345605 0.0196002 -0.0072211 0.00353993 0.0200759 -0.0025 0.00386367 -0.021912 -0.0114236 0.00386367 -0.021912 -0.0107986 0.00386367 -0.021912 -0.00642361 0.00386367 -0.021912 -0.00579861 0.00386367 0.021912 -0.00920139 0.00386367 0.021912 -0.00857639 0.00386367 0.021912 -0.00420139 0.00386367 0.021912 -0.00357639 0.00386368 -0.021912 -0.0114236 0.00386368 -0.021912 -0.0107986 0.00386368 -0.021912 -0.00642361 0.00386368 -0.021912 -0.00579861 0.00386368 0.021912 -0.00920139 0.00386368 0.021912 -0.00857639 0.00386368 0.021912 -0.00420139 0.00386368 0.021912 -0.00357639 0.00497617 -0.0192771 -0.0126759 0.00497617 -0.0192771 -0.00767594 0.00497617 0.0192771 -0.00732406 0.00530924 0.0194834 -0.0025 0.0053172 -0.0192046 -0.00941864 0.0053172 -0.0192046 -0.00441864 0.0053172 0.0192046 -0.0105814 0.0053172 0.0192046 -0.00558136 0.00618034 -0.0190211 -0.0145 0.00618034 -0.0190211 -0.0125858 0.00618034 -0.0190211 -0.009414 0.00618034 -0.0190211 -0.00758578 0.00618034 -0.0190211 -0.004414 0.00618034 -0.0190211 -0.0025 0.00618034 0.0190211 -0.0145 0.00618034 0.0190211 -0.010586 0.00618034 0.0190211 -0.00741422 0.00618034 0.0190211 -0.005586 0.00681954 -0.0187365 -0.012619 0.00681954 -0.0187365 -0.00932547 0.00681954 -0.0187365 -0.00761897 0.00681954 -0.0187365 -0.00432547 0.00681954 0.0187365 -0.0106745 0.00681954 0.0187365 -0.00738103 0.00681954 0.0187365 -0.00567453 0.00681955 -0.0187365 -0.012619 0.00681955 -0.0187365 -0.00761897 0.00681955 0.0187365 -0.00738103 0.00689002 0.0189302 -0.0025 0.00689003 0.0189302 -0.0025 0.0072619 -0.0223498 -0.0175 0.0072619 -0.0223498 -0.0025 0.0072619 0.0223498 -0.0175 0.0072619 0.0223498 -0.0025 0.00760994 -0.0209082 -0.0112847 0.00760994 -0.0209082 -0.0106597 0.00760994 -0.0209082 -0.00628472 0.00760994 -0.0209082 -0.00565972 0.00760994 0.0209082 -0.00934028 0.00760994 0.0209082 -0.00871528 0.00760994 0.0209082 -0.00434028 0.00760994 0.0209082 -0.00371528 0.00760995 -0.0209082 -0.0112847 0.00760995 -0.0209082 -0.0106597 0.00760995 -0.0209082 -0.00628472 0.00760995 -0.0209082 -0.00565972 0.00760995 0.0209082 -0.00934028 0.00760995 0.0209082 -0.00871528 0.00760995 0.0209082 -0.00434028 0.00760995 0.0209082 -0.00371528 0.00822483 -0.0181109 -0.0125483 0.00822483 -0.0181109 -0.00754825 0.00822483 0.0181109 -0.00745175 0.00832461 0.0181507 -0.0025 0.00832462 0.0181507 -0.0025 0.00858396 -0.017951 -0.00926153 0.00858396 -0.017951 -0.00426153 0.00858396 0.017951 -0.0107385 0.00858396 0.017951 -0.00573847 0.00905337 0.017742 -0.0025 0.01 -0.0173205 -0.0145 0.01 -0.0173205 -0.0124449 0.01 -0.0173205 -0.0092218 0.01 -0.0173205 -0.00744487 0.01 -0.0173205 -0.0042218 0.01 -0.0173205 -0.0025 0.01 0.0173205 -0.0145 0.01 0.0173205 -0.0107782 0.01 0.0173205 -0.00755513 0.01 0.0173205 -0.0057782 0.01 0.0173205 -0.00255513 0.01 0.0173205 -0.0025 0.011125 -0.0192691 -0.0111458 0.011125 -0.0192691 -0.0105208 0.011125 -0.0192691 -0.00614583 0.011125 -0.0192691 -0.00552083 0.011125 0.0192691 -0.00947917 0.011125 0.0192691 -0.00885417 0.011125 0.0192691 -0.00447917 0.011125 0.0192691 -0.00385417 0.011254 -0.0164094 -0.0124051 0.011254 -0.0164094 -0.00740513 0.011254 0.0164094 -0.00759487 0.011254 0.0164094 -0.00259487 0.0115721 -0.0161783 -0.00911841 0.0115721 -0.0161783 -0.00411841 0.0115721 0.0161783 -0.0108816 0.0115721 0.0161783 -0.00588159 0.01175 -0.0203516 -0.0175 0.01175 -0.0203516 -0.0025 0.01175 0.0203516 -0.0175 0.01175 0.0203516 -0.0025 0.0128165 -0.0152742 -0.0123412 0.0128165 -0.0152742 -0.00904769 0.0128165 -0.0152742 -0.0073412 0.0128165 -0.0152742 -0.00404769 0.0128165 0.0152742 -0.0109523 0.0128165 0.0152742 -0.0076588 0.0128165 0.0152742 -0.00595231 0.0128165 0.0152742 -0.0026588 0.0128166 -0.0152742 -0.0123412 0.0128166 -0.0152742 -0.0073412 0.0128166 0.0152742 -0.0076588 0.0128166 0.0152742 -0.0026588 0.0133826 -0.0148629 -0.0145 0.0133826 -0.0148629 -0.0122527 0.0133826 -0.0148629 -0.00908089 0.0133826 -0.0148629 -0.00725267 0.0133826 -0.0148629 -0.00408089 0.0133826 -0.0148629 -0.0025 0.0133826 0.0148629 -0.0145 0.0133826 0.0148629 -0.0109191 0.0133826 0.0148629 -0.00774733 0.0133826 0.0148629 -0.00591911 0.0133826 0.0148629 -0.00274733 0.0133826 0.0148629 -0.0025 0.0139731 -0.0142071 -0.012248 0.0139731 -0.0142071 -0.00724802 0.0139731 0.0142071 -0.00775198 0.0139731 0.0142071 -0.00275198 0.0142064 -0.013948 -0.00899073 0.0142064 -0.013948 -0.00399073 0.0142064 0.013948 -0.0110093 0.0142064 0.013948 -0.00600927 0.014302 -0.0170445 -0.0110069 0.014302 -0.0170445 -0.0103819 0.014302 -0.0170445 -0.00600694 0.014302 -0.0170445 -0.00538194 0.014302 0.0170445 -0.00961805 0.014302 0.0170445 -0.00899306 0.014302 0.0170445 -0.00461805 0.014302 0.0170445 -0.00399306 0.0152462 -0.0127931 -0.00888776 0.0152462 -0.0127931 -0.00388776 0.0152462 0.0127931 -0.0111122 0.0152462 0.0127931 -0.00611224 0.0152463 -0.0127931 -0.0122233 0.0152463 -0.0127931 -0.00888776 0.0152463 -0.0127931 -0.00722335 0.0152463 -0.0127931 -0.00388776 0.0152463 0.0127931 -0.0111122 0.0152463 0.0127931 -0.00777665 0.0152463 0.0127931 -0.00611224 0.0152463 0.0127931 -0.00277665 0.0157246 -0.0174639 -0.0175 0.0157246 -0.0174639 -0.0025 0.0157246 0.0174639 -0.0175 0.0157246 0.0174639 -0.0025 0.0161803 -0.0117557 -0.0145 0.0161803 -0.0117557 -0.0120746 0.0161803 -0.0117557 -0.00892592 0.0161803 -0.0117557 -0.0070746 0.0161803 -0.0117557 -0.00392592 0.0161803 -0.0117557 -0.0025 0.0161803 0.0117557 -0.0145 0.0161803 0.0117557 -0.0110741 0.0161803 0.0117557 -0.0079254 0.0161803 0.0117557 -0.00607408 0.0161803 0.0117557 -0.0029254 0.0161803 0.0117557 -0.0025 0.0162962 -0.011555 -0.0120781 0.0162962 -0.011555 -0.0070781 0.0162962 0.011555 -0.0079219 0.0162962 0.011555 -0.0029219 0.0164255 -0.0113311 -0.00888023 0.0164255 -0.0113311 -0.00388023 0.0164255 0.0113311 -0.0111198 0.0164255 0.0113311 -0.00611977 0.0170445 -0.014302 -0.0108681 0.0170445 -0.014302 -0.0102431 0.0170445 -0.014302 -0.00586805 0.0170445 -0.014302 -0.00524306 0.0170445 0.014302 -0.00975694 0.0170445 0.014302 -0.00913194 0.0170445 0.014302 -0.00475694 0.0170445 0.014302 -0.00413194 0.0172256 -0.00994522 -0.0120915 0.0172256 -0.00994522 -0.00874187 0.0172256 -0.00994522 -0.00709146 0.0172256 -0.00994522 -0.00374187 0.0172256 -0.00994521 -0.0120915 0.0172256 -0.00994521 -0.00709146 0.0172256 0.00994521 -0.00790854 0.0172256 0.00994521 -0.00290854 0.0172256 0.00994522 -0.0112581 0.0172256 0.00994522 -0.00790854 0.0172256 0.00994522 -0.00625813 0.0172256 0.00994522 -0.00290854 0.0180258 -0.00855932 -0.0119531 0.0180258 -0.00855932 -0.0069531 0.0180258 0.00855932 -0.0080469 0.0180258 0.00855932 -0.0030469 0.018155 -0.00833544 -0.00875523 0.018155 -0.00833544 -0.00375523 0.018155 -0.00833543 -0.00875523 0.018155 -0.00833543 -0.00375523 0.018155 0.00833543 -0.0112448 0.018155 0.00833543 -0.00624477 0.018155 0.00833544 -0.0112448 0.018155 0.00833544 -0.00624477 0.0182709 -0.00813473 -0.0145 0.0182709 -0.00813473 -0.0119074 0.0182709 -0.00813473 -0.00875873 0.0182709 -0.00813473 -0.00690742 0.0182709 -0.00813473 -0.00375873 0.0182709 -0.00813473 -0.0025 0.0182709 0.00813473 -0.0145 0.0182709 0.00813473 -0.0112413 0.0182709 0.00813473 -0.00809258 0.0182709 0.00813473 -0.00624127 0.0182709 0.00813473 -0.00309258 0.0182709 0.00813473 -0.0025 0.0187023 -0.00680708 -0.00860998 0.0187023 -0.00680708 -0.00360998 0.0187023 -0.00680707 -0.0119456 0.0187023 -0.00680707 -0.00860998 0.0187023 -0.00680707 -0.00694557 0.0187023 -0.00680707 -0.00360998 0.0187023 0.00680707 -0.01139 0.0187023 0.00680707 -0.00805443 0.0187023 0.00680707 -0.00639002 0.0187023 0.00680707 -0.00305443 0.0187023 0.00680708 -0.01139 0.0187023 0.00680708 -0.00639002 0.0190119 -0.013813 -0.0175 0.0190119 -0.013813 -0.0025 0.0190119 0.013813 -0.0175 0.0190119 0.013813 -0.0025 0.0191825 -0.00532905 -0.0118426 0.0191825 -0.00532905 -0.0068426 0.0191825 0.00532905 -0.0081574 0.0191825 0.00532905 -0.0031574 0.0192691 -0.011125 -0.0107292 0.0192691 -0.011125 -0.0101042 0.0192691 -0.011125 -0.00572917 0.0192691 -0.011125 -0.00510417 0.0192691 0.011125 -0.00989583 0.0192691 0.011125 -0.00927083 0.0192691 0.011125 -0.00489583 0.0192691 0.011125 -0.00427083 0.0192903 -0.00499746 -0.00858531 0.0192903 -0.00499746 -0.00358531 0.0192903 0.00499746 -0.0114147 0.0192903 0.00499746 -0.00641469 0.019563 -0.00415823 -0.0145 0.019563 -0.00415823 -0.0117524 0.019563 -0.00415823 -0.00858066 0.019563 -0.00415823 -0.00675244 0.019563 -0.00415823 -0.00358066 0.019563 -0.00415823 -0.0025 0.019563 0.00415823 -0.0145 0.019563 0.00415823 -0.0114193 0.019563 0.00415823 -0.00824755 0.019563 0.00415823 -0.00641934 0.019563 0.00415823 -0.00324755 0.019563 0.00415823 -0.0025 0.0196361 -0.00346238 -0.00849214 0.0196361 -0.00346238 -0.00349214 0.0196361 -0.00346237 -0.0117856 0.0196361 -0.00346237 -0.00849214 0.0196361 -0.00346237 -0.00678564 0.0196361 -0.00346237 -0.00349214 0.0196361 0.00346237 -0.0115079 0.0196361 0.00346237 -0.00821436 0.0196361 0.00346237 -0.00650786 0.0196361 0.00346237 -0.00321436 0.0196361 0.00346238 -0.0115079 0.0196361 0.00346238 -0.00650786 0.0197969 -0.00193252 -0.0117149 0.0197969 -0.00193252 -0.00671492 0.0197969 0.00193252 -0.00828508 0.0197969 0.00193252 -0.00328508 0.019838 -0.00154155 -0.0084282 0.019838 -0.00154155 -0.0034282 0.019838 0.00154155 -0.0115718 0.019838 0.00154155 -0.0065718 0.02 -4.76837e-09 -0.0116115 0.02 -4.76837e-09 -0.00838846 0.02 -4.76837e-09 -0.00661154 0.02 -4.76837e-09 -0.00338846 0.02 0 -0.0145 0.02 0 -0.0116115 0.02 0 -0.00838846 0.02 0 -0.00661154 0.02 0 -0.00338846 0.02 0 -0.0025 0.02 4.76837e-09 -0.0116115 0.02 4.76837e-09 -0.00838846 0.02 4.76837e-09 -0.00661154 0.02 4.76837e-09 -0.00338846 0.0209082 -0.00760995 -0.0105903 0.0209082 -0.00760995 -0.00996528 0.0209082 -0.00760995 -0.00559028 0.0209082 -0.00760995 -0.00496528 0.0209082 -0.00760994 -0.0105903 0.0209082 -0.00760994 -0.00996528 0.0209082 -0.00760994 -0.00559028 0.0209082 -0.00760994 -0.00496528 0.0209082 0.00760994 -0.0100347 0.0209082 0.00760994 -0.00940972 0.0209082 0.00760994 -0.00503472 0.0209082 0.00760994 -0.00440972 0.0209082 0.00760995 -0.0100347 0.0209082 0.00760995 -0.00940972 0.0209082 0.00760995 -0.00503472 0.0209082 0.00760995 -0.00440972 0.0214683 -0.00955831 -0.0175 0.0214683 -0.00955831 -0.0025 0.0214683 0.00955831 -0.0175 0.0214683 0.00955831 -0.0025 0.021912 -0.00386368 -0.0104514 0.021912 -0.00386368 -0.00982639 0.021912 -0.00386368 -0.00545139 0.021912 -0.00386368 -0.00482639 0.021912 -0.00386367 -0.0104514 0.021912 -0.00386367 -0.00982639 0.021912 -0.00386367 -0.00545139 0.021912 -0.00386367 -0.00482639 0.021912 0.00386367 -0.0101736 0.021912 0.00386367 -0.00954861 0.021912 0.00386367 -0.00517361 0.021912 0.00386367 -0.00454861 0.021912 0.00386368 -0.0101736 0.021912 0.00386368 -0.00954861 0.021912 0.00386368 -0.00517361 0.021912 0.00386368 -0.00454861 0.02225 -4.76837e-09 -0.0103125 0.02225 -4.76837e-09 -0.0096875 0.02225 -4.76837e-09 -0.0053125 0.02225 -4.76837e-09 -0.0046875 0.02225 4.76837e-09 -0.0103125 0.02225 4.76837e-09 -0.0096875 0.02225 4.76837e-09 -0.0053125 0.02225 4.76837e-09 -0.0046875 0.0229865 -0.00488592 -0.0175 0.0229865 -0.00488592 -0.0025 0.0229865 0.00488592 -0.0175 0.0229865 0.00488592 -0.0025 0.0235 0 -0.0175 0.0235 0 -0.0025</float_array>
          <technique_common>
            <accessor count="824" source="#cubeverts-array0-array" stride="3">
              <param type="float" name="X"/>
              <param type="float" name="Y"/>
              <param type="float" name="Z"/>
            </accessor>
          </technique_common>
        </source>
        <source id="cubenormals-array0">
          <float_array count="4938" id="cubenormals-array0-array">0.9961954 -0.08714869 0 0.9961953 -0.08714869 0 0 1 0 -0 1 0 0.5039914 -0.01305165 0.8636101 0.5039955 -0.01304554 0.8636077 0.4999908 -0.006219922 0.8660083 1 -0 0 1 0 0 0 0 0 0.5000005 0 0.8660251 0.5000005 0 0.8660251 1 -0 0 1 0 0 0.4535681 0 0.8912216 0.4913139 -0.09293096 0.8660107 0.4913165 -0.09298322 0.8660036 1 -0 0 1 0 0 0.9659263 -0.2588176 0 0.9659262 -0.2588176 0 0.4940704 -0.1003555 0.8636104 0.4940614 -0.1003646 0.8636146 0.4677024 -0.1768557 0.8660119 0.4676992 -0.1768133 0.8660223 0.4428968 -0.2406485 -0.8636729 0.5546879 0 0.8320585 0.4691208 -0.1846476 0.863615 0.4691355 -0.1846378 0.8636092 0.4360892 -0.2445177 -0.8660468 0.9063114 -0.4226105 0 0.9062953 -0.4226452 0 0.9063066 -0.4226206 -4.450624e-05 0.08443301 0 0.9964292 0.8191472 -0.5735834 0 0.8191472 -0.5735834 0 0.4299692 -0.2632837 0.8636019 0.4298992 -0.2633189 0.863626 0.4299405 -0.263301 0.8636109 0.3869845 -0.3166629 -0.8660067 0.3944295 -0.3139271 -0.8636407 0.3944962 -0.313988 -0.863588 0.4298851 -0.2553796 0.8660139 0.3790151 -0.3261653 0.8660045 0.3339667 -0.3776926 -0.8636055 0.3339773 -0.3777096 -0.8635941 0.7071068 -0.7071068 0 0.7071068 -0.7071068 0 0 -0.60189 0.798579 0.3777417 -0.3339347 0.8635964 0.3776927 -0.3339617 0.8636075 0.3776966 -0.3339606 0.8636061 0.3261237 -0.3790373 -0.8660104 0.3139673 -0.3944634 0.8636106 0.3139661 -0.3944635 0.863611 0.2553702 -0.4298666 -0.8660259 0.2632912 -0.4299452 -0.8636115 0.2632846 -0.4299219 -0.8636252 0.3166156 -0.3870225 0.866007 0.5735834 -0.8191472 0 0.5735834 -0.8191472 0 0 -1 0 0 -1 -0 0.2446116 -0.4361059 0.866012 0 -0.08363453 -0.9964965 0 -0.5234768 0.8520399 0 -0.5234768 0.8520399 0.2406723 -0.442995 0.8636159 0.2406971 -0.4429968 0.8636079 0.1768707 -0.4676899 -0.8660156 0.184627 -0.4691111 -0.8636248 0.1846269 -0.4691134 -0.8636235 0.4226192 -0.9063073 0 0.4226192 -0.9063073 0 0.1601053 -0.4780605 0.8636113 0.1601134 -0.4780626 0.8636086 0 -1 0 0 -1 -0 0.1003727 -0.4940571 -0.8636161 0.1003679 -0.4940725 -0.8636079 0 -0.4555399 -0.8902153 0 -0.4526097 -0.8917087 0 -0.5057465 0.8626822 0 -0.5057465 0.8626822 0.0929591 -0.4913172 -0.8660058 0.1651656 -0.4719504 0.8660156 0.1651744 -0.4719446 0.8660172 0.2588176 -0.9659262 0 0.2588176 -0.9659262 0 0.08068042 -0.4934722 0.8660115 0.08068755 -0.4934673 0.8660136 0 -0.4999929 0.8660296 0 -0.4999929 0.8660296 0.08714869 -0.9961954 0 0.08714869 -0.9961954 0 0 -0.4999994 -0.8660258 -0 -0.4999994 -0.8660258 0.01303431 -0.5040023 -0.8636039 0.01304465 -0.5039872 -0.8636126 0 -1 0 0 -1 -0 0.07466757 -0.4985971 0.863612 0.0746628 -0.4985948 0.8636137 0.006231145 -0.4999897 -0.8660089 -0.0130329 -0.5039923 0.8636098 -0.0130426 -0.5039858 0.8636135 -0.01304443 -0.5039846 0.8636142 -0.00622439 -0.4999833 0.8660128 -0.08069728 -0.4934618 -0.8660159 0 -0.5058298 -0.8626333 -0.08714869 -0.9961954 0 -0.0871487 -0.9961954 -0 -0.07467055 -0.4986035 -0.863608 -0.07466298 -0.4985974 -0.8636122 0 -1 0 0 -1 -0 0 -0.5231005 -0.8522711 0 -0.5231005 -0.8522711 0 -0.450428 0.8928127 -0.09294727 -0.4913094 0.8660114 0 -1 0 0 -1 -0 -0.2588176 -0.9659262 0 -0.2588176 -0.9659262 -0 -0.1003649 -0.4940602 0.8636153 -0.1003895 -0.4940453 0.8636211 -0.1003666 -0.4940684 0.8636104 -0.1601143 -0.4780664 -0.8636063 -0.1600894 -0.4780561 -0.8636166 -0.1651646 -0.4719615 -0.8660099 -0.1768332 -0.4677039 0.8660156 -0.2406941 -0.4429901 -0.8636123 -0.2407062 -0.4429915 -0.8636082 -0.1846488 -0.4691218 0.8636141 -0.1846383 -0.4691365 0.8636084 0 -0.769289 -0.638901 -0.2446165 -0.4361031 -0.866012 -0.2445917 -0.4361308 -0.8660051 -0.4226192 -0.9063073 0 -0.4226192 -0.9063073 -0 0 -0.08443287 0.9964292 -0.263297 -0.4299536 0.8636056 -0.2633023 -0.4299424 0.8636096 -0.3166156 -0.3870226 -0.866007 -0.3139661 -0.3944635 -0.863611 -0.3139673 -0.3944634 -0.8636106 0 -0.6022325 -0.7983208 -0.2553777 -0.4298869 0.8660136 -0.5735834 -0.8191471 0 -0.5735834 -0.8191472 -0 0 -0.6682262 0.7439581 -0.3261513 -0.3790177 0.8660086 -0.3261611 -0.3790128 0.8660071 -0.3776941 -0.3339612 -0.8636069 -0.3776932 -0.3339615 -0.8636073 -0.3777417 -0.3339347 -0.8635964 -0.7071068 -0.7071068 -0 -0.7071068 -0.7071068 0 -0.333961 -0.377697 0.8636058 -0.3339655 -0.3776804 0.8636113 -0.3790129 -0.3261635 -0.8660061 -0.8191472 -0.5735834 -0 -0.8191472 -0.5735834 0 -0.3944692 -0.31397 0.8636069 -0.3944702 -0.3139552 0.8636118 -0.4298851 -0.2553795 -0.8660139 -0.4299405 -0.2632982 -0.8636118 -0.4298965 -0.2633172 -0.8636279 -0.4299673 -0.2632816 -0.8636035 -0.5546879 -0 -0.8320585 -0.386947 -0.3166482 0.8660288 -0.3870371 -0.316605 0.8660043 -0.5234873 0 0.8520334 -1 0 0 -1 -0 0 -0.7682213 0 0.6401844 -0.4361114 -0.2446002 0.8660124 -0.08363453 0 -0.9964965 -0.5234873 0 0.8520334 -0.4429879 -0.2406931 0.8636135 -0.4429923 -0.2407018 0.863609 -0.4429958 -0.2407611 0.8635907 -0.4677024 -0.1768558 -0.8660119 -0.4676992 -0.1768133 -0.8660223 -0.4691354 -0.1846378 -0.8636092 -0.4691208 -0.1846476 -0.863615 -0.9063073 -0.4226192 -0 -0.9063073 -0.4226192 0 -0.4780638 -0.1601138 0.8636078 -0.4780669 -0.1600835 0.8636118 -0.4780679 -0.1601285 0.8636029 -1 0 0 -1 -0 0 -0.4940615 -0.1003646 -0.8636146 -0.4940704 -0.1003556 -0.8636104 -0.4535681 0 -0.8912216 -0.5045904 0 0.8633589 -0.5058354 0 0.86263 -0.4913162 -0.09291903 -0.8660107 -0.4913198 -0.09299169 -0.8660008 -0.4719616 -0.1651619 0.8660102 -0.9659262 -0.2588176 -0 -0.9659262 -0.2588176 0 -0.4934712 -0.08069672 0.8660106 -0.5000005 0 0.8660251 -0.5000005 0 0.8660251 -0.5000005 0 0.8660251 -0.9961954 -0.08714869 -0 -0.9961954 -0.08714869 0 -0.5039955 -0.01304559 -0.8636077 -0.5039915 -0.01305153 -0.86361 -1 0 0 -1 -0 0 -0.5000005 0 -0.866025 -0.5000005 -0 -0.866025 -0.5000005 0 -0.866025 -0.498606 -0.07466348 0.8636072 -0.498605 -0.07466133 0.863608 -0.4999909 -0.006220052 -0.8660083 -0.5063127 0 -0.86235 -0.5058354 0 -0.86263 -0.5039955 0.01304559 0.8636077 -0.5039914 0.01305165 0.8636101 -1 0 0 -1 -0 0 -0.9961954 0.08714869 0 -0.9961954 0.08714869 0 -0.4999908 0.006219934 0.8660083 -0.4986058 0.07466346 -0.8636072 -0.4986051 0.07466156 -0.863608 -0.4934711 0.08069672 -0.8660106 -0.5234873 0 -0.8520334 -0.4535681 0 0.8912216 -0.9659262 0.2588176 0 -0.9659262 0.2588176 0 -0.491314 0.09293097 0.8660107 -0.4913166 0.09298322 0.8660035 -0.4940614 0.1003646 0.8636146 -0.4940704 0.1003555 0.8636104 -1 0 0 -1 -0 0 -0.4780638 0.1601138 -0.8636078 -0.4780668 0.1600836 -0.8636118 -0.4780678 0.1601283 -0.863603 -0.5234873 0 -0.8520334 -0.4719616 0.1651619 -0.8660102 -0.4677024 0.1768557 0.8660119 -0.4676992 0.1768133 0.8660223 -0.5546879 0 0.8320585 -0.4429879 0.2406931 -0.8636135 -0.4429923 0.2407018 -0.863609 -0.4429958 0.2407611 -0.8635907 -0.4691355 0.1846378 0.8636091 -0.4691209 0.1846477 0.863615 -0.7682213 0 -0.6401844 -0.4361114 0.2446002 -0.8660124 -0.9063073 0.4226192 0 -0.9063073 0.4226192 0 -0.08363453 0 0.9964965 -0.8191472 0.5735834 0 -0.8191472 0.5735834 0 -0.4299406 0.263301 0.8636109 -0.4298994 0.2633188 0.863626 -0.4299692 0.2632837 0.8636019 0 0.6682263 -0.743958 -0.386947 0.3166482 -0.8660288 -0.3870373 0.3166049 -0.8660043 -0.3944692 0.31397 -0.8636069 -0.3944702 0.3139552 -0.8636118 -0.4298851 0.2553796 0.8660139 0 0.60189 0.798579 -0.3790151 0.3261653 0.8660045 -0.7071068 0.7071068 0 -0.7071068 0.7071068 0 -0.3339616 0.3776945 -0.8636067 -0.3339654 0.3776807 -0.8636112 -0.3776966 0.3339606 0.8636061 -0.3776926 0.3339616 0.8636075 -0.3777417 0.3339347 0.8635964 -0.3261492 0.3790157 -0.8660103 -0.3261595 0.3790104 -0.8660087 -0.5735834 0.8191472 0 -0.5735834 0.8191472 0 -0.3139661 0.3944634 0.863611 -0.3139673 0.3944633 0.8636106 -0.2553777 0.4298869 -0.8660136 -0.2632953 0.4299513 -0.8636072 -0.2632996 0.4299424 -0.8636104 -0.3166156 0.3870224 0.866007 -0.4226192 0.9063073 0 -0.4226192 0.9063073 0 0 1 -0 0 1 0 -0.2446116 0.4361058 0.8660121 0 0.08443287 -0.9964292 -0 0.5234768 0.8520399 0 0.5234768 0.8520399 -0.240697 0.4429968 0.8636079 -0.2406723 0.442995 0.8636159 -0.1768332 0.4677039 -0.8660156 -0.1846488 0.4691218 -0.8636141 -0.1846383 0.4691365 -0.8636084 -0.2588176 0.9659262 0 -0.2588176 0.9659262 0 -0.1601135 0.4780625 0.8636086 -0.1601053 0.4780604 0.8636113 0 1 -0 0 1 0 -0.1003649 0.4940602 -0.8636153 -0.1003895 0.4940453 -0.8636211 -0.1003666 0.4940684 -0.8636104 0 0.450428 -0.8928127 -0 0.5057464 0.8626822 0 0.5057464 0.8626822 -0.09294727 0.4913094 -0.8660114 -0.1651656 0.4719504 0.8660156 -0.1651744 0.4719446 0.8660172 -0.08068039 0.4934721 0.8660115 -0.08068755 0.4934673 0.8660136 -0.0130329 0.5039923 -0.8636098 -0.01308017 0.5039613 -0.8636272 -0.01304474 0.5039875 -0.8636124 -0.08714869 0.9961954 0 -0.08714869 0.9961954 0 0 1 -0 0 1 0 0 0.4999929 -0.8660296 0 0.4999929 -0.8660296 -0 0.4999929 0.8660296 0 0.4999929 0.8660296 -0.07466757 0.4985971 0.863612 -0.07466275 0.4985948 0.8636138 -0.00621973 0.4999833 -0.8660128 0 0.5057492 -0.8626806 0 0.5057492 -0.8626806 0.0130426 0.5039858 0.8636135 0.01303315 0.5039921 0.8636099 0.01304443 0.5039846 0.8636142 0 1 -0 0 1 0 0.08714869 0.9961954 -0 0.08714869 0.9961954 0 0.006224369 0.4999833 0.8660128 0.07466757 0.4985971 -0.863612 0.07466275 0.4985948 -0.8636138 0.08067489 0.4934759 -0.8660098 0.08068755 0.4934673 -0.8660136 0 0.5234768 -0.8520399 0 0.5234768 -0.8520399 0 0.450428 0.8928127 0.2588176 0.9659262 -0 0.2588176 0.9659262 0 0.09294702 0.4913093 0.8660116 0.1003891 0.4940456 0.8636209 0.1003654 0.49406 0.8636153 0.1003666 0.4940684 0.8636104 0 1 -0 0 1 0 0.1601112 0.478062 -0.8636094 0.1601135 0.4780625 -0.8636086 0.1651656 0.4719504 -0.8660156 0.1651744 0.4719446 -0.8660172 0.1768333 0.4677039 0.8660156 0.2406723 0.442995 -0.8636159 0.240697 0.4429968 -0.8636079 0.1846488 0.4691218 0.8636141 0.1846383 0.4691365 0.8636084 0.2446116 0.4361058 -0.8660121 0.4226192 0.9063073 -0 0.4226192 0.9063073 0 0 0.08363453 0.9964965 0.5735834 0.8191472 -0 0.5735834 0.8191472 0 0.2632971 0.4299532 0.8636057 0.2633023 0.4299424 0.8636096 0 0.60189 -0.798579 0.3166191 0.3870196 -0.866007 0.3139625 0.3944663 -0.863611 0.3139677 0.3944658 -0.8636094 0.2553777 0.4298869 0.8660135 0.3261601 0.3790134 0.8660071 0.3261521 0.3790174 0.8660084 0.3777417 0.3339347 -0.8635964 0.3776927 0.3339617 -0.8636075 0.3776942 0.3339613 -0.8636069 0.7071068 0.7071068 -0 0.7071068 0.7071068 0 -0 0.6682262 0.7439581 0.3339654 0.3776806 0.8636112 0.3339609 0.3776969 0.8636059 0.379013 0.3261634 -0.8660061 0.8191472 0.5735834 -0 0.8191472 0.5735834 0 0.3944702 0.3139552 0.8636118 0.3944692 0.31397 0.8636069 0.5546879 0 -0.8320585 0.4298851 0.2553796 -0.8660139 0.4299672 0.2632817 -0.8636035 0.4298966 0.2633172 -0.8636278 0.4299405 0.2632982 -0.8636117 0.3870369 0.3166052 0.8660043 0.3869481 0.3166478 0.8660285 0.9063073 0.4226192 -0 0.9063073 0.4226192 0 0.5234875 0 0.8520334 0.7682213 0 0.6401844 0.4361114 0.2446002 0.8660124 0.08443287 0 -0.9964292 -0.3420157 0.9396942 0 0.5234875 -0 0.8520334 0.4429958 0.2407611 0.8635907 0.4429919 0.2406954 0.8636109 0.4429879 0.2406931 0.8636135 0.4677024 0.1768557 -0.8660119 0.4676992 0.1768133 -0.8660223 0.4691209 0.1846477 -0.863615 0.4691355 0.1846378 -0.8636091 1 -0 0 1 0 0 0.9659262 0.2588176 -0 0.9659262 0.2588176 0 0.4780679 0.1601285 0.8636029 0.4780669 0.1600835 0.8636118 0.4780638 0.1601138 0.8636078 0.4940704 0.1003555 -0.8636104 0.4940614 0.1003646 -0.8636146 0.4535681 0 -0.8912216 0.5058354 0 0.86263 0.5045904 0 0.8633589 0.4913162 0.09291874 -0.8660107 0.4913198 0.09299184 -0.8660008 0.4719618 0.1651617 0.8660102 1 -0 0 1 0 0 0.4934712 0.08069672 0.8660106 0.5039914 0.01305165 -0.8636101 0.5039955 0.01304559 -0.8636077 0.9961954 0.08714869 -0 0.9961954 0.08714869 0 1 0 0 1 0 0 0 0 0 0.5000005 0 -0.8660251 0.5000005 0 -0.8660251 0 0 0 0.5000005 0 0.8660251 0.5000005 0 0.8660251 0.498605 0.07466133 0.863608 0.498606 0.07466348 0.8636072 0.4999908 0.006219922 -0.8660083 0.9961954 -0.08714869 0 0.9961954 -0.08714869 0 0.5039914 -0.01305165 0.8636101 0.5039955 -0.01304559 0.8636077 0.4999908 -0.006219922 0.8660083 0.4934712 -0.08069672 -0.8660106 0.5058354 0 -0.86263 0.5045904 0 -0.8633589 0.498605 -0.07466133 -0.863608 0.498606 -0.07466348 -0.8636072 1 -0 0 1 0 0 0.5234873 0 -0.8520334 0.4535681 0 0.8912216 0.4913141 -0.09293039 0.8660107 0.4913168 -0.0929836 0.8660035 1 -0 0 1 0 0 0.9659262 -0.2588176 0 0.9659262 -0.2588176 0 0.4940706 -0.1003556 0.8636104 0.4940614 -0.1003647 0.8636146 0.4780679 -0.1601285 -0.8636029 0.4780669 -0.1600835 -0.8636118 0.4780638 -0.1601138 -0.8636078 0.5234873 0 -0.8520334 0.4719616 -0.1651619 -0.8660102 0.4677026 -0.1768557 0.8660117 0.4676993 -0.1768135 0.8660221 0.4429958 -0.2407611 -0.8635907 0.4429923 -0.2407018 -0.863609 0.4429879 -0.2406931 -0.8636135 0.5546879 0 0.8320585 0.4691209 -0.1846477 0.863615 0.4691356 -0.1846378 0.8636091 0.7682213 0 -0.6401844 0.4361114 -0.2446002 -0.8660124 0.9063073 -0.4226192 0 0.9063073 -0.4226192 0 0.08443316 0 0.9964292 0.8191472 -0.5735834 0 0.8191472 -0.5735834 0 0.429969 -0.2632839 0.8636019 0.4298996 -0.2633188 0.8636258 0.4299406 -0.2633011 0.8636109 0 -0.6682262 -0.7439581 0.3870371 -0.316605 -0.8660043 0.386947 -0.3166482 -0.8660288 0.3944702 -0.3139552 -0.8636118 0.3944692 -0.31397 -0.8636069 0.4298851 -0.2553796 0.8660139 0.3790152 -0.3261651 0.8660045 0.3339655 -0.3776804 -0.8636113 0.3339617 -0.3776946 -0.8636067 0.7071068 -0.7071068 0 0.7071068 -0.7071068 0 0 -0.60189 0.798579 0.3777413 -0.3339351 0.8635964 0.3776932 -0.3339615 0.8636073 0.3776968 -0.3339606 0.863606 0.3261595 -0.3790104 -0.8660087 0.326149 -0.3790157 -0.8660103 0.313967 -0.3944634 0.8636106 0.3139662 -0.3944635 0.8636109 0.2553777 -0.4298869 -0.8660135 0.2632953 -0.4299513 -0.8636072 0.2632996 -0.4299424 -0.8636104 0.3166158 -0.3870223 0.866007 0.5735834 -0.8191472 0 0.5735834 -0.8191472 0 0 -1 0 0 -1 -0 0.2446309 -0.4360948 0.8660122 0 -0.08363453 -0.9964965 0 -0.5234853 0.8520347 0 -0.5234853 0.8520347 0.2406656 -0.4430068 0.8636117 0.2407028 -0.4430096 0.8635998 0.1768333 -0.467704 -0.8660156 0.1846488 -0.4691218 -0.8636141 0.1846383 -0.4691367 -0.8636084 0.4226192 -0.9063073 0 0.4226192 -0.9063073 0 0.1601267 -0.4780559 0.8636098 0.1601105 -0.4780516 0.8636152 0 -1 0 0 -1 -0 0.1003896 -0.4940453 -0.8636209 0.100365 -0.4940603 -0.8636153 0.1003668 -0.4940684 -0.8636104 0 -0.4568047 -0.889567 0 -0.5057465 0.8626821 0 -0.5057465 0.8626821 0.09294724 -0.4913093 -0.8660116 0.165157 -0.4719625 0.8660107 0.1651374 -0.4719751 0.8660076 0.2588176 -0.9659262 0 0.2588176 -0.9659262 0 0.08071104 -0.493467 0.8660116 0.08054142 -0.4935832 0.8659611 0 -0.4999956 0.8660279 0 -0.4999956 0.8660279 0.08714869 -0.9961954 0 0.08714869 -0.9961954 0 0 -0.4999929 -0.8660296 -0 -0.4999929 -0.8660296 0.01308017 -0.5039613 -0.8636272 0.01303284 -0.5039922 -0.8636099 0.01304462 -0.5039874 -0.8636124 0 -1 0 0 -1 -0 0.07468892 -0.4985991 0.8636091 0.07466228 -0.4985861 0.8636187 0.006219704 -0.4999833 -0.8660128 -0.01300403 -0.5040016 0.8636048 -0.01304269 -0.503976 0.8636193 -0.01304337 -0.5039757 0.8636193 -0.006243019 -0.4999859 0.866011 -0.08068042 -0.4934723 -0.8660114 -0.08068775 -0.4934673 -0.8660136 0 -0.5057465 -0.8626821 -0 -0.5057465 -0.8626821 -0.08714869 -0.9961954 0 -0.08714869 -0.9961954 -0 -0.07466757 -0.4985971 -0.863612 -0.07466284 -0.4985949 -0.8636137 0 -1 0 0 -1 -0 0 -0.5234767 -0.8520401 -0 -0.5234767 -0.8520401 0 -0.4568047 0.889567 -0.09293918 -0.4913162 0.8660085 0 -1 0 0 -1 -0 -0.2588176 -0.9659262 0 -0.2588176 -0.9659262 -0 -0.1003962 -0.4940415 0.8636224 -0.1004246 -0.4940243 0.8636289 -0.10037 -0.4940794 0.8636037 -0.1601132 -0.4780626 -0.8636086 -0.1601053 -0.4780605 -0.8636113 -0.1651656 -0.4719503 -0.8660158 -0.1651744 -0.4719445 -0.8660172 -0.1768049 -0.4677056 0.8660205 -0.2406971 -0.4429967 -0.863608 -0.2406722 -0.4429949 -0.8636159 -0.1846634 -0.4691141 0.8636153 -0.184642 -0.4691442 0.8636035 -0.2446116 -0.4361058 -0.8660121 -0.4226192 -0.9063073 0 -0.4226192 -0.9063073 -0 0 -0.08443316 0.9964292 -0.2633044 -0.4299443 0.8636078 -0.2633042 -0.4299448 0.8636078 -0.3166156 -0.3870224 -0.866007 -0.3139661 -0.3944634 -0.863611 -0.3139673 -0.3944633 -0.8636106 0 -0.60189 -0.798579 -0.2553737 -0.4298893 0.8660136 -0.5735834 -0.8191472 0 -0.5735834 -0.8191472 -0 0 -0.6682153 0.7439679 -0.326122 -0.3790297 0.8660144 -0.3261596 -0.3790105 0.8660086 -0.3776942 -0.3339613 -0.8636069 -0.3776926 -0.3339616 -0.8636075 -0.3777417 -0.3339347 -0.8635964 -0.7071068 -0.7071068 -0 -0.7071068 -0.7071068 0 -0.3339672 -0.3777031 0.8636009 -0.3339831 -0.3776447 0.8636202 -0.379013 -0.3261634 -0.8660061 -0.8191472 -0.5735834 -0 -0.8191472 -0.5735834 0 -0.3944764 -0.3139748 0.8636019 -0.3944799 -0.313924 0.8636188 -0.4298851 -0.2553796 -0.8660139 -0.4299405 -0.2632982 -0.8636117 -0.4298966 -0.2633172 -0.8636278 -0.4299672 -0.2632817 -0.8636035 -0.5546879 -0 -0.8320585 -0.3869328 -0.3166607 0.8660307 -0.3870053 -0.3166259 0.866011 -0.5234873 0 0.8520334 -1 0 0 -1 -0 0 -0.7682213 0 0.6401844 -0.4360903 -0.2446203 0.8660175 -0.08363453 0 -0.9964965 -0.5234873 0 0.8520334 -0.4430006 -0.2406939 0.8636069 -0.4430038 -0.2406737 0.8636109 -0.4430093 -0.2407691 0.8635815 -0.4677026 -0.1768557 -0.8660117 -0.4676993 -0.1768135 -0.8660221 -0.4691356 -0.1846378 -0.8636091 -0.4691209 -0.1846477 -0.863615 -0.9063074 -0.4226193 -0 -0.9063073 -0.4226192 0 -0.47807 -0.1601174 0.8636038 -0.4780604 -0.1601805 0.8635975 -0.4780582 -0.1600744 0.8636183 -1 0 0 -1 -0 0 -0.4940614 -0.1003648 -0.8636146 -0.4940706 -0.1003556 -0.8636104 -0.4535681 0 -0.8912216 -0.5063127 0 0.86235 -0.5058354 0 0.86263 -0.4913161 -0.09291872 -0.8660108 -0.4913197 -0.09299186 -0.8660009 -0.4719571 -0.1651744 0.8660104 -0.9659262 -0.2588176 -0 -0.9659262 -0.2588176 0 -0.4934883 -0.08068019 0.8660023 -0.4999889 0 0.8660318 -0.4999889 0 0.8660318 -0.4999889 0 0.8660318 -0.9961954 -0.08714869 -0 -0.9961953 -0.08714869 0 -0.5039955 -0.0130455 -0.8636078 -0.5039913 -0.01305165 -0.8636101 -1 0 0 -1 -0 0 -0.5000005 0 -0.8660251 -0.5000005 -0 -0.8660251 -0.5000005 0 -0.8660251 -0.498607 -0.07466578 0.8636065 -0.4985943 -0.07463793 0.8636162 -0.4999908 -0.006219934 -0.8660083 -0.5063127 0 -0.86235 -0.5058354 0 -0.86263 -0.5039885 0.0130426 0.8636119 -0.503976 0.01306095 0.8636189 -1 0 0 -1 -0 0 -0.9961953 0.08714869 0 -0.9961954 0.08714869 0 -0.4999793 0.006209387 0.8660151 -0.498606 0.07466357 -0.8636072 -0.498605 0.07466133 -0.863608 -0.4934713 0.08069673 -0.8660104 -0.5234873 0 -0.8520334 -0.4535681 0 0.8912216 -0.9659262 0.2588176 0 -0.9659262 0.2588176 0 -0.4913 0.0929293 0.8660188 -0.4913009 0.09294789 0.8660163 -0.4940577 0.1003613 0.8636171 -0.4940781 0.1003409 0.8636078 -1 0 0 -1 -0 0 -0.4780639 0.1601136 -0.8636079 -0.478067 0.1600836 -0.8636117 -0.4780681 0.1601286 -0.8636028 -0.5234873 0 -0.8520334 -0.4719616 0.1651617 -0.8660104 -0.4676945 0.1768854 0.8660101 -0.4676851 0.1767622 0.8660403 -0.5546906 0 0.8320567 -0.4429888 0.240701 -0.863611 -0.4429922 0.240702 -0.863609 -0.4429956 0.2407607 -0.8635908 -0.4691298 0.1846323 0.8636134 -0.4691331 0.1846301 0.8636121 -0.7682213 0 -0.6401844 -0.4361187 0.2446045 -0.8660076 -0.9063073 0.4226192 0 -0.9063074 0.4226192 0 -0.08186712 0 0.9966432 -0.8191472 0.5735834 0 -0.8191472 0.5735834 0 -0.4299332 0.2632903 0.8636177 -0.4298855 0.2633109 0.8636352 -0.4299307 0.2632882 0.8636197 0 0.6682372 -0.7439483 -0.3869596 0.3166538 -0.8660212 -0.3870451 0.3166128 -0.8659979 -0.3944764 0.3139774 -0.863601 -0.3944777 0.313959 -0.863607 -0.4298781 0.255397 0.8660122 0 0.60189 0.798579 -0.3790034 0.3261361 0.8660206 -0.7071068 0.7071068 0 -0.7071068 0.7071068 0 -0.3339752 0.3776828 -0.8636066 -0.3339739 0.3776877 -0.8636049 -0.3776785 0.3339706 0.8636102 -0.3777537 0.3339508 0.863585 -0.3777203 0.3339691 0.8635924 -0.3261404 0.3790077 -0.8660171 -0.3261521 0.3790017 -0.8660153 -0.5735834 0.8191472 0 -0.5735834 0.8191472 0 -0.3139686 0.3944633 0.8636101 -0.3140053 0.3944598 0.8635984 -0.2553723 0.4298798 -0.8660186 -0.2632886 0.4299422 -0.8636138 -0.2632918 0.4299354 -0.8636162 -0.3166117 0.3870404 0.8660005 -0.4226192 0.9063073 0 -0.4226192 0.9063073 0 0 1 -0 0 1 0 -0.244626 0.4361176 0.8660021 0 0.08443949 -0.9964286 -0 0.5234911 0.8520312 0 0.5234911 0.8520312 -0.2407077 0.443015 0.8635957 -0.2406677 0.443012 0.8636084 -0.176831 0.4676989 -0.8660188 -0.1846451 0.4691138 -0.8636193 -0.1846329 0.469131 -0.8636127 -0.2588176 0.9659262 0 -0.2588176 0.9659262 0 -0.1601138 0.4780549 0.8636128 -0.1601272 0.4780585 0.8636083 0 1 -0 0 1 0 -0.1003628 0.4940551 -0.8636184 -0.1003878 0.4940399 -0.8636242 -0.1003633 0.4940647 -0.8636129 0 0.450428 -0.8928127 -0 0.5057492 0.8626806 0 0.5057492 0.8626806 -0.09294638 0.4913066 -0.8660132 -0.1651595 0.4719676 0.8660074 -0.1651384 0.4719812 0.866004 -0.08071163 0.4934695 0.8660101 -0.08054127 0.4935862 0.8659594 -0.01303267 0.5039895 -0.8636115 -0.01307843 0.503959 -0.8636286 -0.01304236 0.5039861 -0.8636132 -0.08714869 0.9961954 0 -0.08714869 0.9961954 0 0 1 -0 0 1 0 0 0.4999931 -0.8660295 0 0.4999931 -0.8660295 -0 0.4999956 0.8660279 0 0.4999956 0.8660279 -0.07468892 0.4985991 0.8636091 -0.07466449 0.4985872 0.863618 -0.006219917 0.4999834 -0.8660127 0 0.5057518 -0.862679 0 0.5057518 -0.8626791 0.01304272 0.503973 0.8636209 0.0130033 0.5039991 0.8636063 0.01304108 0.5039744 0.8636202 0 1 -0 0 1 0 0.08714869 0.9961954 -0 0.08714869 0.9961954 0 0.006243018 0.4999859 0.866011 0.07466242 0.4985975 -0.8636122 0.07466525 0.4985988 -0.8636112 0.08067606 0.4934784 -0.8660083 0.08070473 0.4934587 -0.8660169 0 0.5234824 -0.8520365 0 0.5234824 -0.8520365 0 0.4568047 0.889567 0.2588176 0.9659262 -0 0.2588176 0.9659262 0 0.09293863 0.4913136 0.86601 0.1004233 0.4940183 0.8636324 0.1003935 0.4940365 0.8636256 0.1003666 0.4940758 0.8636063 0 1 -0 0 1 0 0.1601117 0.4780645 -0.8636078 0.1601164 0.4780658 -0.8636063 0.165168 0.4719554 -0.8660125 0.1651752 0.4719507 -0.8660137 0.1768025 0.4677005 0.8660237 0.2406744 0.443 -0.8636126 0.240702 0.4430021 -0.8636038 0.1846597 0.4691062 0.8636204 0.1846366 0.4691385 0.8636077 0.2446067 0.4361286 -0.866002 0.4226192 0.9063073 -0 0.4226192 0.9063073 0 0 0.08186712 0.9966432 0.5735834 0.8191472 -0 0.5735834 0.8191472 0 0.2632958 0.4299332 0.8636162 0.2632935 0.4299378 0.8636144 0 0.60189 -0.798579 0.3166117 0.3870404 -0.8660004 0.3140053 0.3944598 -0.8635984 0.3139686 0.3944633 -0.8636101 0.2553683 0.4298822 0.8660187 0.3261515 0.3789988 0.8660169 0.3261102 0.3790199 0.8660231 0.3777203 0.3339691 -0.8635924 0.3777537 0.3339509 -0.863585 0.3776785 0.3339706 -0.8636102 0.7071068 0.7071068 -0 0.7071068 0.7071068 0 -0 0.6682262 0.7439581 0.3339916 0.3776517 0.8636138 0.3339815 0.3776888 0.8636015 0.3790034 0.3261361 -0.8660206 -0.8191689 -0.5735524 -0 0.8191472 0.5735834 -0 0.8191472 0.5735834 0 0.3944137 0.3137638 0.8637072 0.3944874 0.3139279 0.863614 0.3944836 0.3139822 0.8635959 0.5546906 0 -0.8320567 0.429878 0.255397 -0.8660122 0.4299307 0.2632882 -0.8636197 0.4298854 0.2633111 -0.8636353 0.4299332 0.2632903 -0.8636177 0.3868333 0.316464 0.8661469 0.3870135 0.3166334 0.8660045 0.3869444 0.3166666 0.8660234 -0.1016044 0 0.9948249 -0.9063056 -0.4226229 0 -0.9063056 -0.4226229 0 0.9063073 0.4226192 -0 0.9063073 0.4226192 0 0.5234873 0 0.8520334 0.5234407 0 0.8520621 0.5234407 -0 0.8520621 0.7682213 0 0.6401844 0.4360977 0.2446042 0.8660182 0.4359809 0.2445281 0.8660985 0.4360975 0.2446245 0.8660126 0.08443949 0 -0.9964286 0.5234873 -0 0.8520334 0.4430093 0.2407691 0.8635815 0.4430038 0.2406737 0.8636109 0.4430015 0.2407017 0.8636042 0.4429389 0.2407186 0.8636317 0.4676945 0.1768854 -0.8660101 0.4676851 0.1767622 -0.8660403 0.4691331 0.1846301 -0.8636121 0.4691298 0.1846323 -0.8636134 1 -0 0 1 0 0 0.1632225 0 -0.9865893 -0.1644946 0 0.986378 -0.965924 -0.2588259 0 -0.1644946 0 0.986378 -0.965924 -0.2588259 0 0.9659262 0.2588176 -0 0.9659262 0.2588176 0 0.4780838 0.1601319 0.8635935 0.4780582 0.1600744 0.8636183 0.4780604 0.1601805 0.8635975 0.47807 0.1601174 0.8636038 0.4940781 0.1003409 -0.8636078 0.4940577 0.1003613 -0.8636171 0.4535681 0 -0.8912216 0.5058354 0 0.86263 0.5063127 0 0.86235 0.4913 0.0929293 -0.8660188 0.4913009 0.09294789 -0.8660163 0.4719911 0.1651716 0.8659924 0.471925 0.1651334 0.8660356 0.4719571 0.1651744 0.8660103 1 -0 0 1 0 0 0.4934679 0.08068549 0.8660134 0.4934986 0.08070157 0.8659945 0.4934883 0.0806802 0.8660023 -0.4438873 0 0.8960826 -0.9961966 -0.08713508 0 -0.4438873 0 0.8960826 -0.9961965 -0.08713508 0 0.503976 0.01306095 -0.8636189 0.5039885 0.0130426 -0.8636119 0 -1 0 0 -1 -0 0 -1 0 0.9961954 0.08714869 -0 0.9961954 0.08714869 0 1 -0 0 1 0 0 0 0 0 0.4999889 0 -0.8660318 0.4999889 0 -0.8660318 0 0 0 0.4999889 0 0.8660318 0.4999889 0 0.8660318 0.4999676 0 0.8660441 0.4999676 0 0.8660441 0.4985943 0.07463793 0.8636162 0.498607 0.07466578 0.8636065 0.4985711 0.07468936 0.8636252 0.4999793 0.006209381 -0.8660151 0.5877913 -0.8090126 0 0 -0.9961227 0.08797555 0.5877848 -0.8090174 -2.717805e-06 0.5877778 -0.8090224 2.22797e-06 0.5878578 -0.8089642 0 0.5877776 -0.8090225 -4.004549e-06 0.5877814 -0.8090199 0 0 -1 0 0.5878578 -0.8089643 0 0.5877884 -0.8090146 3.449107e-05 0.5877854 -0.8090169 -6.225884e-06 0.5877913 -0.8090127 0 -0.8659738 -0.5000893 0 -0.8660355 -0.4999825 1.788031e-05 -0.866022 -0.5000059 4.924957e-07 -0.8660267 -0.4999977 -5.61204e-06 -0.9993668 -0 -0.03558204 -0.8659769 -0.5000839 0 -0.8659769 -0.500084 0 -0.8660269 -0.4999973 -5.511319e-05 -0.3640205 0 -0.9313909 -0.8660133 -0.5000209 -8.052247e-05 -0.8660582 -0.4999431 -0 -0.866022 -0.500006 7.886022e-06 -0.8659769 -0.500084 0 -0.8659738 -0.5000894 7.821486e-07 -0.8660272 -0.4999968 1.610184e-05 -0.8660362 -0.4999813 0 -1 0 0 -0.8660097 -0.5000272 2.888634e-06 -0.8660266 -0.4999979 -2.73455e-05 -0.9974301 0 0.071647 -0.8660592 -0.4999414 -2.06463e-05 -0.8659769 -0.500084 0 1 -0 0 0.9945233 0.1045143 1.286741e-06 0.9945215 0.1045321 -7.957051e-05 0.989046 0 0.1476076 0.9945272 0.104478 -0 0.994523 0.1045173 1.220152e-05 0.994523 0.1045174 0 0.9945228 0.1045207 0 0.994523 0.1045184 2.630459e-06 0.9945215 0.1045324 1.225555e-05 0.9945273 0.1044765 0 1 -0 0 1 0 0 1 -0 0 1 0 0 0.9945234 0.1045142 0 0.9945228 0.104521 5.763934e-06 0.9945212 0.1045348 2.565308e-06 0.9945216 0.1045319 0 1 -0 0 0.9945272 0.104478 -0 0.9945274 0.1044765 6.130435e-07 0.5877848 0.8090173 -1.937465e-06 0.5877857 0.8090166 0 0.5877811 0.80902 7.173669e-06 0.5877898 0.8090137 0 0.5877914 0.8090126 0 0.5877848 0.8090174 4.812574e-06 0.5877779 0.8090224 -3.889413e-06 0 0.9882455 -0.1528757 0.5878579 0.8089643 0 0.5877854 0.8090169 6.225776e-06 0.5877913 0.8090126 0 0.5877776 0.8090225 4.004494e-06 0.5877813 0.8090198 0 0 1 0 0.5877885 0.8090147 -3.449106e-05 0.5878578 0.8089643 0 0.8659769 -0.500084 0 0.8660271 -0.499997 4.741292e-06 0.9780682 -0 0.2082848 0.8660102 -0.5000262 9.323666e-06 0.8660582 -0.4999431 0 0.866022 -0.500006 -6.563572e-07 0.8659769 -0.500084 0 0.8659738 -0.5000894 -7.821486e-07 0.8660272 -0.4999968 -1.610184e-05 0.8660362 -0.4999813 0 1 -0 0 0.8660097 -0.5000272 -2.888634e-06 0.8660266 -0.4999979 2.73455e-05 0.9974301 0 -0.071647 0.8660592 -0.4999414 2.06463e-05 0.8659769 -0.500084 0 -0.9945273 -0.104478 0 -0.9997017 0 0.02442228 -0.9945213 -0.1045343 -1.359709e-05 -0.9945231 -0.1045173 1.781832e-06 -0.9945233 -0.1045142 1.730652e-07 -1 -0 0 -0.9945274 -0.1044765 0 -0.9945212 -0.1045345 5.716788e-05 -0.9945228 -0.1045206 -5.609629e-07 -1 0 0 -0.994523 -0.1045173 7.789864e-06 -0.9945272 -0.1044779 0 -0.9945273 -0.1044764 6.130578e-07 -1 0 0 -0.9945215 -0.1045319 0 -0.9945212 -0.1045348 2.563103e-06 -0.9945226 -0.104521 5.757381e-06 -0.9945233 -0.1045142 0 -1 0 0 -1 -0 0 1 0 0 1 0 0 0.9945273 -0.1044765 0 0.9945216 -0.1045313 1.24403e-05 0.9945226 -0.1045207 0 0.9945225 -0.1045228 -6.24497e-06 0.994523 -0.1045174 0 0.9945231 -0.1045173 1.282823e-06 1 0 0 0.9945272 -0.104478 0 0.9945273 -0.1044764 -6.130578e-07 1 0 0 0.9945215 -0.1045319 0 0.9945212 -0.1045348 -2.563103e-06 0.9945226 -0.104521 -5.757381e-06 0.9945233 -0.1045142 0 1 0 0 1 0 0 -0.8660583 0.4999431 0 -0.8660107 0.5000256 1.832574e-05 -0.9161574 0 -0.4008189 -0.866022 0.500006 6.392361e-07 -0.8660272 0.499997 9.632095e-06 -0.8659769 0.500084 0 -0.8659769 0.500084 0 -0.9957644 0 0.09194262 -0.8660267 0.4999978 1.454187e-05 -0.8660344 0.4999844 -4.30168e-05 -0.8659738 0.5000893 0 -0.8660221 0.5000059 -1.262702e-06 -0.8659769 0.500084 0 -0.9974301 0 -0.071647 -0.8660592 0.4999414 2.064422e-05 -0.8660266 0.4999979 2.735885e-05 -0.8660097 0.5000272 -2.888634e-06 -1 0 0 -0.8660362 0.4999812 0 -0.8660272 0.4999968 -1.61152e-05 -0.8659738 0.5000893 -7.821487e-07 -0.8659769 0.500084 0 -0.7431731 0.6690992 0 -0.743149 0.669126 2.209071e-05 -0.7431372 0.669139 5.033253e-07 -0.7431364 0.66914 0 -0.7431731 0.6690992 0 0 0.8009464 -0.598736 -0.7431677 0.6691053 -3.839648e-05 -0.7431366 0.6691399 0 -0.743149 0.669126 1.742201e-05 -0.7431731 0.6690992 0 -0.7431731 0.6690992 0 0 1 0 -0.7431713 0.6691012 4.475213e-05 -0.7431372 0.669139 -9.860803e-08 -0.7431365 0.6691398 1.095199e-07 -0.7431363 0.66914 0 -0.9510526 -0.309029 0 -0.9908302 0 0.1351132 -0.9510525 -0.309029 -9.900953e-07 -0.9510529 -0.3090281 -1.89553e-06 -0.9510509 -0.3090344 0 -0.9510533 -0.3090269 0 -0.9510605 -0.3090046 0.0001349447 -0.9510383 -0.3090731 -0 -0.9510527 -0.3090291 5.553805e-06 -0.9510526 -0.309029 0 -0.9510533 -0.3090269 1.859196e-06 -1 0 0 -0.9510633 -0.308996 0 -0.9510528 -0.3090285 2.997684e-05 -0.9510379 -0.3090745 2.028917e-05 -0.9510509 -0.3090344 0 0 1 0 0 1 0 0 1 -0 0 1 0 0 1 0 0 1 0 0 1 0 0 1 0 -0 1 0 0 1 -0 0 1 -0 0 1 0 0 1 0 0 1 0 0 1 -0 0 1 0 -0 1 0 0 1 0 0 1 0 0 1 0 0 1 0 0 1 0 0.4067321 0.9135475 3.430843e-05 0.4067068 0.9135587 -2.345461e-05 0.4067474 0.9135407 -0 0.4067577 0.9135361 0 0.4067474 0.9135407 0 -0 0.9929321 0.118683 0.4066971 0.9135631 1.448415e-05 0.4067321 0.9135475 -2.058323e-05 0.4067558 0.9135369 0 0 1 0 0.4067474 0.9135406 -0 0.4067474 0.9135407 0 0.4066978 0.9135628 -2.384179e-06 0.4067065 0.9135588 -1.065482e-05 0.4067558 0.9135369 1.733389e-06 0.4067577 0.9135361 0 -0.2078841 -0.9781535 0 -0.2079102 -0.9781479 9.442763e-06 -0.2079113 -0.9781476 8.658945e-06 -0.2079489 -0.9781397 0 -0.2079053 -0.978149 -1.25586e-06 0 -1 0 -0.2078841 -0.9781535 0 -0.207884 -0.9781534 -0 -0.2079115 -0.9781477 -6.795037e-06 -0.2079477 -0.97814 5.989654e-07 -0.2079489 -0.9781396 0 0.9510533 -0.3090269 0 0.951063 -0.3089972 -1.903429e-05 0.9510383 -0.3090731 0 0.9510526 -0.309029 -6.092073e-07 0.9510526 -0.309029 0 0.9510533 -0.3090269 -1.859196e-06 1 0 0 0.9510633 -0.308996 0 0.9510528 -0.3090285 -2.997684e-05 0.9510378 -0.3090745 -2.028914e-05 0.9510509 -0.3090344 0 0.207884 0.9781534 -0 0.2079102 0.9781479 2.579896e-05 0.2079111 0.9781477 2.404283e-05 0.2079489 0.9781397 0 -0 0.9915722 0.1295551 0.2078841 0.9781535 0 0.2079102 0.9781479 -1.772733e-05 0.2079067 0.9781486 -2.220903e-05 0.2079477 0.9781399 0 0.2078841 0.9781535 -0 0.2079053 0.9781489 -1.255866e-06 0 1 0 0.2078841 0.9781535 -0 0.2079115 0.9781477 -6.795035e-06 0.2079477 0.97814 5.989653e-07 0.2079489 0.9781397 0 0.9510509 0.3090344 0 0.951053 0.309028 -1.015354e-05 0.8196056 0 0.5729282 0.9510525 0.309029 -0 0.9510525 0.309029 -5.047865e-06 0.9510382 0.3090731 0 0.9510627 0.308998 3.078759e-05 0.9510526 0.309029 1.017443e-06 0.9510533 0.3090269 0 0.9510509 0.3090344 0 0.9510378 0.3090745 2.029585e-05 0.9510528 0.3090285 2.997684e-05 0.9510633 0.3089961 0 1 -0 0 -1 0 0 0.9510526 0.309029 -0 0.9510533 0.3090269 1.859218e-06 0 -0.9978966 -0.06482554 0.4067474 -0.9135407 0 0.4066973 -0.913563 -7.823064e-06 0.4067321 -0.9135474 1.13361e-05 0.4067558 -0.913537 0 0.4067065 -0.9135588 1.065482e-05 0.4066978 -0.9135628 2.384179e-06 0 -1 0 0.4067474 -0.9135407 0 0.4067474 -0.9135407 0 0.4067558 -0.913537 -1.733383e-06 0.4067576 -0.9135361 0 -0.4067577 -0.9135361 0 -0.4067321 -0.9135475 1.150607e-05 -0.4067064 -0.913559 -8.219139e-06 -0.4067474 -0.9135407 0 -0.4067645 -0.9135331 0 -0.4066978 -0.9135628 -2.384179e-06 0 -1 0 -0.4067474 -0.9135407 0 -0.4067474 -0.9135407 -0 -0.4067065 -0.9135588 -1.065482e-05 -0.4067558 -0.913537 1.733383e-06 -0.4067576 -0.9135361 0 0.8659769 0.500084 0 0.9884276 0 -0.1516933 0.8660266 0.4999978 -2.414931e-05 0.8660334 0.4999862 6.633248e-05 0.8659738 0.5000893 -0 0.866022 0.500006 2.113641e-06 0.8660582 0.4999431 0 0.8660105 0.5000257 -1.53598e-05 0.9402659 0 0.3404411 0.8660219 0.5000059 -5.293377e-07 0.8660271 0.499997 -7.984791e-06 0.8659769 0.500084 0 0.8659769 0.500084 0 0.9974301 0 0.071647 0.8660592 0.4999414 -2.06441e-05 0.8660266 0.4999979 -2.735885e-05 0.8660097 0.5000272 2.888705e-06 1 0 0 0.8660362 0.4999812 0 0.8660273 0.4999969 1.611525e-05 0.8659738 0.5000893 7.821487e-07 0.8659769 0.500084 0 -0.4066969 0.9135632 -1.840141e-05 -0.4067322 0.9135475 2.58423e-05 -0.4067558 0.9135369 0 0 0.9887466 -0.1495995 -0.4067474 0.9135407 0 -0.4067576 0.9135361 0 -0.4067321 0.9135475 -2.456961e-05 -0.4067067 0.9135588 1.711149e-05 -0.4067474 0.9135406 0 -0.4067558 0.913537 -1.746649e-06 -0.4067065 0.9135588 1.065482e-05 -0.4067576 0.9135361 0 -0.4066978 0.9135628 2.384179e-06 0 1 0 -0.4067474 0.9135407 0 -0.4067474 0.9135406 0 0 -1 -0 0 -1 -0 0 -1 0 0 -1 0 0 -1 0 0 -1 0 0 -1 0 0 -1 0 0 -1 0 0 -1 -0 -0 -1 0 0 -1 0 0 -1 0 0 -1 0 0 -1 0 0 -1 0 0.7431731 0.6690992 0 0 0.6502001 0.759763 0.7431668 0.6691062 5.630471e-05 0.7431365 0.6691399 -0 0.743149 0.669126 -2.723312e-05 0.7431731 0.6690992 0 0.743149 0.669126 -1.811316e-05 0.7431372 0.669139 -4.114968e-07 0.7431363 0.66914 0 0.7431731 0.6690992 -0 0.7431731 0.6690992 0 0 1 0 0.7431713 0.6691012 -4.475078e-05 0.7431372 0.6691391 9.860659e-08 0.7431365 0.6691399 -1.095187e-07 0.7431363 0.66914 0 0.7431363 -0.66914 0 0.7431372 -0.6691391 2.378892e-07 0.7431731 -0.6690992 0 0.743149 -0.6691259 1.051718e-05 0.7431363 -0.66914 0 0.7431365 -0.6691398 1.163649e-07 0.7431372 -0.669139 -1.075724e-07 0.7431713 -0.6691012 4.475213e-05 0 -1 0 0.7431731 -0.6690992 0 0.7431731 -0.6690992 0 0 -0.997645 -0.06858778 0.2078841 -0.9781535 0 0.2079102 -0.9781479 9.327899e-06 0.207906 -0.9781488 1.212674e-05 0.2079477 -0.9781399 0 0.2079115 -0.9781477 6.795037e-06 0.2079053 -0.978149 1.25586e-06 0 -1 0 0.207884 -0.9781534 0 0.2078841 -0.9781535 0 0.2079477 -0.97814 -6.02388e-07 0.2079489 -0.9781396 0 -0.9510384 0.3090731 0 -0.9510626 0.3089984 -3.640756e-05 -0.9510525 0.309029 -1.216609e-06 -0.9510533 0.3090269 0 -0.9510509 0.3090344 0 -0.9510529 0.309028 5.425771e-06 -0.9325681 0 -0.3609941 -0.9510527 0.309029 0 -0.9510525 0.309029 2.7741e-06 -0.9510509 0.3090344 0 -0.9510378 0.3090745 -2.029598e-05 -0.9510528 0.3090285 -2.997684e-05 -0.9510633 0.308996 0 -1 0 0 -0.9510526 0.309029 0 -0.9510533 0.3090269 -1.859197e-06 0 0.9823409 0.1870997 -0.5877848 0.8090173 -5.961123e-06 -0.5877779 0.8090224 4.780708e-06 -0.5878579 0.8089643 0 -0.5877913 0.8090126 0 -0.5877812 0.80902 -4.807021e-06 -0.5877898 0.8090137 0 -0.5877848 0.8090174 1.338882e-06 -0.5877857 0.8090167 0 -0.5877776 0.8090225 -4.004549e-06 -0.5877813 0.8090198 0 0 1 0 -0.5878578 0.8089642 0 -0.5877885 0.8090147 3.449106e-05 -0.5877854 0.8090169 -6.225884e-06 -0.5877913 0.8090127 0 -0.7431365 -0.6691399 0 -0.7431687 -0.6691042 1.690014e-05 -0.743149 -0.669126 -7.136659e-06 0 -0.9561748 0.2927965 -0.7431731 -0.6690993 0 -0.7431363 -0.66914 0 -0.7431372 -0.669139 -4.688327e-06 -0.743149 -0.669126 -0.0001815901 -0.7431731 -0.6690992 -0 -0.7431363 -0.66914 0 -0.7431365 -0.6691398 -1.163649e-07 -0.7431372 -0.669139 1.075724e-07 -0.7431713 -0.6691012 -4.475213e-05 0 -1 0 -0.7431731 -0.6690992 -0 -0.7431731 -0.6690992 0 -0.5877813 -0.8090199 2.072265e-06 -0.5877897 -0.8090137 0 -0.5877847 -0.8090174 -5.988449e-07 -0.5877857 -0.8090167 -0 -0.5877913 -0.8090126 0 -0.5877848 -0.8090174 0.0001316322 -0.5877792 -0.8090214 -5.732661e-05 -0 -0.3601788 -0.9328833 -0.5878578 -0.8089642 -0 -0.5877854 -0.8090169 6.225884e-06 -0.5877776 -0.8090225 4.004549e-06 -0.5877814 -0.8090199 0 0 -1 0 -0.5877885 -0.8090147 -3.449107e-05 -0.5878578 -0.8089643 -0 -0.5877913 -0.8090127 0 -1 0 0 -0.9945228 0.1045206 1.725439e-07 -0.9945231 0.1045173 -2.20097e-06 -0.9945215 0.1045326 -1.453989e-05 -0.9945274 0.1044765 0 -1 0 0 -0.9945233 0.1045143 -5.626578e-07 -0.9945214 0.1045334 4.038064e-05 -0.9972606 0 -0.0739685 -0.9945272 0.104478 0 -0.9945231 0.1045173 -5.62884e-06 -1 0 0 -1 0 0 -0.9945233 0.1045142 0 -0.9945226 0.104521 -5.764014e-06 -0.9945212 0.1045348 -2.565338e-06 -0.9945215 0.1045319 0 -1 0 0 -0.9945272 0.104478 0 -0.9945273 0.1044764 -6.130578e-07 -0.2079102 0.9781479 2.287723e-05 -0.2079071 0.9781486 2.803533e-05 -0.2079477 0.9781399 0 0 0.986081 -0.1662658 -0.2078841 0.9781535 0 -0.2079489 0.9781397 0 -0.2079112 0.9781477 -1.773902e-05 -0.2079102 0.9781479 -1.916085e-05 -0.207884 0.9781535 0 -0.2079477 0.97814 -6.02388e-07 -0.2079489 0.9781397 0 -0.2079115 0.9781477 6.795036e-06 -0.2079053 0.978149 1.255859e-06 0 1 0 -0.2078841 0.9781535 0 -0.2078841 0.9781535 0 0 0 1 0 0 1 0 0 1 0 0 1 0 0 1 0 0 1 0 0 1 0 0 1 0 0 1 0 0 1 0 0 1 0 0 1 0 0 1 0 0 1 0 0 1 0 0 1 0 0 1 0 0 1 0 0 1 0 0 1 0 0 1 0 0 1 0 0 1 0 0 1 0 0 1 -0 -0 1 0 0 1 0 0 1 0 0 1 -0 0 1 0 0 1 0 0 1 0 0 1 0 0 1 0 0 1 -0 0 1 0 0 1 0 0 1 0 0 1 -0 0 1 0 0 1 0 0 1 0 0 1 0 0 1 0 0 1 0.4067313 -0.9135478 0 0.4067313 -0.9135478 0 0.9510537 -0.3090259 0 0.9510537 -0.3090259 0 -0.9510537 0.3090259 0 -0.9510537 0.3090259 0 -0.9945225 0.1045223 0 -0.9945225 0.1045223 0 -0.8660295 0.4999929 0 -0.8660295 0.4999929 0 -0.5877833 -0.8090184 0 -0.5877833 -0.8090184 -0 -0.4067313 0.9135478 0 -0.4067313 0.9135478 0 -0.9945225 -0.1045223 0 -0.9945225 -0.1045223 0 -0.7431432 0.6691323 0 -0.7431432 0.6691323 0 0.8660295 0.4999929 0 0.8660295 0.4999929 0 -0.7431432 -0.6691323 0 -0.7431432 -0.6691323 0 0.7431432 0.6691323 0 0.7431432 0.6691323 0 -0.8660295 -0.4999929 0 -0.8660295 -0.4999929 0 0.5877833 0.8090184 -0 0.5877833 0.8090184 0 0 0 -1 0 0 -1 0 0 -1 0 0 -1 0 0 -1 0 0 -1 0 0 -1 0 0 -1 0 0 -1 0 0 -1 0 0 -1 0 0 -1 0 0 -1 0 0 -1 0 0 -1 0 0 -1 0 0 -1 0 0 -1 0 0 -1 0 0 -1 0 0 -1 0 0 -1 0 0 -1 0 0 -1 0 0 -1 0 0 -1 0 0 -1 0 -0 -1 -0.9510537 -0.3090259 0 -0.9510537 -0.3090259 0 0 1 -0 0 1 0 0.5877833 -0.8090184 0 0.5877833 -0.8090184 0 0 0 1 0 0 1 0 0 1 -0 0 1 0 0 1 0 0 1 0 0 1 0 0 1 0 0 1 0 0 1 0 0 1 0 0 1 0 0 1 0 0 1 0 0 1 0 0 1 0 0 1 0 0 1 0 0 1 0 0 1 0 0 1 0 0 1 0 0 1 0 0 1 -0 0 1 0 0 1 0 0 1 0 0 1 -0 0 1 0 0 1 0 0 1 0 0 1 -0 0 1 0 0 1 0 0 1 0 0 1 -0 0 1 0 0 1 0 0 1 0 0 1 0 0 1 0 0 1 0 0 1 0 0 1 0 0 1 0 0 1 0 0 1 0 0 1 0 0 1 0 0 1 0 0 1 0 0 1 0 0 1 -0 0 1 0 0 1 -0 0 1 0 0 1 -0 0 1 0 0 1 -0 0 1 0 0 1 -0 0 1 0 0 1 -0 0 1 -0 0 1 0 0 1 0 0 1 0 0 1 0 0 1 0 0 1 0 0 1 0 0 1 0 0 1 0 0 1 0 0 1 0 0 1 -0 0 1 0 0 1 0 0 1 0 0 1 0 0 1 0 0 1 0.4067313 0.9135478 -0 0.4067313 0.9135478 0 0.9945225 -0.1045223 0 0.9945225 -0.1045223 0 0.7431432 -0.6691323 0 0.7431432 -0.6691323 0 0.8660295 -0.4999929 0 0.8660295 -0.4999929 0 -0.207924 -0.9781449 0 -0.207924 -0.9781449 -0 0.9945225 0.1045223 0 0.9945225 0.1045223 0 -0.207924 0.9781449 0 -0.207924 0.9781449 0 -0.5877833 0.8090184 0 -0.5877833 0.8090184 0 0.207924 0.9781449 -0 0.207924 0.9781449 0 -0.4067313 -0.9135478 0 -0.4067313 -0.9135478 -0 0 -1 0 0 -1 -0 0.207924 -0.9781449 0 0.207924 -0.9781449 0 0.9510537 0.3090259 0 0.9510537 0.3090259 0</float_array>
          <technique_common>
            <accessor count="1646" source="#cubenormals-array0-array" stride="3">
              <param type="float" name="X"/>
              <param type="float" name="Y"/>
              <param type="float" name="Z"/>
            </accessor>
          </technique_common>
        </source>
        <vertices id="cubeverts-array0-vertices">
          <input semantic="POSITION" source="#cubeverts-array0"/>
        </vertices>
        <triangles count="1646" material="ref_bottle_cap">
          <input offset="0" semantic="VERTEX" source="#cubeverts-array0-vertices"/>
          <input offset="1" semantic="NORMAL" source="#cubenormals-array0"/>
          <p>16 0 29 0 17 0 29 1 16 1 28 1 60 2 10 2 11 2 10 3 60 3 59 3 28 4 78 4 87 4 78 5 28 5 16 5 16 6 71 6 78 6 11 7 16 7 17 7 16 8 11 8 10 8 71 9 59 9 66 9 16 10 59 10 71 10 59 11 16 11 10 11 29 12 32 12 33 12 32 13 29 13 28 13 117 14 32 14 28 14 98 15 28 15 87 15 28 16 98 16 117 16 49 17 52 17 53 17 52 18 49 18 48 18 32 19 49 19 33 19 49 20 32 20 48 20 48 21 117 21 133 21 117 22 48 22 32 22 148 23 48 23 133 23 48 24 148 24 161 24 54 25 111 25 113 25 178 26 110 26 175 26 110 27 161 27 175 27 161 28 110 28 48 28 113 29 111 29 118 29 54 30 110 30 111 30 52 31 54 31 53 31 54 32 52 32 110 32 52 33 48 33 110 33 110 34 186 34 111 34 186 35 110 35 185 35 185 36 205 36 220 36 185 37 195 37 205 37 195 38 185 38 110 38 187 39 186 39 188 39 111 40 187 40 118 40 187 41 111 41 186 41 110 42 178 42 195 42 185 43 220 43 240 43 186 44 233 44 188 44 233 45 186 45 232 45 185 46 232 46 186 46 232 47 185 47 231 47 231 48 255 48 262 48 231 49 251 49 255 49 231 50 240 50 251 50 240 51 231 51 185 51 233 52 232 52 241 52 281 53 274 53 293 53 274 54 281 54 231 54 270 55 282 55 283 55 232 56 270 56 241 56 270 57 232 57 282 57 231 58 262 58 274 58 231 59 282 59 232 59 282 60 231 60 281 60 308 61 317 61 309 61 317 62 308 62 316 62 281 63 293 63 300 63 282 64 309 64 317 64 308 65 333 65 316 65 333 66 308 66 326 66 308 67 300 67 326 67 300 68 308 68 281 68 301 69 317 69 322 69 282 70 301 70 283 70 301 71 282 71 317 71 281 72 309 72 282 72 309 73 281 73 308 73 359 74 350 74 373 74 350 75 359 75 316 75 359 76 368 76 360 76 368 77 359 77 367 77 317 78 351 78 322 78 351 79 317 79 360 79 352 80 360 80 368 80 360 81 352 81 351 81 359 82 380 82 367 82 380 83 359 83 373 83 352 84 368 84 369 84 343 85 316 85 333 85 316 86 343 86 350 86 316 87 360 87 317 87 360 88 316 88 359 88 394 89 367 89 380 89 367 90 394 90 401 90 417 91 429 91 433 91 429 92 417 92 413 92 367 93 418 93 368 93 418 94 367 94 417 94 414 95 434 95 430 95 434 96 414 96 418 96 368 97 402 97 369 97 402 98 368 98 418 98 417 99 434 99 418 99 434 100 417 100 433 100 417 101 401 101 413 101 401 102 417 102 367 102 402 103 418 103 414 103 474 104 452 104 463 104 474 105 441 105 452 105 441 106 474 106 433 106 433 107 429 107 441 107 467 108 442 108 475 108 467 109 475 109 483 109 433 110 475 110 434 110 475 111 433 111 474 111 434 112 442 112 430 112 442 113 434 113 475 113 474 114 483 114 475 114 483 115 474 115 482 115 513 116 525 116 533 116 525 117 513 117 512 117 491 118 482 118 474 118 474 119 463 119 491 119 524 120 533 120 525 120 533 121 524 121 532 121 482 122 525 122 483 122 525 123 482 123 524 123 524 124 501 124 508 124 524 125 491 125 501 125 491 126 524 126 482 126 487 127 483 127 525 127 483 128 487 128 467 128 512 129 487 129 525 129 524 130 508 130 542 130 537 131 533 131 563 131 533 132 537 132 513 132 562 133 542 133 553 133 542 134 562 134 524 134 563 135 538 135 537 135 543 136 563 136 554 136 563 137 543 137 538 137 532 138 563 138 533 138 563 139 532 139 562 139 532 140 524 140 562 140 614 141 571 141 582 141 571 142 614 142 562 142 583 143 567 143 615 143 567 144 563 144 615 144 563 145 567 145 554 145 615 146 587 146 583 146 562 147 553 147 571 147 562 148 615 148 563 148 615 149 562 149 614 149 626 150 658 150 619 150 614 151 597 151 607 151 597 152 614 152 582 152 603 153 615 153 659 153 598 154 615 154 603 154 615 155 598 155 587 155 659 156 614 156 658 156 614 157 659 157 615 157 607 158 658 158 614 158 658 159 607 159 619 159 627 160 603 160 659 160 723 161 658 161 722 161 658 162 723 162 659 162 651 163 722 163 658 163 722 164 651 164 670 164 671 165 647 165 723 165 647 166 659 166 723 166 642 167 659 167 647 167 659 168 642 168 627 168 671 169 723 169 667 169 658 170 641 170 651 170 641 171 658 171 626 171 707 172 704 172 784 172 784 173 789 173 788 173 789 174 784 174 785 174 722 175 683 175 681 175 670 176 683 176 722 176 723 177 789 177 785 177 788 178 707 178 784 178 681 179 788 179 722 179 788 180 693 180 707 180 788 181 681 181 693 181 694 182 785 182 705 182 785 183 694 183 675 183 675 184 723 184 785 184 723 185 675 185 667 185 789 186 722 186 788 186 722 187 789 187 723 187 727 188 808 188 784 188 808 189 737 189 751 189 808 190 727 190 737 190 804 191 809 191 808 191 809 192 804 192 805 192 715 193 785 193 809 193 785 194 715 194 705 194 715 195 809 195 805 195 751 196 804 196 808 196 804 197 751 197 748 197 738 198 805 198 749 198 805 199 738 199 715 199 704 200 727 200 784 200 809 201 784 201 808 201 784 202 809 202 785 202 748 203 759 203 804 203 772 204 812 204 816 204 767 205 812 205 772 205 812 206 767 206 762 206 817 207 804 207 816 207 804 208 817 208 805 208 755 209 805 209 817 209 805 210 755 210 749 210 812 211 817 211 816 211 817 212 812 212 813 212 763 213 817 213 813 213 768 214 817 214 763 214 817 215 768 215 773 215 759 216 816 216 804 216 816 217 759 217 772 217 773 218 755 218 817 218 741 219 801 219 797 219 801 220 741 220 745 220 753 221 800 221 812 221 800 222 753 222 744 222 796 223 801 223 800 223 801 224 796 224 797 224 801 225 812 225 800 225 812 226 801 226 813 226 762 227 753 227 812 227 757 228 813 228 801 228 813 229 757 229 763 229 745 230 757 230 801 230 777 231 697 231 781 231 713 232 796 232 800 232 781 233 796 233 780 233 796 234 781 234 797 234 731 235 800 235 744 235 800 236 731 236 713 236 713 237 780 237 796 237 780 238 713 238 700 238 776 239 781 239 780 239 781 240 776 240 777 240 725 241 797 241 781 241 797 242 732 242 741 242 797 243 725 243 732 243 697 244 701 244 781 244 701 245 725 245 781 245 687 246 780 246 700 246 780 247 687 247 673 247 662 248 718 248 665 248 679 249 777 249 719 249 777 250 688 250 697 250 777 251 679 251 688 251 673 252 718 252 780 252 718 253 673 253 665 253 719 254 677 254 679 254 663 255 677 255 719 255 719 256 776 256 718 256 776 257 719 257 777 257 718 258 776 258 780 258 655 259 718 259 654 259 718 260 655 260 719 260 645 261 654 261 718 261 635 262 654 262 645 262 654 263 635 263 622 263 623 264 655 264 617 264 655 265 636 265 649 265 636 266 655 266 623 266 649 267 719 267 655 267 719 268 649 268 663 268 662 269 645 269 718 269 610 270 585 270 578 270 622 271 601 271 654 271 611 272 654 272 610 272 654 273 611 273 655 273 605 274 655 274 611 274 655 275 605 275 617 275 601 276 610 276 654 276 591 277 610 277 601 277 610 278 591 278 585 278 611 279 592 279 605 279 592 280 611 280 579 280 610 281 559 281 611 281 559 282 610 282 558 282 565 283 558 283 610 283 558 284 565 284 547 284 559 285 548 285 569 285 611 286 569 286 579 286 569 287 611 287 559 287 578 288 565 288 610 288 558 289 529 289 559 289 529 290 558 290 528 290 528 291 521 291 529 291 521 292 528 292 520 292 558 293 547 293 535 293 529 294 521 294 559 294 504 295 528 295 510 295 528 296 504 296 520 296 535 297 528 297 558 297 528 298 535 298 510 298 521 299 505 299 540 299 559 300 540 300 548 300 540 301 559 301 521 301 520 302 479 302 521 302 479 303 520 303 478 303 485 304 478 304 520 304 478 305 485 305 465 305 478 306 471 306 479 306 471 307 478 307 470 307 521 308 496 308 505 308 521 309 489 309 496 309 489 310 521 310 479 310 489 311 479 311 471 311 459 312 478 312 465 312 478 313 459 313 470 313 471 314 460 314 489 314 495 315 520 315 504 315 520 316 495 316 485 316 446 317 470 317 459 317 470 318 446 318 436 318 471 319 447 319 460 319 471 320 439 320 447 320 439 321 471 321 422 321 470 322 422 322 471 322 422 323 470 323 421 323 421 324 406 324 422 324 406 325 421 325 405 325 406 326 426 326 422 326 426 327 406 327 410 327 409 328 421 328 425 328 421 329 409 329 405 329 421 330 436 330 425 330 436 331 421 331 470 331 422 332 426 332 439 332 356 333 377 333 364 333 377 334 356 334 371 334 363 335 396 335 388 335 363 336 388 336 376 336 396 337 363 337 405 337 363 338 356 338 364 338 356 339 363 339 355 339 405 340 364 340 406 340 364 341 405 341 363 341 409 342 396 342 405 342 406 343 399 343 410 343 399 344 406 344 364 344 389 345 364 345 377 345 364 346 389 346 399 346 305 347 330 347 313 347 330 348 305 348 324 348 345 349 355 349 363 349 355 350 313 350 356 350 313 351 355 351 312 351 345 352 363 352 376 352 312 353 345 353 337 353 312 354 337 354 329 354 345 355 312 355 355 355 312 356 305 356 313 356 305 357 312 357 304 357 356 358 348 358 371 358 348 359 356 359 313 359 338 360 313 360 330 360 313 361 338 361 348 361 295 362 312 362 329 362 305 363 298 363 324 363 298 364 305 364 278 364 277 365 295 365 287 365 295 366 277 366 312 366 278 367 288 367 298 367 304 368 278 368 305 368 278 369 304 369 277 369 277 370 304 370 312 370 277 371 228 371 278 371 228 372 277 372 227 372 227 373 268 373 258 373 268 374 227 374 277 374 228 375 253 375 259 375 228 376 259 376 272 376 278 377 272 377 288 377 272 378 278 378 228 378 268 379 277 379 287 379 245 380 227 380 258 380 227 381 245 381 235 381 228 382 246 382 253 382 228 383 238 383 246 383 238 384 228 384 182 384 227 385 182 385 228 385 182 386 227 386 181 386 216 387 181 387 222 387 181 388 235 388 222 388 235 389 181 389 227 389 182 390 217 390 238 390 181 391 107 391 182 391 107 392 181 392 106 392 106 393 190 393 170 393 190 394 106 394 181 394 171 395 107 395 173 395 107 396 171 396 193 396 182 397 200 397 217 397 182 398 193 398 200 398 193 399 182 399 107 399 199 400 181 400 216 400 181 401 199 401 190 401 106 402 41 402 107 402 41 403 106 403 40 403 129 404 44 404 125 404 106 405 153 405 155 405 153 406 106 406 170 406 41 407 45 407 107 407 125 408 40 408 126 408 40 409 125 409 44 409 40 410 155 410 142 410 40 411 142 411 126 411 155 412 40 412 106 412 143 413 45 413 130 413 45 414 143 414 159 414 107 415 159 415 173 415 159 416 107 416 45 416 41 417 44 417 45 417 44 418 41 418 40 418 44 419 21 419 45 419 21 420 44 420 20 420 20 421 102 421 92 421 20 422 92 422 80 422 102 423 20 423 44 423 45 424 115 424 130 424 115 425 45 425 21 425 115 426 21 426 25 426 24 427 80 427 83 427 80 428 24 428 20 428 93 429 25 429 84 429 25 430 93 430 115 430 102 431 44 431 129 431 21 432 24 432 25 432 24 433 21 433 20 433 73 434 24 434 83 434 25 435 76 435 84 435 76 436 25 436 9 436 24 437 9 437 25 437 9 438 24 438 8 438 8 439 15 439 9 439 15 440 8 440 14 440 58 441 70 441 65 441 9 442 70 442 58 442 70 443 9 443 15 443 69 444 57 444 64 444 14 445 57 445 69 445 57 446 14 446 8 446 8 447 73 447 57 447 73 448 8 448 24 448 9 449 58 449 76 449 14 450 27 450 15 450 27 451 14 451 26 451 26 452 77 452 85 452 77 453 26 453 14 453 14 454 69 454 77 454 74 455 27 455 86 455 27 456 88 456 86 456 88 457 27 457 31 457 15 458 74 458 70 458 74 459 15 459 27 459 27 460 30 460 31 460 30 461 27 461 26 461 51 462 134 462 47 462 116 463 30 463 26 463 96 464 26 464 85 464 26 465 96 465 116 465 47 466 50 466 51 466 50 467 47 467 46 467 30 468 47 468 31 468 47 469 30 469 46 469 46 470 116 470 131 470 116 471 46 471 30 471 31 472 103 472 97 472 31 473 97 473 88 473 103 474 31 474 47 474 132 475 47 475 134 475 103 476 47 476 132 476 146 477 46 477 131 477 46 478 146 478 160 478 51 479 156 479 147 479 51 480 147 480 134 480 156 481 51 481 109 481 176 482 108 482 174 482 108 483 160 483 174 483 160 484 108 484 46 484 109 485 157 485 156 485 157 486 109 486 177 486 50 487 109 487 51 487 109 488 50 488 108 488 50 489 46 489 108 489 108 490 184 490 109 490 184 491 108 491 183 491 183 492 203 492 218 492 183 493 194 493 203 493 194 494 183 494 108 494 219 495 184 495 223 495 204 496 184 496 219 496 184 497 204 497 191 497 109 498 191 498 177 498 191 499 109 499 184 499 108 500 176 500 194 500 183 501 218 501 239 501 184 502 236 502 223 502 236 503 184 503 230 503 183 504 230 504 184 504 230 505 183 505 229 505 229 506 254 506 260 506 229 507 249 507 254 507 229 508 239 508 249 508 239 509 229 509 183 509 250 510 230 510 261 510 230 511 250 511 236 511 279 512 273 512 291 512 273 513 279 513 229 513 269 514 280 514 292 514 230 515 269 515 261 515 269 516 230 516 280 516 229 517 260 517 273 517 229 518 280 518 230 518 280 519 229 519 279 519 306 520 315 520 307 520 315 521 306 521 314 521 279 522 291 522 299 522 280 523 307 523 315 523 306 524 331 524 314 524 331 525 306 525 325 525 306 526 299 526 325 526 299 527 306 527 279 527 296 528 315 528 332 528 280 529 296 529 292 529 296 530 280 530 315 530 279 531 307 531 280 531 307 532 279 532 306 532 357 533 349 533 372 533 349 534 357 534 314 534 357 535 366 535 358 535 366 536 357 536 365 536 315 537 346 537 342 537 315 538 342 538 332 538 346 539 315 539 358 539 346 540 358 540 366 540 357 541 378 541 365 541 378 542 357 542 372 542 346 543 366 543 379 543 341 544 314 544 331 544 314 545 341 545 349 545 314 546 358 546 315 546 358 547 314 547 357 547 392 548 365 548 378 548 365 549 392 549 400 549 415 550 427 550 431 550 427 551 415 551 411 551 365 552 416 552 366 552 416 553 365 553 415 553 412 554 432 554 428 554 432 555 412 555 416 555 366 556 397 556 393 556 366 557 393 557 379 557 397 558 366 558 416 558 415 559 432 559 416 559 432 560 415 560 431 560 415 561 400 561 411 561 400 562 415 562 365 562 397 563 416 563 412 563 472 564 450 564 461 564 472 565 440 565 450 565 440 566 472 566 431 566 431 567 427 567 440 567 451 568 473 568 462 568 473 569 451 569 437 569 462 570 481 570 466 570 481 571 462 571 473 571 431 572 473 572 432 572 473 573 431 573 472 573 432 574 437 574 428 574 437 575 432 575 473 575 472 576 481 576 473 576 481 577 472 577 480 577 507 578 531 578 511 578 531 579 507 579 523 579 490 580 480 580 472 580 472 581 461 581 490 581 522 582 531 582 523 582 531 583 522 583 530 583 480 584 523 584 481 584 523 585 480 585 522 585 522 586 499 586 506 586 522 587 490 587 499 587 490 588 522 588 480 588 486 589 481 589 523 589 481 590 486 590 466 590 500 591 523 591 507 591 523 592 500 592 486 592 522 593 506 593 541 593 536 594 531 594 561 594 531 595 536 595 511 595 560 596 541 596 551 596 541 597 560 597 522 597 561 598 552 598 536 598 530 599 561 599 531 599 561 600 530 600 560 600 530 601 522 601 560 601 612 602 570 602 580 602 570 603 612 603 560 603 581 604 566 604 613 604 566 605 561 605 613 605 561 606 566 606 552 606 613 607 586 607 581 607 560 608 551 608 570 608 560 609 613 609 561 609 613 610 560 610 612 610 624 611 656 611 618 611 612 612 595 612 606 612 595 613 612 613 580 613 602 614 613 614 657 614 596 615 613 615 602 615 613 616 596 616 586 616 657 617 612 617 656 617 612 618 657 618 613 618 606 619 656 619 612 619 656 620 606 620 618 620 625 621 602 621 657 621 721 622 656 622 720 622 656 623 721 623 657 623 650 624 720 624 656 624 720 625 650 625 668 625 669 626 646 626 721 626 646 627 657 627 721 627 640 628 657 628 646 628 657 629 640 629 625 629 669 630 721 630 666 630 656 631 639 631 650 631 639 632 656 632 624 632 706 633 702 633 782 633 782 634 787 634 786 634 787 635 782 635 783 635 720 636 682 636 680 636 668 637 682 637 720 637 721 638 787 638 783 638 786 639 706 639 782 639 680 640 786 640 720 640 786 641 691 641 706 641 786 642 680 642 691 642 692 643 783 643 703 643 783 644 692 644 674 644 674 645 721 645 783 645 721 646 674 646 666 646 787 647 720 647 786 647 720 648 787 648 721 648 726 649 806 649 782 649 806 650 735 650 750 650 806 651 726 651 735 651 802 652 807 652 806 652 807 653 802 653 803 653 714 654 783 654 807 654 783 655 714 655 703 655 714 656 807 656 803 656 750 657 802 657 806 657 802 658 750 658 746 658 736 659 803 659 747 659 803 660 736 660 714 660 702 661 726 661 782 661 807 662 782 662 806 662 782 663 807 663 783 663 746 664 758 664 802 664 770 665 810 665 814 665 765 666 810 666 770 666 810 667 765 667 760 667 815 668 802 668 814 668 802 669 815 669 803 669 754 670 803 670 815 670 803 671 754 671 747 671 810 672 815 672 814 672 815 673 810 673 811 673 761 674 815 674 811 674 766 675 815 675 761 675 815 676 766 676 771 676 758 677 814 677 802 677 814 678 758 678 770 678 771 679 754 679 815 679 740 680 799 680 795 680 799 681 740 681 743 681 752 682 798 682 810 682 798 683 752 683 742 683 794 684 799 684 798 684 799 685 794 685 795 685 799 686 810 686 798 686 810 687 799 687 811 687 760 688 752 688 810 688 756 689 811 689 799 689 811 690 756 690 761 690 743 691 756 691 799 691 775 692 696 692 779 692 712 693 794 693 798 693 779 694 794 694 778 694 794 695 779 695 795 695 729 696 798 696 742 696 798 697 729 697 712 697 712 698 778 698 794 698 778 699 712 699 698 699 774 700 779 700 778 700 779 701 774 701 775 701 724 702 795 702 779 702 795 703 730 703 740 703 795 704 724 704 730 704 696 705 699 705 779 705 699 706 724 706 779 706 685 707 778 707 698 707 778 708 685 708 672 708 660 709 716 709 664 709 678 710 775 710 717 710 775 711 686 711 696 711 775 712 678 712 686 712 672 713 716 713 778 713 716 714 672 714 664 714 717 715 676 715 678 715 661 716 676 716 717 716 717 717 774 717 716 717 774 718 717 718 775 718 716 719 774 719 778 719 653 720 716 720 652 720 716 721 653 721 717 721 644 722 652 722 716 722 633 723 652 723 644 723 652 724 633 724 620 724 621 725 653 725 616 725 653 726 634 726 648 726 634 727 653 727 621 727 648 728 717 728 653 728 717 729 648 729 661 729 660 730 644 730 716 730 608 731 584 731 576 731 620 732 600 732 652 732 609 733 652 733 608 733 652 734 609 734 653 734 604 735 653 735 609 735 653 736 604 736 616 736 600 737 608 737 652 737 589 738 608 738 600 738 608 739 589 739 584 739 609 740 590 740 604 740 590 741 609 741 577 741 608 742 557 742 609 742 557 743 608 743 556 743 564 744 556 744 608 744 556 745 564 745 545 745 557 746 546 746 568 746 609 747 568 747 577 747 568 748 609 748 557 748 576 749 564 749 608 749 556 750 527 750 557 750 527 751 556 751 526 751 526 752 519 752 527 752 519 753 526 753 518 753 556 754 545 754 534 754 527 755 519 755 557 755 502 756 526 756 509 756 526 757 502 757 518 757 534 758 526 758 556 758 526 759 534 759 509 759 519 760 503 760 539 760 557 761 539 761 546 761 539 762 557 762 519 762 518 763 477 763 519 763 477 764 518 764 476 764 484 765 476 765 518 765 476 766 484 766 464 766 476 767 469 767 477 767 469 768 476 768 468 768 519 769 494 769 503 769 519 770 488 770 494 770 488 771 519 771 477 771 488 772 477 772 469 772 457 773 476 773 464 773 476 774 457 774 468 774 469 775 458 775 488 775 493 776 518 776 502 776 518 777 493 777 484 777 444 778 468 778 457 778 468 779 444 779 435 779 469 780 445 780 458 780 469 781 438 781 445 781 438 782 469 782 420 782 468 783 420 783 469 783 420 784 468 784 419 784 419 785 404 785 420 785 404 786 419 786 403 786 404 787 424 787 420 787 424 788 404 788 408 788 407 789 419 789 423 789 419 790 407 790 403 790 419 791 435 791 423 791 435 792 419 792 468 792 420 793 424 793 438 793 354 794 375 794 362 794 375 795 354 795 370 795 361 796 395 796 386 796 361 797 386 797 374 797 395 798 361 798 403 798 361 799 354 799 362 799 354 800 361 800 353 800 403 801 362 801 404 801 362 802 403 802 361 802 407 803 395 803 403 803 404 804 398 804 408 804 398 805 404 805 362 805 387 806 362 806 375 806 362 807 387 807 398 807 303 808 328 808 311 808 328 809 303 809 323 809 344 810 353 810 361 810 353 811 311 811 354 811 311 812 353 812 310 812 344 813 361 813 374 813 310 814 344 814 335 814 310 815 335 815 327 815 344 816 310 816 353 816 310 817 303 817 311 817 303 818 310 818 302 818 354 819 347 819 370 819 347 820 354 820 311 820 336 821 311 821 328 821 311 822 336 822 347 822 294 823 310 823 327 823 303 824 297 824 323 824 297 825 303 825 276 825 275 826 294 826 285 826 294 827 275 827 310 827 276 828 286 828 297 828 302 829 276 829 303 829 276 830 302 830 275 830 275 831 302 831 310 831 275 832 226 832 276 832 226 833 275 833 225 833 225 834 267 834 256 834 267 835 225 835 275 835 226 836 252 836 257 836 226 837 257 837 271 837 276 838 271 838 286 838 271 839 276 839 226 839 267 840 275 840 285 840 243 841 225 841 256 841 225 842 243 842 234 842 226 843 244 843 252 843 226 844 237 844 244 844 237 845 226 845 180 845 225 846 180 846 226 846 180 847 225 847 179 847 214 848 179 848 221 848 179 849 234 849 221 849 234 850 179 850 225 850 180 851 215 851 237 851 209 852 208 852 224 852 179 853 105 853 180 853 105 854 179 854 104 854 206 855 207 855 208 855 104 856 189 856 168 856 189 857 104 857 179 857 169 858 105 858 172 858 105 859 169 859 192 859 180 860 198 860 215 860 180 861 192 861 198 861 192 862 180 862 105 862 208 863 207 863 224 863 197 864 179 864 214 864 179 865 197 865 189 865 166 866 165 866 208 866 166 867 208 867 167 867 167 868 208 868 209 868 104 869 39 869 105 869 39 870 104 870 38 870 127 871 42 871 124 871 166 872 162 872 165 872 162 873 166 873 163 873 104 874 152 874 154 874 164 875 208 875 165 875 208 876 164 876 206 876 152 877 104 877 168 877 39 878 43 878 105 878 38 879 124 879 42 879 38 880 154 880 140 880 38 881 140 881 124 881 154 882 38 882 104 882 162 883 164 883 165 883 141 884 43 884 128 884 43 885 141 885 158 885 105 886 158 886 172 886 158 887 105 887 43 887 39 888 42 888 43 888 42 889 39 889 38 889 149 890 166 890 165 890 150 891 149 891 165 891 150 892 166 892 151 892 166 893 150 893 165 893 151 894 166 894 167 894 42 895 19 895 43 895 19 896 42 896 18 896 123 897 135 897 149 897 18 898 101 898 90 898 18 899 90 899 79 899 101 900 18 900 42 900 43 901 114 901 128 901 114 902 43 902 19 902 114 903 19 903 23 903 22 904 79 904 81 904 79 905 22 905 18 905 91 906 23 906 82 906 23 907 91 907 114 907 135 908 166 908 149 908 166 909 135 909 163 909 101 910 42 910 127 910 19 911 22 911 23 911 22 912 19 912 18 912 112 913 149 913 136 913 149 914 112 914 123 914 72 915 22 915 81 915 137 916 136 916 149 916 137 917 150 917 138 917 150 918 137 918 149 918 138 919 150 919 151 919 23 920 75 920 82 920 75 921 23 921 7 921 12 922 68 922 13 922 68 923 12 923 67 923 100 924 137 924 138 924 22 925 7 925 23 925 7 926 22 926 6 926 7 927 12 927 13 927 12 928 7 928 6 928 56 929 68 929 63 929 7 930 68 930 56 930 68 931 7 931 13 931 67 932 55 932 62 932 12 933 55 933 67 933 55 934 12 934 6 934 100 935 136 935 137 935 136 936 100 936 99 936 6 937 72 937 55 937 72 938 6 938 22 938 99 939 112 939 136 939 7 940 56 940 75 940 273 941 290 941 291 941 248 942 260 942 254 942 290 943 273 943 248 943 260 944 248 944 273 944 248 945 254 945 249 945 262 946 269 946 274 946 269 947 262 947 261 947 255 948 261 948 262 948 250 949 255 949 251 949 255 950 250 950 261 950 292 951 274 951 269 951 274 952 292 952 293 952 638 953 650 953 639 953 638 954 668 954 650 954 690 955 668 955 638 955 668 956 690 956 682 956 682 957 690 957 680 957 680 958 690 958 691 958 647 959 643 959 642 959 671 960 643 960 647 960 667 961 643 961 671 961 695 962 667 962 675 962 695 963 675 963 694 963 667 964 695 964 643 964 646 965 641 965 640 965 646 966 651 966 641 966 669 967 651 967 646 967 669 968 670 968 651 968 666 969 670 969 669 969 674 970 670 970 666 970 674 971 683 971 670 971 674 972 681 972 683 972 692 973 681 973 674 973 681 974 692 974 693 974 55 975 61 975 62 975 72 976 61 976 55 976 89 977 72 977 81 977 89 978 81 978 79 978 89 979 79 979 90 979 72 980 89 980 61 980 94 981 59 981 60 981 59 982 76 982 58 982 59 983 94 983 76 983 76 984 94 984 84 984 84 985 94 985 93 985 59 986 65 986 66 986 65 987 59 987 58 987 57 988 63 988 64 988 57 989 56 989 63 989 73 990 56 990 57 990 73 991 75 991 56 991 83 992 75 992 73 992 75 993 83 993 82 993 80 994 82 994 83 994 91 995 80 995 92 995 80 996 91 996 82 996 242 997 267 997 284 997 285 998 284 998 267 998 267 999 242 999 256 999 256 1000 242 1000 243 1000 272 1001 289 1001 288 1001 289 1002 272 1002 247 1002 259 1003 247 1003 272 1003 253 1004 247 1004 259 1004 247 1005 253 1005 246 1005 287 1006 271 1006 268 1006 271 1007 287 1007 286 1007 257 1008 268 1008 271 1008 268 1009 257 1009 258 1009 252 1010 258 1010 257 1010 258 1011 252 1011 245 1011 245 1012 252 1012 244 1012 194 1013 202 1013 203 1013 176 1014 202 1014 194 1014 174 1015 202 1015 176 1015 145 1016 174 1016 160 1016 145 1017 160 1017 146 1017 174 1018 145 1018 202 1018 195 1019 204 1019 205 1019 195 1020 191 1020 204 1020 178 1021 191 1021 195 1021 178 1022 177 1022 191 1022 175 1023 177 1023 178 1023 161 1024 177 1024 175 1024 161 1025 157 1025 177 1025 161 1026 156 1026 157 1026 148 1027 156 1027 161 1027 156 1028 148 1028 147 1028 734 1029 750 1029 735 1029 734 1030 746 1030 750 1030 734 1031 758 1031 746 1031 764 1032 758 1032 734 1032 758 1033 764 1033 770 1033 770 1034 764 1034 765 1034 749 1035 739 1035 738 1035 755 1036 739 1036 749 1036 769 1037 755 1037 773 1037 769 1038 773 1038 768 1038 755 1039 769 1039 739 1039 736 1040 751 1040 737 1040 747 1041 751 1041 736 1041 747 1042 748 1042 751 1042 754 1043 748 1043 747 1043 754 1044 759 1044 748 1044 771 1045 759 1045 754 1045 771 1046 772 1046 759 1046 766 1047 772 1047 771 1047 772 1048 766 1048 767 1048 63 1049 69 1049 64 1049 69 1050 63 1050 68 1050 85 1051 95 1051 96 1051 68 1052 85 1052 77 1052 68 1053 77 1053 69 1053 85 1054 68 1054 95 1054 67 1055 95 1055 68 1055 67 1056 61 1056 95 1056 61 1057 67 1057 62 1057 98 1058 88 1058 97 1058 87 1059 88 1059 98 1059 87 1060 86 1060 88 1060 78 1061 86 1061 87 1061 78 1062 74 1062 86 1062 71 1063 74 1063 78 1063 71 1064 70 1064 74 1064 65 1065 71 1065 66 1065 71 1066 65 1066 70 1066 684 1067 672 1067 685 1067 684 1068 664 1068 672 1068 684 1069 660 1069 664 1069 632 1070 660 1070 684 1070 660 1071 632 1071 644 1071 644 1072 632 1072 633 1072 679 1073 689 1073 688 1073 677 1074 689 1074 679 1074 663 1075 689 1075 677 1075 637 1076 663 1076 649 1076 637 1077 649 1077 636 1077 663 1078 637 1078 689 1078 678 1079 687 1079 686 1079 673 1080 678 1080 676 1080 678 1081 673 1081 687 1081 661 1082 673 1082 676 1082 673 1083 661 1083 665 1083 661 1084 662 1084 665 1084 648 1085 662 1085 661 1085 648 1086 645 1086 662 1086 634 1087 645 1087 648 1087 645 1088 634 1088 635 1088 632 1089 620 1089 633 1089 588 1090 620 1090 632 1090 620 1091 588 1091 600 1091 600 1092 588 1092 589 1092 623 1093 637 1093 636 1093 617 1094 637 1094 623 1094 593 1095 617 1095 605 1095 593 1096 605 1096 592 1096 617 1097 593 1097 637 1097 622 1098 634 1098 621 1098 634 1099 622 1099 635 1099 616 1100 622 1100 621 1100 604 1101 622 1101 616 1101 604 1102 601 1102 622 1102 590 1103 601 1103 604 1103 601 1104 590 1104 591 1104 690 1105 706 1105 691 1105 690 1106 702 1106 706 1106 734 1107 702 1107 690 1107 702 1108 734 1108 726 1108 726 1109 734 1109 735 1109 705 1110 695 1110 694 1110 739 1111 705 1111 715 1111 739 1112 715 1112 738 1112 705 1113 739 1113 695 1113 692 1114 707 1114 693 1114 703 1115 707 1115 692 1115 704 1116 707 1116 703 1116 714 1117 704 1117 703 1117 714 1118 727 1118 704 1118 736 1119 727 1119 714 1119 727 1120 736 1120 737 1120 423 1121 443 1121 407 1121 435 1122 443 1122 423 1122 443 1123 435 1123 444 1123 385 1124 407 1124 443 1124 407 1125 385 1125 395 1125 395 1126 385 1126 386 1126 448 1127 426 1127 390 1127 448 1128 439 1128 426 1128 439 1129 448 1129 447 1129 410 1130 390 1130 426 1130 399 1131 390 1131 410 1131 390 1132 399 1132 389 1132 425 1133 424 1133 409 1133 436 1134 424 1134 425 1134 438 1135 436 1135 446 1135 436 1136 438 1136 424 1136 438 1137 446 1137 445 1137 408 1138 409 1138 424 1138 398 1139 409 1139 408 1139 409 1140 398 1140 396 1140 387 1141 396 1141 398 1141 396 1142 387 1142 388 1142 284 1143 294 1143 334 1143 327 1144 334 1144 294 1144 334 1145 327 1145 335 1145 294 1146 284 1146 285 1146 330 1147 339 1147 338 1147 324 1148 339 1148 330 1148 298 1149 339 1149 324 1149 339 1150 298 1150 289 1150 289 1151 298 1151 288 1151 323 1152 329 1152 328 1152 336 1153 329 1153 337 1153 329 1154 336 1154 328 1154 297 1155 329 1155 323 1155 329 1156 297 1156 295 1156 286 1157 295 1157 297 1157 295 1158 286 1158 287 1158 449 1159 461 1159 450 1159 498 1160 461 1160 449 1160 461 1161 498 1161 490 1161 490 1162 498 1162 499 1162 486 1163 463 1163 466 1163 466 1164 463 1164 462 1164 451 1165 463 1165 452 1165 463 1166 451 1166 462 1166 463 1167 486 1167 491 1167 491 1168 486 1168 500 1168 491 1169 500 1169 501 1169 131 1170 145 1170 146 1170 95 1171 131 1171 116 1171 95 1172 116 1172 96 1172 131 1173 95 1173 145 1173 148 1174 134 1174 147 1174 133 1175 134 1175 148 1175 132 1176 134 1176 133 1176 117 1177 132 1177 133 1177 117 1178 103 1178 132 1178 98 1179 103 1179 117 1179 103 1180 98 1180 97 1180 385 1181 374 1181 386 1181 334 1182 374 1182 385 1182 374 1183 334 1183 344 1183 344 1184 334 1184 335 1184 371 1185 390 1185 377 1185 377 1186 390 1186 389 1186 390 1187 371 1187 339 1187 348 1188 339 1188 371 1188 339 1189 348 1189 338 1189 387 1190 376 1190 388 1190 347 1191 376 1191 370 1191 370 1192 376 1192 375 1192 375 1193 376 1193 387 1193 376 1194 347 1194 345 1194 345 1195 347 1195 336 1195 345 1196 336 1196 337 1196 101 1197 89 1197 90 1197 127 1198 89 1198 101 1198 139 1199 127 1199 124 1199 139 1200 124 1200 140 1200 127 1201 139 1201 89 1201 94 1202 115 1202 93 1202 94 1203 130 1203 115 1203 144 1204 130 1204 94 1204 130 1205 144 1205 143 1205 102 1206 91 1206 92 1206 102 1207 114 1207 91 1207 129 1208 114 1208 102 1208 129 1209 128 1209 114 1209 125 1210 128 1210 129 1210 126 1211 128 1211 125 1211 141 1212 126 1212 142 1212 126 1213 141 1213 128 1213 325 1214 340 1214 331 1214 331 1215 340 1215 341 1215 299 1216 340 1216 325 1216 340 1217 299 1217 290 1217 290 1218 299 1218 291 1218 332 1219 300 1219 296 1219 300 1220 332 1220 326 1220 326 1221 332 1221 333 1221 333 1222 332 1222 343 1222 343 1223 332 1223 342 1223 293 1224 296 1224 300 1224 296 1225 293 1225 292 1225 541 1226 550 1226 551 1226 550 1227 541 1227 498 1227 506 1228 498 1228 541 1228 498 1229 506 1229 499 1229 543 1230 554 1230 555 1230 536 1231 508 1231 511 1231 511 1232 508 1232 507 1232 500 1233 508 1233 501 1233 508 1234 500 1234 507 1234 508 1235 536 1235 542 1235 552 1236 542 1236 536 1236 542 1237 552 1237 553 1237 154 1238 139 1238 140 1238 152 1239 139 1239 154 1239 168 1240 139 1240 152 1240 196 1241 168 1241 189 1241 196 1242 189 1242 197 1242 168 1243 196 1243 139 1243 144 1244 159 1244 143 1244 144 1245 173 1245 159 1245 144 1246 171 1246 173 1246 201 1247 171 1247 144 1247 171 1248 201 1248 193 1248 193 1249 201 1249 200 1249 155 1250 141 1250 142 1250 158 1251 155 1251 153 1251 155 1252 158 1252 141 1252 170 1253 158 1253 153 1253 158 1254 170 1254 172 1254 170 1255 169 1255 172 1255 190 1256 169 1256 170 1256 190 1257 192 1257 169 1257 199 1258 192 1258 190 1258 192 1259 199 1259 198 1259 534 1260 492 1260 509 1260 534 1261 544 1261 492 1261 544 1262 534 1262 545 1262 509 1263 492 1263 502 1263 502 1264 492 1264 493 1264 540 1265 549 1265 548 1265 549 1266 540 1266 497 1266 505 1267 497 1267 540 1267 497 1268 505 1268 496 1268 539 1269 535 1269 547 1269 503 1270 535 1270 539 1270 539 1271 547 1271 546 1271 535 1272 503 1272 510 1272 510 1273 503 1273 504 1273 504 1274 503 1274 495 1274 495 1275 503 1275 494 1275 411 1276 391 1276 427 1276 400 1277 391 1277 411 1277 391 1278 400 1278 392 1278 449 1279 427 1279 391 1279 427 1280 449 1280 440 1280 440 1281 449 1281 450 1281 413 1282 412 1282 429 1282 401 1283 412 1283 413 1283 397 1284 401 1284 394 1284 401 1285 397 1285 412 1285 397 1286 394 1286 393 1286 428 1287 429 1287 412 1287 437 1288 429 1288 428 1288 429 1289 437 1289 441 1289 451 1290 441 1290 437 1290 441 1291 451 1291 452 1291 214 1292 196 1292 197 1292 221 1293 196 1293 214 1293 242 1294 221 1294 234 1294 242 1295 234 1295 243 1295 221 1296 242 1296 196 1296 201 1297 217 1297 200 1297 247 1298 217 1298 201 1298 217 1299 247 1299 238 1299 238 1300 247 1300 246 1300 215 1301 199 1301 216 1301 199 1302 215 1302 198 1302 222 1303 215 1303 216 1303 235 1304 215 1304 222 1304 235 1305 237 1305 215 1305 245 1306 237 1306 235 1306 237 1307 245 1307 244 1307 239 1308 248 1308 249 1308 218 1309 248 1309 239 1309 202 1310 218 1310 203 1310 218 1311 202 1311 248 1311 240 1312 250 1312 251 1312 240 1313 236 1313 250 1313 220 1314 236 1314 240 1314 236 1315 220 1315 223 1315 220 1316 219 1316 223 1316 204 1317 220 1317 205 1317 220 1318 204 1318 219 1318 372 1319 391 1319 378 1319 378 1320 391 1320 392 1320 391 1321 372 1321 340 1321 349 1322 340 1322 372 1322 340 1323 349 1323 341 1323 379 1324 350 1324 346 1324 350 1325 379 1325 373 1325 373 1326 379 1326 380 1326 380 1327 379 1327 394 1327 394 1328 379 1328 393 1328 343 1329 346 1329 350 1329 346 1330 343 1330 342 1330 728 1331 712 1331 729 1331 728 1332 698 1332 712 1332 684 1333 698 1333 728 1333 698 1334 684 1334 685 1334 725 1335 733 1335 732 1335 701 1336 733 1336 725 1336 689 1337 701 1337 697 1337 689 1338 697 1338 688 1338 701 1339 689 1339 733 1339 724 1340 731 1340 730 1340 724 1341 713 1341 731 1341 699 1342 713 1342 724 1342 699 1343 700 1343 713 1343 696 1344 700 1344 699 1344 687 1345 696 1345 686 1345 696 1346 687 1346 700 1346 588 1347 576 1347 584 1347 544 1348 564 1348 588 1348 576 1349 588 1349 564 1349 588 1350 584 1350 589 1350 564 1351 544 1351 545 1351 569 1352 593 1352 579 1352 579 1353 593 1353 592 1353 593 1354 569 1354 549 1354 548 1355 549 1355 569 1355 578 1356 568 1356 565 1356 568 1357 578 1357 577 1357 585 1358 577 1358 578 1358 590 1359 585 1359 591 1359 585 1360 590 1360 577 1360 546 1361 565 1361 568 1361 565 1362 546 1362 547 1362 594 1363 606 1363 595 1363 594 1364 618 1364 606 1364 638 1365 618 1365 594 1365 618 1366 638 1366 624 1366 624 1367 638 1367 639 1367 603 1368 599 1368 598 1368 627 1369 599 1369 603 1369 627 1370 643 1370 599 1370 643 1371 627 1371 642 1371 602 1372 597 1372 596 1372 602 1373 607 1373 597 1373 625 1374 607 1374 602 1374 607 1375 625 1375 619 1375 625 1376 626 1376 619 1376 641 1377 625 1377 640 1377 625 1378 641 1378 626 1378 570 1379 594 1379 580 1379 580 1380 594 1380 595 1380 594 1381 570 1381 550 1381 551 1382 550 1382 570 1382 567 1383 555 1383 554 1383 555 1384 567 1384 599 1384 583 1385 599 1385 567 1385 587 1386 599 1386 583 1386 599 1387 587 1387 598 1387 553 1388 566 1388 571 1388 581 1389 571 1389 566 1389 571 1390 581 1390 582 1390 586 1391 582 1391 581 1391 582 1392 586 1392 597 1392 597 1393 586 1393 596 1393 566 1394 553 1394 552 1394 764 1395 760 1395 765 1395 764 1396 752 1396 760 1396 728 1397 752 1397 764 1397 752 1398 728 1398 742 1398 742 1399 728 1399 729 1399 763 1400 769 1400 768 1400 757 1401 769 1401 763 1401 733 1402 757 1402 745 1402 733 1403 745 1403 741 1403 733 1404 741 1404 732 1404 757 1405 733 1405 769 1405 762 1406 766 1406 761 1406 766 1407 762 1407 767 1407 756 1408 762 1408 761 1408 756 1409 753 1409 762 1409 743 1410 753 1410 756 1410 753 1411 743 1411 744 1411 740 1412 744 1412 743 1412 731 1413 740 1413 730 1413 740 1414 731 1414 744 1414 443 1415 464 1415 492 1415 484 1416 492 1416 464 1416 492 1417 484 1417 493 1417 464 1418 443 1418 457 1418 457 1419 443 1419 444 1419 489 1420 497 1420 496 1420 460 1421 497 1421 489 1421 497 1422 460 1422 448 1422 448 1423 460 1423 447 1423 495 1424 488 1424 485 1424 488 1425 495 1425 494 1425 458 1426 485 1426 488 1426 485 1427 458 1427 465 1427 465 1428 458 1428 459 1428 459 1429 458 1429 446 1429 446 1430 458 1430 445 1430 89 1431 123 1431 112 1431 734 1432 728 1432 764 1432 224 1433 734 1433 690 1433 734 1434 224 1434 728 1434 224 1435 690 1435 638 1435 728 1436 224 1436 684 1436 138 1437 638 1437 594 1437 684 1438 224 1438 632 1438 138 1439 594 1439 550 1439 632 1440 224 1440 588 1440 138 1441 550 1441 498 1441 588 1442 224 1442 544 1442 138 1443 498 1443 449 1443 544 1444 224 1444 492 1444 138 1445 449 1445 391 1445 492 1446 224 1446 443 1446 138 1447 391 1447 340 1447 443 1448 224 1448 385 1448 138 1449 340 1449 290 1449 138 1450 290 1450 248 1450 385 1451 224 1451 334 1451 284 1452 224 1452 242 1452 334 1453 224 1453 284 1453 638 1454 138 1454 224 1454 138 1455 248 1455 202 1455 167 1456 224 1456 138 1456 224 1457 167 1457 209 1457 138 1458 202 1458 145 1458 167 1459 138 1459 151 1459 95 1460 138 1460 145 1460 61 1461 100 1461 95 1461 138 1462 95 1462 100 1462 196 1463 224 1463 207 1463 196 1464 207 1464 206 1464 224 1465 196 1465 242 1465 139 1466 206 1466 164 1466 139 1467 164 1467 162 1467 139 1468 162 1468 163 1468 206 1469 139 1469 196 1469 89 1470 163 1470 135 1470 89 1471 135 1471 123 1471 61 1472 112 1472 99 1472 163 1473 89 1473 139 1473 100 1474 61 1474 99 1474 112 1475 61 1475 89 1475 514 1476 573 1476 515 1476 573 1477 514 1477 572 1477 791 1478 818 1478 819 1478 818 1479 791 1479 790 1479 4 1480 37 1480 36 1480 37 1481 4 1481 5 1481 0 1482 5 1482 4 1482 5 1483 0 1483 1 1483 36 1484 122 1484 121 1484 122 1485 36 1485 37 1485 210 1486 264 1486 211 1486 264 1487 210 1487 263 1487 320 1488 266 1488 321 1488 266 1489 320 1489 265 1489 2 1490 1 1490 0 1490 1 1491 2 1491 3 1491 121 1492 213 1492 212 1492 213 1493 121 1493 122 1493 793 1494 710 1494 711 1494 710 1495 793 1495 792 1495 210 1496 120 1496 119 1496 120 1497 210 1497 211 1497 711 1498 630 1498 631 1498 630 1499 711 1499 710 1499 119 1500 35 1500 34 1500 35 1501 119 1501 120 1501 630 1502 575 1502 631 1502 575 1503 630 1503 574 1503 818 1504 820 1504 822 1504 790 1505 820 1505 818 1505 790 1506 792 1506 820 1506 708 1507 792 1507 790 1507 708 1508 710 1508 792 1508 628 1509 710 1509 708 1509 628 1510 630 1510 710 1510 572 1511 630 1511 628 1511 572 1512 574 1512 630 1512 514 1513 574 1513 572 1513 514 1514 516 1514 574 1514 453 1515 516 1515 514 1515 453 1516 455 1516 516 1516 381 1517 455 1517 453 1517 381 1518 383 1518 455 1518 318 1519 383 1519 381 1519 318 1520 320 1520 383 1520 263 1521 320 1521 318 1521 263 1522 265 1522 320 1522 210 1523 265 1523 263 1523 210 1524 212 1524 265 1524 119 1525 212 1525 210 1525 119 1526 121 1526 212 1526 34 1527 121 1527 119 1527 34 1528 36 1528 121 1528 2 1529 36 1529 34 1529 2 1530 4 1530 36 1530 4 1531 2 1531 0 1531 34 1532 3 1532 2 1532 3 1533 34 1533 35 1533 455 1534 384 1534 456 1534 384 1535 455 1535 383 1535 572 1536 629 1536 573 1536 629 1537 572 1537 628 1537 769 1538 823 1538 821 1538 739 1539 821 1539 793 1539 823 1540 769 1540 819 1540 733 1541 819 1541 769 1541 821 1542 739 1542 769 1542 695 1543 793 1543 711 1543 793 1544 695 1544 739 1544 711 1545 643 1545 695 1545 631 1546 643 1546 711 1546 631 1547 599 1547 643 1547 575 1548 599 1548 631 1548 575 1549 555 1549 599 1549 575 1550 543 1550 555 1550 575 1551 538 1551 543 1551 575 1552 537 1552 538 1552 517 1553 537 1553 575 1553 517 1554 513 1554 537 1554 512 1555 513 1555 517 1555 517 1556 487 1556 512 1556 517 1557 467 1557 487 1557 456 1558 467 1558 517 1558 456 1559 442 1559 467 1559 456 1560 430 1560 442 1560 456 1561 414 1561 430 1561 384 1562 414 1562 456 1562 414 1563 384 1563 402 1563 384 1564 369 1564 402 1564 384 1565 352 1565 369 1565 321 1566 352 1566 384 1566 352 1567 321 1567 351 1567 351 1568 321 1568 322 1568 321 1569 301 1569 322 1569 266 1570 301 1570 321 1570 301 1571 266 1571 283 1571 283 1572 266 1572 270 1572 266 1573 241 1573 270 1573 213 1574 241 1574 266 1574 241 1575 213 1575 233 1575 213 1576 188 1576 233 1576 122 1577 188 1577 213 1577 188 1578 122 1578 187 1578 122 1579 118 1579 187 1579 37 1580 118 1580 122 1580 118 1581 37 1581 113 1581 113 1582 37 1582 54 1582 54 1583 37 1583 53 1583 53 1584 37 1584 49 1584 5 1585 49 1585 37 1585 5 1586 29 1586 33 1586 49 1587 5 1587 33 1587 29 1588 1 1588 17 1588 29 1589 5 1589 1 1589 819 1590 733 1590 791 1590 689 1591 791 1591 733 1591 791 1592 689 1592 709 1592 637 1593 709 1593 689 1593 637 1594 629 1594 709 1594 593 1595 629 1595 637 1595 593 1596 573 1596 629 1596 549 1597 573 1597 593 1597 549 1598 515 1598 573 1598 497 1599 515 1599 549 1599 497 1600 454 1600 515 1600 448 1601 454 1601 497 1601 390 1602 454 1602 448 1602 390 1603 382 1603 454 1603 339 1604 382 1604 390 1604 339 1605 319 1605 382 1605 289 1606 319 1606 339 1606 289 1607 264 1607 319 1607 247 1608 264 1608 289 1608 247 1609 211 1609 264 1609 201 1610 211 1610 247 1610 120 1611 201 1611 144 1611 201 1612 120 1612 211 1612 35 1613 144 1613 94 1613 11 1614 94 1614 60 1614 144 1615 35 1615 120 1615 94 1616 11 1616 3 1616 17 1617 1 1617 11 1617 94 1618 3 1618 35 1618 11 1619 1 1619 3 1619 574 1620 517 1620 575 1620 517 1621 574 1621 516 1621 819 1622 822 1622 823 1622 822 1623 819 1623 818 1623 629 1624 708 1624 709 1624 708 1625 629 1625 628 1625 709 1626 790 1626 791 1626 790 1627 709 1627 708 1627 318 1628 382 1628 319 1628 382 1629 318 1629 381 1629 823 1630 820 1630 821 1630 820 1631 823 1631 822 1631 383 1632 321 1632 384 1632 321 1633 383 1633 320 1633 265 1634 213 1634 266 1634 213 1635 265 1635 212 1635 516 1636 456 1636 517 1636 456 1637 516 1637 455 1637 263 1638 319 1638 264 1638 319 1639 263 1639 318 1639 381 1640 454 1640 382 1640 454 1641 381 1641 453 1641 453 1642 515 1642 454 1642 515 1643 453 1643 514 1643 821 1644 792 1644 793 1644 792 1645 821 1645 820 1645</p>
        </triangles>
      </mesh>
    </geometry>
  </library_geometries>
  <library_materials>
    <material id="mat_bottle_cap" name="bottle_cap">
      <instance_effect url="#effect_bottle_cap"/>
    </material>
  </library_materials>
  <library_visual_scenes>
    <visual_scene id="myscene">
      <node id="node0" name="node0">
        <instance_geometry url="#geometry0">
          <bind_material>
            <technique_common>
              <instance_material symbol="ref_bottle_cap" target="#mat_bottle_cap"/>
            </technique_common>
          </bind_material>
        </instance_geometry>
      </node>
    </visual_scene>
  </library_visual_scenes>
  <scene>
    <instance_visual_scene url="#myscene"/>
  </scene>
</COLLADA>
