<COLLADA xmlns="http://www.collada.org/2005/11/COLLADASchema" version="1.4.1">
  <asset>
    <contributor/>
    <created>2024-10-21T08:46:57.058495</created>
    <modified>2024-10-21T08:46:57.058505</modified>
    <unit name="meter" meter="1.0"/>
    <up_axis>Z_UP</up_axis>
  </asset>
  <library_effects>
    <effect id="effect_Mesh" name="effect_Mesh">
      <profile_COMMON>
        <technique sid="common">
          <phong>
            <emission>
              <color>0.0 0.0 0.0 1.0</color>
            </emission>
            <ambient>
              <color>0.0 0.0 0.0 1.0</color>
            </ambient>
            <diffuse>
              <color>0.800000011920929 0.800000011920929 0.800000011920929 1.0</color>
            </diffuse>
            <specular>
              <color>1 1 1 1.0</color>
            </specular>
            <shininess>
              <float>0.0</float>
            </shininess>
            <reflective>
              <color>0.0 0.0 0.0 1.0</color>
            </reflective>
            <reflectivity>
              <float>0.0</float>
            </reflectivity>
            <transparent>
              <color>0.0 0.0 0.0 1.0</color>
            </transparent>
            <transparency>
              <float>1.0</float>
            </transparency>
          </phong>
        </technique>
        <extra>
          <technique profile="GOOGLEEARTH">
            <double_sided>0</double_sided>
          </technique>
        </extra>
      </profile_COMMON>
    </effect>
  </library_effects>
  <library_geometries>
    <geometry id="geometry0" name="Mesh">
      <mesh>
        <source id="cubeverts-array0">
          <float_array count="17040" id="cubeverts-array0-array">-0.009056789 -0.02186496 0.0004110498 -0.01183329 -0.02049579 0.0004110498 -0.01149885 -0.01991655 0.0001840005 -0.01642572 0.02140641 0.04916511 -0.01907928 0.01907928 0.04916511 -0.01639332 0.0213642 0.04972797 -0.02155302 0.01244367 0.001115892 -0.02201292 0.01270917 0.001581624 -0.01974447 0.01515042 0.001115892 0.01130175 0.01472868 0.05758228 0.009 0.01558845 0.0576 0.01095768 0.01428039 0.0576 -0.01767195 -0.00731997 0.05752899 -0.01847619 -0.004950693 0.05752899 -0.01818792 -0.007533666 0.05744061 -0.0135783 -0.01769562 4.619754e-05 -0.01626174 -0.01626174 0.0001840005 -0.01577187 -0.01577187 4.619754e-05 0.01017513 0.02456496 0.00333351 0.006881724 0.02568294 0.00333351 0.01026207 0.02477475 0.004002381 -0.02109447 0.01618632 0.00333351 -0.02127456 0.01632456 0.004002381 -0.01896174 0.01896174 0.004002381 0.003429774 0.02605176 0.0027 0 0.02658897 0.00333351 0.003470553 0.02636145 0.00333351 -0.003524211 0.02676897 0.0054 -0.006988113 0.02608002 0.0486 -0.003524211 0.02676897 0.0486 -0.006988113 0.02608002 0.0054 -0.0252009 -0.00331776 0.001581624 -0.02566269 -0.003378555 0.002112687 -0.02541834 0 0.001581624 -0.02675142 -0.003521889 0.04916511 -0.027 0 0.0486 -0.02676897 -0.003524211 0.0486 0.003089097 -0.02346399 0.0004110498 0 -0.0243 0.0007234623 0 -0.02366649 0.0004110498 -0.01313829 -0.02275614 0.0027 -0.01599615 -0.02084661 0.0027 -0.01294209 -0.0224163 0.002112687 -0.02113074 -0.002781918 0.05696802 -0.02164527 -0.002849652 0.05674347 -0.02058687 -0.005516244 0.05696802 0.02299761 0 0.0001840005 0.02211399 -0.002911365 4.619754e-05 0.02230488 0 4.619754e-05 0.01579374 0.01579374 0.05648679 0.01329048 0.0173205 0.05674347 0.01543752 0.01543752 0.05674347 -0.02053737 0.01575882 0.05293575 -0.02264085 0.01307169 0.05243202 -0.02241855 0.01294335 0.05293575 -0.02601144 0.006969744 0.04972797 -0.02675142 0.003521889 0.04916511 -0.02669868 0.003514941 0.04972797 -0.0135783 0.01769562 4.619754e-05 -0.01400004 0.01824525 0.0001840005 -0.01149885 0.01991655 0.0001840005 -0.01883169 0.01445004 0.05553459 -0.02092392 0.01208043 0.05516073 -0.02055672 0.01186839 0.05553459 -0.02129409 0.0163395 0.05028642 -0.02324466 0.01342026 0.05028642 -0.02313783 0.01335861 0.05083821 -0.02588409 0 0.002112687 -0.02566269 0.003378555 0.002112687 -0.01265076 -0.01648683 0.05715954 -0.01297458 -0.01690884 0.05696802 -0.01065654 -0.01845774 0.05696802 0.003514941 -0.02669868 0.04972797 0 -0.02692899 0.04972797 0.003521889 -0.02675142 0.04916511 -0.02023821 0 0.05731722 -0.02078118 0 0.05715954 -0.02006505 -0.002641617 0.05731722 -0.0108 -0.01870614 0 -0.01314927 -0.01713645 0 0.006988113 -0.02608002 0.0054 0.003518181 -0.02672325 0.004695156 0.006976161 -0.02603538 0.004695156 -0.01878039 -0.01878039 0.05138118 -0.02119617 -0.01626444 0.05083821 -0.0188919 -0.0188919 0.05083821 -0.01130175 -0.01472868 0.05758228 -0.01164438 -0.01517526 0.05752899 -0.00956403 -0.01656531 0.05752899 -0.01931652 0.01115244 4.619754e-05 -0.02060703 0.00853569 4.619754e-05 -0.01991655 0.01149885 0.0001840005 -0.00952398 -0.02299284 0.001115892 -0.01244367 -0.02155302 0.001115892 -0.01215 -0.02104443 0.0007234623 -0.02692899 0 0.04972797 -0.02698227 0 0.04916511 -0.0223218 0.00924597 0.05516073 -0.02333763 0.006253308 0.05516073 -0.02292804 0.006143536 0.05553459 -0.01974447 -0.01515042 0.001115892 -0.02155302 -0.01244367 0.001115892 -0.02104443 -0.01215 0.0007234623 -0.005590494 -0.02086398 0 -0.00853569 -0.02060703 4.619754e-05 -0.00826596 -0.01995579 0 0.003001788 -0.02280087 0.0001840005 0 -0.02299761 0.0001840005 0.002911365 -0.02211399 4.619754e-05 -0.02005686 -0.01539018 0.05389002 -0.02216934 -0.01279944 0.05342247 -0.02030904 -0.01558368 0.05342247 0.002911365 0.02211399 4.619754e-05 0 0.0216 0 0 0.02230488 4.619754e-05 0.02605176 0.003429774 0.0027 0.02538117 0.006800868 0.0027 0.02568294 0.006881724 0.00333351 -0.01198431 -0.01561833 0.05744061 -0.01431054 -0.01431054 0.05731722 -0.01232028 -0.01605609 0.05731722 0.005952222 0.02221398 0.0001840005 0.003001788 0.02280087 0.0001840005 -0.006988113 -0.02608002 0.0054 -0.003524211 -0.02676897 0.0486 -0.006988113 -0.02608002 0.0486 -0.003524211 -0.02676897 0.0054 0.002849652 0.02164527 0.05674347 0 0.02183202 0.05674347 0.002781918 0.02113074 0.05696802 -0.01818792 0.007533666 0.05744061 -0.01847619 0.004950693 0.05752899 -0.01767195 0.00731997 0.05752899 -0.02053737 -0.01575882 0.05293575 -0.02416095 0 0.05516073 -0.02456073 0 0.05476095 -0.02395422 -0.003153627 0.05516073 -0.02241855 -0.01294335 0.05293575 -0.02435058 -0.003205818 0.05476095 -0.02372382 -0.006356781 0.05476095 -0.01931652 -0.01115244 4.619754e-05 -0.01995579 -0.00826596 0 -0.01870614 -0.0108 0 -0.0249021 -0.01031481 0.004695156 -0.02608002 -0.006988113 0.0054 -0.02603538 -0.006976161 0.004695156 -0.02245023 -0.00929925 0.0007234623 -0.02186496 -0.009056789 0.0004110498 -0.01626444 -0.02119617 0.05083821 -0.01897911 -0.01897911 0.05028642 -0.0163395 -0.02129409 0.05028642 -0.02286009 -0.006125337 0.0004110498 -0.02221398 -0.005952222 0.0001840005 -0.02672325 -0.003518181 0.004695156 -0.02590227 -0.006940494 0.004002381 0.01026207 -0.02477475 0.004002381 0.01017513 -0.02456496 0.00333351 0.01340802 -0.02322333 0.004002381 -0.0243 0 0.0007234623 -0.02488734 0 0.001115892 -0.0246744 0.003248442 0.001115892 -0.02538117 -0.006800868 0.0027 -0.02605176 -0.003429774 0.0027 -0.02500209 -0.006699303 0.002112687 -0.01130175 0.01472868 0.05758228 -0.01312749 0.01312749 0.05758228 -0.01272789 0.01272789 0.0576 0.003441708 0.02614239 0.05191308 0 0.02614347 0.05243202 0.003412404 0.02591982 0.05243202 -0.02309085 0.003039966 0.05588118 -0.02329002 0 0.05588118 -0.02282247 0 0.05619897 0.01198431 0.01561833 0.05744061 0.01164438 0.01517526 0.05752899 0.01392039 0.01392039 0.05744061 0 -0.0216 0 0.002819367 -0.02141523 0 0.02127456 -0.01632456 0.004002381 0.02109447 -0.01618632 0.00333351 0.02322333 -0.01340802 0.004002381 0.01643652 -0.02142054 0.0054 0.01909188 -0.01909188 0.0486 0.01643652 -0.02142054 0.0486 0.01909188 -0.01909188 0.0054 -0.003171789 -0.0240921 0.0007234623 -0.003089097 -0.02346399 0.0004110498 -0.02060703 -0.00853569 4.619754e-05 -0.02086398 -0.005590494 0 -0.02537991 0.003341331 0.05342247 -0.02588679 0 0.05293575 -0.02559897 0 0.05342247 0.01507068 -0.01507068 0.05696802 0.01297458 -0.01690884 0.05696802 0.01329048 -0.0173205 0.05674347 -0.02408499 -0.006453549 0.05433678 -0.0244197 -0.006543243 0.05389002 -0.02303658 -0.009542069 0.05433678 -0.02661093 0.003503394 0.05028642 -0.02684061 0 0.05028642 -0.02648871 0.003487302 0.05083821 -0.01005561 -0.02427633 0.0027 -0.01329444 -0.02302668 0.00333351 0.003429774 -0.02605176 0.0027 0.003378555 -0.02566269 0.002112687 0.006699303 -0.02500209 0.002112687 0.003248442 -0.0246744 0.001115892 0.003171789 -0.0240921 0.0007234623 0.006289299 -0.023472 0.0007234623 0.02494476 0.01033245 0.0486 0.02338272 0.0135 0.0054 0.02338272 0.0135 0.0486 0.02494476 0.01033245 0.0054 0.02211399 0.002911365 4.619754e-05 0.02280087 0.003001788 0.0001840005 -0.006356781 -0.02372382 0.05476095 -0.006453549 -0.02408499 0.05433678 -0.003254616 -0.02472129 0.05433678 -0.01472868 0.01130175 0.05758228 -0.01607787 0.00928251 0.05758228 -0.01558845 0.009 0.0576 -0.01752678 0.01011906 0.05731722 -0.01869768 0.007744824 0.05731722 -0.01704897 0.00984321 0.05744061 0.01784601 -0.002349468 0.0576 0.01738665 -0.004658742 0.0576 0.01840626 -0.002423232 0.05758228 -0.01848618 0.01848618 0.05243202 -0.02091915 0.01605177 0.05191308 -0.02074095 0.01591515 0.05243202 -0.01901565 -0.005095224 0.05744061 -0.02591982 -0.003412404 0.05243202 -0.02614347 0 0.05243202 -0.02614239 -0.003441708 0.05191308 -0.02204478 0.00590688 0.05619897 -0.02262717 0.002978928 0.05619897 -0.02214468 0.002915406 0.05648679 -0.01784601 -0.002349468 0.0576 -0.01840626 -0.002423232 0.05758228 -0.01738665 -0.004658742 0.0576 -0.01976481 -0.01141119 0.05619897 -0.02016981 -0.01164501 0.05588118 -0.01810629 -0.01389339 0.05619897 -0.02108808 -0.005650542 0.05674347 -0.02157471 -0.005780925 0.05648679 -0.02333763 -0.006253308 0.05516073 0.01479294 0.01927845 0.0007234623 0.01215 0.02104443 0.0007234623 0.01515042 0.01974447 0.001115892 -0.01270917 -0.02201292 0.001581624 -0.0154737 -0.02016576 0.001581624 -0.01515042 -0.01974447 0.001115892 -0.006578757 -0.02455227 0.001581624 -0.0099054 -0.02391381 0.002112687 -0.009727201 -0.02348352 0.001581624 -0.02391381 -0.0099054 0.002112687 -0.02455227 -0.006578757 0.001581624 -0.02348352 -0.009727201 0.001581624 -0.02332125 -0.01346454 0.04972797 -0.02487915 -0.01030527 0.04972797 -0.02336733 -0.01349109 0.04916511 0 -0.02588409 0.002112687 -0.003378555 -0.02566269 0.002112687 0 -0.02541834 0.001581624 -0.02676897 -0.003524211 0.0054 -0.027 0 0.0054 -0.02695383 0 0.004695156 -0.02606283 -0.006983514 0.04916511 -0.02608002 -0.006988113 0.0486 -0.02492829 -0.01032561 0.04916511 -0.01927845 -0.01479294 0.0007234623 -0.02211399 0.002911365 4.619754e-05 -0.02280087 0.003001788 0.0001840005 -0.02221398 0.005952222 0.0001840005 -0.01479294 -0.01927845 0.0007234623 -0.01718271 -0.01718271 0.0007234623 -0.01673478 -0.01673478 0.0004110498 -0.01830285 -0.01830285 0.002112687 -0.01797354 -0.01797354 0.001581624 -0.02283534 0.01318401 0.05191308 -0.02453778 0.01016388 0.05138118 -0.02436084 0.01009062 0.05191308 -0.02299761 0 0.0001840005 -0.02366649 0 0.0004110498 -0.02346399 0.003089097 0.0004110498 -0.02605176 0.003429774 0.0027 -0.02658897 0 0.00333351 -0.02636145 0.003470553 0.00333351 -0.02636145 -0.003470553 0.00333351 -0.02681604 0 0.004002381 -0.02658654 -0.00350019 0.004002381 -0.02211399 -0.002911365 4.619754e-05 -0.02230488 0 4.619754e-05 -0.0216 0 0 -0.02299284 0.00952398 0.001115892 -0.01799703 0.01039059 0.05715954 -0.01919925 0.007952598 0.05715954 -0.006969744 0.02601144 0.04972797 -0.01032561 0.02492829 0.04916511 -0.01030527 0.02487915 0.04972797 0.006969744 0.02601144 0.04972797 0.006946848 0.02592603 0.05028642 0.01030527 0.02487915 0.04972797 -0.01830285 0.01830285 0.002112687 -0.02053521 0.01575729 0.002112687 -0.01858032 0.01858032 0.0027 -0.01115244 -0.01931652 4.619754e-05 0.01329444 -0.02302668 0.00333351 0.01618632 -0.02109447 0.00333351 0.02084661 0.01599615 0.0027 0.01858032 0.01858032 0.0027 0.02109447 0.01618632 0.00333351 0.02138391 0.01640844 0.004695156 0.01905921 0.01905921 0.004695156 0.01909188 0.01909188 0.0054 0.01878039 0.01878039 0.05138118 0.01864494 0.01864494 0.05191308 0.02091915 0.01605177 0.05191308 0.02477475 0.01026207 0.004002381 0.02322333 0.01340802 0.004002381 0.02334267 0.01347687 0.004695156 0 -0.02230488 4.619754e-05 0.01991655 0.01149885 0.0001840005 0.01769562 0.0135783 4.619754e-05 0.01824525 0.01400004 0.0001840005 -0.01527354 0.01527354 0 -0.01577187 0.01577187 4.619754e-05 -0.01495161 -0.01948536 0.05476095 -0.01517922 -0.019782 0.05433678 -0.01228032 -0.02127024 0.05476095 0 -0.02658897 0.00333351 -0.003470553 -0.02636145 0.00333351 -0.003429774 -0.02605176 0.0027 -0.02129409 -0.0163395 0.05028642 -0.0213642 -0.01639332 0.04972797 -0.02313783 -0.01335861 0.05083821 -0.02264085 -0.01307169 0.05243202 -0.02436084 -0.01009062 0.05191308 -0.02283534 -0.01318401 0.05191308 -0.02494476 -0.01033245 0.0486 -0.02655954 0 0.05138118 -0.02671722 0 0.05083821 -0.02648871 -0.003487302 0.05083821 -0.02391624 -0.00990639 0.05293575 -0.02525265 -0.006766416 0.05243202 -0.02415339 -0.01000467 0.05243202 -0.0256653 -0.003378897 0.05293575 -0.02633229 -0.00346671 0.05138118 -0.02546955 -0.006824538 0.05191308 -0.01909188 -0.01909188 0.0054 -0.02142054 -0.01643652 0.0486 -0.02142054 -0.01643652 0.0054 -0.01909188 -0.01909188 0.0486 0.02334267 -0.01347687 0.004695156 0.02104443 -0.01215 0.0007234623 0.01877589 -0.01440729 0.0004110498 0.02049579 -0.01183329 0.0004110498 0.02142054 -0.01643652 0.0054 0.02138391 -0.01640844 0.004695156 0.02468349 -0.01022427 0.05083821 0.02313783 -0.01335861 0.05083821 0.02479743 -0.01027143 0.05028642 0.02338272 -0.0135 0.0054 0.01130175 -0.01472868 0.05758228 0.00928251 -0.01607787 0.05758228 0.00956403 -0.01656531 0.05752899 0.02608002 -0.006988113 0.0054 0.0249021 -0.01031481 0.004695156 0.02603538 -0.006976161 0.004695156 0.01763145 -0.01763145 0.05433678 0.01517922 -0.019782 0.05433678 0.01539018 -0.02005686 0.05389002 0.02329002 0 0.05588118 0.02309085 -0.003039966 0.05588118 0.02373678 0 0.05553459 0.002978928 0.02262717 0.05619897 0.002915406 0.02214468 0.05648679 0.00590688 0.02204478 0.05619897 -0.006453549 0.02408499 0.05433678 -0.009542069 0.02303658 0.05433678 -0.006356781 0.02372382 0.05476095 0.02023821 0 0.05731722 0.01951803 -0.00256959 0.05744061 0.02006505 -0.002641617 0.05731722 -0.01605609 0.01232028 0.05731722 0.01539018 0.02005686 0.05389002 0.01517922 0.019782 0.05433678 0.01763145 0.01763145 0.05433678 0.003098277 0.02353374 0.05553459 0 0.02373678 0.05553459 0.003039966 0.02309085 0.05588118 0.01091601 -0.01890711 0.05674347 0.008354745 -0.02017017 0.05674347 0.008547534 -0.02063556 0.05648679 0 0.01968642 0.05744061 0 0.01912797 0.05752899 0.00256959 0.01951803 0.05744061 0.01272789 0.01272789 0.0576 0.01662984 -0.006888303 0.0576 0.01558845 -0.009 0.0576 0.01715193 -0.007104564 0.05758228 -0.005238036 -0.01954863 0.05731722 -0.005378553 -0.02007306 0.05715954 -0.002641617 -0.02006505 0.05731722 -0.02164527 0.002849652 0.05674347 -0.02183202 0 0.05674347 -0.005516244 0.02058687 0.05696802 -0.008354745 0.02017017 0.05674347 -0.008156178 0.01969074 0.05696802 -0.01329048 0.0173205 0.05674347 -0.01507068 0.01507068 0.05696802 -0.01297458 0.01690884 0.05696802 -0.02537991 -0.003341331 0.05342247 -0.02472129 0.003254616 0.05433678 -0.02506482 0.00329985 0.05389002 -0.02493459 0 0.05433678 -0.01840626 0.002423232 0.05758228 -0.01856511 0 0.05758228 -0.018 0 0.0576 -0.02131308 0 0.05696802 -0.02249649 0.006027912 0.05588118 -0.02192994 -0.009083699 0.05553459 -0.0223218 -0.00924597 0.05516073 -0.02092392 -0.01208043 0.05516073 -0.02055672 -0.01186839 0.05553459 -0.01883169 -0.01445004 0.05553459 -0.02262717 -0.002978928 0.05619897 -0.02309085 -0.003039966 0.05588118 -0.02204478 -0.00590688 0.05619897 -0.01736703 -0.01736703 0.05476095 -0.01507068 -0.01507068 0.05696802 -0.0173205 -0.01329048 0.05674347 -0.01543752 -0.01543752 0.05674347 -0.01912797 0 0.05752899 -0.01896435 -0.002496708 0.05752899 -0.01091601 -0.01890711 0.05674347 -0.008156178 -0.01969074 0.05696802 -0.01824525 -0.01400004 0.0001840005 -0.01991655 -0.01149885 0.0001840005 -0.01769562 -0.0135783 4.619754e-05 0.01183329 -0.02049579 0.0004110498 0.01149885 -0.01991655 0.0001840005 0.01400004 -0.01824525 0.0001840005 0 -0.027 0.0054 0 -0.02695383 0.004695156 -0.006800868 -0.02538117 0.0027 -0.006699303 -0.02500209 0.002112687 -0.0135 -0.02338272 0.0054 -0.01033245 -0.02494476 0.0486 -0.0135 -0.02338272 0.0486 -0.01033245 -0.02494476 0.0054 -0.01904166 -0.01904166 0.04972797 -0.01639332 -0.0213642 0.04972797 -0.006441309 -0.02403927 0.001115892 -0.01896174 -0.01896174 0.004002381 -0.02109447 -0.01618632 0.00333351 -0.01880127 -0.01880127 0.00333351 0 -0.02627658 0.0027 -0.006940494 -0.02590227 0.004002381 -0.006881724 -0.02568294 0.00333351 -0.0154737 0.02016576 0.001581624 -0.01575729 0.02053521 0.002112687 -0.02245023 0.00929925 0.0007234623 -0.02403927 0.006441309 0.001115892 0.01713645 0.01314927 0 0.01527354 0.01527354 0 -0.02280087 -0.003001788 0.0001840005 -0.02346399 -0.003089097 0.0004110498 -0.01877589 -0.01440729 0.0004110498 -0.02049579 -0.01183329 0.0004110498 -0.01527354 -0.01527354 0 -0.02053521 -0.01575729 0.002112687 -0.02201292 -0.01270917 0.001581624 -0.02016576 -0.0154737 0.001581624 -0.01759797 -0.01759797 0.001115892 -0.02124702 -0.008800812 0.0001840005 -0.0240921 0.003171789 0.0007234623 -0.023472 0.006289299 0.0007234623 -0.02403927 -0.006441309 0.001115892 -0.0252009 0.00331776 0.001581624 -0.02455227 0.006578757 0.001581624 -0.02676897 0.003524211 0.0054 -0.02672325 0.003518181 0.004695156 -0.02494476 -0.01033245 0.0054 -0.02627658 0 0.0027 -0.005952222 -0.02221398 0.0001840005 -0.005772915 -0.02154483 4.619754e-05 0.01115244 -0.01931652 4.619754e-05 0.0135783 -0.01769562 4.619754e-05 -0.02592603 0.006946848 0.05028642 -0.02580687 0.006914934 0.05083821 -0.01265076 0.01648683 0.05715954 -0.01431054 0.01431054 0.05731722 -0.01232028 0.01605609 0.05731722 0.006988113 0.02608002 0.0054 0.003524211 0.02676897 0.0486 0.006988113 0.02608002 0.0486 0.003524211 0.02676897 0.0054 0.01340802 0.02322333 0.004002381 0 0.02627658 0.0027 -0.01270917 0.02201292 0.001581624 -0.01294209 0.0224163 0.002112687 -0.00350019 0.02658654 0.004002381 -0.006940494 0.02590227 0.004002381 -0.003518181 0.02672325 0.004695156 0.02286009 0.006125337 0.0004110498 0.02186496 0.009056789 0.0004110498 0.023472 0.006289299 0.0007234623 0.0216 0 0 0.02141523 0.002819367 0 0.01313829 0.02275614 0.0027 0.01005561 0.02427633 0.0027 0.01329444 0.02302668 0.00333351 0.01618632 0.02109447 0.00333351 0.003378555 0.02566269 0.002112687 0 0.02588409 0.002112687 0.01445004 0.01883169 0.05553459 0.01417806 0.01847727 0.05588118 0.01678446 0.01678446 0.05553459 0.02216934 -0.01279944 0.05342247 0.02053737 -0.01575882 0.05293575 0.02241855 -0.01294335 0.05293575 0.01909188 0.01909188 0.0486 0.01907928 0.01907928 0.04916511 0.02142054 0.01643652 0.0486 0 0.027 0.0486 0.003521889 0.02675142 0.04916511 0 -0.01968642 0.05744061 0 -0.02023821 0.05731722 0.00256959 -0.01951803 0.05744061 -0.02506482 -0.00329985 0.05389002 -0.02472669 -0.006625494 0.05342247 -0.02365038 -0.00979632 0.05342247 -0.01830474 -0.01830474 0.05293575 -0.02074095 -0.01591515 0.05243202 -0.01848618 -0.01848618 0.05243202 -0.01646856 -0.01646856 0.05588118 -0.01847727 -0.01417806 0.05588118 -0.01678446 -0.01678446 0.05553459 -0.02091915 -0.01605177 0.05191308 -0.02338272 -0.0135 0.0054 -0.02334267 -0.01347687 0.004695156 -0.01907928 -0.01907928 0.04916511 -0.01904166 0.01904166 0.04972797 -0.0213642 0.01639332 0.04972797 -0.01897911 0.01897911 0.05028642 -0.02269116 0.009398971 0.05476095 -0.02372382 0.006356781 0.05476095 -0.02477475 -0.01026207 0.004002381 -0.02601144 -0.006969744 0.04972797 -0.0256653 0.003378897 0.05293575 -0.02472129 -0.003254616 0.05433678 -0.003518181 -0.02672325 0.004695156 -0.00350019 -0.02658654 0.004002381 0.006143536 -0.02292804 0.05553459 0.003153627 -0.02395422 0.05516073 0.006253308 -0.02333763 0.05516073 -0.02138391 -0.01640844 0.004695156 -0.02338272 -0.0135 0.0486 0.02346399 -0.003089097 0.0004110498 0.02221398 -0.005952222 0.0001840005 0.02280087 -0.003001788 0.0001840005 0.02455227 0.006578757 0.001581624 0.02348352 0.009727201 0.001581624 0.02391381 0.0099054 0.002112687 0.01642572 0.02140641 0.04916511 0.01639332 0.0213642 0.04972797 0.01848618 0.01848618 0.05243202 0.02074095 0.01591515 0.05243202 0.02391624 0.00990639 0.05293575 0.02365038 0.00979632 0.05342247 0.02472669 0.006625494 0.05342247 0.02324466 -0.01342026 0.05028642 0.02332125 -0.01346454 0.04972797 0.02336733 -0.01349109 0.04916511 0.02142054 -0.01643652 0.0486 0.02338272 -0.0135 0.0486 -0.01870614 0.0108 0 -0.01995579 0.00826596 0 0.02060703 -0.00853569 4.619754e-05 0.01931652 -0.01115244 4.619754e-05 0.01995579 -0.00826596 0 -0.007104564 -0.01715193 0.05758228 -0.00731997 -0.01767195 0.05752899 -0.004805001 -0.0179325 0.05758228 0.01445004 -0.01883169 0.05553459 0.01208043 -0.02092392 0.05516073 0.01470825 -0.01916811 0.05516073 0.006699987 -0.0250047 0.05293575 0.003378897 -0.0256653 0.05293575 0.003412404 -0.02591982 0.05243202 0.02119617 -0.01626444 0.05083821 0.01878039 -0.01878039 0.05138118 0.0188919 -0.0188919 0.05083821 0.02436084 -0.01009062 0.05191308 0.02283534 -0.01318401 0.05191308 0.02453778 -0.01016388 0.05138118 0.02675142 -0.003521889 0.04916511 0.02606283 -0.006983514 0.04916511 0.02608002 -0.006988113 0.0486 0 0.02695383 0.004695156 -0.01329444 0.02302668 0.00333351 -0.01340802 0.02322333 0.004002381 -0.01017513 0.02456496 0.00333351 -0.003039966 0.02309085 0.05588118 -0.00590688 0.02204478 0.05619897 -0.002978928 0.02262717 0.05619897 0.003153627 0.02395422 0.05516073 0.02092392 0.01208043 0.05516073 0.01883169 0.01445004 0.05553459 0.02055672 0.01186839 0.05553459 0.01349109 0.02336733 0.04916511 0.01346454 0.02332125 0.04972797 -0.00928251 -0.01607787 0.05758228 -0.01715193 -0.007104564 0.05758228 -0.01607787 -0.00928251 0.05758228 0.002423232 -0.01840626 0.05758228 0 -0.01912797 0.05752899 0.002496708 -0.01896435 0.05752899 0.01265076 -0.01648683 0.05715954 0.01039059 -0.01799703 0.05715954 0.01065654 -0.01845774 0.05696802 0.02127024 -0.01228032 0.05476095 0.01948536 -0.01495161 0.05476095 0.019782 -0.01517922 0.05433678 -0.0179325 0.004805001 0.05758228 -0.01738665 0.004658742 0.0576 -0.004658742 -0.01738665 0.0576 -0.006888303 -0.01662984 0.0576 -0.01428039 0.01095768 0.0576 -0.01517526 0.01164438 0.05752899 -0.01656531 0.00956403 0.05752899 -0.002712483 0.02060334 0.05715954 -0.005378553 0.02007306 0.05715954 -0.002641617 0.02006505 0.05731722 -0.0256545 0.006874101 0.05138118 -0.0210852 0.008733771 0.05619897 -0.02063556 0.008547534 0.05648679 -0.01954863 0.005238036 0.05731722 -0.02006505 0.002641617 0.05731722 -0.01951803 0.00256959 0.05744061 -0.01095768 0.01428039 0.0576 -0.02494476 0.01033245 0.0054 -0.02338272 0.0135 0.0486 -0.02338272 0.0135 0.0054 -0.02494476 0.01033245 0.0486 -0.02591982 0.003412404 0.05243202 -0.02472669 0.006625494 0.05342247 -0.0244197 0.006543243 0.05389002 -0.02528118 0 0.05389002 -0.02007306 0.005378553 0.05715954 -0.01896435 0.002496708 0.05752899 -0.01656531 -0.00956403 0.05752899 -0.01704897 -0.00984321 0.05744061 -0.01517526 -0.01164438 0.05752899 -0.01329048 -0.0173205 0.05674347 -0.02395422 0.003153627 0.05516073 -0.02214468 -0.002915406 0.05648679 -0.02353374 0.003098277 0.05553459 -0.02373678 0 0.05553459 -0.01919925 -0.007952598 0.05715954 -0.01969074 -0.008156178 0.05696802 -0.01845774 -0.01065654 0.05696802 -0.02058687 0.005516244 0.05696802 -0.02113074 0.002781918 0.05696802 -0.01951803 -0.00256959 0.05744061 -0.02300121 -0.01327977 0.05138118 -0.02107107 -0.01616841 0.05138118 -0.02292804 -0.006143536 0.05553459 -0.0161379 -0.0161379 0.05619897 -0.01389339 -0.01810629 0.05619897 -0.01579374 -0.01579374 0.05648679 -0.0135972 -0.01772019 0.05648679 -0.01708434 -0.01708434 0.05516073 -0.01916811 -0.01470825 0.05516073 -0.01246734 -0.02159397 0.05433678 -0.007533666 -0.01818792 0.05744061 -0.00984321 -0.01704897 0.05744061 -0.007744824 -0.01869768 0.05731722 -0.009542069 -0.02303658 0.05433678 -0.01561833 -0.01198431 0.05744061 -0.01392039 -0.01392039 0.05744061 -0.006289299 -0.023472 0.0007234623 -0.00929925 -0.02245023 0.0007234623 -0.01400004 -0.01824525 0.0001840005 0.02141523 -0.002819367 0 -0.02124702 0.008800812 0.0001840005 0.00331776 -0.0252009 0.001581624 -0.01640844 -0.02138391 0.004695156 -0.01347687 -0.02334267 0.004695156 -0.002911365 -0.02211399 4.619754e-05 -0.01440729 -0.01877589 0.0004110498 -0.00331776 -0.0252009 0.001581624 -0.003248442 -0.0246744 0.001115892 -0.02086398 0.005590494 0 0.00350019 -0.02658654 0.004002381 0 -0.02681604 0.004002381 0.01897911 -0.01897911 0.05028642 0.01639332 -0.0213642 0.04972797 0.01904166 -0.01904166 0.04972797 -0.02119617 0.01626444 0.05083821 -0.02300121 0.01327977 0.05138118 -0.02138391 0.01640844 0.004695156 -0.02142054 0.01643652 0.0054 -0.01909188 0.01909188 0.0054 -0.02608002 0.006988113 0.0486 -0.02606283 0.006983514 0.04916511 -0.02608002 0.006988113 0.0054 0.0108 0.01870614 0 0.00826596 0.01995579 0 0.01115244 0.01931652 4.619754e-05 -0.023472 -0.006289299 0.0007234623 -0.02568294 -0.006881724 0.00333351 -0.02456496 -0.01017513 0.00333351 -0.02299284 -0.00952398 0.001115892 -0.01858032 -0.01858032 0.0027 -0.02084661 -0.01599615 0.0027 -0.02302668 -0.01329444 0.00333351 -0.02427633 -0.01005561 0.0027 -0.02127456 -0.01632456 0.004002381 -0.02154483 -0.005772915 4.619754e-05 -0.01626174 0.01626174 0.0001840005 -0.02186496 0.009056789 0.0004110498 -0.02104443 0.01215 0.0007234623 -0.02658654 0.00350019 0.004002381 -0.005772915 0.02154483 4.619754e-05 -0.005952222 0.02221398 0.0001840005 -0.002911365 0.02211399 4.619754e-05 0.005590494 -0.02086398 0 -0.02334267 0.01347687 0.004695156 0.008800812 -0.02124702 0.0001840005 0.00853569 -0.02060703 4.619754e-05 -0.005650542 0.02108808 0.05674347 -0.002423232 0.01840626 0.05758228 -0.004658742 0.01738665 0.0576 -0.002349468 0.01784601 0.0576 -0.01327977 0.02300121 0.05138118 -0.01626444 0.02119617 0.05083821 -0.01616841 0.02107107 0.05138118 -0.008733771 0.0210852 0.05619897 -0.01164501 0.02016981 0.05588118 -0.01141119 0.01976481 0.05619897 -0.01847727 0.01417806 0.05588118 -0.02016981 0.01164501 0.05588118 -0.01810629 0.01389339 0.05619897 -0.003341331 0.02537991 0.05342247 -0.006699987 0.0250047 0.05293575 -0.006625494 0.02472669 0.05342247 0 0.027 0.0054 -0.003521889 0.02675142 0.04916511 -0.003514941 0.02669868 0.04972797 0.01769562 -0.0135783 4.619754e-05 0.01527354 -0.01527354 0 0.01713645 -0.01314927 0 -0.006441309 0.02403927 0.001115892 -0.006578757 0.02455227 0.001581624 -0.00331776 0.0252009 0.001581624 0.003089097 0.02346399 0.0004110498 0 0.02541834 0.001581624 -0.003378555 0.02566269 0.002112687 -0.003470553 0.02636145 0.00333351 -0.01313829 0.02275614 0.0027 -0.01005561 0.02427633 0.0027 0.003518181 0.02672325 0.004695156 -0.005590494 0.02086398 0 0.01577187 0.01577187 4.619754e-05 0.01626174 0.01626174 0.0001840005 0.009056789 0.02186496 0.0004110498 0.006289299 0.023472 0.0007234623 0.00929925 0.02245023 0.0007234623 -0.009056789 0.02186496 0.0004110498 -0.00929925 0.02245023 0.0007234623 -0.006289299 0.023472 0.0007234623 0.02016576 0.0154737 0.001581624 0.01797354 0.01797354 0.001581624 0.01830285 0.01830285 0.002112687 0.02127456 0.01632456 0.004002381 0.006983514 0.02606283 0.04916511 0.01033245 0.02494476 0.0486 0.01032561 0.02492829 0.04916511 0.006940494 0.02590227 0.004002381 0.01031481 0.0249021 0.004695156 0.02671722 0 0.05083821 0.02648871 0.003487302 0.05083821 0.02655954 0 0.05138118 0.02614347 0 0.05243202 0.02588679 0 0.05293575 0.02591982 -0.003412404 0.05243202 0 0.02692899 0.04972797 0.003514941 0.02669868 0.04972797 0.02142054 0.01643652 0.0054 -0.01342026 -0.02324466 0.05028642 -0.01186839 -0.02055672 0.05553459 -0.01208043 -0.02092392 0.05516073 -0.009083699 -0.02192994 0.05553459 -0.02127024 -0.01228032 0.05476095 -0.02159397 -0.01246734 0.05433678 -0.002712483 -0.02060334 0.05715954 -0.01787643 -0.01787643 0.05389002 -0.01810116 -0.01810116 0.05342247 -0.01558368 -0.02030904 0.05342247 -0.01591515 -0.02074095 0.05243202 -0.01605177 -0.02091915 0.05191308 -0.01864494 -0.01864494 0.05191308 -0.01642572 -0.02140641 0.04916511 -0.01643652 -0.02142054 0.0486 -0.02324466 -0.01342026 0.05028642 -0.02633229 0.00346671 0.05138118 -0.02636802 0 0.05191308 -0.02661093 -0.003503394 0.05028642 -0.02592603 -0.006946848 0.05028642 -0.02189412 -0.01264059 0.05389002 -0.01643652 -0.02142054 0.0054 -0.01026207 -0.02477475 0.004002381 -0.01017513 -0.02456496 0.00333351 -0.02140641 -0.01642572 0.04916511 0.02346399 0.003089097 0.0004110498 -0.00826596 0.01995579 0 -0.01115244 0.01931652 4.619754e-05 -0.00853569 0.02060703 4.619754e-05 0.01270917 0.02201292 0.001581624 0.0154737 0.02016576 0.001581624 0.02366649 0 0.0004110498 0.02590227 -0.006940494 0.004002381 0.02500209 -0.006699303 0.002112687 0.02455227 -0.006578757 0.001581624 0.02566269 -0.003378555 0.002112687 0.02525265 0.006766416 0.05243202 0.0250047 0.006699987 0.05293575 0.02591982 0.003412404 0.05243202 0.0243 0 0.0007234623 0.0240921 0.003171789 0.0007234623 0.0246744 0.003248442 0.001115892 0.02494476 -0.01033245 0.0054 0.02494476 -0.01033245 0.0486 0.01896174 -0.01896174 0.004002381 0.006125337 -0.02286009 0.0004110498 0.009056789 -0.02186496 0.0004110498 0.01824525 -0.01400004 0.0001840005 0.01626174 -0.01626174 0.0001840005 0.02477475 -0.01026207 0.004002381 0.02456496 -0.01017513 0.00333351 0.01440729 -0.01877589 0.0004110498 -0.008800812 -0.02124702 0.0001840005 -0.006125337 -0.02286009 0.0004110498 0.02472129 -0.003254616 0.05433678 0.02408499 -0.006453549 0.05433678 0.02506482 -0.00329985 0.05389002 0.02017017 0.008354745 0.05674347 0.01890711 0.01091601 0.05674347 0.01969074 0.008156178 0.05696802 0.01246734 -0.02159397 0.05433678 0.01264059 -0.02189412 0.05389002 0.01907928 -0.01907928 0.04916511 0.02192994 -0.009083699 0.05553459 0.02016981 -0.01164501 0.05588118 0.02055672 -0.01186839 0.05553459 0.01772019 -0.0135972 0.05648679 0.01579374 -0.01579374 0.05648679 0.0161379 -0.0161379 0.05619897 0.01787643 -0.01787643 0.05389002 0.01558368 -0.02030904 0.05342247 0.01810116 -0.01810116 0.05342247 0.02189412 -0.01264059 0.05389002 0.02005686 -0.01539018 0.05389002 0.01318401 -0.02283534 0.05191308 0.01016388 -0.02453778 0.05138118 0.01327977 -0.02300121 0.05138118 -0.01033245 0.02494476 0.0486 -0.01033245 0.02494476 0.0054 0 0.02698227 0.04916511 -0.00329985 0.02506482 0.05389002 -0.006543243 0.0244197 0.05389002 0 0.02559897 0.05342247 0 0.02528118 0.05389002 0.00329985 0.02506482 0.05389002 0.01228032 0.02127024 0.05476095 0.009398971 0.02269116 0.05476095 0.01208043 0.02092392 0.05516073 0.00924597 0.0223218 0.05516073 0.006143536 0.02292804 0.05553459 0.009083699 0.02192994 0.05553459 0.01116792 0.01934334 0.05648679 0.008547534 0.02063556 0.05648679 0.01091601 0.01890711 0.05674347 0.005780925 0.02157471 0.05648679 0.005650542 0.02108808 0.05674347 0.008354745 0.02017017 0.05674347 0.007533666 0.01818792 0.05744061 0.004950693 0.01847619 0.05752899 0.00731997 0.01767195 0.05752899 0.01830474 0.01830474 0.05293575 0.01810116 0.01810116 0.05342247 0.02030904 0.01558368 0.05342247 0.01968642 0 0.05744061 0.01912797 0 0.05752899 0.02157471 0.005780925 0.05648679 0.02108808 0.005650542 0.05674347 0.02164527 0.002849652 0.05674347 0.027 0 0.0486 0.02675142 0.003521889 0.04916511 0.02698227 0 0.04916511 0.0163395 0.02129409 0.05028642 0.01626444 0.02119617 0.05083821 0.01897911 0.01897911 0.05028642 0.01228032 -0.02127024 0.05476095 0.006027912 -0.02249649 0.05588118 0.003039966 -0.02309085 0.05588118 0.02372382 -0.006356781 0.05476095 0.02269116 -0.009398971 0.05476095 0.02303658 -0.009542069 0.05433678 0.02091915 -0.01605177 0.05191308 0.01864494 -0.01864494 0.05191308 0.009 -0.01558845 0.0576 0.01272789 -0.01272789 0.0576 0.01095768 -0.01428039 0.0576 0.002712483 -0.02060334 0.05715954 0 -0.02078118 0.05715954 0.002781918 -0.02113074 0.05696802 0.01164438 -0.01517526 0.05752899 0.00984321 -0.01704897 0.05744061 0.01198431 -0.01561833 0.05744061 0.02113074 -0.002781918 0.05696802 0.02007306 -0.005378553 0.05715954 0.02058687 -0.005516244 0.05696802 0.01561833 0.01198431 0.05744061 0.01517526 0.01164438 0.05752899 0.002423232 0.01840626 0.05758228 0.002349468 0.01784601 0.0576 0.004658742 0.01738665 0.0576 -0.004805001 0.0179325 0.05758228 -0.006888303 0.01662984 0.0576 0.002641617 0.02006505 0.05731722 0 0.02023821 0.05731722 0 0.02078118 0.05715954 -0.002781918 0.02113074 0.05696802 -0.01417806 0.01847727 0.05588118 -0.01678446 0.01678446 0.05553459 -0.01646856 0.01646856 0.05588118 -0.0215172 0.008912718 0.05588118 -0.01968642 0 0.05744061 -0.01091601 0.01890711 0.05674347 0.01752678 -0.01011906 0.05731722 0.01605609 -0.01232028 0.05731722 0.01648683 -0.01265076 0.05715954 -0.02435058 0.003205818 0.05476095 -0.009 -0.01558845 0.0576 -0.01784601 0.002349468 0.0576 -0.01715193 0.007104564 0.05758228 -0.01662984 0.006888303 0.0576 -0.01901565 0.005095224 0.05744061 -0.02249649 -0.006027912 0.05588118 -0.0215172 -0.008912718 0.05588118 -0.02233575 0 0.05648679 -0.0250047 -0.006699987 0.05293575 -0.02269116 -0.009398971 0.05476095 -0.02353374 -0.003098277 0.05553459 -0.02063556 -0.008547534 0.05648679 -0.0210852 -0.008733771 0.05619897 -0.01934334 -0.01116792 0.05648679 -0.01605609 -0.01232028 0.05731722 -0.01752678 -0.01011906 0.05731722 -0.01648683 -0.01265076 0.05715954 -0.01470825 -0.01916811 0.05516073 -0.01016388 -0.02453778 0.05138118 -0.01022427 -0.02468349 0.05083821 -0.006914934 -0.02580687 0.05083821 -0.01417806 -0.01847727 0.05588118 -0.01164501 -0.02016981 0.05588118 -0.01445004 -0.01883169 0.05553459 -0.01352556 -0.01352556 0.05752899 0.00928251 0.01607787 0.05758228 0.007104564 0.01715193 0.05758228 0.00956403 0.01656531 0.05752899 0 0.018 0.0576 0.01870614 0.0108 0 0.005590494 0.02086398 0 0.002819367 0.02141523 0 0.01031481 -0.0249021 0.004695156 0.01347687 -0.02334267 0.004695156 0.003524211 -0.02676897 0.0054 -0.01031481 -0.0249021 0.004695156 -0.002819367 -0.02141523 0 0.005952222 -0.02221398 0.0001840005 0.003470553 -0.02636145 0.00333351 0.006940494 -0.02590227 0.004002381 0.01880127 -0.01880127 0.00333351 0.01858032 -0.01858032 0.0027 0.01033245 -0.02494476 0.0054 0.01830474 -0.01830474 0.05293575 0.01575882 -0.02053737 0.05293575 0.006988113 -0.02608002 0.0486 0.003524211 -0.02676897 0.0486 -0.02525265 0.006766416 0.05243202 -0.0250047 0.006699987 0.05293575 -0.01736703 0.01736703 0.05476095 -0.01916811 0.01470825 0.05516073 -0.01708434 0.01708434 0.05516073 -0.01349109 0.02336733 0.04916511 -0.01346454 0.02332125 0.04972797 -0.01558368 0.02030904 0.05342247 -0.01810116 0.01810116 0.05342247 -0.01787643 0.01787643 0.05389002 -0.02676897 0.003524211 0.0486 -0.01718271 0.01718271 0.0007234623 -0.01759797 0.01759797 0.001115892 -0.01515042 0.01974447 0.001115892 -0.02590227 0.006940494 0.004002381 0.01400004 0.01824525 0.0001840005 0.01149885 0.01991655 0.0001840005 0.01183329 0.02049579 0.0004110498 -0.02322333 -0.01340802 0.004002381 -0.02275614 -0.01313829 0.0027 -0.0224163 -0.01294209 0.002112687 -0.0240921 -0.003171789 0.0007234623 -0.01713645 -0.01314927 0 -0.0246744 -0.003248442 0.001115892 -0.02141523 -0.002819367 0 -0.02154483 0.005772915 4.619754e-05 -0.01905921 0.01905921 0.004695156 -0.02603538 0.006976161 0.004695156 -0.02477475 0.01026207 0.004002381 -0.0249021 0.01031481 0.004695156 -0.02016576 0.0154737 0.001581624 0.02060703 0.00853569 4.619754e-05 0.01931652 0.01115244 4.619754e-05 -0.02286009 0.006125337 0.0004110498 -0.01877589 0.01440729 0.0004110498 -0.01927845 0.01479294 0.0007234623 -0.01673478 0.01673478 0.0004110498 0.005772915 -0.02154483 4.619754e-05 -0.00256959 0.01951803 0.05744061 -0.00731997 0.01767195 0.05752899 -0.00956403 0.01656531 0.05752899 -0.00928251 0.01607787 0.05758228 -0.01294335 0.02241855 0.05293575 -0.01575882 0.02053737 0.05293575 -0.01279944 0.02216934 0.05342247 -0.006143536 0.02292804 0.05553459 -0.009083699 0.02192994 0.05553459 -0.008912718 0.0215172 0.05588118 -0.01517922 0.019782 0.05433678 -0.01763145 0.01763145 0.05433678 -0.007952598 0.01919925 0.05715954 -0.007744824 0.01869768 0.05731722 -0.003205818 0.02435058 0.05476095 -0.003153627 0.02395422 0.05516073 -0.009398971 0.02269116 0.05476095 -0.00924597 0.0223218 0.05516073 -0.003487302 0.02648871 0.05083821 -0.006874101 0.0256545 0.05138118 -0.00346671 0.02633229 0.05138118 -0.006766416 0.02525265 0.05243202 -0.01009062 0.02436084 0.05191308 -0.01000467 0.02415339 0.05243202 -0.006946848 0.02592603 0.05028642 -0.01027143 0.02479743 0.05028642 -0.006983514 0.02606283 0.04916511 0 0.02493459 0.05433678 0.003254616 0.02472129 0.05433678 0.00346671 0.02633229 0.05138118 0.006824538 0.02546955 0.05191308 0.0099054 0.02391381 0.002112687 0.006578757 0.02455227 0.001581624 0.006699303 0.02500209 0.002112687 -0.006699303 0.02500209 0.002112687 -0.003429774 0.02605176 0.0027 0.003171789 0.0240921 0.0007234623 0 0.02299761 0.0001840005 -0.00952398 0.02299284 0.001115892 -0.006976161 0.02603538 0.004695156 -0.01618632 0.02109447 0.00333351 -0.006800868 0.02538117 0.0027 -0.009727201 0.02348352 0.001581624 0.01244367 0.02155302 0.001115892 0.00952398 0.02299284 0.001115892 -0.01769562 0.0135783 4.619754e-05 0.02154483 -0.005772915 4.619754e-05 0.01880127 0.01880127 0.00333351 0.01896174 0.01896174 0.004002381 0.006441309 0.02403927 0.001115892 0.00331776 0.0252009 0.001581624 0.01599615 0.02084661 0.0027 0.0135783 0.01769562 4.619754e-05 0 0.02684061 0.05028642 0 0.02671722 0.05083821 0.003487302 0.02648871 0.05083821 0.006874101 0.0256545 0.05138118 0.006976161 0.02603538 0.004695156 0.02658897 0 0.00333351 0.02636145 0.003470553 0.00333351 0.02119617 0.01626444 0.05083821 0.02107107 0.01616841 0.05138118 0.02060334 -0.002712483 0.05715954 0.02456496 0.01017513 0.00333351 0.01632456 0.02127456 0.004002381 0 -0.02698227 0.04916511 -0.003521889 -0.02675142 0.04916511 0 -0.027 0.0486 -0.01349109 -0.02336733 0.04916511 -0.01335861 -0.02313783 0.05083821 -0.006983514 -0.02606283 0.04916511 -0.01575882 -0.02053737 0.05293575 -0.01279944 -0.02216934 0.05342247 -0.01294335 -0.02241855 0.05293575 -0.00990639 -0.02391624 0.05293575 -0.006143536 -0.02292804 0.05553459 -0.006253308 -0.02333763 0.05516073 -0.003153627 -0.02395422 0.05516073 -0.02453778 -0.01016388 0.05138118 -0.0256545 -0.006874101 0.05138118 -0.02415339 0.01000467 0.05243202 -0.02391624 0.00990639 0.05293575 -0.02614239 0.003441708 0.05191308 -0.02669868 -0.003514941 0.04972797 -0.01632456 -0.02127456 0.004002381 -0.01340802 -0.02322333 0.004002381 0.02221398 0.005952222 0.0001840005 0.02049579 0.01183329 0.0004110498 0.02104443 0.01215 0.0007234623 0.01974447 0.01515042 0.001115892 0.02155302 0.01244367 0.001115892 0.0249021 0.01031481 0.004695156 0.02608002 0.006988113 0.0054 0.02403927 0.006441309 0.001115892 0.02053521 0.01575729 0.002112687 0.02299284 0.00952398 0.001115892 0.02568294 -0.006881724 0.00333351 0.02336733 0.01349109 0.04916511 0.02590227 0.006940494 0.004002381 0.02487915 -0.01030527 0.04972797 0.02633229 -0.00346671 0.05138118 0.0256545 -0.006874101 0.05138118 0.02648871 -0.003487302 0.05083821 0.02692899 0 0.04972797 0.02669868 -0.003514941 0.04972797 0.01640844 -0.02138391 0.004695156 0.01307169 -0.02264085 0.05243202 0.00990639 -0.02391624 0.05293575 0.01000467 -0.02415339 0.05243202 0.02403927 -0.006441309 0.001115892 0.02245023 -0.00929925 0.0007234623 0.023472 -0.006289299 0.0007234623 0.01577187 -0.01577187 4.619754e-05 0.02016576 -0.0154737 0.001581624 0.01797354 -0.01797354 0.001581624 0.01974447 -0.01515042 0.001115892 0.02299284 -0.00952398 0.001115892 0.01005561 -0.02427633 0.0027 0.01905921 -0.01905921 0.004695156 0.01927845 -0.01479294 0.0007234623 0.006881724 -0.02568294 0.00333351 -0.01713645 0.01314927 0 0.006888303 -0.01662984 0.0576 0.004805001 -0.0179325 0.05758228 0.007104564 -0.01715193 0.05758228 0.01799703 -0.01039059 0.05715954 0.01845774 -0.01065654 0.05696802 0.02107107 -0.01616841 0.05138118 0.01349109 -0.02336733 0.04916511 0.01642572 -0.02140641 0.04916511 -0.009398971 -0.02269116 0.05476095 0.02074095 -0.01591515 0.05243202 0.00979632 -0.02365038 0.05342247 0.006543243 -0.0244197 0.05389002 0.006625494 -0.02472669 0.05342247 0.01605177 -0.02091915 0.05191308 0.02546955 -0.006824538 0.05191308 0.02601144 -0.006969744 0.04972797 0.02300121 -0.01327977 0.05138118 0.01626444 -0.02119617 0.05083821 0.02129409 -0.0163395 0.05028642 0.0213642 -0.01639332 0.04972797 0.00350019 0.02658654 0.004002381 -0.01031481 0.0249021 0.004695156 -0.01347687 0.02334267 0.004695156 0 0.02329002 0.05588118 0 0.02282247 0.05619897 0.0213642 0.01639332 0.04972797 0.02332125 0.01346454 0.04972797 0.006625494 0.02472669 0.05342247 0.006543243 0.0244197 0.05389002 0.006766416 0.02525265 0.05243202 0.006699987 0.0250047 0.05293575 0.006253308 0.02333763 0.05516073 -0.002915406 0.02214468 0.05648679 0.01916811 0.01470825 0.05516073 0.01772019 0.0135972 0.05648679 0.0173205 0.01329048 0.05674347 0.004805001 0.0179325 0.05758228 0.01065654 0.01845774 0.05696802 0.01039059 0.01799703 0.05715954 0.01265076 0.01648683 0.05715954 0.01847727 0.01417806 0.05588118 0.01646856 0.01646856 0.05588118 0.01810629 0.01389339 0.05619897 0.01297458 0.01690884 0.05696802 0.01799703 0.01039059 0.05715954 0.01752678 0.01011906 0.05731722 0.01919925 0.007952598 0.05715954 0.02300121 0.01327977 0.05138118 0.02283534 0.01318401 0.05191308 0.02472129 0.003254616 0.05433678 0.02435058 0.003205818 0.05476095 0.02456073 0 0.05476095 0.003341331 0.02537991 0.05342247 0.01009062 0.02436084 0.05191308 0.01000467 0.02415339 0.05243202 0.01232028 -0.01605609 0.05731722 0.01011906 -0.01752678 0.05731722 0.02292804 -0.006143536 0.05553459 0.0215172 -0.008912718 0.05588118 0.0173205 -0.01329048 0.05674347 0.02164527 -0.002849652 0.05674347 0.02108808 -0.005650542 0.05674347 0 -0.02329002 0.05588118 0 -0.02373678 0.05553459 0.008156178 -0.01969074 0.05696802 0.007952598 -0.01919925 0.05715954 -0.004950693 -0.01847619 0.05752899 0.004950693 -0.01847619 0.05752899 0.00731997 -0.01767195 0.05752899 0.008156178 0.01969074 0.05696802 0.005516244 0.02058687 0.05696802 0.007952598 0.01919925 0.05715954 0.00984321 0.01704897 0.05744061 -0.007104564 0.01715193 0.05758228 -0.009 0.01558845 0.0576 0.005378553 0.02007306 0.05715954 0.005238036 0.01954863 0.05731722 0.002349468 -0.01784601 0.0576 0 -0.018 0.0576 0 0.02233575 0.05648679 0 0.02131308 0.05696802 -0.01890711 0.01091601 0.05674347 -0.01969074 0.008156178 0.05696802 -0.01845774 0.01065654 0.05696802 -0.02157471 0.005780925 0.05648679 -0.02030904 0.01558368 0.05342247 -0.02216934 0.01279944 0.05342247 -0.02005686 0.01539018 0.05389002 -0.02017017 0.008354745 0.05674347 -0.02108808 0.005650542 0.05674347 -0.02060334 0.002712483 0.05715954 -0.02060334 -0.002712483 0.05715954 -0.02007306 -0.005378553 0.05715954 0.01656531 -0.00956403 0.05752899 0.01472868 -0.01130175 0.05758228 0.01517526 -0.01164438 0.05752899 -0.02408499 0.006453549 0.05433678 -0.0179325 -0.004805001 0.05758228 0.01472868 0.01130175 0.05758228 0.01428039 0.01095768 0.0576 -0.01869768 -0.007744824 0.05731722 -0.02335671 -0.00967464 0.05389002 -0.02017017 -0.008354745 0.05674347 -0.01763145 -0.01763145 0.05433678 -0.01539018 -0.02005686 0.05389002 -0.01948536 -0.01495161 0.05476095 -0.01772019 -0.0135972 0.05648679 -0.01116792 -0.01934334 0.05648679 -0.00967464 -0.02335671 0.05389002 -0.00979632 -0.02365038 0.05342247 -0.006543243 -0.0244197 0.05389002 0.00952398 -0.02299284 0.001115892 0.00929925 -0.02245023 0.0007234623 0.01215 -0.02104443 0.0007234623 0.006969744 -0.02601144 0.04972797 0.01032561 -0.02492829 0.04916511 0.006983514 -0.02606283 0.04916511 -0.01027143 -0.02479743 0.05028642 0 -0.02655954 0.05138118 0 -0.02671722 0.05083821 0.003487302 -0.02648871 0.05083821 -0.01605177 0.02091915 0.05191308 -0.01864494 0.01864494 0.05191308 -0.02468349 0.01022427 0.05083821 -0.01643652 0.02142054 0.0486 -0.01342026 0.02324466 0.05028642 -0.02568294 0.006881724 0.00333351 -0.02538117 0.006800868 0.0027 -0.02427633 0.01005561 0.0027 -0.02142054 0.01643652 0.0486 -0.02391381 0.0099054 0.002112687 -0.02049579 0.01183329 0.0004110498 -0.02500209 0.006699303 0.002112687 -0.02348352 0.009727201 0.001581624 -0.003171789 0.0240921 0.0007234623 -0.003248442 0.0246744 0.001115892 0.02086398 -0.005590494 0 -0.0108 0.01870614 0 -0.002849652 0.02164527 0.05674347 -0.005095224 0.01901565 0.05744061 -0.007533666 0.01818792 0.05744061 -0.004950693 0.01847619 0.05752899 -0.005238036 0.01954863 0.05731722 -0.01065654 0.01845774 0.05696802 -0.01561833 0.01198431 0.05744061 -0.01011906 0.01752678 0.05731722 -0.00984321 0.01704897 0.05744061 -0.005780925 0.02157471 0.05648679 -0.008547534 0.02063556 0.05648679 -0.006027912 0.02249649 0.05588118 0.003205818 0.02435058 0.05476095 0.006356781 0.02372382 0.05476095 0 0.02416095 0.05516073 -0.00979632 0.02365038 0.05342247 -0.003503394 0.02661093 0.05028642 0.01575729 0.02053521 0.002112687 0.01294209 0.0224163 0.002112687 0 0.02681604 0.004002381 -0.01215 0.02104443 0.0007234623 0 0.02366649 0.0004110498 -0.01026207 0.02477475 0.004002381 -0.0135 0.02338272 0.0054 -0.0099054 0.02391381 0.002112687 -0.01440729 0.01877589 0.0004110498 -0.01183329 0.02049579 0.0004110498 0.00826596 -0.01995579 0 0.0108 -0.01870614 0 0.01870614 -0.0108 0 0.01995579 0.00826596 0 0.005772915 0.02154483 4.619754e-05 0.01033245 0.02494476 0.0054 0.01347687 0.02334267 0.004695156 0.01640844 0.02138391 0.004695156 0.01643652 0.02142054 0.0054 0.0135 0.02338272 0.0054 0.003248442 0.0246744 0.001115892 0.01877589 0.01440729 0.0004110498 0.01673478 0.01673478 0.0004110498 0.01927845 0.01479294 0.0007234623 0.01718271 0.01718271 0.0007234623 0.01759797 0.01759797 0.001115892 0.006914934 0.02580687 0.05083821 0.02676897 0.003524211 0.0486 0.02608002 0.006988113 0.0486 0.02676897 0.003524211 0.0054 0.02636145 -0.003470553 0.00333351 0.02605176 -0.003429774 0.0027 0.02676897 -0.003524211 0.0486 0.02676897 -0.003524211 0.0054 0.02493459 0 0.05433678 0.01847727 -0.01417806 0.05588118 0.01883169 -0.01445004 0.05553459 0.02391624 -0.00990639 0.05293575 -0.01618632 -0.02109447 0.00333351 -0.01327977 -0.02300121 0.05138118 -0.01032561 -0.02492829 0.04916511 -0.01616841 -0.02107107 0.05138118 -0.008733771 -0.0210852 0.05619897 -0.008912718 -0.0215172 0.05588118 -0.02479743 -0.01027143 0.05028642 -0.02336733 0.01349109 0.04916511 -0.02189412 0.01264059 0.05389002 -0.02335671 0.00967464 0.05389002 -0.02303658 0.009542069 0.05433678 -0.01905921 -0.01905921 0.004695156 -0.01575729 -0.02053521 0.002112687 -0.002819367 0.02141523 0 0.02201292 0.01270917 0.001581624 0.01314927 0.01713645 0 0.02086398 0.005590494 0 0.02154483 0.005772915 4.619754e-05 0.02186496 -0.009056789 0.0004110498 0.0246744 -0.003248442 0.001115892 0.0240921 -0.003171789 0.0007234623 -0.01314927 0.01713645 0 0.02427633 0.01005561 0.0027 0.0224163 0.01294209 0.002112687 0.02275614 0.01313829 0.0027 0.02500209 0.006699303 0.002112687 0.02492829 0.01032561 0.04916511 0.02695383 0 0.004695156 0.02658654 0.00350019 0.004002381 0.02672325 0.003518181 0.004695156 0.02245023 0.00929925 0.0007234623 0.02588409 0 0.002112687 0.02627658 0 0.0027 0.02324466 0.01342026 0.05028642 0.02313783 0.01335861 0.05083821 0.02479743 0.01027143 0.05028642 0.02580687 -0.006914934 0.05083821 0.02592603 -0.006946848 0.05028642 0.01759797 -0.01759797 0.001115892 0.01515042 -0.01974447 0.001115892 0.01718271 -0.01718271 0.0007234623 0.01991655 -0.01149885 0.0001840005 0.02302668 -0.01329444 0.00333351 0.02084661 -0.01599615 0.0027 0.02275614 -0.01313829 0.0027 0.01632456 -0.02127456 0.004002381 0.0135 -0.02338272 0.0054 0.006441309 -0.02403927 0.001115892 -0.002349468 -0.01784601 0.0576 -0.002423232 -0.01840626 0.05758228 0.007744824 -0.01869768 0.05731722 0.02282247 0 0.05619897 0.0179325 -0.004805001 0.05758228 0.01767195 -0.00731997 0.05752899 0.01847619 -0.004950693 0.05752899 0.01616841 -0.02107107 0.05138118 0.02140641 -0.01642572 0.04916511 0.0244197 -0.006543243 0.05389002 0.02365038 -0.00979632 0.05342247 0.02472669 -0.006625494 0.05342247 0.0163395 -0.02129409 0.05028642 0.01342026 -0.02324466 0.05028642 0.01678446 -0.01678446 0.05553459 0.01417806 -0.01847727 0.05588118 0.0256653 -0.003378897 0.05293575 0.0210852 -0.008733771 0.05619897 0.02335671 -0.00967464 0.05389002 0.02030904 -0.01558368 0.05342247 -0.006881724 0.02568294 0.00333351 -0.003098277 0.02353374 0.05553459 0.003503394 0.02661093 0.05028642 0.00979632 0.02365038 0.05342247 0.01934334 0.01116792 0.05648679 0.01708434 0.01708434 0.05516073 0.01307169 0.02264085 0.05243202 0.00990639 0.02391624 0.05293575 0.01294335 0.02241855 0.05293575 0.01164501 0.02016981 0.05588118 0 0.02588679 0.05293575 0.003378897 0.0256653 0.05293575 0.006453549 0.02408499 0.05433678 0.009542069 0.02303658 0.05433678 0.006027912 0.02249649 0.05588118 0.008912718 0.0215172 0.05588118 0.008733771 0.0210852 0.05619897 0.01507068 0.01507068 0.05696802 0.01845774 0.01065654 0.05696802 0.01605609 0.01232028 0.05731722 0.01704897 0.00984321 0.05744061 0.01352556 0.01352556 0.05752899 0.02016981 0.01164501 0.05588118 0.01818792 0.007533666 0.05744061 0.01767195 0.00731997 0.05752899 0.02053737 0.01575882 0.05293575 0.02216934 0.01279944 0.05342247 0.02372382 0.006356781 0.05476095 0.02333763 0.006253308 0.05516073 0.02395422 0.003153627 0.05516073 0.01470825 0.01916811 0.05516073 0.02189412 0.01264059 0.05389002 0.02005686 0.01539018 0.05389002 0.02159397 0.01246734 0.05433678 0.02408499 0.006453549 0.05433678 0.02303658 0.009542069 0.05433678 0.019782 0.01517922 0.05433678 0.01948536 0.01495161 0.05476095 0.02127024 0.01228032 0.05476095 0.0256545 0.006874101 0.05138118 0.02546955 0.006824538 0.05191308 0.02633229 0.00346671 0.05138118 0.02140641 0.01642572 0.04916511 0.02159397 -0.01246734 0.05433678 0.007533666 -0.01818792 0.05744061 0.01186839 -0.02055672 0.05553459 0.01818792 -0.007533666 0.05744061 0.01704897 -0.00984321 0.05744061 0.01869768 -0.007744824 0.05731722 -0.005095224 -0.01901565 0.05744061 0 -0.02233575 0.05648679 0 -0.02282247 0.05619897 0.002915406 -0.02214468 0.05648679 -0.00924597 -0.0223218 0.05516073 -0.00256959 -0.01951803 0.05744061 0.005650542 -0.02108808 0.05674347 0.002849652 -0.02164527 0.05674347 0.005780925 -0.02157471 0.05648679 0.01011906 0.01752678 0.05731722 0.01232028 0.01605609 0.05731722 0.007744824 0.01869768 0.05731722 -0.01095768 -0.01428039 0.0576 -0.01272789 -0.01272789 0.0576 -0.01558845 -0.009 0.0576 0.002496708 0.01896435 0.05752899 -0.01690884 0.01297458 0.05696802 -0.01648683 0.01265076 0.05715954 -0.02159397 0.01246734 0.05433678 -0.02127024 0.01228032 0.05476095 -0.01116792 0.01934334 0.05648679 -0.01954863 -0.005238036 0.05731722 -0.01312749 -0.01312749 0.05758228 -0.01472868 -0.01130175 0.05758228 -0.01890711 -0.01091601 0.05674347 -0.01690884 -0.01297458 0.05696802 -0.019782 -0.01517922 0.05433678 -0.007952598 -0.01919925 0.05715954 -0.005516244 -0.02058687 0.05696802 -0.008354745 -0.02017017 0.05674347 -0.008547534 -0.02063556 0.05648679 -0.005780925 -0.02157471 0.05648679 0 -0.02588679 0.05293575 -0.01346454 -0.02332125 0.04972797 -0.003098277 -0.02353374 0.05553459 0.005238036 -0.01954863 0.05731722 0.002641617 -0.02006505 0.05731722 -0.006976161 -0.02603538 0.004695156 0.01479294 -0.01927845 0.0007234623 -0.003001788 -0.02280087 0.0001840005 0.01314927 -0.01713645 0 0 -0.02488734 0.001115892 0.00590688 -0.02204478 0.05619897 0.008733771 -0.0210852 0.05619897 -0.005650542 -0.02108808 0.05674347 0.01164501 -0.02016981 0.05588118 0.008912718 -0.0215172 0.05588118 0.009083699 -0.02192994 0.05553459 0.01022427 -0.02468349 0.05083821 0.006946848 -0.02592603 0.05028642 0.01027143 -0.02479743 0.05028642 -0.00990639 0.02391624 0.05293575 -0.0188919 0.0188919 0.05083821 -0.0135 0.02338272 0.0486 -0.01643652 0.02142054 0.0054 -0.01909188 0.01909188 0.0486 -0.01318401 0.02283534 0.05191308 -0.01539018 0.02005686 0.05389002 -0.01878039 0.01878039 0.05138118 -0.01246734 0.02159397 0.05433678 -0.01445004 0.01883169 0.05553459 -0.01797354 0.01797354 0.001581624 -0.01244367 0.02155302 0.001115892 -0.02332125 0.01346454 0.04972797 -0.02141523 0.002819367 0 -0.0224163 0.01294209 0.002112687 -0.02084661 0.01599615 0.0027 -0.01352556 0.01352556 0.05752899 -0.01164438 0.01517526 0.05752899 0.01428039 -0.01095768 0.0576 0 0.01856511 0.05758228 -0.002496708 0.01896435 0.05752899 -0.01039059 0.01799703 0.05715954 -0.01934334 0.01116792 0.05648679 -0.01198431 0.01561833 0.05744061 -0.01392039 0.01392039 0.05744061 -0.006824538 0.02546955 0.05191308 -0.01016388 0.02453778 0.05138118 -0.01307169 0.02264085 0.05243202 -0.006253308 0.02333763 0.05516073 -0.00967464 0.02335671 0.05389002 0.006800868 0.02538117 0.0027 -0.003089097 0.02346399 0.0004110498 0 0.0243 0.0007234623 0.006125337 0.02286009 0.0004110498 0.009727201 0.02348352 0.001581624 -0.003001788 0.02280087 0.0001840005 -0.01599615 0.02084661 0.0027 -0.008800812 0.02124702 0.0001840005 -0.01479294 0.01927845 0.0007234623 0.01440729 0.01877589 0.0004110498 0.00853569 0.02060703 4.619754e-05 0 0.02636802 0.05191308 0.01264059 0.02189412 0.05389002 0.01246734 0.02159397 0.05433678 0.01016388 0.02453778 0.05138118 0.02672325 -0.003518181 0.004695156 0.02658654 -0.00350019 0.004002381 0.02681604 0 0.004002381 0.027 0 0.0054 0.02601144 0.006969744 0.04972797 0.02669868 0.003514941 0.04972797 0.02249649 -0.006027912 0.05588118 -0.003503394 -0.02661093 0.05028642 -0.006946848 -0.02592603 0.05028642 -0.003514941 -0.02669868 0.04972797 -0.01307169 -0.02264085 0.05243202 -0.01318401 -0.02283534 0.05191308 -0.006625494 -0.02472669 0.05342247 -0.01030527 -0.02487915 0.04972797 -0.006969744 -0.02601144 0.04972797 -0.02580687 -0.006914934 0.05083821 -0.02468349 -0.01022427 0.05083821 -0.02492829 0.01032561 0.04916511 0.02302668 0.01329444 0.00333351 0.02286009 -0.006125337 0.0004110498 0.0252009 -0.00331776 0.001581624 0.02541834 0 0.001581624 0.01643652 0.02142054 0.0486 0.01830285 -0.01830285 0.002112687 0.02264085 -0.01307169 0.05243202 0.02415339 -0.01000467 0.05243202 0.0223218 -0.00924597 0.05516073 0.02201292 -0.01270917 0.001581624 0.01673478 -0.01673478 0.0004110498 0.01599615 -0.02084661 0.0027 0.01901565 -0.005095224 0.05744061 0.01954863 -0.005238036 0.05731722 0.02078118 0 0.05715954 0.006888303 0.01662984 0.0576 0.02017017 -0.008354745 0.05674347 0.01919925 -0.007952598 0.05715954 0.01969074 -0.008156178 0.05696802 0.009542069 -0.02303658 0.05433678 0.01279944 -0.02216934 0.05342247 0.00967464 -0.02335671 0.05389002 0.01848618 -0.01848618 0.05243202 0.01646856 -0.01646856 0.05588118 0.01389339 -0.01810629 0.05619897 0.01116792 -0.01934334 0.05648679 0.01141119 -0.01976481 0.05619897 0.009398971 -0.02269116 0.05476095 0.01916811 -0.01470825 0.05516073 0.01810629 -0.01389339 0.05619897 0.02636802 0 0.05191308 0.02614239 -0.003441708 0.05191308 0 0.02456073 0.05476095 0.01605177 0.02091915 0.05191308 0.01591515 0.02074095 0.05243202 -0.003412404 0.02591982 0.05243202 0.01495161 0.01948536 0.05476095 0.01736703 0.01736703 0.05476095 0.0161379 0.0161379 0.05619897 0.01389339 0.01810629 0.05619897 0.01904166 0.01904166 0.04972797 0.01575882 0.02053737 0.05293575 0.01141119 0.01976481 0.05619897 0.01690884 0.01297458 0.05696802 0.01648683 0.01265076 0.05715954 0.01431054 0.01431054 0.05731722 0.02183202 0 0.05674347 0.02113074 0.002781918 0.05696802 0.02131308 0 0.05696802 0.02309085 0.003039966 0.05588118 0.02214468 0.002915406 0.05648679 0.02233575 0 0.05648679 0.01976481 0.01141119 0.05619897 0.0210852 0.008733771 0.05619897 0.01558368 0.02030904 0.05342247 0.01787643 0.01787643 0.05389002 0.02614239 0.003441708 0.05191308 0.02453778 0.01016388 0.05138118 0.02264085 0.01307169 0.05243202 0.02249649 0.006027912 0.05588118 0.02204478 0.00590688 0.05619897 0.02058687 0.005516244 0.05696802 0.02007306 0.005378553 0.05715954 0.0244197 0.006543243 0.05389002 0.02506482 0.00329985 0.05389002 0.02292804 0.006143536 0.05553459 0.0223218 0.00924597 0.05516073 0.02684061 0 0.05028642 0.02092392 -0.01208043 0.05516073 -0.01428039 -0.01095768 0.0576 0.01312749 -0.01312749 0.05758228 0.01352556 -0.01352556 0.05752899 0.01392039 -0.01392039 0.05744061 0.01561833 -0.01198431 0.05744061 -0.002496708 -0.01896435 0.05752899 -0.002781918 -0.02113074 0.05696802 0.005378553 -0.02007306 0.05715954 0.005516244 -0.02058687 0.05696802 -0.02192994 0.009083699 0.05553459 -0.02365038 0.00979632 0.05342247 -0.01470825 0.01916811 0.05516073 -0.01208043 0.02092392 0.05516073 -0.019782 0.01517922 0.05433678 0.01656531 0.00956403 0.05752899 0.01607787 0.00928251 0.05758228 -0.01799703 -0.01039059 0.05715954 -0.01469448 -0.01469448 0.05715954 -0.01011906 -0.01752678 0.05731722 -0.01264059 -0.02189412 0.05389002 -0.01000467 -0.02415339 0.05243202 -0.006766416 -0.02525265 0.05243202 -0.01009062 -0.02436084 0.05191308 -0.006824538 -0.02546955 0.05191308 0 -0.01856511 0.05758228 0.006578757 -0.02455227 0.001581624 0.0099054 -0.02391381 0.002112687 0.00329985 -0.02506482 0.05389002 0 -0.02559897 0.05342247 0.003341331 -0.02537991 0.05342247 0.01294335 -0.02241855 0.05293575 0.006453549 -0.02408499 0.05433678 0.002978928 -0.02262717 0.05619897 0 -0.02183202 0.05674347 0 -0.02131308 0.05696802 -0.00590688 -0.02204478 0.05619897 -0.003441708 -0.02614239 0.05191308 -0.00346671 -0.02633229 0.05138118 -0.00329985 -0.02506482 0.05389002 -0.003341331 -0.02537991 0.05342247 -0.02107107 0.01616841 0.05138118 -0.01640844 0.02138391 0.004695156 -0.003378897 0.0256653 0.05293575 -0.01228032 0.02127024 0.05476095 -0.003441708 0.02614239 0.05191308 -0.01022427 0.02468349 0.05083821 -0.01335861 0.02313783 0.05083821 -0.01880127 0.01880127 0.00333351 -0.01632456 0.02127456 0.004002381 -0.02322333 0.01340802 0.004002381 -0.02275614 0.01313829 0.0027 -0.02456496 0.01017513 0.00333351 -0.01824525 0.01400004 0.0001840005 0.004658742 -0.01738665 0.0576 -0.01662984 -0.006888303 0.0576 0.01312749 0.01312749 0.05758228 -0.01389339 0.01810629 0.05619897 -0.0135972 0.01772019 0.05648679 -0.0161379 0.0161379 0.05619897 -0.01579374 0.01579374 0.05648679 -0.01976481 0.01141119 0.05619897 -0.0173205 0.01329048 0.05674347 -0.01469448 0.01469448 0.05715954 0 0.02655954 0.05138118 0.008800812 0.02124702 0.0001840005 0.0135 0.02338272 0.0486 0.01342026 0.02324466 0.05028642 0.01027143 0.02479743 0.05028642 0.01335861 0.02313783 0.05083821 0.02661093 -0.003503394 0.05028642 0.02487915 0.01030527 0.04972797 0.02592603 0.006946848 0.05028642 0.00346671 -0.02633229 0.05138118 -0.02546955 0.006824538 0.05191308 -0.02487915 0.01030527 0.04972797 0.0252009 0.00331776 0.001581624 0.02566269 0.003378555 0.002112687 0.02603538 0.006976161 0.004695156 0.02124702 -0.008800812 0.0001840005 0.02427633 -0.01005561 0.0027 0.02348352 -0.009727201 0.001581624 0.02053521 -0.01575729 0.002112687 0.0224163 -0.01294209 0.002112687 0.02391381 -0.0099054 0.002112687 0.02661093 0.003503394 0.05028642 0.02580687 0.006914934 0.05083821 0.02435058 -0.003205818 0.05476095 0.02537991 -0.003341331 0.05342247 0.0250047 -0.006699987 0.05293575 0.02353374 -0.003098277 0.05553459 0.02262717 -0.002978928 0.05619897 0.01847619 0.004950693 0.05752899 0.0179325 0.004805001 0.05758228 0.01840626 0.002423232 0.05758228 0.01690884 -0.01297458 0.05696802 0.01896435 -0.002496708 0.05752899 0.01708434 -0.01708434 0.05516073 0.01934334 -0.01116792 0.05648679 0.01976481 -0.01141119 0.05619897 0.02204478 -0.00590688 0.05619897 0.02063556 -0.008547534 0.05648679 0.02157471 -0.005780925 0.05648679 0.0135 -0.02338272 0.0486 0.01033245 -0.02494476 0.0486 0.0135972 -0.01772019 0.05648679 0.01431054 -0.01431054 0.05731722 0.01736703 -0.01736703 0.05476095 0.01495161 -0.01948536 0.05476095 0.02525265 -0.006766416 0.05243202 0.01591515 -0.02074095 0.05243202 0.02492829 -0.01032561 0.04916511 -0.003254616 0.02472129 0.05433678 0.01186839 0.02055672 0.05553459 0.02063556 0.008547534 0.05648679 0.02192994 0.009083699 0.05553459 0.005095224 0.01901565 0.05744061 0.00967464 0.02335671 0.05389002 0.01469448 0.01469448 0.05715954 0.02006505 0.002641617 0.05731722 0.02060334 0.002712483 0.05715954 0.02214468 -0.002915406 0.05648679 0.02262717 0.002978928 0.05619897 0.02241855 0.01294335 0.05293575 0.02468349 0.01022427 0.05083821 0.02353374 0.003098277 0.05553459 0.02416095 0 0.05516073 0.02528118 0 0.05389002 0.02559897 0 0.05342247 0.02269116 0.009398971 0.05476095 0.0215172 0.008912718 0.05588118 0.02129409 0.0163395 0.05028642 -0.01039059 -0.01799703 0.05715954 -0.01830474 0.01830474 0.05293575 -0.01264059 0.02189412 0.05389002 -0.01141119 -0.01976481 0.05619897 -0.006027912 -0.02249649 0.05588118 0.01575729 -0.02053521 0.002112687 0.01270917 -0.02201292 0.001581624 0.0154737 -0.02016576 0.001581624 0.006800868 -0.02538117 0.0027 0.009727201 -0.02348352 0.001581624 0.01294209 -0.0224163 0.002112687 0.01244367 -0.02155302 0.001115892 0.003441708 -0.02614239 0.05191308 0 -0.02636802 0.05191308 -0.002915406 -0.02214468 0.05648679 0 -0.02493459 0.05433678 0.006914934 -0.02580687 0.05083821 0.00924597 -0.0223218 0.05516073 -0.002849652 -0.02164527 0.05674347 -0.003039966 -0.02309085 0.05588118 -0.003487302 -0.02648871 0.05083821 -0.0163395 0.02129409 0.05028642 -0.01591515 0.02074095 0.05243202 -0.006914934 0.02580687 0.05083821 -0.02302668 0.01329444 0.00333351 -0.01772019 0.0135972 0.05648679 0 0.02488734 0.001115892 -0.006125337 0.02286009 0.0004110498 0.02124702 0.008800812 0.0001840005 -0.006874101 -0.0256545 0.05138118 -0.02479743 0.01027143 0.05028642 -0.02140641 0.01642572 0.04916511 0.02538117 -0.006800868 0.0027 0.02155302 -0.01244367 0.001115892 0.02333763 -0.006253308 0.05516073 0.02395422 -0.003153627 0.05516073 0.01607787 -0.00928251 0.05758228 0.01951803 0.00256959 0.05744061 0.01890711 -0.01091601 0.05674347 0.01335861 -0.02313783 0.05083821 0.01543752 -0.01543752 0.05674347 0.002712483 0.02060334 0.05715954 0.01558845 0.009 0.0576 0.01738665 0.004658742 0.0576 0.01784601 0.002349468 0.0576 0.0135972 0.01772019 0.05648679 0.01954863 0.005238036 0.05731722 0.01279944 0.02216934 0.05342247 0.02436084 0.01009062 0.05191308 0.02537991 0.003341331 0.05342247 0.02335671 0.00967464 0.05389002 0.005095224 -0.01901565 0.05744061 0.01755 0 0.0576 0.018 0 0.0576 0.01739988 0.002290734 0.0576 0.01695204 0.004542274 0.0576 0.01662984 0.006888303 0.0576 0.01621413 0.006716097 0.0576 0.01519875 0.008775 0.0576 0.01392336 0.01068372 0.0576 0.01240974 0.01240974 0.0576 0.01068372 0.01392336 0.0576 0.008775 0.01519875 0.0576 0.006716097 0.01621413 0.0576 0.004542274 0.01695204 0.0576 0.002290734 0.01739988 0.0576 0 0.01755 0.0576 -0.002290734 0.01739988 0.0576 -0.004542274 0.01695204 0.0576 -0.006716097 0.01621413 0.0576 -0.008775 0.01519875 0.0576 -0.01068372 0.01392336 0.0576 -0.01240974 0.01240974 0.0576 -0.01392336 0.01068372 0.0576 -0.01519875 0.008775 0.0576 -0.01621413 0.006716097 0.0576 -0.01695204 0.004542274 0.0576 -0.01739988 0.002290734 0.0576 -0.01755 0 0.0576 0.01739988 -0.002290734 0.0576 0.01695204 -0.004542274 0.0576 0.01621413 -0.006716097 0.0576 0.01519875 -0.008775 0.0576 0.01392336 -0.01068372 0.0576 0.01240974 -0.01240974 0.0576 0.01068372 -0.01392336 0.0576 0.008775 -0.01519875 0.0576 0.006716097 -0.01621413 0.0576 0.004542274 -0.01695204 0.0576 0.002290734 -0.01739988 0.0576 0 -0.01755 0.0576 -0.002290734 -0.01739988 0.0576 -0.004542274 -0.01695204 0.0576 -0.006716097 -0.01621413 0.0576 -0.008775 -0.01519875 0.0576 -0.01068372 -0.01392336 0.0576 -0.01240974 -0.01240974 0.0576 -0.01392336 -0.01068372 0.0576 -0.01519875 -0.008775 0.0576 -0.01621413 -0.006716097 0.0576 -0.01695204 -0.004542274 0.0576 -0.01739988 -0.002290734 0.0576 -0.01948536 0.01495161 0.05476095 0.01856511 0 0.05758228 -0.003378897 -0.0256653 0.05293575 -0.003412404 -0.02591982 0.05243202 0.01346454 -0.02332125 0.04972797 0 -0.02684061 0.05028642 0 -0.02416095 0.05516073 0 -0.02456073 0.05476095 0.006356781 -0.02372382 0.05476095 0.003205818 -0.02435058 0.05476095 0.003254616 -0.02472129 0.05433678 0.003098277 -0.02353374 0.05553459 -0.002978928 -0.02262717 0.05619897 0 -0.02528118 0.05389002 -0.006699987 -0.0250047 0.05293575 -0.01186839 0.02055672 0.05553459 -0.01543752 0.01543752 0.05674347 0.01318401 0.02283534 0.05191308 0.02488734 0 0.001115892 0.01469448 -0.01469448 0.05715954 0.0256653 0.003378897 0.05293575 0.01869768 0.007744824 0.05731722 0.02415339 0.01000467 0.05243202 0.02606283 0.006983514 0.04916511 0.01313829 -0.02275614 0.0027 0.003503394 -0.02661093 0.05028642 0.01009062 -0.02436084 0.05191308 0.006824538 -0.02546955 0.05191308 0.006766416 -0.02525265 0.05243202 0 -0.02614347 0.05243202 -0.003205818 -0.02435058 0.05476095 -0.01495161 0.01948536 0.05476095 0.01022427 0.02468349 0.05083821 0.01327977 0.02300121 0.05138118 0.01901565 0.005095224 0.05744061 0.01030527 -0.02487915 0.04972797 0.0188919 0.0188919 0.05083821 0.01715193 0.007104564 0.05758228 0.006874101 -0.0256545 0.05138118 0.01616841 0.02107107 0.05138118 0.01896435 0.002496708 0.05752899 -0.002114523 -0.0160614 0.0558 -0.004192866 -0.01564803 0.081 -0.002114523 -0.0160614 0.081 -0.004192866 -0.01564803 0.0558 0.01285236 0.00986193 0.0558 0.01145511 0.01145511 0.081 0.01145511 0.01145511 0.0558 0.01285236 0.00986193 0.081 0.0160614 0.002114523 0.0558 0.01564803 0.004192866 0.081 0.01564803 0.004192866 0.0558 0.0160614 0.002114523 0.081 0.004192866 -0.01564803 0.0558 0.002114523 -0.0160614 0.081 0.004192866 -0.01564803 0.081 0.002114523 -0.0160614 0.0558 -0.0081 0.01402965 0.0666 -0.00619947 0.01496682 0.081 -0.0081 0.01402965 0.081 -0.00619947 0.01496682 0.0558 -0.0081 0.01402965 0.0558 -0.01402965 0.0081 0.0666 -0.01285236 0.00986193 0.081 -0.01402965 0.0081 0.081 -0.01285236 0.00986193 0.0558 -0.01402965 0.0081 0.0558 0.0162 0 0.0666 0.0162 0 0.0558 0.0162 4.291533e-09 0.081 0.0162 0 0.08129988 0.0162 4.291533e-09 0.08129988 -0.004192866 0.01564803 0.081 -0.004192866 0.01564803 0.0558 -0.00986193 -0.01285236 0.0558 -0.01145511 -0.01145511 0.081 -0.00986193 -0.01285236 0.081 -0.01145511 -0.01145511 0.0558 -0.0081 -0.01402965 0.0666 -0.0081 -0.01402965 0.081 -0.0081 -0.01402965 0.0558 0.01496682 0.00619947 0.0558 0.01402965 0.0081 0.0666 0.01402965 0.0081 0.0558 0.01496682 0.00619947 0.081 0.01402965 0.0081 0.081 -0.002114523 0.0160614 0.081 0 0.0162 0.0666 0 0.0162 0.081 -0.002114523 0.0160614 0.0558 0 0.0162 0.0558 0.01145511 -0.01145511 0.0558 0.01285236 -0.00986193 0.081 0.01285236 -0.00986193 0.0558 0.01145511 -0.01145511 0.081 -0.01145511 0.01145511 0.0558 -0.00986193 0.01285236 0.081 -0.01145511 0.01145511 0.081 -0.00986193 0.01285236 0.0558 0 -0.0162 0.0666 0 -0.0162 0.081 0 -0.0162 0.0558 0.01402965 -0.0081 0.0666 0.01402965 -0.0081 0.0558 0.01402965 -0.0081 0.081 0.0160614 -0.002114523 0.0558 0.01618281 -0.0002618361 0.08128683 0.0162 -4.291533e-09 0.08129988 0.0160614 -0.002114523 0.08118 0.00619947 -0.01496682 0.0558 0.00619947 -0.01496682 0.081 0.004192866 0.01564803 0.0558 0.00619947 0.01496682 0.081 0.004192866 0.01564803 0.081 0.00619947 0.01496682 0.0558 0.0081 0.01402965 0.0666 0.0081 0.01402965 0.081 0.0081 0.01402965 0.0558 0.01498599 -0.006143058 0.081 0.01564803 -0.004192866 0.08107794 0.01564803 -0.004192866 0.0558 0.01511271 -0.005769846 0.0810423 0.01519407 -0.005530185 0.08106768 0.01496682 -0.00619947 0.0558 0.01496682 -0.00619947 0.081 0.00986193 0.01285236 0.0558 0.00986193 0.01285236 0.081 -0.01496682 -0.00619947 0.081 -0.01564803 -0.004192866 0.0558 -0.01564803 -0.004192866 0.081 -0.01496682 -0.00619947 0.0558 -0.0160614 -0.002114523 0.081 -0.0162 0 0.0666 -0.0162 0 0.081 -0.0160614 -0.002114523 0.0558 -0.0162 0 0.0558 -0.01564803 0.004192866 0.081 -0.01496682 0.00619947 0.0558 -0.01496682 0.00619947 0.081 -0.01564803 0.004192866 0.0558 -0.00619947 -0.01496682 0.081 -0.00619947 -0.01496682 0.0558 0.002114523 0.0160614 0.081 0.002114523 0.0160614 0.0558 0.00986193 -0.01285236 0.081 0.00986193 -0.01285236 0.0558 0.0081 -0.01402965 0.0666 0.0081 -0.01402965 0.081 0.0081 -0.01402965 0.0558 -0.01402965 -0.0081 0.0666 -0.01402965 -0.0081 0.081 -0.01402965 -0.0081 0.0558 0.01587645 -0.003044574 0.0811746 0.01592352 -0.002807739 0.0811927 0.01592352 -0.002807748 0.0811927 -0.0160614 0.002114523 0.081 -0.0160614 0.002114523 0.0558 -0.01285236 -0.00986193 0.081 -0.01285236 -0.00986193 0.0558 -0.01532196 0.01175697 0.05613867 -0.01577547 0.009108 0.05635683 -0.01672542 0.009656461 0.05613867 0 -0.02547522 0.005512257 0 -0.02525949 0.00487683 -0.003297024 -0.0250434 0.00487683 -0.02164995 0.01249956 0.05115195 -0.02309625 0.00956673 0.05115195 -0.02342835 0.00970434 0.05009292 0 0.02499912 0.05115195 -0.003263049 0.02478528 0.05115195 -0.003309966 0.02514168 0.05009292 0.005310963 0.01982079 0.00171 0.002765799 0.02100834 0.001753884 0.0026784 0.02034441 0.00171 -0.0189207 -0.01092384 0.001884798 -0.01957662 -0.00810891 0.001753884 -0.02018466 -0.008360765 0.001884798 -0.02294775 -0.003021129 0.05392575 -0.02367882 -0.003117375 0.05308488 -0.02388321 0 0.05308488 -0.02543058 -0.003348 0.04788 -0.02565 0 0.00684 -0.02565 0 0.04788 -0.02543058 -0.003348 0.00684 0.0030132 0.02288754 0.002397285 0.003086028 0.02344068 0.002770101 0 0.023085 0.002397285 -0.01537704 0.02003967 0.00487683 -0.01273761 0.02206215 0.005512257 -0.01550835 0.02021085 0.005512257 -0.02367882 0.003117375 0.05308488 -0.02294775 0.003021129 0.05392575 0 0.02184777 0.001884798 0 0.0211896 0.001753884 0.02543058 -0.003348 0.00684 0.02538702 -0.003342267 0.0061704 0.02477601 -0.006638706 0.00684 -0.002765799 -0.02100834 0.001753884 -0.005310963 -0.01982079 0.00171 -0.005484267 -0.02046762 0.001753884 0.003348 -0.02543058 0.00684 0 -0.02565 0.04788 0.003348 -0.02543058 0.04788 0 -0.02565 0.00684 -0.01695204 0.004542274 0.05640048 -0.01721241 0.003233079 0.05640048 -0.01759527 0.004714641 0.05635683 -0.02458989 0 0.003717054 -0.02474919 0.003258288 0.004275 -0.02496267 0 0.004275 -0.01806012 0.002377665 0.05635683 -0.01914768 0.002520837 0.05613867 -0.02154492 0.005772933 0.05466321 -0.02064663 0.005532255 0.05528448 -0.02211408 0.002911374 0.05466321 -0.02411217 -0.006460821 0.004275 -0.02375199 -0.006364332 0.003717054 -0.02474919 -0.003258288 0.004275 0.01810629 -0.01810629 0.0061704 0.01801368 -0.01801368 0.005512257 0.015588 -0.02031471 0.0061704 0.01732734 0.01732734 0.052155 0.01944072 0.01491741 0.052155 0.01688796 0.01688796 0.05308488 0.0250434 -0.003297024 0.00487683 0.02525949 0 0.00487683 0.02474919 -0.003258288 0.004275 0.002765799 -0.02100834 0.001753884 0 -0.02052 0.00171 0 -0.0211896 0.001753884 -0.02514168 -0.003309966 0.05009292 -0.02535804 -0.003338451 0.048996 -0.02557683 0 0.048996 -0.01983321 -0.01521855 0.05115195 -0.01767708 -0.01767708 0.05115195 -0.02011842 -0.01543734 0.05009292 0.003258288 0.02474919 0.004275 0.003297024 0.0250434 0.00487683 0 0.02525949 0.00487683 0.01931292 0 0.05613867 0.02037195 0 0.05577912 0.01914768 -0.002520837 0.05613867 -0.008834248 0.02132775 0.002397285 -0.00904779 0.02184327 0.002770101 -0.0115425 0.01999224 0.002397285 -0.01931292 0 0.05613867 -0.02037195 0 0.05577912 0.003342267 -0.02538702 0.0061704 0 -0.02560608 0.0061704 -0.02538702 0.003342267 0.0061704 -0.02543058 0.003348 0.00684 -0.02560608 0 0.0061704 -0.02543058 0.003348 0.04788 -0.02538702 -0.003342267 0.0061704 -0.02525724 -0.003325176 0.005512257 -0.02283732 -0.006119244 0.002770101 -0.02344068 -0.003086028 0.002770101 -0.0239409 -0.003151872 0.003212541 -0.02470536 0.006619779 0.048996 -0.02514168 0.003309966 0.05009292 -0.02535804 0.003338451 0.048996 -0.02369754 0.00981585 0.04788 -0.02221353 0.012825 0.00684 -0.02221353 0.012825 0.04788 -0.02369754 0.00981585 0.00684 -0.01801368 0.01801368 0.005512257 -0.01521855 -0.01983321 0.05115195 -0.01249956 -0.02164995 0.05115195 -0.01543734 -0.02011842 0.05009292 -0.02029149 -0.01557018 0.048996 -0.02196126 -0.01267929 0.05009292 0 0.02314575 0.05392575 0 0.02230488 0.05466321 -0.003021129 0.02294775 0.05392575 -0.01764261 -0.01018593 0.05577912 -0.01851129 -0.0106875 0.05528448 -0.01882125 -0.007796008 0.05577912 0.005532255 -0.02064663 0.05528448 0.005772933 -0.02154492 0.05466321 0.002911374 -0.02211408 0.05466321 0.01470006 -0.01915749 0.003212541 0.01671813 -0.01671813 0.002770101 0.01439289 -0.01875717 0.002770101 0.01532196 0.01175697 0.05613867 0.01445175 0.01108917 0.05635683 0.01365624 0.01365624 0.05613867 -0.02499912 0 0.05115195 -0.02535867 0 0.05009292 -0.01914768 -0.002520837 0.05613867 -0.02019762 -0.002659068 0.05577912 -0.02019762 0.002659068 0.05577912 -0.02119212 0.00279 0.05528448 -0.005532255 0.02064663 0.05528448 -0.007796008 0.01882125 0.05577912 -0.008179857 0.01974789 0.05528448 -0.003258288 -0.02474919 0.004275 0.00810891 0.01957662 0.001753884 0.005484267 0.02046762 0.001753884 -0.012825 -0.02221353 0.00684 -0.01280304 -0.02217555 0.0061704 -0.015588 -0.02031471 0.0061704 -0.01813725 -0.01813725 0.04788 -0.02034954 -0.01561473 0.00684 -0.02034954 -0.01561473 0.04788 -0.01813725 -0.01813725 0.00684 -0.02031471 -0.015588 0.0061704 -0.02221353 -0.012825 0.00684 -0.02365695 -0.00979902 0.0061704 -0.02353599 -0.00974898 0.005512257 -0.02473362 -0.006627348 0.0061704 -0.02077173 -0.008603937 0.002100501 -0.02171709 -0.005819067 0.002100501 -0.0222984 -0.005974839 0.002397285 -0.02525724 0.003325176 0.005512257 -0.01915749 -0.01470006 0.003212541 -0.01875717 -0.01439289 0.002770101 -0.02091231 -0.01207377 0.003212541 -0.0026784 0.02034441 0.00171 -0.002765799 0.02100834 0.001753884 -0.005310963 0.01982079 0.00171 -0.02332467 -0.006249825 0.003212541 -0.02437956 -0.003209625 0.003717054 -0.02460717 -0.006593463 0.005512257 -0.02439882 -0.006537636 0.00487683 -0.0250434 -0.003297024 0.00487683 -0.01895805 0.007852663 0.00171 -0.01957662 0.00810891 0.001753884 -0.01982079 0.005310963 0.00171 -0.01947096 -0.01124154 0.002100501 -0.01831455 0.01405323 0.002397285 -0.01671813 0.01671813 0.002770101 -0.01875717 0.01439289 0.002770101 -0.018216 0 0.05635683 -0.01806012 -0.002377665 0.05635683 -0.02206215 0.01273761 0.005512257 -0.02217555 0.01280304 0.0061704 -0.02353599 0.00974898 0.005512257 -0.02477601 0.006638706 0.00684 -0.02477601 0.006638706 0.04788 -0.007852663 -0.01895805 0.00171 -0.00810891 -0.01957662 0.001753884 0 -0.02184777 0.001884798 0.01405323 -0.01831455 0.002397285 0.01368684 -0.0178371 0.002100501 0.0115425 -0.01999224 0.002397285 -0.0218754 0.01262979 0.00487683 -0.02003967 0.01537704 0.00487683 0.02460717 0.006593463 0.005512257 0.02473362 0.006627348 0.0061704 0.02353599 0.00974898 0.005512257 -0.005772933 -0.02154492 0.05466321 -0.005990562 -0.02235708 0.05392575 -0.008535717 -0.02060703 0.05466321 -0.01616211 -0.01240164 0.05577912 -0.01695789 -0.01301229 0.05528448 0.003325176 -0.02525724 0.005512257 -0.01440513 -0.01440513 0.05577912 0.01289943 0.01681083 0.001753884 0.0105948 0.01835073 0.001753884 0.01026 0.01777086 0.00171 0.02034954 -0.01561473 0.00684 0.02031471 -0.015588 0.0061704 0.01813725 -0.01813725 0.00684 -0.01882125 0.007796008 0.05577912 -0.01865484 0.004998546 0.05613867 -0.01967778 0.005272641 0.05577912 -0.005272641 0.01967778 0.05577912 0.004998546 0.01865484 0.05613867 0.006970959 0.01682937 0.05635683 0.004714641 0.01759527 0.05635683 0.01175697 0.01532196 0.05613867 0.01108917 0.01445175 0.05635683 0.009108 -0.01577547 0.05635683 0.007390728 -0.01784277 0.05613867 0.006970959 -0.01682937 0.05635683 -0.02138391 -0.008857494 0.05392575 -0.02206521 -0.00913968 0.05308488 -0.02235708 -0.005990562 0.05392575 -0.02478528 0.003263049 0.05115195 -0.02450448 0 0.052155 -0.01664316 0.005452083 0.05640048 -0.01682937 0.006970959 0.05635683 -0.01784277 0.007390728 0.05613867 -0.01445175 0.01108917 0.05635683 -0.01392336 0.01068372 0.05640048 -0.01466496 0.00957384 0.05640048 -0.01519875 0.008775 0.05640048 -0.02110329 -0.00565461 0.001884798 -0.02100834 -0.002765799 0.001753884 -0.02166084 -0.002851704 0.001884798 -0.02046762 -0.005484267 0.001753884 -0.01550835 -0.02021085 0.005512257 -0.01801368 -0.01801368 0.005512257 -0.02206215 -0.01273761 0.005512257 -0.02217555 -0.01280304 0.0061704 0.00279 -0.02119212 0.05528448 0.002659068 -0.02019762 0.05577912 0.005819067 -0.02171709 0.002100501 0.00565461 -0.02110329 0.001884798 0.002934639 -0.02229084 0.002100501 -0.003342267 -0.02538702 0.0061704 -0.003348 -0.02543058 0.00684 -0.01786113 -0.01786113 0.00487683 -0.02003967 -0.01537704 0.00487683 -0.01765134 -0.01765134 0.004275 -0.02306934 -0.006181416 0.05308488 -0.02366955 -0.006342237 0.052155 -0.02031471 0.015588 0.0061704 -0.02439882 0.006537636 0.00487683 -0.0250434 0.003297024 0.00487683 -0.02414745 0 0.003212541 -0.02437956 0.003209625 0.003717054 -0.01115244 0.01931661 0.05466321 -0.01301229 0.01695789 0.05528448 -0.01357839 0.01769562 0.05466321 -0.01225224 0.02122155 0.052155 -0.01194156 0.02068344 0.05308488 -0.01491741 0.01944072 0.052155 0.006619779 0.02470536 0.048996 0.006563303 0.02449458 0.05009292 0.003309966 0.02514168 0.05009292 0 0.02248317 0.002100501 -0.002934639 0.02229084 0.002100501 -0.0222984 0.005974839 0.002397285 -0.02132775 0.008834248 0.002397285 -0.02283732 0.006119244 0.002770101 -0.01207377 0.02091231 0.003212541 -0.01229499 0.02129544 0.003717054 -0.01496934 0.01950849 0.003717054 -0.02161836 0.01248138 0.004275 -0.0230625 0.00955278 0.004275 -0.01810629 0.01810629 0.0061704 -0.015588 0.02031471 0.0061704 -0.01813725 0.01813725 0.00684 -0.02034441 0.0026784 0.00171 -0.02100834 0.002765799 0.001753884 0.01627965 0.01249182 0.00171 0.01498329 0.01498329 0.001753884 0.0145098 0.0145098 0.00171 0.0026784 -0.02034441 0.00171 0.02052 0 0.00171 0.02100834 0.002765799 0.001753884 0.02034441 0.0026784 0.00171 0.02110329 -0.00565461 0.001884798 0.02100834 -0.002765799 0.001753884 0.02046762 -0.005484267 0.001753884 0.00565461 0.02110329 0.001884798 0.005819067 0.02171709 0.002100501 0.002934639 0.02229084 0.002100501 -0.01999224 0.0115425 0.002397285 0.01550835 0.02021085 0.005512257 0.015588 0.02031471 0.0061704 0.01273761 0.02206215 0.005512257 -0.002911374 0.02211408 0.05466321 -0.005772933 0.02154492 0.05466321 -0.01289943 0.01681083 0.001753884 -0.01330002 0.01733301 0.001884798 -0.01544868 0.01544868 0.001884798 0.02342835 0.00970434 0.05009292 0.02309625 0.00956673 0.05115195 0.02164995 0.01249956 0.05115195 0.0178371 0.01368684 0.002100501 0.01589796 0.01589796 0.002100501 0.01544868 0.01544868 0.001884798 0.01365624 -0.01365624 0.05613867 0.01175697 -0.01532196 0.05613867 0.01108917 -0.01445175 0.05635683 0.02215017 0.01278846 0.048996 0.02196126 0.01267929 0.05009292 0.02029149 0.01557018 0.048996 0.01688796 -0.01688796 0.05308488 0.01491741 -0.01944072 0.052155 0.01453914 -0.01894779 0.05308488 -0.02221353 -0.012825 0.04788 0.01357839 -0.01769562 0.05466321 0.01409022 -0.01836279 0.05392575 0.01115244 -0.01931661 0.05466321 0.01249956 0.02164995 0.05115195 0.01225224 0.02122155 0.052155 0.00937746 0.02263923 0.052155 -0.002520837 -0.01914768 0.05613867 0 -0.02037195 0.05577912 -0.002659068 -0.02019762 0.05577912 0.006638706 -0.02477601 0.04788 0.003338451 -0.02535804 0.048996 0.01793124 -0.01793124 0.05009292 0.01808559 -0.01808559 0.048996 0.01543734 -0.02011842 0.05009292 0.02309625 -0.00956673 0.05115195 0.02342835 -0.00970434 0.05009292 0.02164995 -0.01249956 0.05115195 0.01229499 -0.02129544 0.003717054 0.01207377 -0.02091231 0.003212541 0.00941013 -0.02271807 0.003717054 0.02011842 -0.01543734 0.05009292 0.01769562 -0.01357839 0.05466321 0.0163665 -0.0163665 0.05392575 0.01577196 -0.01577196 0.05466321 -0.002851704 -0.02166084 0.001884798 -0.002934639 -0.02229084 0.002100501 -0.003151872 0.0239409 0.003212541 0 0.02414745 0.003212541 -0.003209625 0.02437956 0.003717054 -0.004998546 0.01865484 0.05613867 0.00981585 0.02369754 0.00684 0.012825 0.02221353 0.04788 0.00981585 0.02369754 0.04788 0.012825 0.02221353 0.00684 0 0.02565 0.04788 -0.003338451 0.02535804 0.048996 -0.003348 0.02543058 0.04788 0 0.02557683 0.048996 0.007913286 0.01562373 0.05640048 0.009108 0.01577547 0.05635683 0.008775 0.01519875 0.05640048 -0.01616211 0.01240164 0.05577912 -0.01764261 0.01018593 0.05577912 -0.008857494 -0.02138391 0.05392575 -0.01115244 -0.01931661 0.05466321 0.002659068 0.02019762 0.05577912 0.002520837 0.01914768 0.05613867 0 0.02037195 0.05577912 -0.01931661 -0.01115244 0.05466321 -0.01974789 -0.008179857 0.05528448 -0.01836279 -0.01409022 0.05392575 -0.0200448 -0.01157292 0.05392575 -0.01562373 0.007913286 0.05640048 -0.021375 0 0.05528448 -0.01808559 0.01808559 0.048996 -0.02011842 0.01543734 0.05009292 -0.02029149 0.01557018 0.048996 -0.02477601 -0.006638706 0.04788 -0.02477601 -0.006638706 0.00684 -0.02215017 -0.01278846 0.048996 -0.02478528 -0.003263049 0.05115195 -0.02263923 -0.00937746 0.052155 -0.02429487 0.003198483 0.052155 -0.01739988 0.002290734 0.05640048 0 0.018216 0.05635683 0 0.01755 0.05640048 -0.001331991 0.0174627 0.05640048 -0.01496934 -0.01950849 0.003717054 -0.01470006 -0.01915749 0.003212541 -0.01738773 -0.01738773 0.003717054 -0.02184327 -0.00904779 0.002770101 -0.02230938 -0.00924084 0.003212541 -0.02229084 -0.002934639 0.002100501 0.01289943 -0.01681083 0.001753884 0.01249182 -0.01627965 0.00171 0.01026 -0.01777086 0.00171 -0.01289943 -0.01681083 0.001753884 -0.01249182 -0.01627965 0.00171 -0.01498329 -0.01498329 0.001753884 -0.01589796 -0.01589796 0.002100501 -0.01544868 -0.01544868 0.001884798 -0.0178371 -0.01368684 0.002100501 -0.01026 0.01777086 0.00171 -0.0105948 0.01835073 0.001753884 0 0.02052 0.00171 -0.00565461 -0.02110329 0.001884798 -0.006119244 -0.02283732 0.002770101 -0.00904779 -0.02184327 0.002770101 -0.00924084 -0.02230938 0.003212541 -0.003325176 -0.02525724 0.005512257 -0.006593463 -0.02460717 0.005512257 -0.008603937 -0.02077173 0.002100501 -0.008360765 -0.02018466 0.001884798 -0.01092384 -0.0189207 0.001884798 -0.01124154 -0.01947096 0.002100501 -0.01330002 -0.01733301 0.001884798 -0.01632357 -0.01632357 0.002397285 -0.01831455 -0.01405323 0.002397285 -0.02122155 -0.01225224 0.052155 -0.02164995 -0.01249956 0.05115195 -0.01561473 -0.02034954 0.00684 -0.01561473 -0.02034954 0.04788 -0.012825 -0.02221353 0.04788 -0.02333673 -0.00966636 0.00487683 -0.02369754 -0.00981585 0.00684 -0.02369754 -0.00981585 0.04788 -0.02342835 -0.00970434 0.05009292 -0.01894779 -0.01453914 0.05308488 -0.01944072 -0.01491741 0.052155 -0.02068344 -0.01194156 0.05308488 -0.02547522 0 0.005512257 -0.02332467 0.006249825 0.003212541 -0.0239409 0.003151872 0.003212541 -0.02525949 0 0.00487683 -0.01931661 0.01115244 0.05466321 -0.01851129 0.0106875 0.05528448 -0.01974789 0.008179857 0.05528448 -0.01304325 0.0116874 0.05640048 -0.02034954 0.01561473 0.00684 -0.006638706 0.02477601 0.04788 -0.009787861 0.02362995 0.048996 -0.00981585 0.02369754 0.04788 -0.005974839 0.0222984 0.002397285 -0.003086028 0.02344068 0.002770101 -0.006119244 0.02283732 0.002770101 -0.01280304 0.02217555 0.0061704 -0.012825 0.02221353 0.00684 -0.02460717 0.006593463 0.005512257 -0.02449458 0.006563303 0.05009292 -0.0118215 0.02047536 0.002770101 -0.01439289 0.01875717 0.002770101 -0.02166084 0.002851704 0.001884798 -0.02110329 0.00565461 0.001884798 -0.02229084 0.002934639 0.002100501 -0.01453914 0.01894779 0.05308488 -0.01688796 0.01688796 0.05308488 -0.02263923 0.00937746 0.052155 -0.02215017 0.01278846 0.048996 -0.02365695 0.00979902 0.0061704 -0.006563303 0.02449458 0.05009292 -0.006619779 0.02470536 0.048996 -0.00979902 0.02365695 0.0061704 -0.006638706 0.02477601 0.00684 -0.00981585 0.02369754 0.00684 -0.003086028 -0.02344068 0.002770101 -0.0030132 -0.02288754 0.002397285 -0.005974839 -0.0222984 0.002397285 -0.01835073 -0.0105948 0.001753884 0.01835073 -0.0105948 0.001753884 0.01777086 -0.01026 0.00171 0.01681083 -0.01289943 0.001753884 -0.02411217 0.006460821 0.004275 0.01950849 -0.01496934 0.003717054 0.02091231 -0.01207377 0.003212541 0.01915749 -0.01470006 0.003212541 0.02365695 -0.00979902 0.0061704 0.02353599 -0.00974898 0.005512257 0.02217555 -0.01280304 0.0061704 0.01496934 0.01950849 0.003717054 0.01229499 0.02129544 0.003717054 0.01207377 0.02091231 0.003212541 0.01681083 0.01289943 0.001753884 0.02229084 0.002934639 0.002100501 0.0222984 0.005974839 0.002397285 0.02171709 0.005819067 0.002100501 0.006638706 0.02477601 0.00684 0.006638706 0.02477601 0.04788 0.009787861 0.02362995 0.048996 0.00970434 0.02342835 0.05009292 0.02411217 0.006460821 0.004275 0.0230625 0.00955278 0.004275 0.02271807 0.00941013 0.003717054 0.01765134 0.01765134 0.004275 0.01537704 0.02003967 0.00487683 0.01519632 0.01980423 0.004275 0.02064663 -0.005532255 0.05528448 0.01974789 -0.008179857 0.05528448 0.01882125 -0.007796008 0.05577912 0.02538702 0.003342267 0.0061704 0.02543058 0.003348 0.00684 0.02477601 0.006638706 0.00684 0.02217555 0.01280304 0.0061704 0.02221353 0.012825 0.00684 0.02031471 0.015588 0.0061704 -0.01365624 -0.01365624 0.05613867 -0.01532196 -0.01175697 0.05613867 -0.006619779 -0.02470536 0.048996 -0.006638706 -0.02477601 0.04788 -0.009787861 -0.02362995 0.048996 0.01931661 0.01115244 0.05466321 0.01851129 0.0106875 0.05528448 0.01695789 0.01301229 0.05528448 0.01672542 -0.009656461 0.05613867 0.01764261 -0.01018593 0.05577912 0.01532196 -0.01175697 0.05613867 0.00981585 -0.02369754 0.00684 0.00981585 -0.02369754 0.04788 0.006638706 -0.02477601 0.00684 -0.00913968 -0.02206521 0.05308488 -0.01194156 -0.02068344 0.05308488 0 -0.02230488 0.05466321 0.003021129 -0.02294775 0.05392575 0 -0.02314575 0.05392575 -0.00279 -0.02119212 0.05528448 0 -0.021375 0.05528448 -0.002911374 -0.02211408 0.05466321 -0.01557018 -0.02029149 0.048996 -0.00981585 -0.02369754 0.00684 -0.00981585 -0.02369754 0.04788 0.02362995 -0.009787861 0.048996 0.02196126 -0.01267929 0.05009292 0.009787861 -0.02362995 0.048996 0.006619779 -0.02470536 0.048996 0.006563303 -0.02449458 0.05009292 0.02034954 -0.01561473 0.04788 0.01813725 -0.01813725 0.04788 0.003086028 -0.02344068 0.002770101 0 -0.023085 0.002397285 0 -0.02364291 0.002770101 0.01982079 -0.005310963 0.00171 0.01957662 -0.00810891 0.001753884 0.02129544 -0.01229499 0.003717054 0.02271807 -0.00941013 0.003717054 0.01561473 -0.02034954 0.04788 0.01561473 -0.02034954 0.00684 -0.008535717 0.02060703 0.05466321 0.003117375 0.02367882 0.05308488 0.006181416 0.02306934 0.05308488 0.003021129 0.02294775 0.05392575 0.006537636 0.02439882 0.00487683 0.006593463 0.02460717 0.005512257 0 0.02388321 0.05308488 0.007796008 0.01882125 0.05577912 0.007390728 0.01784277 0.05613867 0.00957384 -0.01466496 0.05640048 0.008775 -0.01519875 0.05640048 0.007796008 -0.01882125 0.05577912 0.008179857 -0.01974789 0.05528448 0.01491741 0.01944072 0.052155 0.02514168 0.003309966 0.05009292 0.02535867 0 0.05009292 0.02499912 0 0.05115195 0.006470262 0.02414736 0.05115195 0.003263049 0.02478528 0.05115195 -0.02154492 -0.005772933 0.05466321 -0.02064663 -0.005532255 0.05528448 -0.02060703 -0.008535717 0.05466321 -0.01732734 -0.01732734 0.052155 -0.01621404 0.006716097 0.05640048 -0.01672542 -0.009656461 0.05613867 -0.01759527 -0.004714641 0.05635683 -0.01865484 -0.004998546 0.05613867 -0.02366955 0.006342237 0.052155 -0.02306934 0.006181416 0.05308488 -0.02309625 -0.00956673 0.05115195 -0.02449458 -0.006563303 0.05009292 -0.01967778 -0.005272641 0.05577912 -0.02230488 0 0.05466321 -0.01732734 0.01732734 0.052155 -0.01767708 0.01767708 0.05115195 -0.02314575 0 0.05392575 -0.02060703 0.008535717 0.05466321 -0.01577547 -0.009108 0.05635683 -0.01621413 0.006716097 0.05640048 -0.007390728 0.01784277 0.05613867 -0.009108 0.01577547 0.05635683 -0.009656461 0.01672542 0.05613867 -0.01733301 -0.01330002 0.001884798 -0.02288754 -0.0030132 0.002397285 -0.023085 0 0.002397285 -0.02132775 -0.008834248 0.002397285 -0.02046762 0.005484267 0.001753884 -0.01405323 -0.01831455 0.002397285 -0.01777086 0.01026 0.00171 0 -0.02414745 0.003212541 -0.003151872 -0.0239409 0.003212541 -0.006249825 -0.02332467 0.003212541 -0.00941013 -0.02271807 0.003717054 -0.0105948 -0.01835073 0.001753884 -0.008834248 -0.02132775 0.002397285 -0.0115425 -0.01999224 0.002397285 0.005974839 -0.0222984 0.002397285 0.008603937 -0.02077173 0.002100501 0.006627348 -0.02473362 0.0061704 0.00974898 -0.02353599 0.005512257 0.006593463 -0.02460717 0.005512257 0.006364332 -0.02375199 0.003717054 0.006249825 -0.02332467 0.003212541 0.003209625 -0.02437956 0.003717054 -0.006638706 -0.02477601 0.00684 -0.00979902 -0.02365695 0.0061704 0 -0.02388321 0.05308488 0 -0.02450448 0.052155 -0.003198483 -0.02429487 0.052155 -0.01491741 -0.01944072 0.052155 -0.01808559 -0.01808559 0.048996 -0.01793124 -0.01793124 0.05009292 -0.006537636 -0.02439882 0.00487683 -0.00955278 -0.0230625 0.004275 -0.00966636 -0.02333673 0.00487683 -0.02362995 -0.009787861 0.048996 -0.01999224 -0.0115425 0.002397285 -0.0218754 -0.01262979 0.00487683 -0.01980423 -0.01519632 0.004275 -0.02364291 0 0.002770101 -0.02206521 0.00913968 0.05308488 -0.02138391 0.008857494 0.05392575 -0.02235708 0.005990562 0.05392575 -0.01695789 0.01301229 0.05528448 -0.012825 0.02221353 0.04788 -0.01278846 0.02215017 0.048996 -0.01557018 0.02029149 0.048996 -0.01267929 0.02196126 0.05009292 -0.01543734 0.02011842 0.05009292 0.01280304 0.02217555 0.0061704 0 0.02496267 0.004275 -0.02021085 0.01550835 0.005512257 0 0.02364291 0.002770101 -0.02473362 0.006627348 0.0061704 -0.02271807 0.00941013 0.003717054 -0.02129544 0.01229499 0.003717054 -0.01368684 0.0178371 0.002100501 -0.01405323 0.01831455 0.002397285 -0.01589796 0.01589796 0.002100501 -0.02196126 0.01267929 0.05009292 -0.02034954 0.01561473 0.04788 -0.01786113 0.01786113 0.00487683 -0.005819067 -0.02171709 0.002100501 0.02046762 0.005484267 0.001753884 0.01982079 0.005310963 0.00171 -0.01026 -0.01777086 0.00171 -0.02018466 0.008360765 0.001884798 -0.0189207 0.01092384 0.001884798 -0.02077173 0.008603937 0.002100501 -0.02248317 0 0.002100501 0.01249182 0.01627965 0.00171 -0.0211896 0 0.001753884 -0.02184777 0 0.001884798 0.02369754 -0.00981585 0.00684 0.02477601 -0.006638706 0.04788 0.02369754 -0.00981585 0.04788 0.02565 0 0.04788 0.02565 0 0.00684 0.02543058 -0.003348 0.04788 0.02366955 -0.006342237 0.052155 0.02263923 -0.00937746 0.052155 0.02206521 -0.00913968 0.05308488 0.02211408 0.002911374 0.05466321 0.021375 0 0.05528448 0.02119212 0.00279 0.05528448 -0.01681083 0.01289943 0.001753884 -0.01835073 0.0105948 0.001753884 0.02110329 0.00565461 0.001884798 0.01330002 0.01733301 0.001884798 0.01124154 0.01947096 0.002100501 0.01092384 0.0189207 0.001884798 0.02034954 0.01561473 0.00684 0.01813725 0.01813725 0.04788 0.01813725 0.01813725 0.00684 0.02034954 0.01561473 0.04788 0.02129544 0.01229499 0.003717054 0.02091231 0.01207377 0.003212541 0.01835073 0.0105948 0.001753884 0.0189207 0.01092384 0.001884798 0.01632357 0.01632357 0.002397285 0.01671813 0.01671813 0.002770101 0.01405323 0.01831455 0.002397285 0.02171709 -0.005819067 0.002100501 0.02018466 -0.008360765 0.001884798 0.02439882 0.006537636 0.00487683 0.02333673 0.00966636 0.00487683 0.02294775 0.003021129 0.05392575 0.02154492 0.005772933 0.05466321 0.01808559 0.01808559 0.048996 0.01561473 0.02034954 0.04788 0.02248317 0 0.002100501 0.023085 0 0.002397285 0.01733301 0.01330002 0.001884798 -0.01688796 -0.01688796 0.05308488 0.01240164 -0.01616211 0.05577912 0.01018593 -0.01764261 0.05577912 0.0200448 -0.01157292 0.05392575 0.02068344 -0.01194156 0.05308488 0.01836279 -0.01409022 0.05392575 0.02019762 -0.002659068 0.05577912 0.01967778 -0.005272641 0.05577912 0.01557018 -0.02029149 0.048996 0.012825 -0.02221353 0.04788 0.01249956 -0.02164995 0.05115195 0.01225224 -0.02122155 0.052155 -0.003021129 -0.02294775 0.05392575 -0.003117375 -0.02367882 0.05308488 -0.006342237 -0.02366955 0.052155 0.02122155 -0.01225224 0.052155 0.01944072 -0.01491741 0.052155 0.01767708 -0.01767708 0.05115195 0.02460717 -0.006593463 0.005512257 0.02439882 -0.006537636 0.00487683 0.01248138 -0.02161836 0.004275 0.01519632 -0.01980423 0.004275 0.01980423 -0.01519632 0.004275 0.02221353 -0.012825 0.00684 0.0239409 0.003151872 0.003212541 0.02437956 0.003209625 0.003717054 0.02332467 0.006249825 0.003212541 0.002851704 -0.02166084 0.001884798 0.00810891 -0.01957662 0.001753884 0.007852663 -0.01895805 0.00171 0 0.02450448 0.052155 -0.003117375 0.02367882 0.05308488 -0.003198483 0.02429487 0.052155 -0.006342237 0.02366955 0.052155 -0.006970959 0.01682937 0.05635683 -0.003297024 0.0250434 0.00487683 0 0.02547522 0.005512257 -0.003325176 0.02525724 0.005512257 -0.003258288 0.02474919 0.004275 -0.006364332 0.02375199 0.003717054 -0.003348 0.02543058 0.00684 0 0.02565 0.00684 0.003342267 0.02538702 0.0061704 0.003348 0.02543058 0.00684 0 0.02560608 0.0061704 0.003348 0.02543058 0.04788 -0.003342267 0.02538702 0.0061704 -0.006593463 0.02460717 0.005512257 0.005974839 0.0222984 0.002397285 -0.01249956 0.02164995 0.05115195 -0.01521855 0.01983321 0.05115195 -0.01175697 0.01532196 0.05613867 -0.01365624 0.01365624 0.05613867 -0.01440513 0.01440513 0.05577912 -0.005990562 0.02235708 0.05392575 -0.002377665 0.01806012 0.05635683 -0.002520837 0.01914768 0.05613867 -0.01240164 0.01616211 0.05577912 0.00957384 0.01466496 0.05640048 0.01018593 0.01764261 0.05577912 0.009656461 0.01672542 0.05613867 0.01914768 0.002520837 0.05613867 0.01267929 0.02196126 0.05009292 0.01543734 0.02011842 0.05009292 0.01577547 0.009108 0.05635683 0 -0.018216 0.05635683 0 -0.01931292 0.05613867 -0.008179857 -0.01974789 0.05528448 -0.005532255 -0.02064663 0.05528448 -0.01175697 -0.01532196 0.05613867 -0.01240164 -0.01616211 0.05577912 0.01440513 -0.01440513 0.05577912 0.01511442 -0.01511442 0.05528448 0.01301229 -0.01695789 0.05528448 0.009656461 -0.01672542 0.05613867 -0.01511442 -0.01511442 0.05528448 -0.01577196 -0.01577196 0.05466321 -0.01769562 -0.01357839 0.05466321 -0.01068372 -0.01392336 0.05640048 -0.01108917 -0.01445175 0.05635683 -0.0116874 -0.01304325 0.05640048 -0.0106875 -0.01851129 0.05528448 -0.01301229 -0.01695789 0.05528448 -0.006716097 0.01621404 0.05640048 -0.007913286 0.01562373 0.05640048 -0.01755 0 0.05640048 -0.0174627 -0.001331991 0.05640048 -0.01944072 0.01491741 0.052155 -0.01894779 0.01453914 0.05308488 -0.02068344 0.01194156 0.05308488 -0.02414736 -0.006470262 0.05115195 -0.02211408 -0.002911374 0.05466321 -0.0163665 0.0163665 0.05392575 -0.01769562 0.01357839 0.05466321 -0.01836279 0.01409022 0.05392575 -0.006181416 0.02306934 0.05308488 -0.00913968 0.02206521 0.05308488 -0.01793124 0.01793124 0.05009292 0.018216 0 0.05635683 0.01806012 0.002377665 0.05635683 -0.01681083 -0.01289943 0.001753884 -0.01368684 -0.0178371 0.002100501 -0.02129544 -0.01229499 0.003717054 -0.02271807 -0.00941013 0.003717054 -0.02052 0 0.00171 -0.01982079 -0.005310963 0.00171 -0.003209625 -0.02437956 0.003717054 0.003309966 -0.02514168 0.05009292 0.01895805 0.007852663 0.00171 0.01957662 0.00810891 0.001753884 0.01777086 0.01026 0.00171 0 -0.02458989 0.003717054 -0.006460821 -0.02411217 0.004275 -0.006364332 -0.02375199 0.003717054 -0.01157292 -0.0200448 0.05392575 -0.01409022 -0.01836279 0.05392575 -0.003348 -0.02543058 0.04788 -0.006470262 -0.02414736 0.05115195 -0.003263049 -0.02478528 0.05115195 -0.006563303 -0.02449458 0.05009292 -0.01273761 -0.02206215 0.005512257 -0.02470536 -0.006619779 0.048996 -0.02021085 -0.01550835 0.005512257 -0.01950849 -0.01496934 0.003717054 -0.01671813 -0.01671813 0.002770101 -0.0230625 -0.00955278 0.004275 -0.02230938 0.00924084 0.003212541 -0.02288754 0.0030132 0.002397285 -0.02344068 0.003086028 0.002770101 -0.01511442 0.01511442 0.05528448 0 0.02535867 0.05009292 -0.01561473 0.02034954 0.00684 -0.01561473 0.02034954 0.04788 -0.006460821 0.02411217 0.004275 -0.006537636 0.02439882 0.00487683 -0.00955278 0.0230625 0.004275 -0.006249825 0.02332467 0.003212541 -0.01519632 0.01980423 0.004275 -0.02047536 0.0118215 0.002770101 -0.02091231 0.01207377 0.003212541 -0.02184327 0.00904779 0.002770101 -0.02122155 0.01225224 0.052155 -0.02375199 0.006364332 0.003717054 -0.00924084 0.02230938 0.003212541 -0.00937746 0.02263923 0.052155 -0.00966636 0.02333673 0.00487683 -0.00974898 0.02353599 0.005512257 -0.01262979 0.0218754 0.00487683 -0.0026784 -0.02034441 0.00171 0 -0.02248317 0.002100501 -0.01915749 0.01470006 0.003212541 -0.01738773 0.01738773 0.003717054 -0.01950849 0.01496934 0.003717054 -0.0178371 0.01368684 0.002100501 -0.01947096 0.01124154 0.002100501 -0.01632357 0.01632357 0.002397285 0.0211896 0 0.001753884 -0.00565461 0.02110329 0.001884798 -0.005819067 0.02171709 0.002100501 -0.008360765 0.02018466 0.001884798 -0.01249182 0.01627965 0.00171 0.02514168 -0.003309966 0.05009292 0.02535804 -0.003338451 0.048996 0.02470536 -0.006619779 0.048996 0.02132775 0.008834248 0.002397285 0.02184327 0.00904779 0.002770101 0.01999224 0.0115425 0.002397285 0.02557683 0 0.048996 0.02535804 0.003338451 0.048996 0.01732734 -0.01732734 0.052155 0.02221353 -0.012825 0.04788 0.02029149 -0.01557018 0.048996 0.01280304 -0.02217555 0.0061704 0.00979902 -0.02365695 0.0061704 0.01831455 -0.01405323 0.002397285 0.0178371 -0.01368684 0.002100501 0.01589796 -0.01589796 0.002100501 0.00924084 0.02230938 0.003212541 0.00904779 0.02184327 0.002770101 0.01124154 -0.01947096 0.002100501 0.01092384 -0.0189207 0.001884798 0.0105948 -0.01835073 0.001753884 0.01368684 0.0178371 0.002100501 0.0115425 0.01999224 0.002397285 0.01439289 0.01875717 0.002770101 0.00955278 0.0230625 0.004275 0.00966636 0.02333673 0.00487683 0.00941013 0.02271807 0.003717054 0.006249825 0.02332467 0.003212541 -0.01733301 0.01330002 0.001884798 0.02375199 0.006364332 0.003717054 0.02184777 0 0.001884798 0.02166084 0.002851704 0.001884798 0.02369754 0.00981585 0.04788 0.02369754 0.00981585 0.00684 0.02477601 0.006638706 0.04788 0.02221353 0.012825 0.04788 0.02543058 0.003348 0.04788 0.01557018 0.02029149 0.048996 0.01769562 0.01357839 0.05466321 0.0218754 0.01262979 0.00487683 0.01947096 0.01124154 0.002100501 0.01831455 0.01405323 0.002397285 -0.00937746 -0.02263923 0.052155 -0.01225224 -0.02122155 0.052155 0.01894779 -0.01453914 0.05308488 0.00913968 -0.02206521 0.05308488 0.006181416 -0.02306934 0.05308488 0.005990562 -0.02235708 0.05392575 0.01521855 -0.01983321 0.05115195 -0.0163665 -0.0163665 0.05392575 -0.01810629 -0.01810629 0.0061704 -0.01267929 -0.02196126 0.05009292 0.012825 -0.02221353 0.00684 0.01537704 -0.02003967 0.00487683 0.01765134 -0.01765134 0.004275 0.02206215 -0.01273761 0.005512257 0.02021085 -0.01550835 0.005512257 0.01738773 -0.01738773 0.003717054 0.02034441 -0.0026784 0.00171 0.02230938 -0.00924084 0.003212541 0.02184327 -0.00904779 0.002770101 0.008360765 -0.02018466 0.001884798 0.01875717 -0.01439289 0.002770101 0.01544868 -0.01544868 0.001884798 0.01330002 -0.01733301 0.001884798 0.006119244 -0.02283732 0.002770101 -0.006470262 0.02414736 0.05115195 -0.00956673 0.02309625 0.05115195 0 0.01931292 0.05613867 0.002911374 0.02211408 0.05466321 0.003338451 0.02535804 0.048996 0.003325176 0.02525724 0.005512257 0.006119244 0.02283732 0.002770101 0.003151872 0.0239409 0.003212541 0.005990562 0.02235708 0.05392575 0.005772933 0.02154492 0.05466321 0 0.021375 0.05528448 -0.008775 0.01519875 0.05640048 -0.01621404 -0.006716097 0.05640048 -0.01562373 -0.007913286 0.05640048 -0.01682937 -0.006970959 0.05635683 -0.01288062 0.01288062 0.05635683 -0.01240974 0.01240974 0.05640048 -0.003233079 0.01721241 0.05640048 -0.002290734 0.01739988 0.05640048 -0.004714641 0.01759527 0.05635683 -0.004542274 0.01695204 0.05640048 0.01068372 0.01392336 0.05640048 0.0116874 0.01304325 0.05640048 0.01682937 0.006970959 0.05635683 0.01621404 0.006716097 0.05640048 0.01562373 0.007913286 0.05640048 0.005532255 0.02064663 0.05528448 0.005272641 0.01967778 0.05577912 0.01453914 0.01894779 0.05308488 0.02450448 0 0.052155 0.02478528 -0.003263049 0.05115195 0.02429487 -0.003198483 0.052155 0.01682937 -0.006970959 0.05635683 0.01621413 -0.006716097 0.05640048 0.01664316 -0.005452083 0.05640048 0.01621404 -0.006716097 0.05640048 -0.007796008 -0.01882125 0.05577912 0.01931661 -0.01115244 0.05466321 0.01695789 -0.01301229 0.05528448 0.01784277 -0.007390728 0.05613867 0.02060703 -0.008535717 0.05466321 -0.01453914 -0.01894779 0.05308488 -0.01664316 -0.005452083 0.05640048 -0.01695204 -0.004542274 0.05640048 -0.006716097 0.01621413 0.05640048 -0.005452083 0.01664316 0.05640048 0.001331991 0.0174627 0.05640048 -0.02429487 -0.003198483 0.052155 -0.02119212 -0.00279 0.05528448 -0.0200448 0.01157292 0.05392575 -0.01627965 -0.01249182 0.00171 -0.01777086 -0.01026 0.00171 -0.0145098 -0.0145098 0.00171 0.0239409 -0.003151872 0.003212541 0.02414745 0 0.003212541 0.02344068 -0.003086028 0.002770101 -0.0170748 -0.0170748 0.003212541 -0.0118215 -0.02047536 0.002770101 -0.01207377 -0.02091231 0.003212541 0.003258288 -0.02474919 0.004275 0 -0.02496267 0.004275 -0.00974898 -0.02353599 0.005512257 0.006537636 -0.02439882 0.00487683 0.003297024 -0.0250434 0.00487683 -0.006627348 -0.02473362 0.0061704 -0.01262979 -0.0218754 0.00487683 -0.01537704 -0.02003967 0.00487683 0 -0.02499912 0.05115195 0 -0.02535867 0.05009292 0.003117375 -0.02367882 0.05308488 -0.02161836 -0.01248138 0.004275 -0.01248138 -0.02161836 0.004275 -0.02047536 -0.0118215 0.002770101 -0.0116874 0.01304325 0.05640048 -0.01108917 0.01445175 0.05635683 -0.00970434 0.02342835 0.05009292 -0.008857494 0.02138391 0.05392575 -0.01157292 0.0200448 0.05392575 -0.02034441 -0.0026784 0.00171 -0.006627348 0.02473362 0.0061704 -0.00941013 0.02271807 0.003717054 -0.02362995 0.009787861 0.048996 -0.02333673 0.00966636 0.00487683 -0.01470006 0.01915749 0.003212541 -0.01813725 0.01813725 0.04788 -0.01248138 0.02161836 0.004275 -0.01765134 0.01765134 0.004275 0.00904779 -0.02184327 0.002770101 0.008834248 -0.02132775 0.002397285 -0.0170748 0.0170748 0.003212541 0.01895805 -0.007852663 0.00171 0.02119212 -0.00279 0.05528448 0.02306934 -0.006181416 0.05308488 0.02215017 -0.01278846 0.048996 0.02003967 0.01537704 0.00487683 0.01786113 0.01786113 0.00487683 0.02003967 -0.01537704 0.00487683 0.02560608 0 0.0061704 0.008603937 0.02077173 0.002100501 0.007852663 0.01895805 0.00171 0.01875717 0.01439289 0.002770101 0.01915749 0.01470006 0.003212541 0.00974898 0.02353599 0.005512257 0.00979902 0.02365695 0.0061704 0.006627348 0.02473362 0.0061704 0.01262979 0.0218754 0.00487683 0.01801368 0.01801368 0.005512257 0.01810629 0.01810629 0.0061704 0.0170748 0.0170748 0.003212541 0.02344068 0.003086028 0.002770101 0.02283732 0.006119244 0.002770101 -0.01498329 0.01498329 0.001753884 0.02362995 0.009787861 0.048996 0.01894779 0.01453914 0.05308488 0.01836279 0.01409022 0.05392575 0.01278846 0.02215017 0.048996 0.01561473 0.02034954 0.00684 0.00956673 0.02309625 0.05115195 0.02077173 0.008603937 0.002100501 0.02018466 0.008360765 0.001884798 0.02230938 0.00924084 0.003212541 0.02288754 0.0030132 0.002397285 -0.01278846 -0.02215017 0.048996 0.02449458 -0.006563303 0.05009292 0.02414736 -0.006470262 0.05115195 0.02306934 0.006181416 0.05308488 0.02367882 0.003117375 0.05308488 0.01577547 -0.009108 0.05635683 0.008535717 -0.02060703 0.05466321 -0.006181416 -0.02306934 0.05308488 -0.01357839 -0.01769562 0.05466321 -0.00956673 -0.02309625 0.05115195 -0.007390728 -0.01784277 0.05613867 -0.009656461 -0.01672542 0.05613867 0.01273761 -0.02206215 0.005512257 0.01262979 -0.0218754 0.00487683 0.01267929 -0.02196126 0.05009292 0.01498329 -0.01498329 0.001753884 0.01733301 -0.01330002 0.001884798 0.01999224 -0.0115425 0.002397285 -0.01092384 0.0189207 0.001884798 -0.008603937 0.02077173 0.002100501 -0.01124154 0.01947096 0.002100501 0.0118215 -0.02047536 0.002770101 0.005484267 -0.02046762 0.001753884 0.005310963 -0.01982079 0.00171 0.01496934 -0.01950849 0.003717054 0.01627965 -0.01249182 0.00171 -0.00279 0.02119212 0.05528448 0.00279 0.02119212 0.05528448 0.003209625 0.02437956 0.003717054 0.006460821 0.02411217 0.004275 -0.002659068 0.02019762 0.05577912 -0.01577196 0.01577196 0.05466321 -0.002377665 -0.01806012 0.05635683 -0.004714641 -0.01759527 0.05635683 0.01466496 -0.00957384 0.05640048 0.01445175 -0.01108917 0.05635683 0.01392336 -0.01068372 0.05640048 0.01240164 0.01616211 0.05577912 0.01755 0 0.05640048 0.0174627 0.001331991 0.05640048 0.0106875 0.01851129 0.05528448 0.02211408 -0.002911374 0.05466321 0.02367882 -0.003117375 0.05308488 0.01764261 0.01018593 0.05577912 0.01672542 0.009656461 0.05613867 0.01784277 0.007390728 0.05613867 0.002520837 -0.01914768 0.05613867 0.006716097 0.01621413 0.05640048 0.006716097 0.01621404 0.05640048 0.005452083 0.01664316 0.05640048 0.007913286 -0.01562373 0.05640048 0.0106875 -0.01851129 0.05528448 -0.01621413 -0.006716097 0.05640048 0.006716097 -0.01621404 0.05640048 0.01721241 -0.003233079 0.05640048 0.01806012 -0.002377665 0.05635683 0.01759527 -0.004714641 0.05635683 0.01739988 -0.002290734 0.05640048 0.0174627 -0.001331991 0.05640048 -0.01018593 -0.01764261 0.05577912 0.01466496 0.00957384 0.05640048 0.01519875 0.008775 0.05640048 -0.0174627 0.001331991 0.05640048 -0.01784277 -0.007390728 0.05613867 -0.009108 -0.01577547 0.05635683 -0.00957384 -0.01466496 0.05640048 -0.008775 -0.01519875 0.05640048 -0.0145098 0.0145098 0.00171 -0.01627965 0.01249182 0.00171 -0.005484267 0.02046762 0.001753884 -0.00810891 0.01957662 0.001753884 0.00924084 -0.02230938 0.003212541 0.003151872 -0.0239409 0.003212541 0.00955278 -0.0230625 0.004275 0.00966636 -0.02333673 0.00487683 -0.01229499 -0.02129544 0.003717054 0.01278846 -0.02215017 0.048996 0 -0.02557683 0.048996 -0.003338451 -0.02535804 0.048996 -0.01439289 -0.01875717 0.002770101 -0.0106875 0.01851129 0.05528448 -0.01018593 0.01764261 0.05577912 -0.00957384 0.01466496 0.05640048 0 0.02458989 0.003717054 -0.02414736 0.006470262 0.05115195 -0.01409022 0.01836279 0.05392575 -0.007852663 0.01895805 0.00171 0.0145098 -0.0145098 0.00171 -0.01895805 -0.007852663 0.00171 0.02411217 -0.006460821 0.004275 0.02332467 -0.006249825 0.003212541 0.02283732 -0.006119244 0.002770101 0.02077173 -0.008603937 0.002100501 0.01947096 -0.01124154 0.002100501 0.02525724 0.003325176 0.005512257 0.0222984 -0.005974839 0.002397285 0.02288754 -0.0030132 0.002397285 0.02229084 -0.002934639 0.002100501 0.0189207 -0.01092384 0.001884798 0.002851704 0.02166084 0.001884798 0.008360765 0.02018466 0.001884798 0.02161836 0.01248138 0.004275 0.01980423 0.01519632 0.004275 0.01950849 0.01496934 0.003717054 0.02206215 0.01273761 0.005512257 0.02474919 0.003258288 0.004275 0.02365695 0.00979902 0.0061704 0.02470536 0.006619779 0.048996 0.02449458 0.006563303 0.05009292 0.01882125 0.007796008 0.05577912 0.01967778 0.005272641 0.05577912 0.01865484 0.004998546 0.05613867 0.01767708 0.01767708 0.05115195 0.01521855 0.01983321 0.05115195 0.008535717 0.02060703 0.05466321 0.008179857 0.01974789 0.05528448 0.01157292 0.0200448 0.05392575 0.01409022 0.01836279 0.05392575 0.01115244 0.01931661 0.05466321 0.006342237 0.02366955 0.052155 -0.00970434 -0.02342835 0.05009292 0.02064663 0.005532255 0.05528448 0.02019762 0.002659068 0.05577912 0.02235708 -0.005990562 0.05392575 0.02138391 -0.008857494 0.05392575 0.01851129 -0.0106875 0.05528448 0.01983321 -0.01521855 0.05115195 0.00956673 -0.02309625 0.05115195 0.00970434 -0.02342835 0.05009292 0.01616211 -0.01240164 0.05577912 0.01550835 -0.02021085 0.005512257 0.02161836 -0.01248138 0.004275 0.0230625 -0.00955278 0.004275 0.02473362 -0.006627348 0.0061704 0.01786113 -0.01786113 0.00487683 0.02047536 -0.0118215 0.002770101 0.0170748 -0.0170748 0.003212541 0.003198483 0.02429487 0.052155 0.008857494 0.02138391 0.05392575 0.006364332 0.02375199 0.003717054 0.004542274 0.01695204 0.05640048 -0.01068372 0.01392336 0.05640048 0.01759527 0.004714641 0.05635683 0.01721241 0.003233079 0.05640048 0.01695204 0.004542274 0.05640048 0.002377665 0.01806012 0.05635683 0.01392336 0.01068372 0.05640048 0.01304325 0.0116874 0.05640048 0.01357839 0.01769562 0.05466321 0.01301229 0.01695789 0.05528448 0.004542274 -0.01695204 0.05640048 0.004714641 -0.01759527 0.05635683 0.003233079 -0.01721241 0.05640048 0.02235708 0.005990562 0.05392575 0.02206521 0.00913968 0.05308488 0.002377665 -0.01806012 0.05635683 -0.01288062 -0.01288062 0.05635683 -0.01240974 -0.01240974 0.05640048 -0.005272641 -0.01967778 0.05577912 -0.005452083 -0.01664316 0.05640048 -0.004542274 -0.01695204 0.05640048 -0.006970959 -0.01682937 0.05635683 0.01194156 -0.02068344 0.05308488 0.005272641 -0.01967778 0.05577912 0.004998546 -0.01865484 0.05613867 -0.01721241 -0.003233079 0.05640048 0.01068372 -0.01392336 0.05640048 -0.01392336 -0.01068372 0.05640048 -0.01445175 -0.01108917 0.05635683 -0.01466496 -0.00957384 0.05640048 0.01288062 -0.01288062 0.05635683 0.01304325 -0.0116874 0.05640048 0.01695204 -0.004542274 0.05640048 0.01562373 -0.007913286 0.05640048 0.01519875 -0.008775 0.05640048 -0.01739988 -0.002290734 0.05640048 0.01621413 0.006716097 0.05640048 0.01664316 0.005452083 0.05640048 0.006460821 -0.02411217 0.004275 -0.003309966 -0.02514168 0.05009292 -0.02171709 0.005819067 0.002100501 -0.0030132 0.02288754 0.002397285 -0.01980423 0.01519632 0.004275 -0.01983321 0.01521855 0.05115195 0.02525724 -0.003325176 0.005512257 0.02333673 -0.00966636 0.00487683 0.02547522 0 0.005512257 0.0250434 0.003297024 0.00487683 0.02375199 -0.006364332 0.003717054 0.02437956 -0.003209625 0.003717054 0.01248138 0.02161836 0.004275 0.01738773 0.01738773 0.003717054 0.02068344 0.01194156 0.05308488 0.01440513 0.01440513 0.05577912 0.01616211 0.01240164 0.05577912 0.02011842 0.01543734 0.05009292 0.0163665 0.0163665 0.05392575 0.01511442 0.01511442 0.05528448 0.01194156 0.02068344 0.05308488 0.00913968 0.02206521 0.05308488 0.02364291 0 0.002770101 0.02230488 0 0.05466321 0.02294775 -0.003021129 0.05392575 0.00937746 -0.02263923 0.052155 0.006342237 -0.02366955 0.052155 0.01157292 -0.0200448 0.05392575 0.0218754 -0.01262979 0.00487683 0.01632357 -0.01632357 0.002397285 0.01470006 0.01915749 0.003212541 0.0118215 0.02047536 0.002770101 0.002290734 0.01739988 0.05640048 0.003233079 0.01721241 0.05640048 0.01288062 0.01288062 0.05635683 0.01240974 0.01240974 0.05640048 0.02138391 0.008857494 0.05392575 0.02060703 0.008535717 0.05466321 0.0200448 0.01157292 0.05392575 0.02154492 -0.005772933 0.05466321 0.01974789 0.008179857 0.05528448 -0.006716097 -0.01621413 0.05640048 -0.006716097 -0.01621404 0.05640048 -0.01304325 -0.0116874 0.05640048 0.008857494 -0.02138391 0.05392575 0.003263049 -0.02478528 0.05115195 0.002290734 -0.01739988 0.05640048 0.01240974 -0.01240974 0.05640048 0.0116874 -0.01304325 0.05640048 0.01865484 -0.004998546 0.05613867 -0.003233079 -0.01721241 0.05640048 -0.01519875 -0.008775 0.05640048 -0.004998546 -0.01865484 0.05613867 -0.007913286 -0.01562373 0.05640048 0.0030132 -0.02288754 0.002397285 -0.01519632 -0.01980423 0.004275 -0.002851704 0.02166084 0.001884798 0.02132775 -0.008834248 0.002397285 0.02021085 0.01550835 0.005512257 0.02047536 0.0118215 0.002770101 0.02263923 0.00937746 0.052155 0.02122155 0.01225224 0.052155 0.01983321 0.01521855 0.05115195 0.02414736 0.006470262 0.05115195 0.02388321 0 0.05308488 0.008834248 0.02132775 0.002397285 0.01739988 0.002290734 0.05640048 0.001331991 -0.0174627 0.05640048 0.003198483 -0.02429487 0.052155 0 -0.01755 0.05640048 0.006470262 -0.02414736 0.05115195 0.02458989 0 0.003717054 0.02166084 -0.002851704 0.001884798 0.02366955 0.006342237 0.052155 0.01577196 0.01577196 0.05466321 0.01793124 0.01793124 0.05009292 0.02314575 0 0.05392575 0.006716097 -0.01621413 0.05640048 0.005452083 -0.01664316 0.05640048 -0.001331991 -0.0174627 0.05640048 0.02429487 0.003198483 0.052155 0.02478528 0.003263049 0.05115195 -0.002290734 -0.01739988 0.05640048 0.02496267 0 0.004275 0.01755 -4.291533e-09 0.06887952 0.01935 4.291533e-09 0.06991875 0.01935 -4.291533e-09 0.06991875 0.01755 0 0.06887952 0.01755 4.291533e-09 0.06887952 0.01755 -4.291533e-09 0.07152048 0.01935 -4.291533e-09 0.07048125 0.01935 4.291533e-09 0.07048125 0.01905606 0.003360087 0.07004376 0.01905606 0.003360087 0.07060626 0.01745595 0.001435527 0.07156711 0.01739988 0.002290734 0.07158798 0.01725048 0.003041721 0.07166475 0.01725048 0.003041721 0.06898527 0.01905606 0.003360096 0.07004376 0.01744371 0.001621485 0.06896043 0.01739988 0.002290734 0.06899895 0.01905606 0.003360096 0.07060626 0.01725048 0.00304173 0.06898527 0.01755 4.291533e-09 0.07152048 0.01755 0 0.07152048 0.01818306 0.006618087 0.07016876 0.01818306 0.006618087 0.07073127 0.01818306 0.006618096 0.07016876 0.01818306 0.006618096 0.07073127 0.01697481 0.004427811 0.07167501 0.01646019 0.005991021 0.07178976 0.01646019 0.00599103 0.07178976 0.01695204 0.004542274 0.07167483 0.01691451 0.004652793 0.06910002 0.01646019 0.00599103 0.06911019 0.01695204 0.004542274 0.06910011 0.01621413 0.006716097 0.06918706 0.01583505 0.007484751 0.06920784 0.01675755 0.009675 0.07029378 0.01675755 0.009675 0.07085628 0.01591749 0.007317612 0.0718146 0.01519875 0.008775 0.07189552 0.01519875 0.008775 0.06925455 0.01621413 0.006716097 0.07177599 0.014823 0.01243791 0.07098129 0.01439946 0.009971189 0.07194213 0.01392336 0.01068372 0.07196301 0.01341846 0.01125945 0.07203979 0.014823 0.01243791 0.07041879 0.01429596 0.01012608 0.06933537 0.01392336 0.01068372 0.06937398 0.01341846 0.01125945 0.06936021 0.01248669 0.01232199 0.07205004 0.01243791 0.014823 0.07054372 0.01243791 0.014823 0.07110622 0.01232199 0.01248669 0.06947496 0.01125945 0.01341846 0.06948522 0.01240974 0.01240974 0.06947514 0.01240974 0.01240974 0.07204986 0.01125945 0.01341846 0.07216479 0.009675 0.01675755 0.07123122 0.01012608 0.01429596 0.07218963 0.008775 0.01519875 0.07227045 0.009675 0.01675755 0.07066872 0.01068372 0.01392336 0.06956199 0.009971189 0.01439946 0.06958287 0.01068372 0.01392336 0.07215102 0.008775 0.01519875 0.06962949 0.006618096 0.01818306 0.07079373 0.006618096 0.01818306 0.07135623 0.006618087 0.01818306 0.07135623 0.006618087 0.01818306 0.07079373 0.007484751 0.01583505 0.07231716 0.006716097 0.01621413 0.07233795 0.00599103 0.01646019 0.07241481 0.007317612 0.01591749 0.0697104 0.005991021 0.01646019 0.06973524 0.00599103 0.01646019 0.06973524 0.006716097 0.01621413 0.06974901 0.004652793 0.01691451 0.07242498 0.003360096 0.01905606 0.07091874 0.003360096 0.01905606 0.07148124 0.003041721 0.01725048 0.07253973 0.00304173 0.01725048 0.07253973 0.004542274 0.01695204 0.07242489 0.003360087 0.01905606 0.07148124 0.003360087 0.01905606 0.07091874 0.004542274 0.01695204 0.06985017 0.004427811 0.01697481 0.06985 0.003041721 0.01725048 0.06986025 0 0.01755 0.07000452 4.291533e-09 0.01935 0.07104375 4.291533e-09 0.01755 0.07000452 -4.291533e-09 0.01755 0.07000452 -4.291533e-09 0.01935 0.07104375 4.291533e-09 0.01935 0.07160625 0.001621485 0.01744371 0.07256457 4.291533e-09 0.01755 0.07264548 -4.291533e-09 0.01935 0.07160625 0.002290734 0.01739988 0.06993701 0.001435527 0.01745595 0.06995789 0.002290734 0.01739988 0.07252605 0 0.01755 0.07264548 -4.291533e-09 0.01755 0.07264548 -0.001621485 0.01744371 0.07008543 -0.003360087 0.01905606 0.07116876 -0.003360087 0.01905606 0.07173126 -0.001435527 0.01745595 0.07269211 -0.002290734 0.01739988 0.07271298 -0.003041721 0.01725048 0.07278975 -0.003360096 0.01905606 0.07173126 -0.003360096 0.01905606 0.07116876 -0.002290734 0.01739988 0.07012395 -0.003041721 0.01725048 0.07011027 -0.00304173 0.01725048 0.07011027 -0.006618087 0.01818306 0.07129377 -0.006618096 0.01818306 0.07185627 -0.006618087 0.01818306 0.07185627 -0.006618096 0.01818306 0.07129377 -0.004427811 0.01697481 0.07280001 -0.005991021 0.01646019 0.07291476 -0.00599103 0.01646019 0.07291476 -0.004542274 0.01695204 0.07279984 -0.00599103 0.01646019 0.07023519 -0.004652793 0.01691451 0.07022502 -0.004542274 0.01695204 0.07022511 -0.006716097 0.01621413 0.07031206 -0.007484751 0.01583505 0.07033284 -0.009675 0.01675755 0.07141878 -0.009675 0.01675755 0.07198129 -0.007317612 0.01591749 0.07293961 -0.008775 0.01519875 0.07302052 -0.008775 0.01519875 0.07037955 -0.006716097 0.01621413 0.07290099 -0.01243791 0.014823 0.07210629 -0.009971189 0.01439946 0.07306713 -0.01068372 0.01392336 0.07308801 -0.01125945 0.01341846 0.07316479 -0.01243791 0.014823 0.07154379 -0.01012608 0.01429596 0.07046037 -0.01068372 0.01392336 0.07049898 -0.01125945 0.01341846 0.07048521 -0.01232199 0.01248669 0.07317504 -0.014823 0.01243791 0.07166872 -0.014823 0.01243791 0.07223122 -0.01341846 0.01125945 0.07061021 -0.01248669 0.01232199 0.07059996 -0.01240974 0.01240974 0.07060014 -0.01240974 0.01240974 0.07317486 -0.01341846 0.01125945 0.07328979 -0.01675755 0.009675 0.07235622 -0.01429596 0.01012608 0.07331463 -0.01519875 0.008775 0.07339545 -0.01675755 0.009675 0.07179372 -0.01392336 0.01068372 0.07068699 -0.01439946 0.009971189 0.07070787 -0.01392336 0.01068372 0.07327602 -0.01519875 0.008775 0.07075449 -0.01818306 0.006618096 0.07191873 -0.01818306 0.006618096 0.07248123 -0.01583505 0.007484751 0.07344216 -0.01621413 0.006716097 0.07346294 -0.01646019 0.00599103 0.07353981 -0.01591749 0.007317612 0.0708354 -0.01818306 0.006618087 0.07191873 -0.01818306 0.006618087 0.07248123 -0.01646019 0.005991021 0.07086024 -0.01646019 0.00599103 0.07086024 -0.01621413 0.006716097 0.07087401 -0.01691451 0.004652793 0.07354998 -0.01905606 0.003360096 0.07204374 -0.01905606 0.003360096 0.07260624 -0.01725048 0.00304173 0.07366473 -0.01725048 0.003041721 0.07366473 -0.01695204 0.004542274 0.07354989 -0.01905606 0.003360087 0.07260624 -0.01905606 0.003360087 0.07204374 -0.01695204 0.004542274 0.07097517 -0.01697481 0.004427811 0.07097499 -0.01725048 0.003041721 0.07098525 -0.01755 -4.291533e-09 0.07112952 -0.01755 4.291533e-09 0.07112952 -0.01755 0 0.07112952 -0.01935 -4.291533e-09 0.07216875 -0.01935 4.291533e-09 0.07216875 -0.01935 4.291533e-09 0.07273125 -0.01744371 0.001621485 0.07368957 -0.01755 4.291533e-09 0.07377048 -0.01935 -4.291533e-09 0.07273125 -0.01739988 0.002290734 0.07106202 -0.01745595 0.001435527 0.07108289 -0.01739988 0.002290734 0.07365105 -0.01755 -4.291533e-09 0.07377048 -0.01755 0 0.07377048 -0.01744371 -0.001621485 0.07121043 -0.01905606 -0.003360087 0.07229376 -0.01739988 -0.002290734 0.07383798 -0.01905606 -0.003360087 0.07285626 -0.01725048 -0.003041721 0.07391475 -0.01745595 -0.001435527 0.07381711 -0.01905606 -0.003360096 0.07229376 -0.01905606 -0.003360096 0.07285626 -0.01739988 -0.002290734 0.07124895 -0.01725048 -0.003041721 0.07123527 -0.01725048 -0.00304173 0.07123527 -0.01818306 -0.006618087 0.07241877 -0.01818306 -0.006618087 0.07298127 -0.01818306 -0.006618096 0.07241877 -0.01818306 -0.006618096 0.07298127 -0.01697481 -0.004427811 0.07392501 -0.01646019 -0.005991021 0.07403976 -0.01646019 -0.00599103 0.07403976 -0.01695204 -0.004542274 0.07392484 -0.01646019 -0.00599103 0.07136019 -0.01691451 -0.004652793 0.07135002 -0.01695204 -0.004542274 0.07135011 -0.01583505 -0.007484751 0.07145784 -0.01675755 -0.009675 0.07254379 -0.01621413 -0.006716097 0.07143705 -0.01591749 -0.007317612 0.0740646 -0.01675755 -0.009675 0.07310629 -0.01519875 -0.008775 0.07414552 -0.01519875 -0.008775 0.07150455 -0.01621413 -0.006716097 0.07402599 -0.01392336 -0.01068372 0.07421301 -0.014823 -0.01243791 0.07323129 -0.01341846 -0.01125945 0.07428978 -0.01439946 -0.009971189 0.07419213 -0.014823 -0.01243791 0.07266879 -0.01429596 -0.01012608 0.07158537 -0.01392336 -0.01068372 0.07162398 -0.01341846 -0.01125945 0.07161021 -0.01248669 -0.01232199 0.07430004 -0.01243791 -0.014823 0.07279372 -0.01243791 -0.014823 0.07335621 -0.01125945 -0.01341846 0.07173521 -0.01232199 -0.01248669 0.07172496 -0.01240974 -0.01240974 0.07172514 -0.01240974 -0.01240974 0.07429986 -0.01125945 -0.01341846 0.07441479 -0.01012608 -0.01429596 0.07443963 -0.009675 -0.01675755 0.07348122 -0.008775 -0.01519875 0.07452045 -0.009675 -0.01675755 0.07291872 -0.009971189 -0.01439946 0.07183287 -0.01068372 -0.01392336 0.07181199 -0.01068372 -0.01392336 0.07440102 -0.008775 -0.01519875 0.07187949 -0.006618096 -0.01818306 0.07304373 -0.006618096 -0.01818306 0.07360623 -0.006716097 -0.01621413 0.07458794 -0.00599103 -0.01646019 0.07466482 -0.007484751 -0.01583505 0.07456716 -0.007317612 -0.01591749 0.0719604 -0.006618087 -0.01818306 0.07360623 -0.006618087 -0.01818306 0.07304373 -0.005991021 -0.01646019 0.07198524 -0.00599103 -0.01646019 0.07198524 -0.006716097 -0.01621413 0.07199901 -0.004652793 -0.01691451 0.07467498 -0.00304173 -0.01725048 0.07478973 -0.003360096 -0.01905606 0.07373124 -0.003041721 -0.01725048 0.07478973 -0.004542274 -0.01695204 0.07467489 -0.003360087 -0.01905606 0.07373124 -0.003360096 -0.01905606 0.07316874 -0.003360087 -0.01905606 0.07316874 -0.004542274 -0.01695204 0.07210017 -0.004427811 -0.01697481 0.07209999 -0.003041721 -0.01725048 0.07211024 4.291533e-09 -0.01935 0.07329375 0 -0.01755 0.07225452 4.291533e-09 -0.01755 0.07225452 -4.291533e-09 -0.01935 0.07329375 -4.291533e-09 -0.01755 0.07225452 -0.001621485 -0.01744371 0.07481457 -4.291533e-09 -0.01935 0.07385625 -4.291533e-09 -0.01755 0.07489548 4.291533e-09 -0.01935 0.07385625 -0.001435527 -0.01745595 0.0722079 -0.002290734 -0.01739988 0.07218702 -0.002290734 -0.01739988 0.07477605 0 -0.01755 0.07489548 4.291533e-09 -0.01755 0.07489548 0.001621485 -0.01744371 0.07233543 0.003360087 -0.01905606 0.07341876 0.002290734 -0.01739988 0.07496298 0.003360087 -0.01905606 0.07398126 0.003041721 -0.01725048 0.07503975 0.001435527 -0.01745595 0.0749421 0.002290734 -0.01739988 0.07237395 0.003041721 -0.01725048 0.07236028 0.003360096 -0.01905606 0.07341876 0.003360096 -0.01905606 0.07398126 0.00304173 -0.01725048 0.07236028 0.006618087 -0.01818306 0.07354377 0.006618087 -0.01818306 0.07410627 0.006618096 -0.01818306 0.07410627 0.006618096 -0.01818306 0.07354377 0.004427811 -0.01697481 0.07505001 0.005991021 -0.01646019 0.07516476 0.00599103 -0.01646019 0.07516476 0.004542274 -0.01695204 0.07504984 0.004652793 -0.01691451 0.07247501 0.00599103 -0.01646019 0.07248519 0.004542274 -0.01695204 0.07247511 0.007484751 -0.01583505 0.07258285 0.009675 -0.01675755 0.07366879 0.006716097 -0.01621413 0.07256205 0.007317612 -0.01591749 0.0751896 0.009675 -0.01675755 0.07423129 0.008775 -0.01519875 0.07527051 0.008775 -0.01519875 0.07262955 0.006716097 -0.01621413 0.07515099 0.01068372 -0.01392336 0.07533801 0.01243791 -0.014823 0.07435629 0.01125945 -0.01341846 0.07541478 0.009971189 -0.01439946 0.07531714 0.01243791 -0.014823 0.07379379 0.01012608 -0.01429596 0.07271037 0.01068372 -0.01392336 0.07274898 0.01125945 -0.01341846 0.07273521 0.01232199 -0.01248669 0.07542503 0.014823 -0.01243791 0.07391871 0.014823 -0.01243791 0.07448121 0.01248669 -0.01232199 0.07284996 0.01341846 -0.01125945 0.07286022 0.01240974 -0.01240974 0.07285014 0.01240974 -0.01240974 0.07542486 0.01341846 -0.01125945 0.07553979 0.01429596 -0.01012608 0.07556462 0.01675755 -0.009675 0.07460622 0.01519875 -0.008775 0.07564545 0.01675755 -0.009675 0.07404372 0.01439946 -0.009971189 0.07295787 0.01392336 -0.01068372 0.07293699 0.01392336 -0.01068372 0.07552602 0.01519875 -0.008775 0.07300449 0.01818306 -0.006618096 0.07416873 0.01818306 -0.006618096 0.07473123 0.01621413 -0.006716097 0.07571294 0.01646019 -0.00599103 0.07578981 0.01583505 -0.007484751 0.07569216 0.01591749 -0.007317612 0.0730854 0.01818306 -0.006618087 0.07416873 0.01818306 -0.006618087 0.07473123 0.01646019 -0.005991021 0.07311024 0.01646019 -0.00599103 0.07311024 0.01621413 -0.006716097 0.07312401 0.01691451 -0.004652793 0.07579998 0.01905606 -0.003360096 0.07429375 0.01905606 -0.003360096 0.07485624 0.01725048 -0.003041721 0.07591473 0.01725048 -0.00304173 0.07591473 0.01695204 -0.004542274 0.07579989 0.01905606 -0.003360087 0.07485624 0.01905606 -0.003360087 0.07429375 0.01695204 -0.004542274 0.07322517 0.01697481 -0.004427811 0.07322499 0.01725048 -0.003041721 0.07323524 0.01744371 -0.001621485 0.07593958 0.01935 -4.291533e-09 0.07498125 0.01755 -4.291533e-09 0.07602048 0.01935 4.291533e-09 0.07441875 0.01935 4.291533e-09 0.07498125 0.01935 -4.291533e-09 0.07441875 0.01745595 -0.001435527 0.0733329 0.01739988 -0.002290734 0.07331202 0.01755 -4.291533e-09 0.07337952 0.01755 0 0.07337952 0.01755 4.291533e-09 0.07337952 0.01739988 -0.002290734 0.07590105 0.01755 4.291533e-09 0.07602048 0.01755 0 0.07602048 0.01905606 0.003360087 0.07454376 0.01905606 0.003360087 0.07510626 0.01745595 0.001435527 0.0760671 0.01739988 0.002290734 0.07608798 0.01725048 0.003041721 0.07616475 0.01725048 0.003041721 0.07348527 0.01905606 0.003360096 0.07454376 0.01744371 0.001621485 0.07346043 0.01739988 0.002290734 0.07349895 0.01905606 0.003360096 0.07510626 0.01725048 0.00304173 0.07348527 0.01818306 0.006618087 0.07466877 0.01818306 0.006618087 0.07523127 0.01818306 0.006618096 0.07466877 0.01818306 0.006618096 0.07523127 0.01697481 0.004427811 0.07617501 0.01646019 0.005991021 0.07628976 0.01646019 0.00599103 0.07628976 0.01695204 0.004542274 0.07617484 0.01691451 0.004652793 0.07360002 0.01646019 0.00599103 0.07361019 0.01695204 0.004542274 0.07360011 0.01621413 0.006716097 0.07368705 0.01583505 0.007484751 0.07370784 0.01675755 0.009675 0.07479379 0.01675755 0.009675 0.07535629 0.01591749 0.007317612 0.0763146 0.01519875 0.008775 0.07639551 0.01519875 0.008775 0.07375455 0.01621413 0.006716097 0.07627599 0.014823 0.01243791 0.07548129 0.01439946 0.009971189 0.07644213 0.01392336 0.01068372 0.07646301 0.01341846 0.01125945 0.07653978 0.014823 0.01243791 0.07491879 0.01429596 0.01012608 0.07383537 0.01392336 0.01068372 0.07387398 0.01341846 0.01125945 0.07386021 0.01248669 0.01232199 0.07655003 0.01243791 0.014823 0.07504371 0.01243791 0.014823 0.07560621 0.01232199 0.01248669 0.07397496 0.01125945 0.01341846 0.07398522 0.01240974 0.01240974 0.07397514 0.01240974 0.01240974 0.07654987 0.01125945 0.01341846 0.07666479 0.009675 0.01675755 0.07573122 0.01012608 0.01429596 0.07668963 0.008775 0.01519875 0.07677045 0.009675 0.01675755 0.07516872 0.01068372 0.01392336 0.07406199 0.009971189 0.01439946 0.07408287 0.01068372 0.01392336 0.07665102 0.008775 0.01519875 0.07412949 0.006618096 0.01818306 0.07529373 0.006618096 0.01818306 0.07585623 0.006618087 0.01818306 0.07585623 0.006618087 0.01818306 0.07529373 0.007484751 0.01583505 0.07681716 0.006716097 0.01621413 0.07683795 0.00599103 0.01646019 0.07691481 0.007317612 0.01591749 0.0742104 0.005991021 0.01646019 0.07423524 0.00599103 0.01646019 0.07423524 0.006716097 0.01621413 0.07424901 0.004652793 0.01691451 0.07692498 0.003360096 0.01905606 0.07541874 0.003360096 0.01905606 0.07598124 0.003041721 0.01725048 0.07703973 0.00304173 0.01725048 0.07703973 0.004542274 0.01695204 0.07692489 0.003360087 0.01905606 0.07598124 0.003360087 0.01905606 0.07541874 0.004542274 0.01695204 0.07435017 0.004427811 0.01697481 0.07434999 0.003041721 0.01725048 0.07436024 0 0.01755 0.07450452 4.291533e-09 0.01935 0.07554375 4.291533e-09 0.01755 0.07450452 -4.291533e-09 0.01755 0.07450452 -4.291533e-09 0.01935 0.07554375 4.291533e-09 0.01935 0.07610625 0.001621485 0.01744371 0.07706458 4.291533e-09 0.01755 0.07714548 -4.291533e-09 0.01935 0.07610625 0.002290734 0.01739988 0.07443702 0.001435527 0.01745595 0.0744579 0.002290734 0.01739988 0.07702605 0 0.01755 0.07714548 -4.291533e-09 0.01755 0.07714548 -0.001621485 0.01744371 0.07458543 -0.003360087 0.01905606 0.07566876 -0.003360087 0.01905606 0.07623125 -0.001435527 0.01745595 0.0771921 -0.002290734 0.01739988 0.07721298 -0.003041721 0.01725048 0.07728975 -0.003360096 0.01905606 0.07623125 -0.003360096 0.01905606 0.07566876 -0.002290734 0.01739988 0.07462395 -0.003041721 0.01725048 0.07461027 -0.00304173 0.01725048 0.07461027 -0.006618087 0.01818306 0.07579377 -0.006618096 0.01818306 0.07635627 -0.006618087 0.01818306 0.07635627 -0.006618096 0.01818306 0.07579377 -0.004427811 0.01697481 0.07730001 -0.005991021 0.01646019 0.07741476 -0.00599103 0.01646019 0.07741476 -0.004542274 0.01695204 0.07729984 -0.00599103 0.01646019 0.07473519 -0.004652793 0.01691451 0.07472502 -0.004542274 0.01695204 0.07472511 -0.006716097 0.01621413 0.07481206 -0.007484751 0.01583505 0.07483284 -0.009675 0.01675755 0.07591879 -0.009675 0.01675755 0.07648129 -0.007317612 0.01591749 0.0774396 -0.008775 0.01519875 0.07752051 -0.008775 0.01519875 0.07487955 -0.006716097 0.01621413 0.07740099 -0.01243791 0.014823 0.07660629 -0.009971189 0.01439946 0.07756713 -0.01068372 0.01392336 0.07758801 -0.01125945 0.01341846 0.07766478 -0.01243791 0.014823 0.07604379 -0.01012608 0.01429596 0.07496037 -0.01068372 0.01392336 0.07499899 -0.01125945 0.01341846 0.07498521 -0.01232199 0.01248669 0.07767504 -0.014823 0.01243791 0.07616871 -0.014823 0.01243791 0.07673121 -0.01341846 0.01125945 0.07511022 -0.01248669 0.01232199 0.07509996 -0.01240974 0.01240974 0.07510014 -0.01240974 0.01240974 0.07767487 -0.01341846 0.01125945 0.07778979 -0.01675755 0.009675 0.07685622 -0.01429596 0.01012608 0.07781463 -0.01519875 0.008775 0.07789545 -0.01675755 0.009675 0.07629372 -0.01392336 0.01068372 0.07518699 -0.01439946 0.009971189 0.07520786 -0.01392336 0.01068372 0.07777602 -0.01519875 0.008775 0.07525449 -0.01818306 0.006618096 0.07641873 -0.01818306 0.006618096 0.07698123 -0.01583505 0.007484751 0.07794215 -0.01621413 0.006716097 0.07796295 -0.01646019 0.00599103 0.07803981 -0.01591749 0.007317612 0.0753354 -0.01818306 0.006618087 0.07641873 -0.01818306 0.006618087 0.07698123 -0.01646019 0.005991021 0.07536024 -0.01646019 0.00599103 0.07536024 -0.01621413 0.006716097 0.07537401 -0.01691451 0.004652793 0.07804999 -0.01905606 0.003360096 0.07654374 -0.01905606 0.003360096 0.07710624 -0.01725048 0.00304173 0.07816473 -0.01725048 0.003041721 0.07816473 -0.01695204 0.004542274 0.07804989 -0.01905606 0.003360087 0.07710624 -0.01905606 0.003360087 0.07654374 -0.01695204 0.004542274 0.07547517 -0.01697481 0.004427811 0.07547499 -0.01725048 0.003041721 0.07548524 -0.01755 -4.291533e-09 0.07562952 -0.01755 4.291533e-09 0.07562952 -0.01755 0 0.07562952 -0.01935 -4.291533e-09 0.07666875 -0.01935 4.291533e-09 0.07666875 -0.01935 4.291533e-09 0.07723125 -0.01744371 0.001621485 0.07818958 -0.01755 4.291533e-09 0.07827048 -0.01935 -4.291533e-09 0.07723125 -0.01739988 0.002290734 0.07556202 -0.01745595 0.001435527 0.0755829 -0.01739988 0.002290734 0.07815105 -0.01755 -4.291533e-09 0.07827048 -0.01755 0 0.07827048 -0.01744371 -0.001621485 0.07571043 -0.01905606 -0.003360087 0.07679376 -0.01739988 -0.002290734 0.07833798 -0.01905606 -0.003360087 0.07735626 -0.01725048 -0.003041721 0.07841475 -0.01745595 -0.001435527 0.0783171 -0.01905606 -0.003360096 0.07679376 -0.01905606 -0.003360096 0.07735626 -0.01739988 -0.002290734 0.07574895 -0.01725048 -0.003041721 0.07573527 -0.01725048 -0.00304173 0.07573527 -0.01818306 -0.006618087 0.07691876 -0.01818306 -0.006618087 0.07748126 -0.01818306 -0.006618096 0.07691876 -0.01818306 -0.006618096 0.07748126 -0.01697481 -0.004427811 0.07842501 -0.01646019 -0.005991021 0.07853976 -0.01646019 -0.00599103 0.07853976 -0.01695204 -0.004542274 0.07842483 -0.01646019 -0.00599103 0.07586018 -0.01691451 -0.004652793 0.07585002 -0.01695204 -0.004542274 0.07585011 -0.01583505 -0.007484751 0.07595784 -0.01675755 -0.009675 0.07704378 -0.01621413 -0.006716097 0.07593706 -0.01591749 -0.007317612 0.0785646 -0.01675755 -0.009675 0.07760628 -0.01519875 -0.008775 0.07864552 -0.01519875 -0.008775 0.07600455 -0.01621413 -0.006716097 0.07852599 -0.01392336 -0.01068372 0.07871301 -0.014823 -0.01243791 0.07773129 -0.01341846 -0.01125945 0.07878979 -0.01439946 -0.009971189 0.07869213 -0.014823 -0.01243791 0.07716879 -0.01429596 -0.01012608 0.07608537 -0.01392336 -0.01068372 0.07612398 -0.01341846 -0.01125945 0.07611021 -0.01248669 -0.01232199 0.07880004 -0.01243791 -0.014823 0.07729371 -0.01243791 -0.014823 0.07785622 -0.01125945 -0.01341846 0.07623522 -0.01232199 -0.01248669 0.07622496 -0.01240974 -0.01240974 0.07622514 -0.01240974 -0.01240974 0.07879987 -0.01125945 -0.01341846 0.07891479 -0.01012608 -0.01429596 0.07893963 -0.009675 -0.01675755 0.07798122 -0.008775 -0.01519875 0.07902045 -0.009675 -0.01675755 0.07741872 -0.009971189 -0.01439946 0.07633287 -0.01068372 -0.01392336 0.07631199 -0.01068372 -0.01392336 0.07890102 -0.008775 -0.01519875 0.07637949 -0.006618096 -0.01818306 0.07754373 -0.006618096 -0.01818306 0.07810623 -0.006716097 -0.01621413 0.07908795 -0.00599103 -0.01646019 0.07916481 -0.007484751 -0.01583505 0.07906716 -0.007317612 -0.01591749 0.0764604 -0.006618087 -0.01818306 0.07810623 -0.006618087 -0.01818306 0.07754373 -0.005991021 -0.01646019 0.07648524 -0.00599103 -0.01646019 0.07648524 -0.006716097 -0.01621413 0.07649901 -0.004652793 -0.01691451 0.07917498 -0.00304173 -0.01725048 0.07928973 -0.003360096 -0.01905606 0.07823124 -0.003041721 -0.01725048 0.07928973 -0.004542274 -0.01695204 0.07917489 -0.003360087 -0.01905606 0.07823124 -0.003360096 -0.01905606 0.07766874 -0.003360087 -0.01905606 0.07766874 -0.004542274 -0.01695204 0.07660017 -0.004427811 -0.01697481 0.07659999 -0.003041721 -0.01725048 0.07661025 4.291533e-09 -0.01935 0.07779375 0 -0.01755 0.07675452 4.291533e-09 -0.01755 0.07675452 -4.291533e-09 -0.01935 0.07779375 -4.291533e-09 -0.01755 0.07675452 -0.001621485 -0.01744371 0.07931457 -4.291533e-09 -0.01935 0.07835625 -4.291533e-09 -0.01755 0.07939548 4.291533e-09 -0.01935 0.07835625 -0.001435527 -0.01745595 0.07670789 -0.002290734 -0.01739988 0.07668701 -0.002290734 -0.01739988 0.07927605 0 -0.01755 0.07939548 4.291533e-09 -0.01755 0.07939548 0.001621485 -0.01744371 0.07683543 0.003360087 -0.01905606 0.07791876 0.002290734 -0.01739988 0.07946298 0.003360087 -0.01905606 0.07848126 0.003041721 -0.01725048 0.07953975 0.001435527 -0.01745595 0.07944211 0.002290734 -0.01739988 0.07687395 0.003041721 -0.01725048 0.07686027 0.003360096 -0.01905606 0.07791876 0.003360096 -0.01905606 0.07848126 0.00304173 -0.01725048 0.07686027 0.006618087 -0.01818306 0.07804377 0.006618087 -0.01818306 0.07860627 0.006618096 -0.01818306 0.07860627 0.006618096 -0.01818306 0.07804377 0.004427811 -0.01697481 0.07955001 0.005991021 -0.01646019 0.07966476 0.00599103 -0.01646019 0.07966476 0.004542274 -0.01695204 0.07954983 0.004652793 -0.01691451 0.07697502 0.00599103 -0.01646019 0.07698519 0.004542274 -0.01695204 0.07697511 0.007484751 -0.01583505 0.07708284 0.009675 -0.01675755 0.07816878 0.006716097 -0.01621413 0.07706206 0.007317612 -0.01591749 0.07968961 0.009675 -0.01675755 0.07873128 0.008775 -0.01519875 0.07977052 0.008775 -0.01519875 0.07712955 0.006716097 -0.01621413 0.07965099 0.01068372 -0.01392336 0.07983801 0.01243791 -0.014823 0.07885629 0.01125945 -0.01341846 0.07991479 0.009971189 -0.01439946 0.07981713 0.01243791 -0.014823 0.07829379 0.01012608 -0.01429596 0.07721037 0.01068372 -0.01392336 0.07724898 0.01125945 -0.01341846 0.07723521 0.01232199 -0.01248669 0.07992504 0.014823 -0.01243791 0.07841872 0.014823 -0.01243791 0.07898122 0.01248669 -0.01232199 0.07734996 0.01341846 -0.01125945 0.07736021 0.01240974 -0.01240974 0.07735014 0.01240974 -0.01240974 0.07992486 0.01341846 -0.01125945 0.08003979 0.01429596 -0.01012608 0.08006463 0.01675755 -0.009675 0.07910622 0.01519875 -0.008775 0.08014545 0.01675755 -0.009675 0.07854372 0.01439946 -0.009971189 0.07745787 0.01392336 -0.01068372 0.07743699 0.01392336 -0.01068372 0.08002602 0.01519875 -0.008775 0.07750449 0.01818306 -0.006618096 0.07866873 0.01818306 -0.006618096 0.07923123 0.01621413 -0.006716097 0.08021294 0.01646019 -0.00599103 0.08028981 0.01583505 -0.007484751 0.08019216 0.01530423 -0.005570289 0.081 0.01514862 -0.00585522 0.081 0.01591749 -0.007317612 0.0775854 0.01818306 -0.006618087 0.07866873 0.01818306 -0.006618087 0.07923123 0.01646019 -0.005991021 0.07761024 0.01646019 -0.00599103 0.07761024 0.01621413 -0.006716097 0.07762401 0.01691451 -0.004652793 0.08029998 0.01608363 -0.003365586 0.081 0.01905606 -0.003360096 0.07879374 0.01905606 -0.003360096 0.07935624 0.01725048 -0.003041721 0.08041473 0.01725048 -0.00304173 0.08041473 0.0162522 -0.002865699 0.081 0.0162522 -0.002865708 0.081 0.01695204 -0.004542274 0.0802999 0.01905606 -0.003360087 0.07935624 0.01905606 -0.003360087 0.07879374 0.01695204 -0.004542274 0.07772517 0.01697481 -0.004427811 0.07772499 0.01725048 -0.003041721 0.07773525 0.01935 4.291533e-09 0.07891875 0.01755 4.291533e-09 0.08052048 0.01935 4.291533e-09 0.07948125 0.01755 4.291533e-09 0.07787952 0.01671948 4.291533e-09 0.081 0.01744371 -0.001621485 0.08043957 0.01935 -4.291533e-09 0.07948125 0.01755 -4.291533e-09 0.08052048 0.01671948 -4.291533e-09 0.081 0.01660977 -0.0007221699 0.081 0.01935 -4.291533e-09 0.07891875 0.01745595 -0.001435527 0.07783289 0.01739988 -0.002290734 0.07781201 0.01755 -4.291533e-09 0.07787952 0.01755 0 0.07787952 0.01739988 -0.002290734 0.08040105 0.01755 0 0.08052048 0.002290734 -0.01739988 0.081 0 -0.01755 0.081 0 -0.01755 0.0558 0.002290734 -0.01739988 0.0558 0 -0.01755 0.06834186 0.0001593909 -0.01753956 0.06834186 0.002290734 -0.01739988 0.06834186 0.002131335 -0.01741032 0.06485814 0 -0.01755 0.06485814 0.002290734 -0.01739988 0.06485814 0.01695204 0.004542274 0.0558 0.01739988 0.002290734 0.0558 0.01695204 0.004542274 0.06834186 0.01736865 0.002447406 0.06834186 0.01739988 0.002290734 0.06834186 0.01698318 0.004385601 0.06485814 0.01695204 0.004542274 0.06485814 0.01739988 0.002290734 0.06485814 0.01695204 0.004542274 0.081 0.01739988 0.002290734 0.081 0.01755 0 0.0558 0.01753956 0.0001593909 0.06834186 0.01755 0 0.06834186 0.01741032 0.002131335 0.06485814 0.01755 0 0.06485814 0.01755 0 0.081 0.01621413 0.006716097 0.0558 0.01621413 0.006716097 0.06834186 0.01690065 0.004693536 0.06834186 0.01626543 0.006564834 0.06485814 0.01621413 0.006716097 0.06485814 0.01621413 0.006716097 0.081 0.002290734 0.01739988 0.0558 0 0.01755 0.0558 0 0.01755 0.06834186 0.002131335 0.01741032 0.06834186 0.002290734 0.01739988 0.06834186 0.0001593909 0.01753956 0.06485814 0.002290734 0.01739988 0.06485814 0 0.01755 0.06485814 0 0.01755 0.081 0.002290734 0.01739988 0.081 -0.01240974 -0.01240974 0.081 -0.01068372 -0.01392336 0.081 -0.01240974 -0.01240974 0.0558 -0.01068372 -0.01392336 0.0558 -0.01228959 -0.01251504 0.06834186 -0.01240974 -0.01240974 0.06834186 -0.01068372 -0.01392336 0.06834186 -0.01080387 -0.01381806 0.06485814 -0.01240974 -0.01240974 0.06485814 -0.01068372 -0.01392336 0.06485814 -0.01755 0 0.0558 -0.01739988 -0.002290734 0.0558 -0.01755 0 0.06834186 -0.01753956 -0.0001593909 0.06834186 -0.01739988 -0.002290734 0.06834186 -0.01741032 -0.002131335 0.06485814 -0.01755 0 0.06485814 -0.01739988 -0.002290734 0.06485814 -0.01755 0 0.081 -0.01739988 -0.002290734 0.081 -0.01068372 0.01392336 0.0558 -0.01240974 0.01240974 0.0558 -0.01080387 0.01381806 0.06834186 -0.01068372 0.01392336 0.06834186 -0.01240974 0.01240974 0.06834186 -0.01228959 0.01251504 0.06485814 -0.01068372 0.01392336 0.06485814 -0.01240974 0.01240974 0.06485814 -0.01240974 0.01240974 0.081 -0.01068372 0.01392336 0.081 0.01240974 0.01240974 0.0558 0.01392336 0.01068372 0.0558 0.01240974 0.01240974 0.06834186 0.01381806 0.01080387 0.06834186 0.01392336 0.01068372 0.06834186 0.01251504 0.01228959 0.06485814 0.01240974 0.01240974 0.06485814 0.01392336 0.01068372 0.06485814 0.01240974 0.01240974 0.081 0.01392336 0.01068372 0.081 0.01739988 -0.002290734 0.081 0.01739988 -0.002290734 0.0558 0.01741032 -0.002131335 0.06834186 0.01739988 -0.002290734 0.06834186 0.01753956 -0.0001593909 0.06485814 0.01739988 -0.002290734 0.06485814 0.008775 0.01519875 0.0558 0.006716097 0.01621413 0.0558 0.008631739 0.0152694 0.06834186 0.008775 0.01519875 0.06834186 0.006716097 0.01621404 0.06834186 0.006716097 0.01621413 0.06834186 0.006859359 0.01614348 0.06485814 0.008775 0.01519875 0.06485814 0.006716097 0.01621404 0.06485814 0.006716097 0.01621413 0.06485814 0.006716097 0.01621413 0.081 0.008775 0.01519875 0.081 0.01621413 -0.006716097 0.081 0.01519875 -0.008775 0.081 0.01621413 -0.006716097 0.0558 0.01519875 -0.008775 0.0558 0.01621404 -0.006716097 0.06834186 0.01621413 -0.006716097 0.06834186 0.0152694 -0.008631739 0.06834186 0.01519875 -0.008775 0.06834186 0.01621404 -0.006716097 0.06485814 0.01621413 -0.006716097 0.06485814 0.01614348 -0.006859359 0.06485814 0.01519875 -0.008775 0.06485814 -0.004542274 -0.01695204 0.081 -0.006716097 -0.01621413 0.081 -0.006716097 -0.01621413 0.0558 -0.004542274 -0.01695204 0.0558 -0.006564834 -0.01626543 0.06834186 -0.006716097 -0.01621413 0.06834186 -0.004542274 -0.01695204 0.06834186 -0.004693536 -0.01690065 0.06485814 -0.006716097 -0.01621413 0.06485814 -0.004542274 -0.01695204 0.06485814 0.01519875 0.008775 0.0558 0.01511001 0.008907813 0.06834186 0.01519875 0.008775 0.06834186 0.0140121 0.01055097 0.06485814 0.01519875 0.008775 0.06485814 0.01519875 0.008775 0.081 0.01614348 0.006859359 0.06834186 0.01621404 0.006716097 0.06834186 0.0152694 0.008631739 0.06485814 0.01621404 0.006716097 0.06485814 -0.01519875 -0.008775 0.081 -0.01392336 -0.01068372 0.081 -0.01519875 -0.008775 0.0558 -0.01392336 -0.01068372 0.0558 -0.01511001 -0.008907813 0.06834186 -0.01519875 -0.008775 0.06834186 -0.01392336 -0.01068372 0.06834186 -0.0140121 -0.01055097 0.06485814 -0.01519875 -0.008775 0.06485814 -0.01392336 -0.01068372 0.06485814 0.006716097 -0.01621413 0.0558 0.008775 -0.01519875 0.0558 0.006859359 -0.01614348 0.06834186 0.006716097 -0.01621404 0.06834186 0.006716097 -0.01621413 0.06834186 0.008775 -0.01519875 0.06834186 0.006716097 -0.01621404 0.06485814 0.006716097 -0.01621413 0.06485814 0.008631739 -0.0152694 0.06485814 0.008775 -0.01519875 0.06485814 0.008775 -0.01519875 0.081 0.006716097 -0.01621413 0.081 -0.01739988 0.002290734 0.081 -0.01739988 0.002290734 0.0558 -0.01741032 0.002131335 0.06834186 -0.01739988 0.002290734 0.06834186 -0.01753956 0.0001593909 0.06485814 -0.01739988 0.002290734 0.06485814 0.01068372 0.01392336 0.081 0.004542274 0.01695204 0.081 -0.002290734 0.01739988 0.081 -0.004542274 0.01695204 0.081 -0.006716097 0.01621413 0.081 -0.008775 0.01519875 0.081 -0.01392336 0.01068372 0.081 -0.01519875 0.008775 0.081 -0.01621413 0.006716097 0.081 -0.01695204 0.004542274 0.081 0.01695204 -0.004542274 0.081 0.01392336 -0.01068372 0.081 0.01240974 -0.01240974 0.081 0.01068372 -0.01392336 0.081 0.004542274 -0.01695204 0.081 -0.002290734 -0.01739988 0.081 -0.008775 -0.01519875 0.081 -0.01621413 -0.006716097 0.081 -0.01695204 -0.004542274 0.081 -0.006716097 0.01621413 0.0558 -0.008775 0.01519875 0.0558 -0.006859359 0.01614348 0.06834186 -0.006716097 0.01621404 0.06834186 -0.006716097 0.01621413 0.06834186 -0.008775 0.01519875 0.06834186 -0.006716097 0.01621404 0.06485814 -0.006716097 0.01621413 0.06485814 -0.008631739 0.0152694 0.06485814 -0.008775 0.01519875 0.06485814 0.004542274 0.01695204 0.0558 0.004385601 0.01698318 0.06834186 0.004542274 0.01695204 0.06834186 0.002447406 0.01736865 0.06485814 0.004542274 0.01695204 0.06485814 -0.01392336 0.01068372 0.0558 -0.01251504 0.01228959 0.06834186 -0.01392336 0.01068372 0.06834186 -0.01381806 0.01080387 0.06485814 -0.01392336 0.01068372 0.06485814 0.01695204 -0.004542274 0.0558 0.01695204 -0.004542274 0.06834186 0.01626543 -0.006564834 0.06834186 0.01690065 -0.004693536 0.06485814 0.01695204 -0.004542274 0.06485814 -0.01695204 0.004542274 0.0558 -0.01695204 0.004542274 0.06834186 -0.01698318 0.004385601 0.06834186 -0.01736865 0.002447406 0.06485814 -0.01695204 0.004542274 0.06485814 -0.008775 -0.01519875 0.0558 -0.008631739 -0.0152694 0.06834186 -0.008775 -0.01519875 0.06834186 -0.006716097 -0.01621404 0.06834186 -0.006859359 -0.01614348 0.06485814 -0.008775 -0.01519875 0.06485814 -0.006716097 -0.01621404 0.06485814 -0.008907813 0.01511001 0.06834186 -0.01055097 0.0140121 0.06485814 0.01068372 -0.01392336 0.0558 0.01240974 -0.01240974 0.0558 0.01080387 -0.01381806 0.06834186 0.01068372 -0.01392336 0.06834186 0.01240974 -0.01240974 0.06834186 0.01228959 -0.01251504 0.06485814 0.01068372 -0.01392336 0.06485814 0.01240974 -0.01240974 0.06485814 -0.004542274 0.01695204 0.0558 -0.004542274 0.01695204 0.06834186 -0.004693536 0.01690065 0.06834186 -0.006564834 0.01626543 0.06485814 -0.004542274 0.01695204 0.06485814 0.01392336 -0.01068372 0.0558 0.0140121 -0.01055097 0.06834186 0.01392336 -0.01068372 0.06834186 0.01511001 -0.008907813 0.06485814 0.01392336 -0.01068372 0.06485814 0.008907813 -0.01511001 0.06834186 0.01055097 -0.0140121 0.06485814 0.01251504 -0.01228959 0.06834186 0.01381806 -0.01080387 0.06485814 0.01698318 -0.004385601 0.06834186 0.01736865 -0.002447406 0.06485814 -0.002290734 0.01739988 0.0558 -0.0001593909 0.01753956 0.06834186 -0.002290734 0.01739988 0.06834186 -0.002131335 0.01741032 0.06485814 -0.002290734 0.01739988 0.06485814 -0.01621413 -0.006716097 0.0558 -0.01621404 -0.006716097 0.06834186 -0.01621413 -0.006716097 0.06834186 -0.01614348 -0.006859359 0.06834186 -0.01621404 -0.006716097 0.06485814 -0.01621413 -0.006716097 0.06485814 -0.0152694 -0.008631739 0.06485814 -0.01519875 0.008775 0.0558 -0.01621413 0.006716097 0.0558 -0.0152694 0.008631739 0.06834186 -0.01519875 0.008775 0.06834186 -0.01621404 0.006716097 0.06834186 -0.01621413 0.006716097 0.06834186 -0.01614348 0.006859359 0.06485814 -0.01519875 0.008775 0.06485814 -0.01621404 0.006716097 0.06485814 -0.01621413 0.006716097 0.06485814 0.01068372 0.01392336 0.0558 0.01055097 0.0140121 0.06834186 0.01068372 0.01392336 0.06834186 0.01068372 0.01392336 0.06485814 0.008907813 0.01511001 0.06485814 -0.01695204 -0.004542274 0.0558 -0.01736865 -0.002447406 0.06834186 -0.01695204 -0.004542274 0.06834186 -0.01698318 -0.004385601 0.06485814 -0.01695204 -0.004542274 0.06485814 0.004542274 -0.01695204 0.0558 0.004542274 -0.01695204 0.06834186 0.004693536 -0.01690065 0.06834186 0.006564834 -0.01626543 0.06485814 0.004542274 -0.01695204 0.06485814 -0.002290734 -0.01739988 0.0558 0.01228959 0.01251504 0.06834186 0.01080387 0.01381806 0.06485814 0.002447406 -0.01736865 0.06834186 0.004385601 -0.01698318 0.06485814 -0.01626543 0.006564834 0.06834186 -0.01690065 0.004693536 0.06485814 -0.002447406 0.01736865 0.06834186 -0.004385601 0.01698318 0.06485814 -0.002131335 -0.01741032 0.06834186 -0.002290734 -0.01739988 0.06834186 -0.0001593909 -0.01753956 0.06485814 -0.002290734 -0.01739988 0.06485814 -0.01690065 -0.004693536 0.06834186 -0.01626543 -0.006564834 0.06485814 -0.01381806 -0.01080387 0.06834186 -0.01251504 -0.01228959 0.06485814 -0.004385601 -0.01698318 0.06834186 -0.002447406 -0.01736865 0.06485814 -0.01055097 -0.0140121 0.06834186 -0.008907813 -0.01511001 0.06485814 0.006564834 0.01626543 0.06834186 0.004693536 0.01690065 0.06485814 -0.0140121 0.01055097 0.06834186 -0.01511001 0.008907813 0.06485814 -0.01978461 0 0.06683499 -0.01961532 0.002582406 0.06683499 -0.0198 0 0.0666 -0.01963062 0.002584422 0.0666 -0.01973871 0 0.06706584 -0.01956978 0.002576412 0.06706584 -0.01966302 0 0.06728886 -0.01949472 0.00256653 0.06728886 -0.0195588 0 0.0675 -0.01939149 0.00255294 0.0675 -0.01942803 0 0.06769575 -0.0192618 0.002535867 0.06769575 -0.01927278 0 0.06787278 -0.0191079 0.002515608 0.06787278 -0.01909575 0 0.06802803 -0.0189324 0.002492496 0.06802803 -0.0189 0 0.0681588 -0.01873827 0.002466945 0.0681588 -0.01868886 0 0.06826302 -0.01852893 0.002439378 0.06826302 -0.01846584 0 0.06833871 -0.01830789 0.002410281 0.06833871 -0.01823499 0 0.06838461 -0.01807893 0.00238014 0.06838461 -0.018 0 0.0684 -0.01784601 0.002349468 0.0684 -0.01776501 0 0.06838461 -0.01761309 0.002318805 0.06838461 -0.01776501 0 0.06481539 -0.01761309 0.002318805 0.06481539 -0.01784601 0.002349468 0.0648 -0.018 0 0.0648 -0.01807893 0.00238014 0.06481539 -0.01823499 0 0.06481539 -0.01830789 0.002410281 0.06486129 -0.01846584 0 0.06486129 -0.01852893 0.002439378 0.06493698 -0.01868886 0 0.06493698 -0.01873827 0.002466945 0.06504121 -0.0189 0 0.06504121 -0.0189324 0.002492496 0.06517197 -0.01909575 0 0.06517197 -0.0191079 0.002515608 0.06532722 -0.01927278 0 0.06532722 -0.0192618 0.002535867 0.06550425 -0.01942803 0 0.06550425 -0.01939149 0.00255294 0.0657 -0.0195588 0 0.0657 -0.01949472 0.00256653 0.06591114 -0.01966302 0 0.06591114 -0.01956978 0.002576412 0.06613416 -0.01973871 0 0.06613416 -0.01961532 0.002582406 0.06636501 -0.01978461 0 0.06636501 -0.01911042 0.005120631 0.06683499 -0.01912536 0.005124618 0.0666 -0.01906605 0.005108742 0.06706584 -0.01899297 0.005089158 0.06728886 -0.01889235 0.005062203 0.0675 -0.01876608 0.005028346 0.06769575 -0.01861605 0.004988169 0.06787278 -0.01844514 0.00494235 0.06802803 -0.01825596 0.00489168 0.0681588 -0.01805202 0.004837023 0.06826302 -0.01783665 0.004779324 0.06833871 -0.01761363 0.004719555 0.06838461 -0.01738665 0.004658742 0.0684 -0.01715976 0.004597938 0.06838461 -0.01715976 0.004597938 0.06481539 -0.01738665 0.004658742 0.0648 -0.01761363 0.004719555 0.06481539 -0.01783665 0.004779324 0.06486129 -0.01805202 0.004837023 0.06493698 -0.01825596 0.00489168 0.06504121 -0.01844514 0.00494235 0.06517197 -0.01861605 0.004988169 0.06532722 -0.01876608 0.005028346 0.06550425 -0.01889235 0.005062203 0.0657 -0.01899297 0.005089158 0.06591114 -0.01906605 0.005108742 0.06613416 -0.01911042 0.005120631 0.06636501 -0.01827855 0.007571241 0.06683499 -0.01829277 0.007577136 0.0666 -0.01823616 0.007553664 0.06706584 -0.01816623 0.007524693 0.06728886 -0.01807002 0.00748485 0.0675 -0.01794915 0.007434783 0.06769575 -0.01780578 0.007375374 0.06787278 -0.01764216 0.007307631 0.06802803 -0.01746135 0.007232715 0.0681588 -0.01726623 0.007151904 0.06826302 -0.01706022 0.007066584 0.06833871 -0.01684692 0.006978213 0.06838461 -0.01662984 0.006888303 0.0684 -0.01641276 0.006798393 0.06838461 -0.01641276 0.006798393 0.06481539 -0.01662984 0.006888303 0.0648 -0.01684692 0.006978213 0.06481539 -0.01706022 0.007066584 0.06486129 -0.01726623 0.007151904 0.06493698 -0.01746135 0.007232715 0.06504121 -0.01764216 0.007307631 0.06517197 -0.01780578 0.007375374 0.06532722 -0.01794915 0.007434783 0.06550425 -0.01807002 0.00748485 0.0657 -0.01816623 0.007524693 0.06591114 -0.01823616 0.007553664 0.06613416 -0.01827855 0.007571241 0.06636501 -0.01713393 0.00989226 0.06683499 -0.01714734 0.0099 0.0666 -0.01709415 0.009869309 0.06706584 -0.01702863 0.00983151 0.06728886 -0.01693845 0.0097794 0.0675 -0.01682514 0.00971406 0.06769575 -0.01669077 0.00963639 0.06787278 -0.01653741 0.00954792 0.06802803 -0.01636785 0.00945 0.0681588 -0.01618497 0.00934443 0.06826302 -0.01599192 0.009232921 0.06833871 -0.01579194 0.009117451 0.06838461 -0.01558845 0.009 0.0684 -0.01538496 0.008882524 0.06838461 -0.01538496 0.008882524 0.06481539 -0.01558845 0.009 0.0648 -0.01579194 0.009117451 0.06481539 -0.01599192 0.009232921 0.06486129 -0.01618497 0.00934443 0.06493698 -0.01636785 0.00945 0.06504121 -0.01653741 0.00954792 0.06517197 -0.01669077 0.00963639 0.06532722 -0.01682514 0.00971406 0.06550425 -0.01693845 0.0097794 0.0657 -0.01702863 0.00983151 0.06591114 -0.01709415 0.009869309 0.06613416 -0.01713393 0.00989226 0.06636501 -0.01569618 0.01204407 0.06683499 -0.01570842 0.01205352 0.0666 -0.01565973 0.01201617 0.06706584 -0.0155997 0.01197009 0.06728886 -0.01551708 0.01190664 0.0675 -0.01541331 0.01182708 0.06769575 -0.0152901 0.01173249 0.06787278 -0.0151497 0.01162476 0.06802803 -0.01499436 0.0115056 0.0681588 -0.01482687 0.01137708 0.06826302 -0.01464993 0.01124127 0.06833871 -0.01446678 0.01110069 0.06838461 -0.01428039 0.01095768 0.0684 -0.014094 0.01081467 0.06838461 -0.014094 0.01081467 0.06481539 -0.01428039 0.01095768 0.0648 -0.01446678 0.01110069 0.06481539 -0.01464993 0.01124127 0.06486129 -0.01482687 0.01137708 0.06493698 -0.01499436 0.0115056 0.06504121 -0.0151497 0.01162476 0.06517197 -0.0152901 0.01173249 0.06532722 -0.01541331 0.01182708 0.06550425 -0.01551708 0.01190664 0.0657 -0.0155997 0.01197009 0.06591114 -0.01565973 0.01201617 0.06613416 -0.01569618 0.01204407 0.06636501 -0.01398987 0.01398987 0.06683499 -0.01400067 0.01400067 0.0666 -0.01395738 0.01395738 0.06706584 -0.01390383 0.01390383 0.06728886 -0.01383021 0.01383021 0.0675 -0.01373769 0.01373769 0.06769575 -0.01362789 0.01362789 0.06787278 -0.01350279 0.01350279 0.06802803 -0.01336428 0.01336428 0.0681588 -0.01321497 0.01321497 0.06826302 -0.01305738 0.01305738 0.06833871 -0.01289403 0.01289403 0.06838461 -0.01272789 0.01272789 0.0684 -0.01256175 0.01256175 0.06838461 -0.01256175 0.01256175 0.06481539 -0.01272789 0.01272789 0.0648 -0.01289403 0.01289403 0.06481539 -0.01305738 0.01305738 0.06486129 -0.01321497 0.01321497 0.06493698 -0.01336428 0.01336428 0.06504121 -0.01350279 0.01350279 0.06517197 -0.01362789 0.01362789 0.06532722 -0.01373769 0.01373769 0.06550425 -0.01383021 0.01383021 0.0657 -0.01390383 0.01390383 0.06591114 -0.01395738 0.01395738 0.06613416 -0.01398987 0.01398987 0.06636501 -0.01204407 0.01569618 0.06683499 -0.01205352 0.01570842 0.0666 -0.01201617 0.01565973 0.06706584 -0.01197009 0.0155997 0.06728886 -0.01190664 0.01551708 0.0675 -0.01182708 0.01541331 0.06769575 -0.01173249 0.0152901 0.06787278 -0.01162476 0.0151497 0.06802803 -0.0115056 0.01499436 0.0681588 -0.01137708 0.01482687 0.06826302 -0.01124127 0.01464993 0.06833871 -0.01110069 0.01446678 0.06838461 -0.01095768 0.01428039 0.0684 -0.01081467 0.014094 0.06838461 -0.01081467 0.014094 0.06481539 -0.01095768 0.01428039 0.0648 -0.01110069 0.01446678 0.06481539 -0.01124127 0.01464993 0.06486129 -0.01137708 0.01482687 0.06493698 -0.0115056 0.01499436 0.06504121 -0.01162476 0.0151497 0.06517197 -0.01173249 0.0152901 0.06532722 -0.01182708 0.01541331 0.06550425 -0.01190664 0.01551708 0.0657 -0.01197009 0.0155997 0.06591114 -0.01201617 0.01565973 0.06613416 -0.01204407 0.01569618 0.06636501 -0.00989226 0.01713393 0.06683499 -0.0099 0.01714734 0.0666 -0.009869309 0.01709415 0.06706584 -0.00983151 0.01702863 0.06728886 -0.0097794 0.01693845 0.0675 -0.00971406 0.01682514 0.06769575 -0.00963639 0.01669077 0.06787278 -0.00954792 0.01653741 0.06802803 -0.00945 0.01636785 0.0681588 -0.00934443 0.01618497 0.06826302 -0.009232921 0.01599192 0.06833871 -0.009117451 0.01579194 0.06838461 -0.009 0.01558845 0.0684 -0.008882524 0.01538496 0.06838461 -0.008882524 0.01538496 0.06481539 -0.009 0.01558845 0.0648 -0.009117451 0.01579194 0.06481539 -0.009232921 0.01599192 0.06486129 -0.00934443 0.01618497 0.06493698 -0.00945 0.01636785 0.06504121 -0.00954792 0.01653741 0.06517197 -0.00963639 0.01669077 0.06532722 -0.00971406 0.01682514 0.06550425 -0.0097794 0.01693845 0.0657 -0.00983151 0.01702863 0.06591114 -0.009869309 0.01709415 0.06613416 -0.00989226 0.01713393 0.06636501 -0.007571241 0.01827855 0.06683499 -0.007577136 0.01829277 0.0666 -0.007553664 0.01823616 0.06706584 -0.007524693 0.01816623 0.06728886 -0.00748485 0.01807002 0.0675 -0.007434783 0.01794915 0.06769575 -0.007375374 0.01780578 0.06787278 -0.007307631 0.01764216 0.06802803 -0.007232715 0.01746135 0.0681588 -0.007151904 0.01726623 0.06826302 -0.007066584 0.01706022 0.06833871 -0.006978213 0.01684692 0.06838461 -0.006888303 0.01662984 0.0684 -0.006798393 0.01641276 0.06838461 -0.006798393 0.01641276 0.06481539 -0.006888303 0.01662984 0.0648 -0.006978213 0.01684692 0.06481539 -0.007066584 0.01706022 0.06486129 -0.007151904 0.01726623 0.06493698 -0.007232715 0.01746135 0.06504121 -0.007307631 0.01764216 0.06517197 -0.007375374 0.01780578 0.06532722 -0.007434783 0.01794915 0.06550425 -0.00748485 0.01807002 0.0657 -0.007524693 0.01816623 0.06591114 -0.007553664 0.01823616 0.06613416 -0.007571241 0.01827855 0.06636501 -0.005120631 0.01911042 0.06683499 -0.005124618 0.01912536 0.0666 -0.005108742 0.01906605 0.06706584 -0.005089158 0.01899297 0.06728886 -0.005062203 0.01889235 0.0675 -0.005028346 0.01876608 0.06769575 -0.004988169 0.01861605 0.06787278 -0.00494235 0.01844514 0.06802803 -0.00489168 0.01825596 0.0681588 -0.004837023 0.01805202 0.06826302 -0.004779324 0.01783665 0.06833871 -0.004719555 0.01761363 0.06838461 -0.004658742 0.01738665 0.0684 -0.004597938 0.01715976 0.06838461 -0.004597938 0.01715976 0.06481539 -0.004658742 0.01738665 0.0648 -0.004719555 0.01761363 0.06481539 -0.004779324 0.01783665 0.06486129 -0.004837023 0.01805202 0.06493698 -0.00489168 0.01825596 0.06504121 -0.00494235 0.01844514 0.06517197 -0.004988169 0.01861605 0.06532722 -0.005028346 0.01876608 0.06550425 -0.005062203 0.01889235 0.0657 -0.005089158 0.01899297 0.06591114 -0.005108742 0.01906605 0.06613416 -0.005120631 0.01911042 0.06636501 -0.002582406 0.01961532 0.06683499 -0.002584422 0.01963062 0.0666 -0.002576412 0.01956978 0.06706584 -0.00256653 0.01949472 0.06728886 -0.00255294 0.01939149 0.0675 -0.002535867 0.0192618 0.06769575 -0.002515608 0.0191079 0.06787278 -0.002492496 0.0189324 0.06802803 -0.002466945 0.01873827 0.0681588 -0.002439378 0.01852893 0.06826302 -0.002410281 0.01830789 0.06833871 -0.00238014 0.01807893 0.06838461 -0.002349468 0.01784601 0.0684 -0.002318805 0.01761309 0.06838461 -0.002318805 0.01761309 0.06481539 -0.002349468 0.01784601 0.0648 -0.00238014 0.01807893 0.06481539 -0.002410281 0.01830789 0.06486129 -0.002439378 0.01852893 0.06493698 -0.002466945 0.01873827 0.06504121 -0.002492496 0.0189324 0.06517197 -0.002515608 0.0191079 0.06532722 -0.002535867 0.0192618 0.06550425 -0.00255294 0.01939149 0.0657 -0.00256653 0.01949472 0.06591114 -0.002576412 0.01956978 0.06613416 -0.002582406 0.01961532 0.06636501 0 0.01978461 0.06683499 0 0.0198 0.0666 0 0.01973871 0.06706584 0 0.01966302 0.06728886 0 0.0195588 0.0675 0 0.01942803 0.06769575 0 0.01927278 0.06787278 0 0.01909575 0.06802803 0 0.0189 0.0681588 0 0.01868886 0.06826302 0 0.01846584 0.06833871 0 0.01823499 0.06838461 0 0.018 0.0684 0 0.01776501 0.06838461 0 0.01776501 0.06481539 0 0.018 0.0648 0 0.01823499 0.06481539 0 0.01846584 0.06486129 0 0.01868886 0.06493698 0 0.0189 0.06504121 0 0.01909575 0.06517197 0 0.01927278 0.06532722 0 0.01942803 0.06550425 0 0.0195588 0.0657 0 0.01966302 0.06591114 0 0.01973871 0.06613416 0 0.01978461 0.06636501 0.002582406 0.01961532 0.06683499 0.002584422 0.01963062 0.0666 0.002576412 0.01956978 0.06706584 0.00256653 0.01949472 0.06728886 0.00255294 0.01939149 0.0675 0.002535867 0.0192618 0.06769575 0.002515608 0.0191079 0.06787278 0.002492496 0.0189324 0.06802803 0.002466945 0.01873827 0.0681588 0.002439378 0.01852893 0.06826302 0.002410281 0.01830789 0.06833871 0.00238014 0.01807893 0.06838461 0.002349468 0.01784601 0.0684 0.002318805 0.01761309 0.06838461 0.002318805 0.01761309 0.06481539 0.002349468 0.01784601 0.0648 0.00238014 0.01807893 0.06481539 0.002410281 0.01830789 0.06486129 0.002439378 0.01852893 0.06493698 0.002466945 0.01873827 0.06504121 0.002492496 0.0189324 0.06517197 0.002515608 0.0191079 0.06532722 0.002535867 0.0192618 0.06550425 0.00255294 0.01939149 0.0657 0.00256653 0.01949472 0.06591114 0.002576412 0.01956978 0.06613416 0.002582406 0.01961532 0.06636501 0.005120631 0.01911042 0.06683499 0.005124618 0.01912536 0.0666 0.005108742 0.01906605 0.06706584 0.005089158 0.01899297 0.06728886 0.005062203 0.01889235 0.0675 0.005028346 0.01876608 0.06769575 0.004988169 0.01861605 0.06787278 0.00494235 0.01844514 0.06802803 0.00489168 0.01825596 0.0681588 0.004837023 0.01805202 0.06826302 0.004779324 0.01783665 0.06833871 0.004719555 0.01761363 0.06838461 0.004658742 0.01738665 0.0684 0.004597938 0.01715976 0.06838461 0.004597938 0.01715976 0.06481539 0.004658742 0.01738665 0.0648 0.004719555 0.01761363 0.06481539 0.004779324 0.01783665 0.06486129 0.004837023 0.01805202 0.06493698 0.00489168 0.01825596 0.06504121 0.00494235 0.01844514 0.06517197 0.004988169 0.01861605 0.06532722 0.005028346 0.01876608 0.06550425 0.005062203 0.01889235 0.0657 0.005089158 0.01899297 0.06591114 0.005108742 0.01906605 0.06613416 0.005120631 0.01911042 0.06636501 0.007571241 0.01827855 0.06683499 0.007577136 0.01829277 0.0666 0.007553664 0.01823616 0.06706584 0.007524693 0.01816623 0.06728886 0.00748485 0.01807002 0.0675 0.007434783 0.01794915 0.06769575 0.007375374 0.01780578 0.06787278 0.007307631 0.01764216 0.06802803 0.007232715 0.01746135 0.0681588 0.007151904 0.01726623 0.06826302 0.007066584 0.01706022 0.06833871 0.006978213 0.01684692 0.06838461 0.006888303 0.01662984 0.0684 0.006798393 0.01641276 0.06838461 0.006798393 0.01641276 0.06481539 0.006888303 0.01662984 0.0648 0.006978213 0.01684692 0.06481539 0.007066584 0.01706022 0.06486129 0.007151904 0.01726623 0.06493698 0.007232715 0.01746135 0.06504121 0.007307631 0.01764216 0.06517197 0.007375374 0.01780578 0.06532722 0.007434783 0.01794915 0.06550425 0.00748485 0.01807002 0.0657 0.007524693 0.01816623 0.06591114 0.007553664 0.01823616 0.06613416 0.007571241 0.01827855 0.06636501 0.00989226 0.01713393 0.06683499 0.0099 0.01714734 0.0666 0.009869309 0.01709415 0.06706584 0.00983151 0.01702863 0.06728886 0.0097794 0.01693845 0.0675 0.00971406 0.01682514 0.06769575 0.00963639 0.01669077 0.06787278 0.00954792 0.01653741 0.06802803 0.00945 0.01636785 0.0681588 0.00934443 0.01618497 0.06826302 0.009232921 0.01599192 0.06833871 0.009117451 0.01579194 0.06838461 0.009 0.01558845 0.0684 0.008882524 0.01538496 0.06838461 0.008882524 0.01538496 0.06481539 0.009 0.01558845 0.0648 0.009117451 0.01579194 0.06481539 0.009232921 0.01599192 0.06486129 0.00934443 0.01618497 0.06493698 0.00945 0.01636785 0.06504121 0.00954792 0.01653741 0.06517197 0.00963639 0.01669077 0.06532722 0.00971406 0.01682514 0.06550425 0.0097794 0.01693845 0.0657 0.00983151 0.01702863 0.06591114 0.009869309 0.01709415 0.06613416 0.00989226 0.01713393 0.06636501 0.01204407 0.01569618 0.06683499 0.01205352 0.01570842 0.0666 0.01201617 0.01565973 0.06706584 0.01197009 0.0155997 0.06728886 0.01190664 0.01551708 0.0675 0.01182708 0.01541331 0.06769575 0.01173249 0.0152901 0.06787278 0.01162476 0.0151497 0.06802803 0.0115056 0.01499436 0.0681588 0.01137708 0.01482687 0.06826302 0.01124127 0.01464993 0.06833871 0.01110069 0.01446678 0.06838461 0.01095768 0.01428039 0.0684 0.01081467 0.014094 0.06838461 0.01081467 0.014094 0.06481539 0.01095768 0.01428039 0.0648 0.01110069 0.01446678 0.06481539 0.01124127 0.01464993 0.06486129 0.01137708 0.01482687 0.06493698 0.0115056 0.01499436 0.06504121 0.01162476 0.0151497 0.06517197 0.01173249 0.0152901 0.06532722 0.01182708 0.01541331 0.06550425 0.01190664 0.01551708 0.0657 0.01197009 0.0155997 0.06591114 0.01201617 0.01565973 0.06613416 0.01204407 0.01569618 0.06636501 0.01398987 0.01398987 0.06683499 0.01400067 0.01400067 0.0666 0.01395738 0.01395738 0.06706584 0.01390383 0.01390383 0.06728886 0.01383021 0.01383021 0.0675 0.01373769 0.01373769 0.06769575 0.01362789 0.01362789 0.06787278 0.01350279 0.01350279 0.06802803 0.01336428 0.01336428 0.0681588 0.01321497 0.01321497 0.06826302 0.01305738 0.01305738 0.06833871 0.01289403 0.01289403 0.06838461 0.01272789 0.01272789 0.0684 0.01256175 0.01256175 0.06838461 0.01256175 0.01256175 0.06481539 0.01272789 0.01272789 0.0648 0.01289403 0.01289403 0.06481539 0.01305738 0.01305738 0.06486129 0.01321497 0.01321497 0.06493698 0.01336428 0.01336428 0.06504121 0.01350279 0.01350279 0.06517197 0.01362789 0.01362789 0.06532722 0.01373769 0.01373769 0.06550425 0.01383021 0.01383021 0.0657 0.01390383 0.01390383 0.06591114 0.01395738 0.01395738 0.06613416 0.01398987 0.01398987 0.06636501 0.01569618 0.01204407 0.06683499 0.01570842 0.01205352 0.0666 0.01565973 0.01201617 0.06706584 0.0155997 0.01197009 0.06728886 0.01551708 0.01190664 0.0675 0.01541331 0.01182708 0.06769575 0.0152901 0.01173249 0.06787278 0.0151497 0.01162476 0.06802803 0.01499436 0.0115056 0.0681588 0.01482687 0.01137708 0.06826302 0.01464993 0.01124127 0.06833871 0.01446678 0.01110069 0.06838461 0.01428039 0.01095768 0.0684 0.014094 0.01081467 0.06838461 0.014094 0.01081467 0.06481539 0.01428039 0.01095768 0.0648 0.01446678 0.01110069 0.06481539 0.01464993 0.01124127 0.06486129 0.01482687 0.01137708 0.06493698 0.01499436 0.0115056 0.06504121 0.0151497 0.01162476 0.06517197 0.0152901 0.01173249 0.06532722 0.01541331 0.01182708 0.06550425 0.01551708 0.01190664 0.0657 0.0155997 0.01197009 0.06591114 0.01565973 0.01201617 0.06613416 0.01569618 0.01204407 0.06636501 0.01713393 0.00989226 0.06683499 0.01714734 0.0099 0.0666 0.01709415 0.009869309 0.06706584 0.01702863 0.00983151 0.06728886 0.01693845 0.0097794 0.0675 0.01682514 0.00971406 0.06769575 0.01669077 0.00963639 0.06787278 0.01653741 0.00954792 0.06802803 0.01636785 0.00945 0.0681588 0.01618497 0.00934443 0.06826302 0.01599192 0.009232921 0.06833871 0.01579194 0.009117451 0.06838461 0.01558845 0.009 0.0684 0.01538496 0.008882524 0.06838461 0.01538496 0.008882524 0.06481539 0.01558845 0.009 0.0648 0.01579194 0.009117451 0.06481539 0.01599192 0.009232921 0.06486129 0.01618497 0.00934443 0.06493698 0.01636785 0.00945 0.06504121 0.01653741 0.00954792 0.06517197 0.01669077 0.00963639 0.06532722 0.01682514 0.00971406 0.06550425 0.01693845 0.0097794 0.0657 0.01702863 0.00983151 0.06591114 0.01709415 0.009869309 0.06613416 0.01713393 0.00989226 0.06636501 0.01827855 0.007571241 0.06683499 0.01829277 0.007577136 0.0666 0.01823616 0.007553664 0.06706584 0.01816623 0.007524693 0.06728886 0.01807002 0.00748485 0.0675 0.01794915 0.007434783 0.06769575 0.01780578 0.007375374 0.06787278 0.01764216 0.007307631 0.06802803 0.01746135 0.007232715 0.0681588 0.01726623 0.007151904 0.06826302 0.01706022 0.007066584 0.06833871 0.01684692 0.006978213 0.06838461 0.01662984 0.006888303 0.0684 0.01641276 0.006798393 0.06838461 0.01641276 0.006798393 0.06481539 0.01662984 0.006888303 0.0648 0.01684692 0.006978213 0.06481539 0.01706022 0.007066584 0.06486129 0.01726623 0.007151904 0.06493698 0.01746135 0.007232715 0.06504121 0.01764216 0.007307631 0.06517197 0.01780578 0.007375374 0.06532722 0.01794915 0.007434783 0.06550425 0.01807002 0.00748485 0.0657 0.01816623 0.007524693 0.06591114 0.01823616 0.007553664 0.06613416 0.01827855 0.007571241 0.06636501 0.01911042 0.005120631 0.06683499 0.01912536 0.005124618 0.0666 0.01906605 0.005108742 0.06706584 0.01899297 0.005089158 0.06728886 0.01889235 0.005062203 0.0675 0.01876608 0.005028346 0.06769575 0.01861605 0.004988169 0.06787278 0.01844514 0.00494235 0.06802803 0.01825596 0.00489168 0.0681588 0.01805202 0.004837023 0.06826302 0.01783665 0.004779324 0.06833871 0.01761363 0.004719555 0.06838461 0.01738665 0.004658742 0.0684 0.01715976 0.004597938 0.06838461 0.01715976 0.004597938 0.06481539 0.01738665 0.004658742 0.0648 0.01761363 0.004719555 0.06481539 0.01783665 0.004779324 0.06486129 0.01805202 0.004837023 0.06493698 0.01825596 0.00489168 0.06504121 0.01844514 0.00494235 0.06517197 0.01861605 0.004988169 0.06532722 0.01876608 0.005028346 0.06550425 0.01889235 0.005062203 0.0657 0.01899297 0.005089158 0.06591114 0.01906605 0.005108742 0.06613416 0.01911042 0.005120631 0.06636501 0.01961532 0.002582406 0.06683499 0.01963062 0.002584422 0.0666 0.01956978 0.002576412 0.06706584 0.01949472 0.00256653 0.06728886 0.01939149 0.00255294 0.0675 0.0192618 0.002535867 0.06769575 0.0191079 0.002515608 0.06787278 0.0189324 0.002492496 0.06802803 0.01873827 0.002466945 0.0681588 0.01852893 0.002439378 0.06826302 0.01830789 0.002410281 0.06833871 0.01807893 0.00238014 0.06838461 0.01784601 0.002349468 0.0684 0.01761309 0.002318805 0.06838461 0.01761309 0.002318805 0.06481539 0.01784601 0.002349468 0.0648 0.01807893 0.00238014 0.06481539 0.01830789 0.002410281 0.06486129 0.01852893 0.002439378 0.06493698 0.01873827 0.002466945 0.06504121 0.0189324 0.002492496 0.06517197 0.0191079 0.002515608 0.06532722 0.0192618 0.002535867 0.06550425 0.01939149 0.00255294 0.0657 0.01949472 0.00256653 0.06591114 0.01956978 0.002576412 0.06613416 0.01961532 0.002582406 0.06636501 0.01978461 0 0.06683499 0.0198 0 0.0666 0.01973871 0 0.06706584 0.01966302 0 0.06728886 0.0195588 0 0.0675 0.01942803 0 0.06769575 0.01927278 0 0.06787278 0.01909575 0 0.06802803 0.0189 0 0.0681588 0.01868886 0 0.06826302 0.01846584 0 0.06833871 0.01823499 0 0.06838461 0.018 0 0.0684 0.01776501 0 0.06838461 0.01776501 0 0.06481539 0.018 0 0.0648 0.01823499 0 0.06481539 0.01846584 0 0.06486129 0.01868886 0 0.06493698 0.0189 0 0.06504121 0.01909575 0 0.06517197 0.01927278 0 0.06532722 0.01942803 0 0.06550425 0.0195588 0 0.0657 0.01966302 0 0.06591114 0.01973871 0 0.06613416 0.01978461 0 0.06636501 0.01961532 -0.002582406 0.06683499 0.01963062 -0.002584422 0.0666 0.01956978 -0.002576412 0.06706584 0.01949472 -0.00256653 0.06728886 0.01939149 -0.00255294 0.0675 0.0192618 -0.002535867 0.06769575 0.0191079 -0.002515608 0.06787278 0.0189324 -0.002492496 0.06802803 0.01873827 -0.002466945 0.0681588 0.01852893 -0.002439378 0.06826302 0.01830789 -0.002410281 0.06833871 0.01807893 -0.00238014 0.06838461 0.01784601 -0.002349468 0.0684 0.01761309 -0.002318805 0.06838461 0.01761309 -0.002318805 0.06481539 0.01784601 -0.002349468 0.0648 0.01807893 -0.00238014 0.06481539 0.01830789 -0.002410281 0.06486129 0.01852893 -0.002439378 0.06493698 0.01873827 -0.002466945 0.06504121 0.0189324 -0.002492496 0.06517197 0.0191079 -0.002515608 0.06532722 0.0192618 -0.002535867 0.06550425 0.01939149 -0.00255294 0.0657 0.01949472 -0.00256653 0.06591114 0.01956978 -0.002576412 0.06613416 0.01961532 -0.002582406 0.06636501 0.01911042 -0.005120631 0.06683499 0.01912536 -0.005124618 0.0666 0.01906605 -0.005108742 0.06706584 0.01899297 -0.005089158 0.06728886 0.01889235 -0.005062203 0.0675 0.01876608 -0.005028346 0.06769575 0.01861605 -0.004988169 0.06787278 0.01844514 -0.00494235 0.06802803 0.01825596 -0.00489168 0.0681588 0.01805202 -0.004837023 0.06826302 0.01783665 -0.004779324 0.06833871 0.01761363 -0.004719555 0.06838461 0.01738665 -0.004658742 0.0684 0.01715976 -0.004597938 0.06838461 0.01715976 -0.004597938 0.06481539 0.01738665 -0.004658742 0.0648 0.01761363 -0.004719555 0.06481539 0.01783665 -0.004779324 0.06486129 0.01805202 -0.004837023 0.06493698 0.01825596 -0.00489168 0.06504121 0.01844514 -0.00494235 0.06517197 0.01861605 -0.004988169 0.06532722 0.01876608 -0.005028346 0.06550425 0.01889235 -0.005062203 0.0657 0.01899297 -0.005089158 0.06591114 0.01906605 -0.005108742 0.06613416 0.01911042 -0.005120631 0.06636501 0.01827855 -0.007571241 0.06683499 0.01829277 -0.007577136 0.0666 0.01823616 -0.007553664 0.06706584 0.01816623 -0.007524693 0.06728886 0.01807002 -0.00748485 0.0675 0.01794915 -0.007434783 0.06769575 0.01780578 -0.007375374 0.06787278 0.01764216 -0.007307631 0.06802803 0.01746135 -0.007232715 0.0681588 0.01726623 -0.007151904 0.06826302 0.01706022 -0.007066584 0.06833871 0.01684692 -0.006978213 0.06838461 0.01662984 -0.006888303 0.0684 0.01641276 -0.006798393 0.06838461 0.01641276 -0.006798393 0.06481539 0.01662984 -0.006888303 0.0648 0.01684692 -0.006978213 0.06481539 0.01706022 -0.007066584 0.06486129 0.01726623 -0.007151904 0.06493698 0.01746135 -0.007232715 0.06504121 0.01764216 -0.007307631 0.06517197 0.01780578 -0.007375374 0.06532722 0.01794915 -0.007434783 0.06550425 0.01807002 -0.00748485 0.0657 0.01816623 -0.007524693 0.06591114 0.01823616 -0.007553664 0.06613416 0.01827855 -0.007571241 0.06636501 0.01713393 -0.00989226 0.06683499 0.01714734 -0.0099 0.0666 0.01709415 -0.009869309 0.06706584 0.01702863 -0.00983151 0.06728886 0.01693845 -0.0097794 0.0675 0.01682514 -0.00971406 0.06769575 0.01669077 -0.00963639 0.06787278 0.01653741 -0.00954792 0.06802803 0.01636785 -0.00945 0.0681588 0.01618497 -0.00934443 0.06826302 0.01599192 -0.009232921 0.06833871 0.01579194 -0.009117451 0.06838461 0.01558845 -0.009 0.0684 0.01538496 -0.008882524 0.06838461 0.01538496 -0.008882524 0.06481539 0.01558845 -0.009 0.0648 0.01579194 -0.009117451 0.06481539 0.01599192 -0.009232921 0.06486129 0.01618497 -0.00934443 0.06493698 0.01636785 -0.00945 0.06504121 0.01653741 -0.00954792 0.06517197 0.01669077 -0.00963639 0.06532722 0.01682514 -0.00971406 0.06550425 0.01693845 -0.0097794 0.0657 0.01702863 -0.00983151 0.06591114 0.01709415 -0.009869309 0.06613416 0.01713393 -0.00989226 0.06636501 0.01569618 -0.01204407 0.06683499 0.01570842 -0.01205352 0.0666 0.01565973 -0.01201617 0.06706584 0.0155997 -0.01197009 0.06728886 0.01551708 -0.01190664 0.0675 0.01541331 -0.01182708 0.06769575 0.0152901 -0.01173249 0.06787278 0.0151497 -0.01162476 0.06802803 0.01499436 -0.0115056 0.0681588 0.01482687 -0.01137708 0.06826302 0.01464993 -0.01124127 0.06833871 0.01446678 -0.01110069 0.06838461 0.01428039 -0.01095768 0.0684 0.014094 -0.01081467 0.06838461 0.014094 -0.01081467 0.06481539 0.01428039 -0.01095768 0.0648 0.01446678 -0.01110069 0.06481539 0.01464993 -0.01124127 0.06486129 0.01482687 -0.01137708 0.06493698 0.01499436 -0.0115056 0.06504121 0.0151497 -0.01162476 0.06517197 0.0152901 -0.01173249 0.06532722 0.01541331 -0.01182708 0.06550425 0.01551708 -0.01190664 0.0657 0.0155997 -0.01197009 0.06591114 0.01565973 -0.01201617 0.06613416 0.01569618 -0.01204407 0.06636501 0.01398987 -0.01398987 0.06683499 0.01400067 -0.01400067 0.0666 0.01395738 -0.01395738 0.06706584 0.01390383 -0.01390383 0.06728886 0.01383021 -0.01383021 0.0675 0.01373769 -0.01373769 0.06769575 0.01362789 -0.01362789 0.06787278 0.01350279 -0.01350279 0.06802803 0.01336428 -0.01336428 0.0681588 0.01321497 -0.01321497 0.06826302 0.01305738 -0.01305738 0.06833871 0.01289403 -0.01289403 0.06838461 0.01272789 -0.01272789 0.0684 0.01256175 -0.01256175 0.06838461 0.01256175 -0.01256175 0.06481539 0.01272789 -0.01272789 0.0648 0.01289403 -0.01289403 0.06481539 0.01305738 -0.01305738 0.06486129 0.01321497 -0.01321497 0.06493698 0.01336428 -0.01336428 0.06504121 0.01350279 -0.01350279 0.06517197 0.01362789 -0.01362789 0.06532722 0.01373769 -0.01373769 0.06550425 0.01383021 -0.01383021 0.0657 0.01390383 -0.01390383 0.06591114 0.01395738 -0.01395738 0.06613416 0.01398987 -0.01398987 0.06636501 0.01204407 -0.01569618 0.06683499 0.01205352 -0.01570842 0.0666 0.01201617 -0.01565973 0.06706584 0.01197009 -0.0155997 0.06728886 0.01190664 -0.01551708 0.0675 0.01182708 -0.01541331 0.06769575 0.01173249 -0.0152901 0.06787278 0.01162476 -0.0151497 0.06802803 0.0115056 -0.01499436 0.0681588 0.01137708 -0.01482687 0.06826302 0.01124127 -0.01464993 0.06833871 0.01110069 -0.01446678 0.06838461 0.01095768 -0.01428039 0.0684 0.01081467 -0.014094 0.06838461 0.01081467 -0.014094 0.06481539 0.01095768 -0.01428039 0.0648 0.01110069 -0.01446678 0.06481539 0.01124127 -0.01464993 0.06486129 0.01137708 -0.01482687 0.06493698 0.0115056 -0.01499436 0.06504121 0.01162476 -0.0151497 0.06517197 0.01173249 -0.0152901 0.06532722 0.01182708 -0.01541331 0.06550425 0.01190664 -0.01551708 0.0657 0.01197009 -0.0155997 0.06591114 0.01201617 -0.01565973 0.06613416 0.01204407 -0.01569618 0.06636501 0.00989226 -0.01713393 0.06683499 0.0099 -0.01714734 0.0666 0.009869309 -0.01709415 0.06706584 0.00983151 -0.01702863 0.06728886 0.0097794 -0.01693845 0.0675 0.00971406 -0.01682514 0.06769575 0.00963639 -0.01669077 0.06787278 0.00954792 -0.01653741 0.06802803 0.00945 -0.01636785 0.0681588 0.00934443 -0.01618497 0.06826302 0.009232921 -0.01599192 0.06833871 0.009117451 -0.01579194 0.06838461 0.009 -0.01558845 0.0684 0.008882524 -0.01538496 0.06838461 0.008882524 -0.01538496 0.06481539 0.009 -0.01558845 0.0648 0.009117451 -0.01579194 0.06481539 0.009232921 -0.01599192 0.06486129 0.00934443 -0.01618497 0.06493698 0.00945 -0.01636785 0.06504121 0.00954792 -0.01653741 0.06517197 0.00963639 -0.01669077 0.06532722 0.00971406 -0.01682514 0.06550425 0.0097794 -0.01693845 0.0657 0.00983151 -0.01702863 0.06591114 0.009869309 -0.01709415 0.06613416 0.00989226 -0.01713393 0.06636501 0.007571241 -0.01827855 0.06683499 0.007577136 -0.01829277 0.0666 0.007553664 -0.01823616 0.06706584 0.007524693 -0.01816623 0.06728886 0.00748485 -0.01807002 0.0675 0.007434783 -0.01794915 0.06769575 0.007375374 -0.01780578 0.06787278 0.007307631 -0.01764216 0.06802803 0.007232715 -0.01746135 0.0681588 0.007151904 -0.01726623 0.06826302 0.007066584 -0.01706022 0.06833871 0.006978213 -0.01684692 0.06838461 0.006888303 -0.01662984 0.0684 0.006798393 -0.01641276 0.06838461 0.006798393 -0.01641276 0.06481539 0.006888303 -0.01662984 0.0648 0.006978213 -0.01684692 0.06481539 0.007066584 -0.01706022 0.06486129 0.007151904 -0.01726623 0.06493698 0.007232715 -0.01746135 0.06504121 0.007307631 -0.01764216 0.06517197 0.007375374 -0.01780578 0.06532722 0.007434783 -0.01794915 0.06550425 0.00748485 -0.01807002 0.0657 0.007524693 -0.01816623 0.06591114 0.007553664 -0.01823616 0.06613416 0.007571241 -0.01827855 0.06636501 0.005120631 -0.01911042 0.06683499 0.005124618 -0.01912536 0.0666 0.005108742 -0.01906605 0.06706584 0.005089158 -0.01899297 0.06728886 0.005062203 -0.01889235 0.0675 0.005028346 -0.01876608 0.06769575 0.004988169 -0.01861605 0.06787278 0.00494235 -0.01844514 0.06802803 0.00489168 -0.01825596 0.0681588 0.004837023 -0.01805202 0.06826302 0.004779324 -0.01783665 0.06833871 0.004719555 -0.01761363 0.06838461 0.004658742 -0.01738665 0.0684 0.004597938 -0.01715976 0.06838461 0.004597938 -0.01715976 0.06481539 0.004658742 -0.01738665 0.0648 0.004719555 -0.01761363 0.06481539 0.004779324 -0.01783665 0.06486129 0.004837023 -0.01805202 0.06493698 0.00489168 -0.01825596 0.06504121 0.00494235 -0.01844514 0.06517197 0.004988169 -0.01861605 0.06532722 0.005028346 -0.01876608 0.06550425 0.005062203 -0.01889235 0.0657 0.005089158 -0.01899297 0.06591114 0.005108742 -0.01906605 0.06613416 0.005120631 -0.01911042 0.06636501 0.002582406 -0.01961532 0.06683499 0.002584422 -0.01963062 0.0666 0.002576412 -0.01956978 0.06706584 0.00256653 -0.01949472 0.06728886 0.00255294 -0.01939149 0.0675 0.002535867 -0.0192618 0.06769575 0.002515608 -0.0191079 0.06787278 0.002492496 -0.0189324 0.06802803 0.002466945 -0.01873827 0.0681588 0.002439378 -0.01852893 0.06826302 0.002410281 -0.01830789 0.06833871 0.00238014 -0.01807893 0.06838461 0.002349468 -0.01784601 0.0684 0.002318805 -0.01761309 0.06838461 0.002318805 -0.01761309 0.06481539 0.002349468 -0.01784601 0.0648 0.00238014 -0.01807893 0.06481539 0.002410281 -0.01830789 0.06486129 0.002439378 -0.01852893 0.06493698 0.002466945 -0.01873827 0.06504121 0.002492496 -0.0189324 0.06517197 0.002515608 -0.0191079 0.06532722 0.002535867 -0.0192618 0.06550425 0.00255294 -0.01939149 0.0657 0.00256653 -0.01949472 0.06591114 0.002576412 -0.01956978 0.06613416 0.002582406 -0.01961532 0.06636501 0 -0.01978461 0.06683499 0 -0.0198 0.0666 0 -0.01973871 0.06706584 0 -0.01966302 0.06728886 0 -0.0195588 0.0675 0 -0.01942803 0.06769575 0 -0.01927278 0.06787278 0 -0.01909575 0.06802803 0 -0.0189 0.0681588 0 -0.01868886 0.06826302 0 -0.01846584 0.06833871 0 -0.01823499 0.06838461 0 -0.018 0.0684 0 -0.01776501 0.06838461 0 -0.01776501 0.06481539 0 -0.018 0.0648 0 -0.01823499 0.06481539 0 -0.01846584 0.06486129 0 -0.01868886 0.06493698 0 -0.0189 0.06504121 0 -0.01909575 0.06517197 0 -0.01927278 0.06532722 0 -0.01942803 0.06550425 0 -0.0195588 0.0657 0 -0.01966302 0.06591114 0 -0.01973871 0.06613416 0 -0.01978461 0.06636501 -0.002582406 -0.01961532 0.06683499 -0.002584422 -0.01963062 0.0666 -0.002576412 -0.01956978 0.06706584 -0.00256653 -0.01949472 0.06728886 -0.00255294 -0.01939149 0.0675 -0.002535867 -0.0192618 0.06769575 -0.002515608 -0.0191079 0.06787278 -0.002492496 -0.0189324 0.06802803 -0.002466945 -0.01873827 0.0681588 -0.002439378 -0.01852893 0.06826302 -0.002410281 -0.01830789 0.06833871 -0.00238014 -0.01807893 0.06838461 -0.002349468 -0.01784601 0.0684 -0.002318805 -0.01761309 0.06838461 -0.002318805 -0.01761309 0.06481539 -0.002349468 -0.01784601 0.0648 -0.00238014 -0.01807893 0.06481539 -0.002410281 -0.01830789 0.06486129 -0.002439378 -0.01852893 0.06493698 -0.002466945 -0.01873827 0.06504121 -0.002492496 -0.0189324 0.06517197 -0.002515608 -0.0191079 0.06532722 -0.002535867 -0.0192618 0.06550425 -0.00255294 -0.01939149 0.0657 -0.00256653 -0.01949472 0.06591114 -0.002576412 -0.01956978 0.06613416 -0.002582406 -0.01961532 0.06636501 -0.005120631 -0.01911042 0.06683499 -0.005124618 -0.01912536 0.0666 -0.005108742 -0.01906605 0.06706584 -0.005089158 -0.01899297 0.06728886 -0.005062203 -0.01889235 0.0675 -0.005028346 -0.01876608 0.06769575 -0.004988169 -0.01861605 0.06787278 -0.00494235 -0.01844514 0.06802803 -0.00489168 -0.01825596 0.0681588 -0.004837023 -0.01805202 0.06826302 -0.004779324 -0.01783665 0.06833871 -0.004719555 -0.01761363 0.06838461 -0.004658742 -0.01738665 0.0684 -0.004597938 -0.01715976 0.06838461 -0.004597938 -0.01715976 0.06481539 -0.004658742 -0.01738665 0.0648 -0.004719555 -0.01761363 0.06481539 -0.004779324 -0.01783665 0.06486129 -0.004837023 -0.01805202 0.06493698 -0.00489168 -0.01825596 0.06504121 -0.00494235 -0.01844514 0.06517197 -0.004988169 -0.01861605 0.06532722 -0.005028346 -0.01876608 0.06550425 -0.005062203 -0.01889235 0.0657 -0.005089158 -0.01899297 0.06591114 -0.005108742 -0.01906605 0.06613416 -0.005120631 -0.01911042 0.06636501 -0.007571241 -0.01827855 0.06683499 -0.007577136 -0.01829277 0.0666 -0.007553664 -0.01823616 0.06706584 -0.007524693 -0.01816623 0.06728886 -0.00748485 -0.01807002 0.0675 -0.007434783 -0.01794915 0.06769575 -0.007375374 -0.01780578 0.06787278 -0.007307631 -0.01764216 0.06802803 -0.007232715 -0.01746135 0.0681588 -0.007151904 -0.01726623 0.06826302 -0.007066584 -0.01706022 0.06833871 -0.006978213 -0.01684692 0.06838461 -0.006888303 -0.01662984 0.0684 -0.006798393 -0.01641276 0.06838461 -0.006798393 -0.01641276 0.06481539 -0.006888303 -0.01662984 0.0648 -0.006978213 -0.01684692 0.06481539 -0.007066584 -0.01706022 0.06486129 -0.007151904 -0.01726623 0.06493698 -0.007232715 -0.01746135 0.06504121 -0.007307631 -0.01764216 0.06517197 -0.007375374 -0.01780578 0.06532722 -0.007434783 -0.01794915 0.06550425 -0.00748485 -0.01807002 0.0657 -0.007524693 -0.01816623 0.06591114 -0.007553664 -0.01823616 0.06613416 -0.007571241 -0.01827855 0.06636501 -0.00989226 -0.01713393 0.06683499 -0.0099 -0.01714734 0.0666 -0.009869309 -0.01709415 0.06706584 -0.00983151 -0.01702863 0.06728886 -0.0097794 -0.01693845 0.0675 -0.00971406 -0.01682514 0.06769575 -0.00963639 -0.01669077 0.06787278 -0.00954792 -0.01653741 0.06802803 -0.00945 -0.01636785 0.0681588 -0.00934443 -0.01618497 0.06826302 -0.009232921 -0.01599192 0.06833871 -0.009117451 -0.01579194 0.06838461 -0.009 -0.01558845 0.0684 -0.008882524 -0.01538496 0.06838461 -0.008882524 -0.01538496 0.06481539 -0.009 -0.01558845 0.0648 -0.009117451 -0.01579194 0.06481539 -0.009232921 -0.01599192 0.06486129 -0.00934443 -0.01618497 0.06493698 -0.00945 -0.01636785 0.06504121 -0.00954792 -0.01653741 0.06517197 -0.00963639 -0.01669077 0.06532722 -0.00971406 -0.01682514 0.06550425 -0.0097794 -0.01693845 0.0657 -0.00983151 -0.01702863 0.06591114 -0.009869309 -0.01709415 0.06613416 -0.00989226 -0.01713393 0.06636501 -0.01204407 -0.01569618 0.06683499 -0.01205352 -0.01570842 0.0666 -0.01201617 -0.01565973 0.06706584 -0.01197009 -0.0155997 0.06728886 -0.01190664 -0.01551708 0.0675 -0.01182708 -0.01541331 0.06769575 -0.01173249 -0.0152901 0.06787278 -0.01162476 -0.0151497 0.06802803 -0.0115056 -0.01499436 0.0681588 -0.01137708 -0.01482687 0.06826302 -0.01124127 -0.01464993 0.06833871 -0.01110069 -0.01446678 0.06838461 -0.01095768 -0.01428039 0.0684 -0.01081467 -0.014094 0.06838461 -0.01081467 -0.014094 0.06481539 -0.01095768 -0.01428039 0.0648 -0.01110069 -0.01446678 0.06481539 -0.01124127 -0.01464993 0.06486129 -0.01137708 -0.01482687 0.06493698 -0.0115056 -0.01499436 0.06504121 -0.01162476 -0.0151497 0.06517197 -0.01173249 -0.0152901 0.06532722 -0.01182708 -0.01541331 0.06550425 -0.01190664 -0.01551708 0.0657 -0.01197009 -0.0155997 0.06591114 -0.01201617 -0.01565973 0.06613416 -0.01204407 -0.01569618 0.06636501 -0.01398987 -0.01398987 0.06683499 -0.01400067 -0.01400067 0.0666 -0.01395738 -0.01395738 0.06706584 -0.01390383 -0.01390383 0.06728886 -0.01383021 -0.01383021 0.0675 -0.01373769 -0.01373769 0.06769575 -0.01362789 -0.01362789 0.06787278 -0.01350279 -0.01350279 0.06802803 -0.01336428 -0.01336428 0.0681588 -0.01321497 -0.01321497 0.06826302 -0.01305738 -0.01305738 0.06833871 -0.01289403 -0.01289403 0.06838461 -0.01272789 -0.01272789 0.0684 -0.01256175 -0.01256175 0.06838461 -0.01256175 -0.01256175 0.06481539 -0.01272789 -0.01272789 0.0648 -0.01289403 -0.01289403 0.06481539 -0.01305738 -0.01305738 0.06486129 -0.01321497 -0.01321497 0.06493698 -0.01336428 -0.01336428 0.06504121 -0.01350279 -0.01350279 0.06517197 -0.01362789 -0.01362789 0.06532722 -0.01373769 -0.01373769 0.06550425 -0.01383021 -0.01383021 0.0657 -0.01390383 -0.01390383 0.06591114 -0.01395738 -0.01395738 0.06613416 -0.01398987 -0.01398987 0.06636501 -0.01569618 -0.01204407 0.06683499 -0.01570842 -0.01205352 0.0666 -0.01565973 -0.01201617 0.06706584 -0.0155997 -0.01197009 0.06728886 -0.01551708 -0.01190664 0.0675 -0.01541331 -0.01182708 0.06769575 -0.0152901 -0.01173249 0.06787278 -0.0151497 -0.01162476 0.06802803 -0.01499436 -0.0115056 0.0681588 -0.01482687 -0.01137708 0.06826302 -0.01464993 -0.01124127 0.06833871 -0.01446678 -0.01110069 0.06838461 -0.01428039 -0.01095768 0.0684 -0.014094 -0.01081467 0.06838461 -0.014094 -0.01081467 0.06481539 -0.01428039 -0.01095768 0.0648 -0.01446678 -0.01110069 0.06481539 -0.01464993 -0.01124127 0.06486129 -0.01482687 -0.01137708 0.06493698 -0.01499436 -0.0115056 0.06504121 -0.0151497 -0.01162476 0.06517197 -0.0152901 -0.01173249 0.06532722 -0.01541331 -0.01182708 0.06550425 -0.01551708 -0.01190664 0.0657 -0.0155997 -0.01197009 0.06591114 -0.01565973 -0.01201617 0.06613416 -0.01569618 -0.01204407 0.06636501 -0.01713393 -0.00989226 0.06683499 -0.01714734 -0.0099 0.0666 -0.01709415 -0.009869309 0.06706584 -0.01702863 -0.00983151 0.06728886 -0.01693845 -0.0097794 0.0675 -0.01682514 -0.00971406 0.06769575 -0.01669077 -0.00963639 0.06787278 -0.01653741 -0.00954792 0.06802803 -0.01636785 -0.00945 0.0681588 -0.01618497 -0.00934443 0.06826302 -0.01599192 -0.009232921 0.06833871 -0.01579194 -0.009117451 0.06838461 -0.01558845 -0.009 0.0684 -0.01538496 -0.008882524 0.06838461 -0.01538496 -0.008882524 0.06481539 -0.01558845 -0.009 0.0648 -0.01579194 -0.009117451 0.06481539 -0.01599192 -0.009232921 0.06486129 -0.01618497 -0.00934443 0.06493698 -0.01636785 -0.00945 0.06504121 -0.01653741 -0.00954792 0.06517197 -0.01669077 -0.00963639 0.06532722 -0.01682514 -0.00971406 0.06550425 -0.01693845 -0.0097794 0.0657 -0.01702863 -0.00983151 0.06591114 -0.01709415 -0.009869309 0.06613416 -0.01713393 -0.00989226 0.06636501 -0.01827855 -0.007571241 0.06683499 -0.01829277 -0.007577136 0.0666 -0.01823616 -0.007553664 0.06706584 -0.01816623 -0.007524693 0.06728886 -0.01807002 -0.00748485 0.0675 -0.01794915 -0.007434783 0.06769575 -0.01780578 -0.007375374 0.06787278 -0.01764216 -0.007307631 0.06802803 -0.01746135 -0.007232715 0.0681588 -0.01726623 -0.007151904 0.06826302 -0.01706022 -0.007066584 0.06833871 -0.01684692 -0.006978213 0.06838461 -0.01662984 -0.006888303 0.0684 -0.01641276 -0.006798393 0.06838461 -0.01641276 -0.006798393 0.06481539 -0.01662984 -0.006888303 0.0648 -0.01684692 -0.006978213 0.06481539 -0.01706022 -0.007066584 0.06486129 -0.01726623 -0.007151904 0.06493698 -0.01746135 -0.007232715 0.06504121 -0.01764216 -0.007307631 0.06517197 -0.01780578 -0.007375374 0.06532722 -0.01794915 -0.007434783 0.06550425 -0.01807002 -0.00748485 0.0657 -0.01816623 -0.007524693 0.06591114 -0.01823616 -0.007553664 0.06613416 -0.01827855 -0.007571241 0.06636501 -0.01911042 -0.005120631 0.06683499 -0.01912536 -0.005124618 0.0666 -0.01906605 -0.005108742 0.06706584 -0.01899297 -0.005089158 0.06728886 -0.01889235 -0.005062203 0.0675 -0.01876608 -0.005028346 0.06769575 -0.01861605 -0.004988169 0.06787278 -0.01844514 -0.00494235 0.06802803 -0.01825596 -0.00489168 0.0681588 -0.01805202 -0.004837023 0.06826302 -0.01783665 -0.004779324 0.06833871 -0.01761363 -0.004719555 0.06838461 -0.01738665 -0.004658742 0.0684 -0.01715976 -0.004597938 0.06838461 -0.01715976 -0.004597938 0.06481539 -0.01738665 -0.004658742 0.0648 -0.01761363 -0.004719555 0.06481539 -0.01783665 -0.004779324 0.06486129 -0.01805202 -0.004837023 0.06493698 -0.01825596 -0.00489168 0.06504121 -0.01844514 -0.00494235 0.06517197 -0.01861605 -0.004988169 0.06532722 -0.01876608 -0.005028346 0.06550425 -0.01889235 -0.005062203 0.0657 -0.01899297 -0.005089158 0.06591114 -0.01906605 -0.005108742 0.06613416 -0.01911042 -0.005120631 0.06636501 -0.01961532 -0.002582406 0.06683499 -0.01963062 -0.002584422 0.0666 -0.01956978 -0.002576412 0.06706584 -0.01949472 -0.00256653 0.06728886 -0.01939149 -0.00255294 0.0675 -0.0192618 -0.002535867 0.06769575 -0.0191079 -0.002515608 0.06787278 -0.0189324 -0.002492496 0.06802803 -0.01873827 -0.002466945 0.0681588 -0.01852893 -0.002439378 0.06826302 -0.01830789 -0.002410281 0.06833871 -0.01807893 -0.00238014 0.06838461 -0.01784601 -0.002349468 0.0684 -0.01761309 -0.002318805 0.06838461 -0.01761309 -0.002318805 0.06481539 -0.01784601 -0.002349468 0.0648 -0.01807893 -0.00238014 0.06481539 -0.01830789 -0.002410281 0.06486129 -0.01852893 -0.002439378 0.06493698 -0.01873827 -0.002466945 0.06504121 -0.0189324 -0.002492496 0.06517197 -0.0191079 -0.002515608 0.06532722 -0.0192618 -0.002535867 0.06550425 -0.01939149 -0.00255294 0.0657 -0.01949472 -0.00256653 0.06591114 -0.01956978 -0.002576412 0.06613416 -0.01961532 -0.002582406 0.06636501</float_array>
          <technique_common>
            <accessor count="5680" source="#cubeverts-array0-array" stride="3">
              <param type="float" name="X"/>
              <param type="float" name="Y"/>
              <param type="float" name="Z"/>
            </accessor>
          </technique_common>
        </source>
        <source id="cubenormals-array0">
          <float_array count="34068" id="cubenormals-array0-array">-0.1424404 -0.2888505 -0.9467186 -0.6564351 0.7485135 0.09391826 -0.5489126 0.3667633 -0.751119 0.01745265 0.02612009 0.9995064 -0.1483207 -0.05034687 0.9876569 -0.1288991 -0.1469783 -0.9807051 0.3044471 0.8968577 -0.320871 -0.7120942 0.6245093 -0.320796 0.05869702 0.8953548 -0.4414686 -0.1950731 0.9807888 0 -0.1950731 0.9807888 0 -0.7508963 -0.04921231 -0.6585842 -0.9973711 -0.06538261 0.03124215 0.02898112 -0.4421025 -0.8964962 -0.4622472 -0.6918128 -0.5547276 -0.3901775 -0.07760797 0.9174631 0.1950885 -0.01279136 -0.9807022 0.2998478 0.3418969 0.8906165 -0.7411631 0.4952148 0.4532545 -0.9764504 0.1942381 0.09389418 -0.1086109 0.1625421 -0.9807057 -0.5505467 0.3678685 0.7493805 -0.8115283 0.5422453 0.2176971 -0.7509136 0.04920795 -0.6585644 -0.1885613 -0.2821954 0.9406436 0.06509423 -0.993452 0.09389313 -0.2788352 -0.01827792 0.960165 -0.03641517 -0.05450065 -0.9978495 0.1946841 -0.9786907 -0.06528675 -0.7221178 -0.6332948 0.2783587 -0.05246944 -0.07852576 0.9955303 -0.1753141 0.0864602 -0.9807088 -0.2460926 -0.4990308 -0.8309072 -0.9934365 -0.06511705 0.09404086 -0.6269851 0.2128243 0.7493967 -0.4626396 -0.3091189 -0.8309091 -0.02106637 -0.06206009 -0.9978501 0.01278487 -0.1950678 -0.9807065 -0.6880859 -0.4597468 0.5614006 0.004287994 0.0653987 -0.99785 0.8800073 0.1750535 -0.441524 -0.1441837 -0.1643969 0.9757996 0.03813837 0.1917302 -0.9807064 -0.1950731 -0.9807888 0 -0.1950731 -0.9807888 -0 0.02601517 0.3969694 0.9174631 -0.1483207 0.05034687 0.9876569 -0.716137 -0.4784892 0.5081297 -0.7063484 -0.0463033 0.7063484 -0.7161263 -0.4784863 0.5081477 -0.6942611 -0.138096 0.7063504 -0.05878491 -0.02898952 -0.9978497 -0.9449133 -0.3207439 -0.06528489 -0.3973652 -0.195954 -0.8964947 -0.6435401 -0.7337852 0.217751 -0.3049515 -0.1035207 -0.946725 -0.962015 -0.1913669 -0.1946945 0.4189028 -0.8494458 -0.3208772 -0.5551834 0.0363931 -0.8309314 -0.8160158 -0.1623242 -0.5547692 -0.0207126 0.02361736 0.9995065 0.06004467 0.9161488 0.3963154 -0.5617575 0.03680461 0.8264829 0.1032817 0.1177671 0.9876557 0.004286525 -0.06540698 -0.9978495 0.7875265 -0.5262089 -0.3207898 0.6593416 -0.7518436 0 0.6593416 -0.7518436 0 -0.02897778 -0.4420921 -0.8965014 -0.06206009 -0.02106637 -0.9978501 -0.8593943 0.05634223 0.5081999 0.2623244 -0.2991353 0.9174443 -0.7488437 -0.2541979 0.6120593 -0.9739501 0.06385175 0.217587 -0.3968481 -0.8047389 -0.4414825 0.1623344 -0.8160324 -0.5547421 0.1085431 -0.5456948 -0.8309245 0.8968754 0.4422831 0 0.8968754 0.4422831 0 0.1950678 0.01278488 -0.9807065 -0.1464834 -0.7364289 0.6604658 -0.02612033 0.01745274 0.9995064 -0.1961493 0.09673465 0.9757909 0.03081169 -0.006129079 0.9995064 -0.690246 0.6053399 0.3963887 -0.1483179 -0.05034656 0.9876574 -0.9161488 -0.06004467 0.3963154 -0.5000746 0.0994683 0.8602508 -0.03081169 -0.006129079 0.9995064 -0.4680193 -0.3127138 0.8265398 -0.9856111 0.06458046 0.1562051 -0.9973701 0.0653749 0.03128983 -0.445999 -0.08872401 0.890625 -0.6942353 -0.1380973 0.7063755 0.3091071 0.4626053 -0.8309327 -0.366765 -0.5489141 -0.751117 -0.241895 -0.7126011 -0.6585487 -0.7126011 -0.241895 -0.6585488 -0.8929217 -0.4403177 0.09386729 -0.04920795 -0.7509136 -0.6585644 -0.9957334 -0.06527527 -0.06522337 -0.9464586 -0.321294 0.03140661 -0.4626053 -0.3091071 -0.8309327 -0.1917302 0.03813837 -0.9807064 -0.2921362 -0.3331228 -0.896485 -0.49618 -0.5658057 -0.6585357 -0.8440508 0.4162421 0.3381135 -0.3213626 0.02106626 -0.9467219 -0.8953548 0.05869702 -0.4414686 -0.945102 -0.06195831 -0.3208479 -0.9957395 -0.06526013 -0.06514617 -0.9787414 -0.06414609 -0.1948092 -0.3213789 0.02106339 -0.9467164 -0.0653987 -0.004287994 -0.99785 -0.5920854 0.2919816 -0.7511203 -0.250602 0.1235766 0.9601704 -0.3200281 0.9427464 0.09386839 0.3175085 0.9353239 0.1560694 -0.6255637 0.5485955 -0.5547188 -0.0864602 -0.1753141 -0.9807088 0.526177 -0.7875123 -0.320877 0.6745845 0.5916031 -0.4415217 0.7502323 0.6579454 -0.06526423 0.7075306 0.6205047 0.3381927 0.8797154 0.4338302 -0.1946592 0.004287994 -0.0653987 -0.99785 0.01279136 -0.1950885 -0.9807022 0.1625422 0.1086109 -0.9807057 -0.04322148 0.04928365 -0.9978492 -0.4171532 -0.6243207 0.6604595 -0.05869702 -0.8953548 -0.4414687 -0.7426207 -0.651289 0.1560039 -0.8115094 -0.5422461 0.2177648 -0.6332948 -0.7221178 0.2783587 -0.8233719 -0.4060443 0.3964677 -0.9464599 -0.3212833 0.03147294 -0.9584309 -0.0628024 0.2783272 -0.8440633 -0.2865265 0.4532767 -0.9807888 -0.1950731 0 -0.9807888 -0.1950731 0 -0.8894514 -0.05830413 0.4532954 -0.9230053 -0.1835845 0.3381684 -0.7518436 -0.6593416 0 -0.7518436 -0.6593416 0 0.8155655 -0.5449439 -0.1946512 0.3683938 -0.2461542 -0.89649 0.7502438 -0.6579386 -0.06520139 0.8753747 -0.4316799 0.2176502 0.8296921 -0.5543999 -0.06520548 0.05246641 -0.07852291 0.9955308 0.9449133 -0.3207439 -0.06528494 0.8296996 -0.5543731 -0.06533754 0.5214365 -0.5945839 0.6120244 0.6124635 -0.04012671 0.7894798 0.09946829 0.5000746 0.8602508 -0.2413548 0.711009 0.660465 0.21823 -0.01430519 0.9757925 -0.1818519 0.1214998 0.9757907 0.5214365 0.5945839 0.6120245 0.04013972 0.6125064 0.7894457 0.2011411 -0.4078785 0.890605 0.01024304 0.1563043 0.9876559 0.02071305 0.02361768 0.9995064 0.02817431 -0.01389424 0.9995065 -0.0545147 -0.2740849 0.9601591 -0.4538198 0.02974084 0.890597 -0.1278838 0.3767364 0.9174505 -0.2623244 0.2991352 0.9174443 -0.8593943 -0.05634223 0.5081999 -0.7891412 0.05171819 0.6120306 -0.1404802 0.06927774 0.9876568 -0.03134675 0.002054843 0.9995065 -0.3386883 -0.0221993 0.9406368 -0.5520675 0.1098169 0.8265359 -0.749292 0.04910659 0.6604165 -0.5937681 -0.2928311 0.7494593 -0.5103329 -0.3409981 0.7894813 -0.5520396 -0.1098045 0.8265563 -0.4950869 -0.5645213 0.660458 -0.2991793 -0.262384 0.9174129 -0.09423559 -0.006175733 0.9955308 -0.1759675 -0.3568392 0.9174427 -0.1625421 -0.1086109 -0.9807057 -0.1086002 -0.1625323 -0.9807086 0.1789318 -0.2677813 -0.9467188 -0.06527527 -0.9957334 -0.06522337 -0.2674296 -0.7878539 -0.554768 -0.4422831 -0.8968754 0 -0.4422831 -0.8968754 -0 -0.651262 -0.7426193 0.156123 -0.2121895 -0.6250871 -0.7511603 -0.7121396 -0.6245165 -0.3206812 -0.05868945 -0.8953409 -0.4414979 -0.1847727 -0.9289337 -0.3208446 -0.49617 0.5657829 -0.6585628 -0.5268679 0.1788484 -0.8309172 0.04928116 0.0432179 -0.9978495 -0.3213789 -0.02106339 -0.9467164 -0.2677691 -0.1789186 -0.9467248 -0.04322148 -0.04928366 -0.9978492 -0.6257128 -0.4180792 -0.6585541 -0.5489126 -0.3667633 -0.7511189 -0.4183365 -0.3668805 -0.8308991 -0.2888474 -0.1424378 -0.9467199 -0.1950678 -0.01278487 -0.9807065 -0.5456948 0.1085431 -0.8309245 -0.6250919 -0.2121897 -0.7511562 -0.7380489 0.1468015 -0.6585843 -0.9957334 0.06527526 -0.06522337 -0.9957395 0.06526014 -0.06514616 -0.9289497 -0.1847666 -0.3208016 -0.946929 -0.3214425 0 -0.946929 -0.3214425 0 -0.9786907 -0.1946841 -0.06528675 -0.9787051 -0.1946587 -0.0651483 -0.4421025 -0.02898112 -0.8964962 -0.830198 -0.05441935 -0.5548061 -0.06283919 -0.1851251 -0.9807038 0.1086002 -0.1625323 -0.9807086 -0.9572533 0.1904209 0.2177292 -0.1842712 0.2101041 0.9601565 0.1950731 0.9807888 -0 0.1950731 0.9807888 0 0.4189028 0.8494458 -0.3208772 0.05868945 0.8953409 -0.4414979 -0.418067 0.6256706 -0.6586017 -0.1913397 0.9619974 -0.1948082 -0.0432179 -0.04928116 -0.9978495 -0.02106657 -0.06206239 -0.9978499 0.4195449 0.1424212 -0.8964922 0.06540697 0.004286524 -0.9978495 0.3968481 0.8047389 -0.4414826 0.526177 0.7875123 -0.320877 0.05440636 0.8302413 -0.5547426 0.4046952 0.4614654 0.7894754 0.7161263 -0.4784863 0.5081477 0.7514716 0.6590154 0.03144889 0.06538261 0.9973711 0.03124214 0.01430005 -0.2182124 0.9757965 -0.8116791 -0.1614454 0.5613488 -0.7724693 -0.3809566 0.5080977 -0.6702216 -0.5877787 0.4531217 -0.4614722 -0.4046988 0.7894696 -0.7633261 -0.510042 0.3964727 -0.8949591 -0.4413381 -0.06533631 -0.7485168 -0.6564339 0.0938992 -0.9978582 -0.06541456 0 -0.9978582 -0.06541456 0 -0.7426193 0.651262 0.156123 -0.6702877 0.2275266 0.7063611 -0.8796942 -0.4338378 -0.1947381 -0.8964374 -0.4420511 0.03147675 -0.9427416 -0.3200323 0.09390204 -0.8593696 0.05633225 0.5082427 -0.749292 -0.04910658 0.6604165 -0.9004326 -0.1791117 0.396409 -0.06414609 -0.9787414 -0.1948092 0.1291787 -0.6494005 0.7493943 -0.8296921 -0.5543999 -0.06520548 -0.8310518 -0.5553085 0.03139163 -0.8314616 -0.5555823 0 -0.8314616 -0.5555823 0 -0.827786 -0.5531377 0.09385681 0.3158793 -0.06283372 -0.9467165 0.7126011 0.241895 -0.6585487 0.6564351 0.7485135 0.09391826 0.690246 0.6053398 0.3963888 0.8155887 0.2768449 0.5081064 0.8858797 -0.4368506 0.1561372 0.8310518 -0.5553085 0.03139163 -0.0587849 0.02898952 -0.9978497 0.05877901 -0.02898822 -0.9978501 -0.03035708 -0.08943243 0.9955302 0.3678304 -0.5505115 0.7494251 0.173894 -0.8742337 0.4532951 0.7221178 -0.6332948 0.2783587 0.8440508 -0.4162421 0.3381135 0.9802997 -0.1950025 0.03140827 -0.06526014 0.9957395 -0.06514616 -0.4189026 0.8494486 -0.3208702 0.02974084 0.4538198 0.890597 0.1949778 0.9803098 0.03124491 -0.1098045 0.5520396 0.8265563 0.04329473 0.66065 0.7494446 0.5505466 0.3678685 0.7493805 0.4403177 0.8929217 0.0938673 -0.05246641 -0.07852291 0.9955308 -0.08470401 -0.04177211 0.9955302 0.006175733 -0.09423559 0.9955308 0.1885501 -0.2821846 0.940649 0.6243208 -0.4171532 0.6604595 -0.03081067 0.006128613 0.9995065 -0.01009749 -0.02974722 0.9995064 -0.02612009 0.01745265 0.9995064 -0.1302411 0.08702464 0.9876558 -0.05451477 0.2740814 0.9601601 -0.9094829 0.3087248 0.2784419 -0.4827904 0.1638817 0.8602651 -0.2144962 0.04266268 0.9757926 -0.2506425 0.123609 0.9601558 -0.08470085 0.04176953 0.9955305 -0.02071305 0.02361768 0.9995064 -0.8968754 0.4422831 0 -0.8968754 0.4422831 0 -0.8894771 0.05829659 0.4532461 -0.8116791 0.1614454 0.5613488 -0.7890576 -0.05173586 0.6121368 -0.2646228 0.08982845 0.9601591 -0.1563026 0.0102433 0.9876561 -0.1302411 -0.08702464 0.9876558 -0.221046 -0.330811 0.9174436 -0.6494005 0.1291787 0.7493943 -0.1536283 0.03056051 0.9876561 -0.4538198 -0.02974084 0.890597 -0.6125064 0.04013972 0.7894457 -0.3043709 -0.1500939 0.9406542 -0.3901775 0.07760797 0.9174631 -0.1536282 -0.03056051 0.9876561 -0.1563026 -0.0102433 0.9876561 -0.7985873 -0.5336117 0.2784187 -0.7986022 -0.5336125 0.278374 -0.5000765 -0.09946825 0.8602498 -0.6269069 -0.2128171 0.7494643 -0.3711457 -0.4232084 0.8265261 -0.2998335 -0.3418709 0.8906312 -0.5000746 -0.09946829 0.8602508 -0.5322005 -0.4667259 0.7063496 -0.417161 -0.6243433 0.6604333 -0.09672499 -0.1961373 0.9757942 -0.2413548 -0.711009 0.660465 -0.1177671 -0.1032817 0.9876557 -0.1424196 -0.4195423 -0.8964937 -0.1086109 -0.1625422 -0.9807057 -0.03641415 -0.05449785 -0.9978498 0.06540698 -0.004286525 -0.9978495 -0.02898952 -0.0587849 -0.9978497 -0.02898822 -0.05877901 -0.9978501 -0.1753456 0.08646722 -0.9807025 -0.05877902 0.02898822 -0.9978501 0.04317307 -0.6587479 -0.7511241 -0.5543731 -0.8296996 -0.06533754 -0.05449785 -0.03641415 -0.9978498 -0.01278548 -0.06428114 -0.9978499 -0.1789186 -0.2677691 -0.9467248 -0.1287967 -0.6474749 -0.7511242 0.02106626 -0.3213626 -0.9467219 -0.06206009 0.02106637 -0.9978501 0.06417558 -0.9787664 -0.1946735 0.651262 -0.7426193 0.156123 -0.6702757 0.2275188 0.7063749 -0.7985873 0.5336117 0.2784187 -0.7502438 0.6579385 -0.06520139 -0.9802997 0.1950025 0.03140827 -0.9787051 0.1946587 -0.06514827 0.02898952 0.0587849 -0.9978497 -0.1753456 -0.08646722 -0.9807025 -0.3683937 -0.2461542 -0.89649 -0.05877901 -0.02898822 -0.9978501 -0.1753141 -0.0864602 -0.9807088 -0.2123127 -0.2421014 -0.9467366 -0.1288977 -0.1469757 -0.9807056 -0.4195424 -0.1424196 -0.8964937 -0.8968577 -0.3044472 -0.320871 -0.5657829 -0.49617 -0.6585628 -0.4990205 -0.2460836 -0.830916 -0.6745845 -0.5916031 -0.4415219 -0.804726 -0.3968477 -0.4415063 -0.4183116 -0.3668436 -0.8309278 -0.3331229 -0.2921363 -0.896485 -0.4352696 -0.4963482 -0.7511184 -0.7120942 -0.6245092 -0.3207961 -0.1917441 -0.03813779 -0.9807037 -0.1288991 0.1469783 -0.9807051 -0.1950885 -0.01279136 -0.9807022 -0.6587478 0.04317307 -0.7511241 -0.8302413 0.05440636 -0.5547426 -0.8953409 0.05868945 -0.4414979 -0.3973652 0.195954 -0.8964947 -0.9619974 -0.1913397 -0.1948082 -0.9451171 0.06196926 -0.3208013 -0.03813779 0.1917441 -0.9807037 0.0127885 -0.0642876 -0.9978495 -0.8155624 0.5449271 -0.1947114 0.08646722 -0.1753456 -0.9807025 -0.1278863 0.3767588 0.917441 -0.006129078 0.03081169 0.9995064 -0.5336126 0.7986023 0.278374 -0.2489599 0.504827 0.8265402 -0.4680413 0.312737 0.8265185 -0.1680095 0.8446943 0.5081971 0.06541456 0.9978582 -0 0.06541456 0.9978582 0 -0.1942381 0.9764504 0.09389412 0.04928116 -0.0432179 -0.9978495 -0.1287791 0.6474406 -0.7511567 0.06283373 0.3158793 -0.9467165 -0.04920795 0.7509136 -0.6585644 -0.1847666 0.9289497 -0.3208016 -0.3968481 0.8047389 -0.4414826 -0.06541456 0.9978582 0 -0.06541456 0.9978582 0 0.1946587 0.9787051 -0.0651483 -0.01278548 0.06428114 -0.9978499 0.1469783 0.1288991 -0.9807051 0.1424196 0.4195424 -0.8964937 -0.1424196 0.4195424 -0.8964937 0.5658057 0.49618 -0.6585357 0.8155654 0.544944 -0.1946512 0.1950025 0.9802997 0.03140827 0.3212833 0.9464599 0.03147294 0.3152846 0.9288014 -0.1947399 0.9584309 0.0628024 0.2783272 0.8894771 -0.05829659 0.4532461 0.06509423 0.993452 0.09389312 0.8314616 0.5555823 0 0.8314616 0.5555823 0 -0.548768 -0.8212903 0.156 -0.2928522 -0.5938615 0.7493771 -0.6734561 -0.3321177 0.6604201 -0.4977756 -0.4365361 0.749437 -0.05451477 -0.2740814 0.9601601 -0.545678 -0.6221959 0.5613446 -0.6053399 -0.690246 0.3963888 -0.6902515 -0.6053509 0.3963626 -0.7221156 -0.6332879 0.2783802 -0.7337852 -0.6435401 0.217751 -0.7426193 -0.651262 0.156123 -0.6590247 -0.7514663 0.03138335 -0.7514716 -0.6590154 0.03144889 -0.6590154 -0.7514716 0.03144889 -0.8212572 -0.548775 0.1561488 -0.9004751 -0.1791032 0.3963162 -0.8894514 0.05830413 0.4532954 -0.9572889 0.190404 0.2175873 -0.9390801 0.06155893 0.3381404 -0.9739087 -0.06381661 0.2177827 -0.993452 0.06509423 0.09389312 -0.9572889 -0.190404 0.2175873 -0.9856434 -0.06461836 0.1559858 -0.6475591 -0.5678725 0.5081221 -0.6881366 -0.4598086 0.5612878 -0.6579386 -0.7502438 -0.06520139 -0.6593416 -0.7518436 0 -0.6593416 -0.7518436 -0 -0.3044471 -0.8968577 -0.3208709 -0.7514663 -0.6590247 0.03138335 -0.7485135 -0.6564351 0.09391826 0.3213789 0.02106339 -0.9467164 -0.02898822 0.05877902 -0.9978501 0.3667651 0.5489141 -0.751117 0.3213626 0.02106626 -0.9467219 0.9288128 -0.3152787 -0.1946946 0.7381037 -0.1468319 -0.6585159 0.874249 0.1739034 0.4532618 0.5551931 0.0363912 -0.830925 0.8314616 -0.5555823 0 0.8314616 -0.5555823 0 0.8968754 -0.4422831 0 0.8968754 -0.4422831 0 0.7374406 -0.6467381 -0.1947077 0.7518436 -0.6593416 0 0.7518436 -0.6593416 0 0.1424212 -0.4195448 -0.8964922 0.1469757 -0.1288977 -0.9807056 0.8494458 -0.4189028 -0.3208772 0.1789186 -0.2677691 -0.9467248 -0.06284349 -0.1851319 -0.9807023 -0.1035206 -0.3049514 -0.946725 0.7756377 -0.1542824 0.6120319 0.3568227 0.1759635 0.91745 0.4393393 -0.657503 0.6121036 0.6590154 -0.7514716 0.03144889 0.5504806 -0.2714597 0.7894813 0.383295 -0.3361639 0.8602783 0.545678 -0.6221959 0.5613446 0.6881366 -0.4598086 0.5612878 0.4162313 -0.8440424 0.338148 -0.3214425 0.946929 0 -0.3214425 0.946929 0 -0.0653749 0.9973701 0.03128984 -0.1614454 0.8116791 0.5613487 0.054147 0.8258315 0.5613114 0.3130445 0.6347926 0.7064287 0.2128171 0.6269069 0.7494642 0.2011422 0.4078799 0.8906041 0.146165 0.4306086 0.8906246 0.05034687 0.1483207 0.9876569 0.1638955 0.4828132 0.8602498 0.6474496 0.567826 0.5083135 0.1563043 -0.01024304 0.9876559 0.445999 0.08872401 0.890625 0.9973701 0.0653749 0.03128984 0.7518436 0.6593416 0 0.7518436 0.6593416 0 0.6435401 0.7337852 0.217751 0.417161 -0.6243433 0.6604333 0.119744 -0.6019724 0.7894875 0.7110294 -0.2413562 0.6604425 0.7075306 -0.6205047 0.3381926 0.01745274 -0.02612033 0.9995064 0.02071305 -0.02361768 0.9995064 0.02220379 -0.3386584 0.9406474 0.08702388 -0.1302403 0.987656 0.3328712 -0.0662095 0.940645 0.1177671 0.1032817 0.9876557 0.006129078 0.03081169 0.9995064 -0.01009749 0.02974722 0.9995064 0.01430519 0.21823 0.9757925 -0.02220379 0.3386584 0.9406474 -0.4046988 0.4614722 0.7894696 -0.5811937 0.1972948 0.7894863 -0.8115094 0.5422462 0.2177648 -0.5103329 0.3409981 0.7894813 -0.1961373 0.09672499 0.9757942 -0.2646333 0.08983475 0.9601557 -0.09262291 0.01842502 0.9955308 -0.2182124 0.01430005 0.9757965 -0.1404845 0.06927877 0.9876561 -0.221046 0.330811 0.9174436 0.2323693 -0.1552517 0.960157 -0.07852291 0.05246641 0.9955308 -0.8258148 0.05414075 0.5613365 -0.9419879 0.1873784 0.2784744 -0.7063484 0.0463033 0.7063484 -0.8258315 -0.054147 0.5613114 -0.7364298 0.1464838 0.6604648 -0.7063471 0.0463029 0.7063496 -0.01389431 -0.02817439 0.9995065 -0.03134815 0.002054608 0.9995064 -0.08943243 0.03035708 0.9955302 -0.02974705 0.01009738 0.9995065 -0.03134675 -0.002054843 0.9995065 -0.09424244 -0.006177783 0.9955301 -0.1563043 0.01024304 0.9876559 -0.2070785 0.07029287 0.9757959 -0.21823 0.01430519 0.9757925 -0.3386883 0.0221993 0.9406368 -0.5520396 0.1098045 0.8265563 -0.6493477 0.1291543 0.7494444 -0.5811936 -0.1972948 0.7894863 -0.4538119 -0.02974203 0.890601 -0.5087279 0.03334113 0.8602815 -0.6019724 -0.119744 0.7894875 -0.7756191 -0.154273 0.6120578 -0.8155322 -0.2768445 0.5081972 -0.8440704 -0.2865322 0.4532599 -0.874249 -0.1739034 0.4532618 -0.6348453 -0.3130893 0.7063615 -0.6493477 -0.1291543 0.7494444 -0.4572693 -0.2254981 0.8602648 -0.5505467 -0.3678685 0.7493805 -0.4239582 -0.2832737 0.8602415 -0.2323693 -0.1552517 0.960157 -0.4667259 -0.5322005 0.7063496 -0.4614654 -0.4046952 0.7894754 -0.2998478 -0.3418969 0.8906165 -0.3418969 -0.2998478 0.8906165 -0.510342 -0.3410015 0.7894738 -0.5048269 -0.2489598 0.8265402 -0.308734 -0.9094909 0.2784054 -0.262384 -0.2991793 0.9174129 -0.312737 -0.4680413 0.8265185 -0.4046952 -0.4614654 0.7894754 -0.1818166 -0.1214861 0.975799 -0.0622694 -0.07100692 0.9955303 0.01389431 0.02817439 0.9995065 -0.1644206 -0.1441968 0.9757936 0.05246944 0.07852576 0.9955303 -0.002054608 0.03134815 0.9995064 0.05450065 0.03641517 -0.9978495 -0.1469757 -0.1288977 -0.9807056 0.0127885 0.0642876 -0.9978495 0.4338378 -0.8796942 -0.194738 0.06527527 -0.9957334 -0.06522337 -0.3152846 -0.9288014 -0.1947398 -0.1750466 -0.880036 -0.4414696 -0.1623242 -0.816016 -0.5547693 -0.1623344 -0.8160324 -0.5547421 -0.004286524 -0.06540697 -0.9978495 -0.0127885 -0.0642876 -0.9978495 -0.04317307 -0.6587478 -0.7511241 -0.1468015 -0.7380488 -0.6585843 -0.1789318 -0.2677813 -0.9467188 -0.1035221 -0.3049678 -0.9467195 0.03639119 -0.5551931 -0.8309249 -0.0363912 -0.5551931 -0.830925 0.08643024 -0.4345477 -0.8964921 0.06282277 -0.3158558 -0.9467251 0.1946587 -0.9787051 -0.06514827 0.1847666 -0.9289497 -0.3208016 0.6745693 -0.5915688 -0.4415909 0.441364 -0.8949554 -0.06521202 0.5678725 -0.6475592 0.5081221 0.1949778 -0.9803098 0.03124491 -0.874249 0.1739034 0.4532618 -0.5322005 0.4667259 0.7063496 -0.5531377 0.827786 0.0938568 -0.5456781 0.622196 0.5613445 -0.9978582 0.06541456 0 -0.9978582 0.06541456 0 -0.9973711 0.06538261 0.03124214 -0.3668805 0.4183365 -0.8308991 -0.945102 0.06195831 -0.3208479 -0.9289497 0.1847666 -0.3208016 0.1789319 0.2677813 -0.9467188 -0.7875265 -0.5262089 -0.3207898 -0.6918128 -0.4622472 -0.5547275 -0.4990307 -0.2460926 -0.8309072 -0.4345283 -0.08643121 -0.8965015 -0.3158558 -0.06282277 -0.9467251 -0.1851251 -0.0628392 -0.9807038 -0.33312 -0.2921321 -0.8964875 -0.1625323 -0.1086002 -0.9807086 -0.05450065 -0.03641517 -0.9978495 -0.04928116 -0.0432179 -0.9978495 -0.246159 -0.3683982 -0.8964868 -0.2123394 -0.2421201 -0.9467258 -0.9289337 -0.1847727 -0.3208446 -0.8968679 -0.3044447 -0.3208447 -0.6587479 -0.04317307 -0.7511241 -0.6250872 -0.2121895 -0.7511602 -0.6748929 -0.3328162 -0.6585992 -0.8494458 -0.4189028 -0.3208772 -0.6474748 -0.1287967 -0.7511242 -0.5920853 -0.2919816 -0.7511203 -0.8155624 -0.5449271 -0.1947114 -0.8968754 -0.4422831 0 -0.8968754 -0.4422831 0 -0.4962811 -0.4352379 -0.751181 -0.3668437 -0.4183117 -0.8309278 -0.06428114 -0.01278548 -0.9978499 -0.06206239 -0.02106657 -0.9978499 -0.0642876 -0.0127885 -0.9978495 -0.06540697 -0.004286524 -0.9978495 -0.06206238 0.02106657 -0.9978499 -0.4195424 0.1424196 -0.8964937 -0.0653987 0.004287994 -0.99785 -0.3213626 -0.02106626 -0.9467219 -0.6474748 0.1287967 -0.7511243 -0.1950885 0.01279136 -0.9807022 -0.7502323 0.6579454 -0.06526432 -0.9786909 0.1946841 -0.06528676 -0.4420921 0.02897777 -0.8965014 -0.9288014 0.3152846 -0.1947399 -0.4421025 0.02898112 -0.8964962 -0.54572 0.1085555 -0.8309064 -0.830198 0.05441934 -0.5548061 -0.8953409 -0.05868945 -0.4414979 -0.9787664 -0.06417558 -0.1946735 -0.9451171 -0.06196927 -0.3208013 -0.5489141 0.3667651 -0.751117 0.1753141 0.0864602 -0.9807088 -0.4195449 0.1424212 -0.8964922 -0.33312 0.2921321 -0.8964875 -0.06283919 0.1851251 -0.9807038 0.02106657 -0.06206239 -0.9978499 -0.01430519 0.21823 0.9757925 -0.04176953 0.08470085 0.9955305 -0.4784863 0.7161263 0.5081477 -0.1973036 0.5812078 0.7894738 -0.2237743 0.2551756 0.9406437 -0.07852576 0.05246944 0.9955303 -0.4950513 0.5644974 0.6605051 -0.08983475 0.2646333 0.9601557 -0.138096 0.6942611 0.7063504 -0.2275266 0.6702877 0.7063611 -0.1873784 0.9419879 0.2784745 -0.2951107 0.8693512 0.3964064 -0.3175126 0.9353158 0.1561092 -0.3200323 0.9427416 0.09390204 -0.3175085 0.9353239 0.1560694 0.05171819 0.7891411 0.6120306 0.1835845 0.9230053 0.3381684 0.2418955 0.7126299 -0.6585175 -0.1623344 0.8160324 -0.554742 0.08643121 0.4345283 -0.8965015 0.02106339 0.3213789 -0.9467164 -0.1788484 0.5268679 -0.8309172 -0.04921231 0.7508963 -0.6585842 -0.1946841 0.9786909 -0.06528676 -0.526177 0.7875123 -0.3208771 -0.02106657 0.06206238 -0.9978499 -0.1623242 0.8160158 -0.5547692 0.1750466 0.880036 -0.4414696 -0.2121897 0.6250919 -0.7511562 0.49618 0.5658057 -0.6585357 0.2919816 0.5920854 -0.7511203 -0.04928365 0.04322148 -0.9978492 0.1917441 -0.03813779 -0.9807037 0.6245165 0.7121397 -0.3206812 0.1287791 0.6474406 -0.7511567 0.4984926 0.7460586 -0.4414767 0.4189026 0.8494486 -0.3208702 0.04928366 0.04322148 -0.9978492 0.1288991 0.1469783 -0.9807051 -0.06381661 0.9739087 0.2177827 0.1873784 0.9419879 0.2784745 0.3152787 0.9288128 -0.1946945 0.3044447 0.8968679 -0.3208447 0.3207439 0.9449133 -0.06528489 0.1946841 0.9786909 -0.06528676 0.8953548 0.05869702 -0.4414687 0.7221156 0.633288 0.2783802 0.3328651 -0.06620684 0.9406474 0.8968577 0.3044471 -0.3208709 0.6245092 0.7120942 -0.3207961 -0.0653749 -0.9973701 0.03128984 -0.4420652 -0.8964336 0.03138695 -0.4247957 -0.8614147 0.2784125 -0.1950025 -0.9802997 0.03140827 -0.4784892 -0.716137 0.5081297 -0.3809367 -0.772449 0.5081435 -0.657503 -0.4393393 0.6121036 -0.7092204 -0.349755 0.6121094 -0.6734388 -0.3321027 0.6604453 -0.6347925 -0.3130445 0.7064287 -0.1291787 -0.6494005 0.7493943 -0.3678685 -0.5505467 0.7493805 -0.690246 -0.6053399 0.3963888 -0.6701876 -0.5877163 0.4532529 -0.7075306 -0.6205047 0.3381927 -0.6053509 -0.6902515 0.3963626 -0.7075434 -0.6205083 0.3381594 -0.8693499 -0.2951109 0.3964094 -0.7338017 -0.6435415 0.2176912 -0.6435415 -0.7338017 0.2176912 -0.8614101 -0.424796 0.2784261 -0.8212903 -0.548768 0.156 -0.9449132 -0.3207582 -0.06521724 -0.8949554 -0.441364 -0.065212 -0.9230377 -0.1836089 0.3380667 -0.8115283 -0.5422452 0.2176971 -0.8894771 -0.05829659 0.4532461 -0.8742337 -0.173894 0.4532951 -0.8440633 0.2865265 0.4532767 -0.91611 -0.0600579 0.3964032 -0.9390699 0.06156309 0.3381682 -0.9856111 -0.06458046 0.1562051 -0.9934365 0.06511705 0.09404087 -0.9427464 -0.3200281 0.09386841 -0.9687484 -0.1926833 0.1562043 -0.772449 -0.3809367 0.5081435 -0.7411631 -0.4952148 0.4532544 -0.8296996 -0.5543731 -0.06533754 -0.7374406 -0.6467382 -0.1947078 -0.5449271 -0.8155624 -0.1947114 -0.4189028 -0.8494458 -0.3208772 0.1424404 0.2888505 -0.9467186 0.3158793 0.06283372 -0.9467165 0.2888505 0.1424404 -0.9467186 0.4626397 0.3091189 -0.8309091 0.2677691 -0.1789186 -0.9467248 0.1086109 -0.1625421 -0.9807057 0.8949591 0.4413381 -0.06533626 0.8796943 0.4338377 -0.194738 0.9449132 0.3207582 -0.06521731 0.5457201 0.1085555 -0.8309063 0.5657829 0.49617 -0.6585628 0.6250871 0.2121895 -0.7511603 0.8968679 -0.3044447 -0.3208447 0.8964336 -0.4420652 0.03138677 0.8964336 0.4420652 0.03138695 0.9288014 0.3152846 -0.1947398 0.8929217 -0.4403177 0.09386721 0.8949591 -0.4413381 -0.06533631 0.9419879 -0.1873784 0.2784744 0.993452 -0.06509423 0.0938931 0.6579386 -0.7502438 -0.06520139 0.3942518 -0.7994365 0.4532846 0.5268816 -0.1788574 -0.8309066 0.1469783 -0.1288991 -0.9807051 0.4963482 -0.4352696 -0.7511184 0.5268679 -0.1788484 -0.8309172 0.3968477 -0.804726 -0.4415064 0.6467267 -0.73744 -0.1947479 0.4626053 -0.3091071 -0.8309327 0.1847727 -0.9289337 -0.3208446 -0.05450065 0.03641517 -0.9978495 0.01009738 -0.02974704 0.9995065 0.2821846 -0.1885501 0.9406491 0.7221156 -0.6332879 0.2783802 0.5531266 -0.8277866 0.09391627 -0.2413562 -0.7110295 0.6604425 0.6701876 -0.5877163 0.4532529 0.3207439 -0.9449133 -0.06528494 0.5553084 -0.8310518 0.03139121 0.2660081 -0.7836631 0.5613483 0.6205047 -0.7075306 0.3381927 0.8911569 -0.3025135 0.3381196 0.9764504 -0.1942381 0.09389412 0.7985873 -0.5336117 0.2784187 0.6435415 -0.7338017 0.2176912 0.8212903 -0.548768 0.1560003 0.7485168 -0.6564339 0.09389927 -0.3968477 0.804726 -0.4415064 0.06414609 0.9787414 -0.1948092 -0.441364 0.8949554 -0.06521202 -0.3207582 0.9449132 -0.06521724 -0.03680461 0.5617575 0.8264829 0.1098045 0.5520396 0.8265563 0.6902515 0.6053509 0.3963626 0.827786 0.5531377 0.0938568 0.05173586 0.7890576 0.6121368 0.1614454 0.8116791 0.5613488 0.1791117 0.9004326 0.396409 0.1739034 0.874249 0.4532618 0.1291787 0.6494005 0.7493943 0.03682208 0.5616474 0.8265569 0.03335596 0.5087787 0.8602509 -0.09946829 0.5000746 0.8602508 0.5505115 0.3678304 0.7494251 0.3418709 0.2998335 0.8906313 0.01842486 0.0926282 0.9955303 0.1885501 0.2821846 0.9406491 0.423218 0.3711509 0.8265189 0.7075434 0.6205083 0.3381594 0.1885613 0.2821954 0.9406436 0.250602 0.1235766 0.9601704 0.7824886 0.522846 0.3381475 0.749248 0.04911517 0.6604658 0.1680095 0.8446943 0.508197 0.2951107 0.8693512 0.3964065 0.1552517 -0.2323693 0.960157 0.5812078 -0.1973036 0.7894738 0.3418709 -0.2998335 0.8906312 0.3902252 -0.07762875 0.917441 0.04012671 -0.6124635 0.7894798 0.1759675 -0.3568392 0.9174427 0.1500939 -0.3043709 0.9406542 -0.03035691 -0.08943079 0.9955302 0.01842502 -0.09262291 0.9955308 0.03035691 -0.08943079 0.9955304 0.1090852 0.321357 0.9406541 0.08702388 0.1302403 0.987656 0.05246642 0.07852291 0.9955308 -0.02817431 0.01389424 0.9995065 -0.01389424 0.02817431 0.9995065 -0.02974722 0.01009749 0.9995065 0.05451469 0.2740849 0.9601592 -0.01024304 0.1563043 0.9876559 0.002054608 -0.03134815 0.9995064 0.02974204 0.4538119 0.890601 0.0221993 0.3386883 0.9406368 -0.3568392 0.1759675 0.9174427 -0.4460543 0.08872292 0.8905975 -0.8742337 0.173894 0.4532951 -0.844667 0.1680129 0.5082415 -0.6880859 0.4597468 0.5614006 -0.4306434 0.146186 0.8906043 -0.445999 0.08872401 0.890625 -0.3767364 0.1278838 0.9174505 -0.3328651 0.06620684 0.9406473 -0.2788514 -0.01828261 0.9601602 -0.3328712 -0.0662095 0.940645 -0.2740814 0.05451477 0.9601601 0.07852577 -0.05246945 0.9955303 -0.01745275 0.02612034 0.9995064 -0.844667 -0.1680129 0.5082415 -0.8593696 -0.05633225 0.5082427 -0.7891412 -0.05171819 0.6120306 -0.7756377 -0.1542824 0.6120319 -0.7890576 0.05173586 0.6121368 -0.8258315 0.054147 0.5613114 -0.749248 0.04911517 0.6604658 -0.7756377 0.1542824 0.6120319 -0.6124635 0.04012671 0.7894797 -0.6020265 0.1197422 0.7894465 -0.0926282 0.01842486 0.9955303 -0.08943079 0.03035691 0.9955304 -0.03081169 0.006129079 0.9995064 -0.02817439 0.01389431 0.9995065 -0.08470401 0.04177211 0.9955302 -0.09424244 0.006177783 0.9955301 -0.0942356 0.006175735 0.9955308 -0.03081067 -0.006128613 0.9995065 0.02361768 0.02071305 0.9995064 -0.1563043 -0.01024304 0.9876559 -0.2182124 -0.01430005 0.9757965 -0.321357 -0.1090852 0.9406541 -0.1961373 -0.09672499 0.9757942 -0.6019724 0.119744 0.7894875 -0.6348453 0.3130893 0.7063615 -0.6606499 0.04329473 0.7494446 -0.6605958 0.04330407 0.7494919 -0.5616474 0.03682208 0.8265569 -0.5087787 0.03335596 0.8602509 -0.5330482 -0.1809511 0.8265085 -0.5087279 -0.03334113 0.8602815 -0.453812 0.02974204 0.890601 -0.5087787 -0.03335596 0.8602509 -0.7364298 -0.1464838 0.6604647 -0.749248 -0.04911517 0.6604658 -0.7488598 -0.254209 0.612035 -0.7836631 -0.2660081 0.5613482 -0.5504869 -0.2714648 0.7894752 -0.5812078 -0.1973035 0.7894738 -0.7364289 -0.1464834 0.6604658 -0.711009 -0.2413548 0.660465 -0.3767364 -0.1278838 0.9174505 -0.4306086 -0.146165 0.8906245 -0.5048727 -0.2489708 0.8265089 -0.4572959 -0.2255195 0.8602449 -0.3213781 -0.1090979 0.9406454 -0.2646333 -0.08983473 0.9601557 -0.5946003 -0.5214617 0.6119872 -0.5214617 -0.5946003 0.6119872 -0.532158 -0.466704 0.706396 -0.5885242 -0.3932351 0.7064031 -0.383295 -0.3361639 0.8602783 -0.4232084 -0.3711457 0.8265261 -0.3410015 -0.510342 0.7894738 -0.2526636 -0.3781291 0.8906063 -0.3361639 -0.383295 0.8602783 -0.3361998 -0.3833605 0.8602351 -0.3321177 -0.6734561 0.6604201 -0.2660064 -0.7836132 0.5614188 -0.1842711 -0.2101041 0.9601565 -0.08702388 -0.1302403 0.987656 -0.1302403 -0.08702388 0.987656 -0.1441968 -0.1644206 0.9757936 0.01389424 -0.02817431 0.9995065 -0.04176953 -0.08470085 0.9955305 -0.004287994 -0.0653987 -0.99785 -0.01279136 -0.1950885 -0.9807022 -0.06526014 -0.9957395 -0.06514615 -0.1946587 -0.9787051 -0.06514827 0.2460836 -0.4990205 -0.8309159 0.3152846 -0.9288014 -0.1947398 0.1942381 -0.9764504 0.09389418 -0.3044447 -0.8968679 -0.3208447 -0.1750535 -0.8800073 -0.441524 0.1750466 -0.880036 -0.4414696 0.06195831 -0.945102 -0.3208479 -0.1085431 -0.5456948 -0.8309245 -0.04921231 -0.7508963 -0.6585842 -0.03813779 -0.1917441 -0.9807037 -0.08643121 -0.4345283 -0.8965015 -0.195954 -0.3973652 -0.8964947 -0.1085555 -0.5457201 -0.8309063 -0.2461542 -0.3683938 -0.89649 -0.1959556 -0.3973724 -0.8964913 0.03813779 -0.1917441 -0.9807037 0.02106339 -0.3213789 -0.9467164 0.1424403 -0.2888505 -0.9467186 -0.06428114 0.01278548 -0.9978499 0.1424378 -0.2888474 -0.9467199 0.1035221 -0.3049678 -0.9467195 -0.2121897 -0.6250919 -0.7511562 -0.1424212 -0.4195448 -0.8964922 0.3207582 -0.9449132 -0.06521724 0.321294 -0.9464586 0.03140664 -0.4316799 -0.8753747 0.2176502 0.0628024 -0.9584309 0.2783272 -0.1949778 -0.9803098 0.03124491 -0.6053509 0.6902515 0.3963625 -0.8614147 0.4247957 0.2784125 -0.5553084 0.8310518 0.03139125 -0.5487751 0.8212572 0.1561488 -0.2128171 0.6269069 0.7494643 -0.880036 0.1750466 -0.4414696 -0.8496322 0.2884131 -0.4415235 -0.8314616 0.5555823 0 -0.8314616 0.5555823 0 -0.7374406 0.6467382 -0.1947077 -0.6564339 0.7485168 0.09389927 -0.7878799 0.2674509 -0.5547209 -0.5489141 -0.3667651 -0.751117 -0.4963482 -0.4352696 -0.7511185 -0.3683982 -0.246159 -0.8964868 -0.3973724 -0.1959556 -0.8964913 -0.6474407 -0.1287791 -0.7511568 -0.5456948 -0.1085431 -0.8309245 -0.1851319 -0.06284348 -0.9807023 -0.3049678 -0.1035221 -0.9467195 -0.1469783 -0.1288991 -0.9807051 -0.04928365 -0.04322147 -0.9978492 -0.2460836 -0.4990205 -0.8309159 -0.2921322 -0.33312 -0.8964875 -0.54572 -0.1085555 -0.8309063 -0.7380489 -0.1468015 -0.6585842 -0.5920416 -0.2919737 -0.7511579 -0.6749287 -0.3328506 -0.6585453 -0.7460586 -0.4984926 -0.4414767 -0.8302413 -0.05440636 -0.5547426 -0.8047389 -0.3968481 -0.4414826 -0.849637 -0.2884176 -0.4415113 -0.3668805 -0.4183365 -0.8308991 -0.4352379 -0.4962811 -0.7511809 -0.3973723 0.1959555 -0.8964912 -0.1950678 0.01278487 -0.9807065 -0.8160158 0.1623242 -0.5547692 -0.7508963 0.04921231 -0.6585842 -0.6250871 0.2121895 -0.7511602 -0.6474406 0.1287791 -0.7511567 -0.2888505 0.1424404 -0.9467186 -0.3683982 0.246159 -0.8964868 -0.5268816 0.1788574 -0.8309066 -0.1851319 0.06284349 -0.9807023 -0.5551931 0.0363912 -0.830925 -0.658778 0.04318388 -0.751097 -0.1085431 0.5456948 -0.8309245 -0.1085555 0.54572 -0.8309064 0.0642876 -0.0127885 -0.9978495 -0.03641415 0.05449785 -0.9978498 -0.07760796 0.3901775 0.9174631 0.01745275 0.02612034 0.9995064 -0.05034656 0.1483179 0.9876574 -0.08982845 0.2646228 0.9601591 -0.5048727 0.2489708 0.8265089 -0.1759675 0.3568392 0.9174427 -0.1302403 0.08702388 0.987656 -0.09673464 0.1961493 0.9757909 -0.02361768 0.02071305 0.9995064 -0.02361736 0.0207126 0.9995065 -0.09946825 0.5000765 0.8602498 -0.2011411 0.4078785 0.890605 -0.1090851 0.321357 0.940654 -0.146186 0.4306434 0.8906043 -0.119744 0.6019724 0.7894876 -0.1972948 0.5811936 0.7894863 0.1464838 0.7364298 0.6604648 0.04330407 0.6605958 0.7494919 -0.2660081 0.7836631 0.5613482 -0.154273 0.7756192 0.6120579 0.1927094 0.9687653 0.1560673 -0.190404 0.9572889 0.2175873 0.5485826 0.6255296 -0.5547699 0.3328162 0.6748929 -0.6585991 -0.06196926 0.9451171 -0.3208013 0.06526014 0.9957395 -0.06514616 -0.2460836 0.4990205 -0.830916 0.01278487 0.1950678 -0.9807065 0.195954 0.3973652 -0.8964947 0.418067 0.6256706 -0.6586018 0.02106626 0.3213626 -0.9467219 -0.02898952 0.0587849 -0.9978497 0.0653987 -0.004287994 -0.99785 0.004286524 0.06540697 -0.9978495 -0.4338377 0.8796943 -0.194738 -0.4413381 0.8949591 -0.0653363 -0.4189028 0.8494459 -0.3208772 -0.3328506 0.6749287 -0.6585453 -0.02106637 0.06206009 -0.9978501 -0.1789186 0.2677691 -0.9467248 0.06527527 0.9957334 -0.06522337 -0.06527526 0.9957334 -0.06522337 0.1913669 0.962015 -0.1946945 -0.06195831 0.945102 -0.3208479 0.02898952 -0.05878491 -0.9978497 0.05878491 -0.02898952 -0.9978497 0.0587849 0.02898952 -0.9978497 0.03813779 0.1917441 -0.9807037 0.3207582 0.9449132 -0.06521724 0.4338378 0.8796942 -0.1947381 0.4338302 0.8797154 -0.1946593 0.6579385 0.7502437 -0.0652014 0.5543999 0.8296921 -0.06520547 0.544944 0.8155654 -0.1946511 0.6255296 0.5485826 -0.5547699 0.7120942 0.6245093 -0.320796 0.49617 0.5657829 -0.6585628 0.1287967 0.6474748 -0.7511242 0.33312 0.2921321 -0.8964875 0.4183365 0.3668805 -0.8308991 0.1873858 0.9419963 0.278441 0.1942367 0.9764499 0.09390222 0.9807888 0.1950731 0 0.9807888 0.1950731 0 0.8953548 -0.05869702 -0.4414687 0.9803098 -0.1949778 0.03124491 0.9807888 -0.1950731 0 0.9807888 -0.1950731 0 0.8440704 0.2865322 0.4532599 0.7891412 -0.05171819 0.6120306 0.510342 -0.3410015 0.7894739 0.772449 -0.3809367 0.5081435 0.7502438 0.6579385 -0.06520139 0.8296921 0.5543999 -0.06520541 -0.5262089 -0.7875265 -0.3207899 -0.6564339 -0.7485168 0.0938992 -0.5555823 -0.8314616 0 -0.5555823 -0.8314616 -0 -0.5336117 -0.7985873 0.2784187 -0.424796 -0.8614101 0.2784261 -0.5531266 -0.8277866 0.09391627 -0.3212833 -0.9464599 0.03147294 -0.6205047 -0.7075306 0.3381927 -0.5228454 -0.7824883 0.3381489 -0.6702877 -0.2275266 0.7063611 -0.7110295 -0.2413562 0.6604425 -0.4046988 -0.4614722 0.7894696 -0.4365361 -0.4977756 0.749437 -0.436542 -0.4977797 0.7494308 -0.2489708 -0.5048727 0.8265089 -0.466704 -0.532158 0.706396 -0.3932351 -0.5885242 0.7064031 -0.6221959 -0.545678 0.5613446 -0.6221751 -0.5456446 0.5614001 -0.7411693 -0.4952233 0.453235 -0.7633562 -0.5100479 0.3964069 -0.7824883 -0.5228454 0.3381489 -0.7824886 -0.522846 0.3381475 -0.9288128 -0.3152787 -0.1946945 -0.9288014 -0.3152846 -0.1947398 -0.9353158 -0.3175126 0.1561093 -0.9353239 -0.3175085 0.1560694 -0.892922 -0.4403176 0.09386551 -0.8964336 -0.4420652 0.03138695 -0.9687483 0.1926833 0.1562044 -0.8964336 0.4420652 0.03138695 -0.7092824 0.3497666 0.6120309 -0.7756192 0.154273 0.6120578 -0.7411693 0.4952233 0.4532349 -0.8212903 0.548768 0.1560001 -0.9419879 -0.1873784 0.2784744 -0.9764499 -0.1942367 0.09390222 -0.9390699 -0.06156309 0.3381682 -0.9390801 -0.06155893 0.3381404 -0.9583865 0.06282451 0.2784749 -0.9739087 0.06381661 0.2177827 -0.9764504 -0.1942381 0.09389412 -0.993452 -0.06509423 0.09389313 -0.6579454 -0.7502323 -0.06526423 -0.4984926 -0.7460586 -0.4414767 -0.691777 -0.4622387 -0.5547791 -0.6245092 -0.7120942 -0.320796 -0.6467381 -0.7374406 -0.1947077 -0.73744 -0.6467267 -0.1947479 -0.4180792 -0.6257128 -0.6585541 -0.3667633 -0.5489126 -0.7511188 -0.3207582 -0.9449132 -0.06521731 -0.6467267 -0.7374401 -0.1947478 0.01278548 -0.06428114 -0.9978499 0.3213789 -0.02106339 -0.9467164 -0.004286524 0.06540697 -0.9978495 0.6749287 0.3328506 -0.6585453 0.5456948 0.1085431 -0.8309245 0.0432179 0.04928116 -0.9978495 0.2921363 0.3331229 -0.896485 0.06206238 0.02106657 -0.9978499 0.4195424 -0.1424196 -0.8964937 0.5456948 -0.1085431 -0.8309245 0.54572 -0.1085555 -0.8309063 0.04322148 0.04928365 -0.9978492 -0.03641517 0.05450065 -0.9978495 0.7462286 0.3679944 -0.5547279 0.7126297 0.2418955 -0.6585175 0.8964374 0.4420511 0.03147675 0.9787414 0.06414609 -0.1948092 0.8155624 0.5449271 -0.1947114 0.8296996 0.5543731 -0.06533754 0.6257128 0.4180792 -0.6585541 0.5485955 0.6255637 -0.5547188 0.746229 0.3679948 -0.554727 0.6748929 0.3328162 -0.6585992 0.4345477 0.08643024 -0.8964921 0.4195423 0.1424196 -0.8964937 0.9289337 -0.1847727 -0.3208446 0.8968577 -0.3044472 -0.320871 0.880036 -0.1750466 -0.4414696 0.830198 -0.05441935 -0.5548061 0.8753681 0.431667 0.2177023 0.8796942 -0.4338378 -0.194738 0.9288014 -0.3152846 -0.1947398 0.9094828 -0.3087248 0.278442 0.9572533 -0.1904209 0.2177291 0.195954 -0.3973652 -0.8964947 0.3668805 -0.4183365 -0.8308991 0.1753141 -0.0864602 -0.9807088 0.7460586 -0.4984926 -0.4414767 0.4990205 -0.2460836 -0.8309159 0.6245092 -0.7120942 -0.320796 0.7120942 -0.6245092 -0.320796 0.5543999 -0.8296921 -0.06520548 0.5543731 -0.8296996 -0.06533754 0.1788574 -0.5268816 -0.8309066 0.1288977 0.1469757 -0.9807056 -0.006128612 0.03081067 0.9995065 -0.006129079 -0.03081169 0.9995064 0.123609 -0.2506425 0.9601558 0.05246944 -0.07852576 0.9955303 0.5617575 -0.03680461 0.8264829 0.08943079 -0.03035691 0.9955302 0.6332879 -0.7221156 0.2783802 0.7514663 -0.6590247 0.03138335 0.7836631 -0.2660081 0.5613482 0.548768 -0.8212903 0.156 0.5103329 -0.3409981 0.7894813 0.4046952 -0.4614654 0.7894754 0.5214617 -0.5946003 0.6119872 0.567826 -0.6474497 0.5083135 0.8614101 -0.424796 0.278426 0.8440424 -0.4162313 0.3381478 0.8894514 -0.05830413 0.4532954 0.5048727 -0.2489708 0.8265089 0.7422719 -0.3660346 0.5612941 0.622196 -0.5456781 0.5613445 0.7514716 -0.6590154 0.03144895 0.7426193 -0.651262 0.156123 0.885886 -0.4368483 0.1561073 0.8310518 -0.5553084 0.03139125 0.6435401 -0.7337852 0.217751 0.7426207 -0.651289 0.1560039 -0.1913669 0.962015 -0.1946945 -0.1946587 0.9787051 -0.06514827 -0.05869702 0.8953548 -0.4414686 0.1468015 0.7380489 -0.6585842 -0.4338302 0.8797154 -0.1946593 -0.4403176 0.892922 0.0938655 -0.1750466 0.880036 -0.4414696 -0.241895 0.7126011 -0.6585487 0.03680461 0.5617575 0.8264829 -0.03334113 0.5087279 0.8602815 -0.04329473 0.6606499 0.7494446 -0.04013972 0.6125064 0.7894457 0.8212572 0.5487751 0.1561488 0.1926833 0.9687484 0.1562043 0.2660081 0.7836631 0.5613482 0.1791032 0.9004751 0.3963162 0.3780953 0.2526286 0.8906305 0.4977755 0.4365361 0.749437 0.3942535 0.7994524 0.4532549 0.3410015 0.510342 0.7894738 0.05830414 0.8894514 0.4532955 0.254198 0.7488437 0.6120593 0.1972948 0.5811936 0.7894863 0.1809511 0.5330482 0.8265086 0.262384 0.2991793 0.9174129 0.04176953 0.08470085 0.9955305 0.2210459 0.3308109 0.9174436 0.2768449 0.8155887 0.5081064 -0.03335597 0.5087788 0.8602509 -0.03682208 0.5616474 0.8265569 0.3043709 0.1500939 0.9406542 0.1818166 0.1214861 0.975799 0.1177852 0.1032915 0.9876525 0.5103329 0.3409981 0.7894812 0.1404802 0.06927774 0.9876568 0.716137 0.4784892 0.5081297 0.651289 0.7426207 0.1560039 0.6942354 0.1380973 0.7063755 0.9419964 -0.1873859 0.278441 0.4365361 0.4977755 0.749437 0.657503 0.4393393 0.6121036 0.711009 0.2413548 0.660465 0.6243208 0.4171532 0.6604595 0.9619974 0.1913397 -0.1948082 0.9230377 0.1836089 0.3380668 0.8277866 0.5531266 0.09391627 0.3200323 0.9427416 0.09390204 0.4365421 -0.4977797 0.7494307 0.6243433 -0.417161 0.6604333 0.05034687 -0.1483207 0.9876569 0.3678685 -0.5505467 0.7493805 0.03035708 -0.08943243 0.9955302 0.1961373 -0.09672499 0.9757942 0.09672499 -0.1961373 0.9757942 -0.07029287 -0.2070785 0.9757957 0.03334113 -0.5087279 0.8602815 -0.2128171 -0.6269069 0.7494643 -0.01024304 -0.1563043 0.9876559 0.08872401 -0.445999 0.890625 0.03056051 -0.1536283 0.9876561 0.006128613 0.03081067 0.9995065 0.1552517 0.2323693 0.960157 0.08702464 0.1302411 0.9876558 0.06927877 0.1404845 0.9876561 0.08982845 0.2646228 0.9601591 -0.02071305 -0.02361768 0.9995064 -0.02817439 -0.01389431 0.9995065 0.03056051 0.1536282 0.9876561 0.0102433 0.1563026 0.9876561 -0.0221993 0.3386883 0.9406368 -0.01827792 0.2788352 0.960165 -0.02974204 0.4538119 0.890601 -0.02974084 0.4538198 0.890597 -0.2821954 0.1885613 0.9406436 -0.4614654 0.4046952 0.7894754 -0.3902252 0.07762875 0.917441 -0.4306086 0.146165 0.8906245 -0.4977797 0.4365421 0.7494307 -0.7488437 0.2541979 0.6120594 -0.6734561 0.3321177 0.6604201 -0.7092204 0.349755 0.6121093 -0.772449 0.3809367 0.5081435 -0.7422719 0.3660346 0.5612941 -0.2011421 0.4078798 0.8906041 0.05829659 0.8894771 0.4532461 -0.3328712 0.0662095 0.940645 -0.2740849 0.0545147 0.9601591 -0.8155887 -0.2768449 0.5081064 -0.8258148 -0.05414075 0.5613365 -0.2144819 0.04266299 0.9757958 -0.2070847 0.07029665 0.9757941 -0.2070785 -0.07029287 0.9757957 -0.07099447 -0.06226269 0.9955316 -0.06226269 -0.07099447 0.9955316 -0.3386584 -0.02220379 0.9406474 -0.3328651 -0.06620684 0.9406474 -0.2740814 -0.05451477 0.9601601 -0.3781291 -0.2526636 0.8906063 -0.3767588 -0.1278863 0.917441 -0.3902252 -0.07762875 0.917441 -0.5330132 0.1809297 0.8265358 -0.5330482 0.1809511 0.8265086 -0.5520675 -0.1098169 0.826536 -0.5616474 -0.03682208 0.8265569 -0.5330133 -0.1809297 0.8265358 -0.4460543 -0.08872292 0.8905975 -0.5617575 -0.03680461 0.8264829 -0.6124635 -0.04012671 0.7894798 -0.6494005 -0.1291787 0.7493943 -0.7063472 -0.04630291 0.7063496 -0.7421812 -0.3660196 0.5614238 -0.7836132 -0.2660064 0.5614188 -0.5504806 -0.2714596 0.7894813 -0.5938615 -0.2928522 0.7493771 -0.6702757 -0.2275188 0.7063749 -0.6269852 -0.2128243 0.7493967 -0.330811 -0.221046 0.9174436 -0.2646228 -0.08982845 0.9601591 -0.423218 -0.3711509 0.8265189 -0.4680413 -0.312737 0.8265185 -0.3418709 -0.2998335 0.8906312 -0.3780953 -0.2526286 0.8906305 -0.2623244 -0.2991352 0.9174443 -0.2237743 -0.2551756 0.9406437 -0.5214365 -0.5945839 0.6120245 -0.5456446 -0.6221751 0.5614001 -0.5945839 -0.5214365 0.6120245 -0.5644974 -0.4950513 0.6605051 -0.1090979 -0.3213781 0.9406454 -0.2210459 -0.3308109 0.9174436 -0.146186 -0.4306434 0.8906042 0.05830413 -0.8894514 0.4532954 -0.548775 -0.8212572 0.1561488 -0.06511705 -0.9934365 0.09404086 -0.2128243 -0.6269852 0.7493967 -0.1291543 -0.6493477 0.7494444 -0.1177852 -0.1032915 0.9876525 -0.1643969 -0.1441837 0.9757996 -0.1214861 -0.1818166 0.975799 -0.08702464 -0.1302411 0.9876558 -0.02361736 -0.0207126 0.9995065 -0.07852576 -0.05246944 0.9955303 -0.05246642 0.07852291 0.9955308 -0.04266268 -0.2144962 0.9757926 0.04266268 -0.2144962 0.9757926 -0.1913669 -0.962015 -0.1946945 -0.1946841 -0.9786909 -0.06528677 -0.1913397 -0.9619974 -0.1948082 -0.1847666 -0.9289497 -0.3208016 0.3091071 -0.4626053 -0.8309327 0.2884176 -0.849637 -0.4415113 0.3044447 -0.8968679 -0.3208447 0.3152787 -0.9288128 -0.1946946 -0.2674508 -0.7878799 -0.5547209 -0.288413 -0.8496322 -0.4415235 -0.05441935 -0.830198 -0.5548061 -0.05440636 -0.8302413 -0.5547426 0.06196927 -0.9451171 -0.3208013 0.06526013 -0.9957395 -0.06514617 -0.1468319 -0.7381037 -0.6585159 -0.2418955 -0.7126299 -0.6585175 -0.02106339 -0.3213789 -0.9467164 -0.06283372 -0.3158793 -0.9467165 -0.1424378 -0.2888474 -0.9467199 -0.08646722 -0.1753456 -0.9807025 -0.1287791 -0.6474406 -0.7511567 -0.2919816 -0.5920853 -0.7511203 -0.3091189 -0.4626397 -0.8309091 -0.3091071 -0.4626053 -0.8309327 0.06283919 -0.1851251 -0.9807038 0.06284348 -0.1851319 -0.9807023 0.03641517 -0.05450065 -0.9978495 0.2888505 -0.1424403 -0.9467186 0.06283372 -0.3158793 -0.9467165 0.03813837 -0.1917302 -0.9807064 -0.02898111 -0.4421025 -0.8964962 -0.02106626 -0.3213626 -0.9467219 0.02897778 -0.4420921 -0.8965014 0.08643121 -0.4345283 -0.8965015 0.03639309 -0.5551833 -0.8309314 0.04318388 -0.658778 -0.7510969 0.1638817 -0.4827905 0.8602652 -0.1278863 -0.3767588 0.917441 0.06538261 -0.9973711 0.03124215 0.06541456 -0.9978582 0 0.06541456 -0.9978582 0 0.1950731 -0.9807888 0 0.1950731 -0.9807888 0 0.06414609 -0.9787414 -0.1948092 0.2489708 -0.5048727 0.8265089 0.1973035 -0.5812078 0.7894738 0.1809297 -0.5330132 0.8265358 0.01430519 -0.21823 0.9757925 0.3137469 -0.9242229 0.2176574 0.1809511 -0.5330482 0.8265085 0.0653749 -0.9973701 0.03128984 0.06511705 -0.9934365 0.09404086 -0.2768445 0.8155322 0.5081972 -0.7338017 0.6435415 0.2176912 -0.7633261 0.510042 0.3964727 -0.6902515 0.6053509 0.3963626 -0.5553084 0.8310518 0.03139163 -0.6593416 0.7518436 0 -0.6593416 0.7518436 0 -0.5555823 0.8314616 0 -0.5555823 0.8314616 0 -0.6590154 0.7514716 0.03144895 -0.5531266 0.8277866 0.09391627 -0.522846 0.7824886 0.3381475 -0.6435414 0.7338017 0.2176913 -0.5456446 0.6221751 0.5614001 -0.6332948 0.7221178 0.2783587 -0.4393606 0.6575685 0.612018 -0.4046952 0.4614654 0.7894754 -0.9289337 0.1847727 -0.3208446 -0.9619974 0.1913397 -0.1948082 -0.5485955 0.6255637 -0.5547188 -0.5657829 0.49617 -0.6585628 -0.4962811 0.4352379 -0.7511809 -0.2460926 0.4990308 -0.8309071 -0.9449133 0.3207439 -0.06528494 -0.9449132 0.3207582 -0.06521724 -0.7518436 0.6593416 0 -0.7518436 0.6593416 0 -0.827786 0.5531377 0.09385693 -0.2677813 -0.1789319 -0.9467188 -0.2888505 -0.1424403 -0.9467186 -0.2421201 -0.2123394 -0.9467258 -0.2421014 -0.2123127 -0.9467366 -0.1917302 -0.03813837 -0.9807064 -0.3158793 -0.06283373 -0.9467165 -0.5551931 -0.0363912 -0.8309249 -0.4420921 -0.02897778 -0.8965014 -0.7878538 -0.2674296 -0.5547681 -0.8953548 -0.05869702 -0.4414687 -0.8496322 -0.2884131 -0.4415235 -0.7878799 -0.2674508 -0.5547209 -0.7462286 -0.3679944 -0.554728 -0.7462291 -0.3679948 -0.5547269 -0.0642876 0.01278851 -0.9978495 -0.06540697 0.004286524 -0.9978495 -0.4345283 0.08643121 -0.8965015 -0.4345477 0.08643024 -0.8964921 -0.3158793 0.06283372 -0.9467165 -0.3158557 0.06282277 -0.9467251 -0.691777 0.4622387 -0.5547791 -0.5920416 0.2919737 -0.7511579 -0.05449785 0.03641415 -0.9978498 -0.4626397 0.3091189 -0.8309091 -0.3049678 0.1035221 -0.9467195 -0.3049514 0.1035206 -0.946725 -0.5551833 -0.03639309 -0.8309314 -0.658778 -0.04318388 -0.7510969 -0.4183117 0.3668437 -0.8309278 -0.06226269 0.07099447 0.9955316 -0.05246945 0.07852577 0.9955303 0.02612008 -0.01745265 0.9995064 0.006177782 0.09424244 0.9955301 -0.01842502 0.0926229 0.9955308 -0.1235766 0.250602 0.9601704 -0.1214998 0.1818519 0.9757908 -0.07029665 0.2070847 0.9757943 -0.1090979 0.3213782 0.9406454 -0.4572693 0.2254981 0.8602647 -0.3043709 0.1500939 0.9406542 -0.1441968 0.1644206 0.9757936 -0.1885501 0.2821846 0.9406491 -0.3308109 0.2210459 0.9174436 -0.232323 0.1552336 0.9601711 -0.1638955 0.4828132 0.8602498 -0.2526636 0.3781291 0.8906063 -0.08872292 0.4460543 0.8905975 -0.07762875 0.3902252 0.917441 -0.254198 0.7488437 0.6120593 -0.04330407 0.6605958 0.7494919 -0.1638817 0.4827905 0.8602652 -0.1098169 0.5520675 0.826536 -0.3025135 0.8911569 0.3381196 -0.4060444 0.823372 0.3964676 -0.1291787 0.6494005 0.7493943 -0.2660064 0.7836132 0.5614188 -0.06511705 0.9934365 0.09404086 -0.06458046 0.9856111 0.1562052 0.2884176 0.849637 -0.4415113 0.3968477 0.804726 -0.4415063 0.4180792 0.6257127 -0.658554 0.4962811 0.4352379 -0.7511809 0.04317307 0.6587478 -0.7511241 0.2674296 0.7878538 -0.5547681 0.1085555 0.54572 -0.8309064 0.05441935 0.830198 -0.5548061 -0.02106626 0.3213626 -0.9467219 -0.0363912 0.5551931 -0.8309249 0.3668436 0.4183116 -0.8309278 0.08643024 0.4345477 -0.8964921 0.1424212 0.4195449 -0.8964922 0.3328506 0.6749287 -0.6585453 0.241895 0.7126011 -0.6585487 0.1788574 0.5268816 -0.8309066 -0.01279136 0.1950885 -0.9807022 0.01279136 0.1950885 -0.9807022 -0.01278487 0.1950678 -0.9807065 -0.03813837 0.1917302 -0.9807064 -0.04928116 0.0432179 -0.9978495 0.04322147 -0.04928365 -0.9978492 -0.3679944 0.7462286 -0.554728 -0.4984926 0.7460586 -0.4414767 -0.08646722 0.1753456 -0.9807025 -0.3328162 0.6748929 -0.6585991 -0.246159 0.3683982 -0.8964868 -0.06284349 0.1851319 -0.9807023 0.1847666 0.9289497 -0.3208016 0.1847727 0.9289337 -0.3208446 0 0 -1 0 0 -1 0 0 -1 0 0 -1 0 0 -1 0 0 -1 0 0 -1 0 0 -1 0 0 -1 0 0 -1 0 0 -1 0 0 -1 0 0 -1 0 0 -1 0 0 -1 0 0 -1 0 0 -1 0 0 -1 0 0 -1 0 0 -1 0 0 -1 0 0 -1 0 0 -1 0 0 -1 0 0 -1 0 0 -1 0 0 -1 0 0 -1 0 0 -1 0 0 -1 0 0 -1 0 0 -1 0 0 -1 0 0 -1 0 0 -1 0 0 -1 0 0 -1 0 0 -1 0 0 -1 0 0 -1 0 0 -1 0 0 -1 0 0 -1 0 0 -1 0 0 -1 0 -0 -1 0.441364 0.8949554 -0.065212 0.4413381 0.8949591 -0.0653363 0.6255637 0.5485955 -0.5547188 0.5262089 0.7875265 -0.3207899 0.5449271 0.8155624 -0.1947114 0.5543731 0.8296996 -0.06533754 0.7374406 0.6467382 -0.1947077 0.6745693 0.5915688 -0.4415909 0.5916031 0.6745845 -0.4415219 0.4984708 0.7460454 -0.4415236 0.4352696 0.4963482 -0.7511185 0.4183117 0.3668437 -0.8309278 0.246159 0.3683982 -0.8964868 0.02106637 0.06206009 -0.9978501 0.3683982 0.246159 -0.8964868 0.3331228 0.2921362 -0.896485 -0.06509423 0.993452 0.0938931 0.1942381 0.9764504 0.09389412 0.06381661 0.9739087 0.2177827 0.0600579 0.91611 0.3964032 0.349755 0.7092204 0.6121093 0.3087248 0.9094828 0.278442 0.9787414 -0.06414609 -0.1948092 0.945102 -0.06195831 -0.3208479 0.9978582 0.06541456 0 0.9978582 0.06541456 0 0.9973711 -0.06538261 0.03124216 0.9764504 0.1942381 0.09389412 0.3901775 -0.07760797 0.9174631 0.6019724 -0.119744 0.7894876 -0.1926833 -0.9687484 0.1562043 -0.651289 -0.7426207 0.1560039 -0.5100479 -0.7633562 0.3964069 -0.4162313 -0.8440424 0.338148 -0.3214425 -0.946929 0 -0.3214425 -0.946929 -0 -0.2768449 -0.8155887 0.5081064 -0.3175085 -0.9353239 0.1560694 -0.4952233 -0.7411693 0.453235 -0.3660196 -0.7421812 0.5614238 -0.3409981 -0.5103329 0.7894813 -0.3711509 -0.423218 0.8265189 -0.4952148 -0.7411631 0.4532544 -0.5678725 -0.6475591 0.5081221 -0.7994524 -0.3942535 0.4532549 -0.8693512 -0.2951107 0.3964065 -0.9094909 -0.308734 0.2784054 -0.8440424 -0.4162313 0.338148 -0.8310518 -0.5553084 0.03139121 -0.8277866 -0.5531266 0.09391627 -0.9427416 0.3200323 0.09390204 -0.9764499 0.1942367 0.09390222 -0.9807888 0.1950731 0 -0.9807888 0.1950731 0 -0.9803098 0.1949778 0.03124491 -0.7364289 0.1464834 0.6604658 -0.711009 0.2413548 0.660465 -0.91611 0.06005789 0.3964032 -0.9161488 0.06004467 0.3963154 -0.8233719 0.4060443 0.3964677 -0.7633562 0.5100479 0.3964069 -0.9687653 -0.1927094 0.1560673 -0.9973701 -0.0653749 0.03128984 -0.9739501 -0.06385175 0.217587 -0.9584309 0.0628024 0.2783272 -0.9242122 -0.3137313 0.2177259 -0.9583865 -0.0628245 0.278475 -0.9803098 -0.1949778 0.03124491 -0.9802997 -0.1950025 0.03140827 -0.7502323 -0.6579454 -0.06526433 -0.7502437 -0.6579385 -0.0652014 -0.6745693 -0.5915688 -0.4415909 -0.8494486 -0.4189025 -0.3208702 -0.6256706 -0.418067 -0.6586018 -0.5658057 -0.49618 -0.6585357 -0.2919737 -0.5920416 -0.7511579 -0.3328506 -0.6749287 -0.6585453 -0.4413381 -0.8949591 -0.06533626 -0.5543999 -0.8296921 -0.06520541 -0.5916031 -0.6745845 -0.4415217 -0.4984708 -0.7460454 -0.4415236 -0.526177 -0.7875123 -0.320877 -0.4189026 -0.8494486 -0.3208703 0.05877902 0.02898822 -0.9978501 0.06428114 0.01278548 -0.9978499 0.06206009 -0.02106637 -0.9978501 0.5268816 0.1788574 -0.8309066 0.5268679 0.1788484 -0.8309172 0.2421201 0.2123394 -0.9467258 0.1469757 0.1288977 -0.9807056 0.06206009 0.02106637 -0.9978501 0.4345283 0.08643121 -0.8965015 0.3158558 0.06282277 -0.9467251 0.3049514 0.1035206 -0.946725 0.0432179 -0.04928116 -0.9978495 0.04928365 -0.04322147 -0.9978492 0.880036 0.1750466 -0.4414696 0.9957395 0.06526014 -0.06514615 0.804726 0.3968477 -0.4415064 0.6918128 0.4622472 -0.5547276 0.8949554 0.441364 -0.06521202 0.9289497 0.1847666 -0.3208016 0.8047389 0.3968481 -0.4414825 0.7460586 0.4984926 -0.4414767 0.5920853 0.2919816 -0.7511203 0.5920416 0.2919737 -0.7511579 0.3049514 -0.1035206 -0.946725 0.3973652 -0.195954 -0.8964947 0.9619974 -0.1913397 -0.1948082 0.9289497 -0.1847666 -0.3208016 0.6587479 -0.04317307 -0.7511241 0.830198 0.05441935 -0.5548061 0.6590154 0.7514716 0.03144889 0.8310518 0.5553084 0.03139163 0.7485135 0.6564351 0.09391826 0.5658057 -0.49618 -0.6585357 0.7875123 -0.526177 -0.320877 0.9449132 -0.3207582 -0.06521724 0.8949554 -0.441364 -0.06521202 0.7994365 -0.3942518 0.4532846 0.9584309 -0.0628024 0.2783272 0.6269069 -0.2128171 0.7494643 0.8911775 -0.302511 0.3380679 0.4183365 -0.3668805 -0.8308991 0.5489141 -0.3667651 -0.751117 0.2921322 -0.33312 -0.8964875 0.2421014 -0.2123127 -0.9467366 0.6579454 -0.7502323 -0.06526433 0.8155624 -0.5449271 -0.1947114 0.5915688 -0.6745693 -0.4415909 0.4984708 -0.7460454 -0.4415236 0.73744 -0.6467267 -0.1947479 0.5449271 -0.8155624 -0.1947114 0.1288977 -0.1469757 -0.9807056 0.1288991 -0.1469783 -0.9807051 0.2070785 -0.07029287 0.9757957 0.2788514 -0.01828261 0.9601602 0.2210459 -0.3308109 0.9174436 0.6702877 -0.2275266 0.7063611 0.1302411 -0.08702464 0.9876558 0.01009738 0.02974705 0.9995065 0.3767588 -0.1278863 0.917441 0.321357 -0.1090851 0.940654 0.3321177 -0.6734561 0.6604201 0.3660195 -0.7421812 0.5614238 0.8277866 -0.5531266 0.09391627 0.651289 -0.7426207 0.1560038 0.6053509 -0.6902515 0.3963626 0.6902515 -0.6053509 0.3963625 0.6205083 -0.7075434 0.3381595 0.6332948 -0.7221178 0.2783587 0.3711509 -0.423218 0.8265189 0.2255195 -0.4572959 0.8602449 0.4614654 -0.4046952 0.7894754 0.3130445 -0.6347925 0.7064287 0.4977797 -0.436542 0.7494308 0.4232084 -0.3711457 0.8265261 0.5946003 -0.5214616 0.6119872 0.5456448 -0.6221752 0.5613999 0.7986023 -0.5336126 0.278374 0.7075434 -0.6205083 0.3381594 0.8115094 -0.5422461 0.2177648 0.8115283 -0.5422452 0.2176971 0.9390699 -0.06156309 0.3381682 0.9230377 -0.1836089 0.3380668 0.9353158 -0.3175126 0.1561092 0.8614147 -0.4247957 0.2784125 0.7633561 -0.5100479 0.3964071 0.690246 -0.6053399 0.3963888 0.7411631 -0.4952148 0.4532544 0.7411693 -0.4952234 0.4532349 0.946929 -0.3214425 0 0.946929 -0.3214425 0 0.7485135 -0.6564351 0.09391826 0.6564339 -0.7485168 0.0938992 0.7337852 -0.6435401 0.217751 0.7338017 -0.6435414 0.2176913 -0.06414609 0.9787414 -0.1948092 -0.06417558 0.9787664 -0.1946735 -0.3044447 0.8968679 -0.3208447 -0.1468015 0.7380489 -0.6585843 -0.3152846 0.9288014 -0.1947399 -0.1847727 0.9289337 -0.3208446 -0.3152787 0.9288128 -0.1946946 -0.3207439 0.9449133 -0.06528494 0.03334113 0.5087279 0.8602815 -0.02601517 0.3969693 0.9174631 0.1809297 0.5330132 0.8265358 0.1197422 0.6020266 0.7894465 -0.04630291 0.7063472 0.7063496 -0.1380973 0.6942353 0.7063755 0.1291543 0.6493477 0.7494444 0.1380973 0.6942354 0.7063755 0.0463033 0.7063484 0.7063484 0.154273 0.7756192 0.6120578 0.04910658 0.749292 0.6604165 -0.1197422 0.6020266 0.7894465 0.6053398 0.690246 0.3963888 0.436542 0.4977797 0.7494308 -0.1791117 0.9004326 0.396409 0.05633225 0.8593696 0.5082427 0.1973036 0.5812078 0.7894738 0.466704 0.5321579 0.706396 0.3781291 0.2526636 0.8906063 0.3833605 0.3361998 0.8602352 0.4232084 0.3711457 0.8265261 0.3711457 0.4232084 0.8265261 0.651262 0.7426193 0.156123 0.4952233 0.7411693 0.4532349 0.07762875 0.3902252 0.917441 0.1759635 0.3568227 0.91745 0.2275266 0.6702877 0.7063611 0.3130893 0.6348453 0.7063615 0.2011411 0.4078785 0.890605 0.1759675 0.3568392 0.9174427 0.3127138 0.4680194 0.8265398 0.2489708 0.5048727 0.8265089 0.2551756 0.2237743 0.9406437 0.2101041 0.1842712 0.9601565 0.1032915 0.1177852 0.9876525 0.3969881 0.02602055 0.9174549 0.2991352 0.2623244 0.9174443 0.1441968 0.1644206 0.9757936 0.5617575 0.03680461 0.8264829 0.453812 0.02974204 0.890601 0.5087279 0.03334113 0.8602815 0.4572959 0.2255195 0.8602449 0.5945839 0.5214365 0.6120245 0.6243434 0.417161 0.6604332 0.4060646 0.8233897 0.39641 0.5456446 0.6221751 0.5614001 0.91611 0.0600579 0.3964032 0.8614101 0.424796 0.2784261 0.6475592 0.5678725 0.5081221 0.7633562 0.5100479 0.3964069 0.9419879 0.1873784 0.2784745 0.6701876 0.5877163 0.4532529 0.5330132 0.1809297 0.8265358 0.3213782 0.1090979 0.9406454 0.7756192 0.154273 0.6120578 0.6019724 0.119744 0.7894875 0.6494005 0.1291787 0.7493943 0.6269851 0.2128243 0.7493967 0.946929 0.3214425 0 0.946929 0.3214425 0 0.9739087 0.06381661 0.2177827 0.7824883 0.5228455 0.3381489 0.7986023 0.5336125 0.278374 0.6347926 -0.3130445 0.7064286 0.5938616 -0.2928522 0.7493771 0.07029665 -0.2070847 0.9757941 0.08702464 -0.1302411 0.9876558 0.08872292 -0.4460543 0.8905975 0.09946825 -0.5000765 0.8602498 0.04176953 -0.08470085 0.9955305 -0.02361768 -0.02071305 0.9995064 0.06226269 -0.07099447 0.9955316 0.1177671 -0.1032817 0.9876557 -0.0102433 -0.1563026 0.9876561 -0.02220379 -0.3386584 0.9406474 0.0662095 -0.3328712 0.940645 0.08982845 -0.2646228 0.9601591 0.123609 0.2506425 0.9601558 0.1643969 0.1441837 0.9757996 0.1235766 0.250602 0.9601704 0.06927774 0.1404802 0.9876568 -0.01745265 0.02612008 0.9995064 0.1536199 -0.03055682 0.9876574 -0.01009738 -0.02974704 0.9995065 0.02361768 -0.02071305 0.9995064 0.006175735 0.0942356 0.9955308 0.01842502 0.0926229 0.9955308 0.01430004 0.2182124 0.9757965 -0.01430004 0.2182124 0.9757965 0.01827792 0.2788352 0.960165 0.02602055 0.3969881 0.9174549 -0.3386584 0.02220379 0.9406474 -0.3213782 0.1090979 0.9406454 -0.4828133 0.1638955 0.8602498 -0.5000765 0.09946825 0.8602498 -0.6269069 0.2128171 0.7494642 -0.5812078 0.1973036 0.7894738 -0.7110295 0.2413562 0.6604425 -0.5885105 0.3932199 0.706423 -0.657503 0.4393393 0.6121036 -0.8155887 0.2768449 0.5081064 -0.4667258 0.5322004 0.7063496 -0.5946003 0.5214615 0.6119872 -0.3678304 0.5505115 0.7494251 -0.6575685 0.4393607 0.6120179 -0.2788514 0.01828261 0.9601603 -0.2788352 0.01827792 0.960165 -0.811688 -0.1614445 0.5613362 -0.8446943 -0.1680095 0.508197 -0.1536199 0.03055682 0.9876574 -0.1483179 0.05034656 0.9876574 -0.08943079 -0.03035691 0.9955302 -0.03134815 -0.002054608 0.9995064 -0.08943243 -0.03035708 0.9955302 -0.0207126 -0.02361736 0.9995065 0.08470085 0.04176953 0.9955305 -0.3969881 -0.02602056 0.9174549 -0.3969694 -0.02601517 0.9174631 -0.2070847 -0.07029665 0.9757941 -0.21823 -0.01430519 0.9757925 -0.4306434 -0.146186 0.8906042 -0.3568228 -0.1759635 0.91745 -0.6125064 -0.04013972 0.7894457 -0.6020266 -0.1197422 0.7894465 -0.4827905 -0.1638817 0.8602652 -0.4828133 -0.1638955 0.8602498 -0.6606499 -0.04329473 0.7494446 -0.6605958 -0.04330406 0.7494919 -0.7422719 -0.3660346 0.5612941 -0.7092825 -0.3497666 0.6120308 -0.2144819 -0.04266299 0.9757958 -0.250602 -0.1235766 0.9601704 -0.3568392 -0.1759675 0.9174427 -0.3308109 -0.2210459 0.9174436 -0.3833605 -0.3361998 0.8602351 -0.423963 -0.2832756 0.8602385 -0.2991352 -0.2623244 0.9174443 -0.1842457 -0.2100854 0.9601654 -0.4784863 -0.7161263 0.5081477 -0.4393607 -0.6575685 0.6120179 -0.4950513 -0.5644974 0.6605051 -0.5885105 -0.3932199 0.706423 -0.6243207 -0.4171532 0.6604595 -0.5645213 -0.4950869 0.660458 -0.04177211 -0.08470401 0.9955302 -0.123609 -0.2506425 0.9601558 -0.2526286 -0.3780953 0.8906305 -0.2832756 -0.423963 0.8602385 -0.2011411 -0.4078785 0.890605 -0.2011422 -0.4078799 0.8906042 -0.3660346 -0.7422719 0.5612941 -0.4393393 -0.657503 0.6121036 -0.3942518 -0.7994365 0.4532846 -0.3942535 -0.7994524 0.4532549 -0.2865265 -0.8440633 0.4532767 -0.3025135 -0.8911569 0.3381197 -0.1380973 -0.6942353 0.7063755 -0.3130445 -0.6347925 0.7064287 -0.255127 -0.2237474 0.9406632 -0.2821954 -0.1885613 0.9406436 -0.05034687 -0.1483207 0.9876569 0.02974722 -0.01009749 0.9995064 -0.07852291 -0.05246641 0.9955308 -0.07100692 -0.0622694 0.9955303 -0.01389431 0.02817439 0.9995065 -0.01745275 -0.02612034 0.9995064 -0.04266299 -0.2144819 0.9757958 -0.05034656 -0.1483179 0.9876574 0.002054843 -0.03134675 0.9995065 -0.03056051 -0.1536282 0.9876561 -0.06417558 -0.9787664 -0.1946735 -0.06196927 -0.9451171 -0.3208013 0.4338302 -0.8797154 -0.1946593 0.3044472 -0.8968577 -0.320871 0.1468319 -0.7381037 -0.6585159 0.2418955 -0.7126299 -0.6585175 0.246159 -0.3683982 -0.8964868 0.1035206 -0.3049514 -0.946725 -0.3968477 -0.804726 -0.4415064 -0.2884176 -0.849637 -0.4415113 0.05441935 -0.830198 -0.5548061 0.04920796 -0.7509137 -0.6585645 0.1913397 -0.9619974 -0.1948082 0.1913669 -0.962015 -0.1946945 -0.0363931 -0.5551834 -0.8309314 -0.04318389 -0.658778 -0.751097 -0.06282277 -0.3158558 -0.9467251 -0.08643024 -0.4345477 -0.8964921 -0.03813837 -0.1917302 -0.9807064 -0.01278488 -0.1950678 -0.9807065 -0.1788484 -0.5268679 -0.8309172 -0.1788574 -0.5268816 -0.8309066 0.0642876 0.01278851 -0.9978495 -0.004287994 0.0653987 -0.99785 0.0864602 -0.1753141 -0.9807088 0.03641415 -0.05449785 -0.9978498 -0.2660081 -0.7836631 0.5613482 0.05414075 -0.8258148 0.5613365 0.4784863 -0.7161263 0.5081478 0.4598086 -0.6881367 0.5612876 0.4413381 -0.8949591 -0.06533631 0.2541979 -0.7488437 0.6120594 0.4393607 -0.6575685 0.6120179 0.1638955 -0.4828133 0.8602498 0.146186 -0.4306434 0.8906042 0.1972948 -0.5811937 0.7894863 0.0994683 -0.5000746 0.8602508 0.02974203 -0.4538119 0.890601 0.0221993 -0.3386883 0.9406368 -0.1973035 -0.5812078 0.7894738 -0.1638817 -0.4827905 0.8602652 -0.1835845 -0.9230053 0.3381684 -0.1614445 -0.811688 0.5613362 -0.1927094 -0.9687653 0.1560673 -0.06538261 -0.9973711 0.03124215 -0.633288 0.7221156 0.2783802 -0.7221178 0.6332948 0.2783587 -0.6881367 0.4598086 0.5612876 -0.716137 0.4784892 0.5081297 -0.7075306 0.6205047 0.3381927 -0.7824883 0.5228455 0.3381489 -0.7514716 0.6590154 0.03144889 -0.6590247 0.7514662 0.03138335 -0.5485826 0.6255296 -0.5547699 -0.5543731 0.8296996 -0.06533754 -0.2865265 0.8440632 0.4532768 -0.173894 0.8742337 0.4532951 -0.6205047 0.7075306 0.3381926 -0.2865322 0.8440704 0.4532599 -0.3932199 0.5885105 0.706423 -0.3809367 0.772449 0.5081435 -0.05633225 0.8593696 0.5082427 -0.06004467 0.9161488 0.3963154 -0.3137469 0.924223 0.2176573 -0.4316799 0.8753747 0.2176502 -0.9288128 0.3152787 -0.1946946 -0.962015 0.1913669 -0.1946945 -0.9787664 0.06417558 -0.1946735 -0.9787414 0.06414609 -0.1948092 -0.5658057 0.49618 -0.6585357 -0.49618 0.5658057 -0.6585357 -0.5915688 0.6745693 -0.4415909 -0.6467382 0.7374406 -0.1947077 -0.6255296 0.5485826 -0.5547699 -0.4963482 0.4352696 -0.7511184 -0.8155654 0.544944 -0.1946512 -0.6918128 0.4622472 -0.5547276 -0.8800073 0.1750535 -0.4415241 -0.7337852 0.6435401 0.217751 -0.7426207 0.651289 0.1560038 -0.4345477 -0.08643024 -0.8964921 -0.4195449 -0.1424212 -0.8964922 -0.8160324 -0.1623344 -0.5547421 -0.7509137 -0.04920796 -0.6585645 -0.0432179 0.04928116 -0.9978495 -0.1917441 0.03813779 -0.9807037 -0.1851251 0.06283919 -0.9807038 -0.849637 0.2884176 -0.4415113 -0.6250919 0.2121897 -0.7511562 -0.8797154 0.4338302 -0.1946593 -0.7126011 0.241895 -0.6585487 -0.2677691 0.1789186 -0.9467248 -0.4626053 0.3091071 -0.8309327 -0.4183365 0.3668805 -0.8308991 -0.2921363 0.3331229 -0.896485 -0.4990205 0.2460836 -0.830916 -0.4990308 0.2460926 -0.8309071 -0.1469757 0.1288977 -0.9807056 -0.2888474 0.1424378 -0.9467199 -0.1469783 0.1288991 -0.9807051 -0.3683937 0.2461542 -0.8964899 -0.2123127 0.2421014 -0.9467366 -0.1625323 0.1086002 -0.9807086 -0.1032817 0.1177671 0.9876557 -0.0622694 0.07100692 0.9955303 0.01009749 -0.02974722 0.9995065 -0.03035691 0.08943079 0.9955302 -0.02817431 -0.01389424 0.9995065 -0.01009738 0.02974705 0.9995065 -0.03056051 0.1536282 0.9876561 0.07099448 0.0622627 0.9955316 0.01389431 -0.02817439 0.9995065 -0.06620684 0.3328651 0.9406474 -0.01828261 0.2788514 0.9601602 -0.123609 0.2506425 0.9601558 -0.0662095 0.3328712 0.940645 -0.1500968 0.3043824 0.9406499 -0.2832756 0.423963 0.8602385 -0.1643969 0.1441837 0.9757996 -0.08702464 0.1302411 0.9876558 -0.2821846 0.1885501 0.940649 -0.3043824 0.1500968 0.9406499 -0.3361639 0.383295 0.8602783 -0.4572959 0.2255195 0.8602449 -0.3767588 0.1278863 0.917441 -0.321357 0.1090852 0.9406541 -0.510342 0.3410015 0.7894738 -0.1177852 0.1032915 0.9876525 -0.2526286 0.3780953 0.8906305 -0.3361998 0.3833605 0.8602352 -0.330811 0.221046 0.9174436 -0.2323693 0.1552517 0.960157 -0.2100854 0.1842457 0.9601654 -0.2237474 0.255127 0.9406633 -0.1809297 0.5330132 0.8265358 -0.1809511 0.5330482 0.8265086 -0.02602055 0.3969881 0.9174549 0.0662095 0.3328712 0.940645 -0.0600579 0.91611 0.3964032 0.1836089 0.9230377 0.3380668 -0.1791032 0.9004751 0.3963162 0.05414075 0.8258148 0.5613365 0.06282451 0.9583865 0.2784749 -0.06156309 0.9390699 0.3381682 -0.1291543 0.6493477 0.7494444 -0.05173586 0.7890576 0.6121368 -0.06538261 0.9973711 0.03124216 -0.1949778 0.9803098 0.03124491 0.2884131 0.8496322 -0.4415235 0.2674509 0.7878799 -0.5547209 0.3679948 0.7462291 -0.5547269 0.3679944 0.7462286 -0.554728 0.1085431 0.5456948 -0.8309245 0.04921231 0.7508963 -0.6585842 -0.02897777 0.4420921 -0.8965014 -0.04317307 0.6587478 -0.7511241 -0.02106339 0.3213789 -0.9467164 -0.06283372 0.3158793 -0.9467165 0.1035221 0.3049678 -0.9467195 0.1959555 0.3973723 -0.8964912 0.02898822 0.05877901 -0.9978501 0.0628392 0.1851251 -0.9807038 0.2919737 0.5920416 -0.7511579 0.2460926 0.4990308 -0.8309071 0.05449785 0.03641415 -0.9978498 -0.0864602 0.1753141 -0.9807088 -0.1086002 0.1625323 -0.9807086 0.02898822 -0.05877901 -0.9978501 0.02106637 -0.06206009 -0.9978501 -0.1424404 0.2888505 -0.9467186 -0.3667651 0.5489141 -0.751117 -0.2919816 0.5920854 -0.7511203 -0.3679948 0.746229 -0.554727 0.1913397 0.9619974 -0.1948082 0.06195831 0.945102 -0.3208479 0.03641517 0.05450065 -0.9978495 0.03641415 0.05449785 -0.9978498 0.5915688 0.6745693 -0.4415909 0.7121395 0.6245164 -0.3206812 0.6467382 0.7374406 -0.1947078 0.7374401 0.6467267 -0.1947478 0.4622387 0.691777 -0.5547791 0.4622472 0.6918128 -0.5547275 0.3668805 0.4183365 -0.8308991 0.4352379 0.4962811 -0.7511809 0.4626053 0.3091071 -0.8309327 0.5489126 0.3667633 -0.751119 0.5489141 0.366765 -0.751117 0.4963482 0.4352696 -0.7511184 -0.06385175 0.9739501 0.217587 -0.06461836 0.9856434 0.1559858 0.06511705 0.9934365 0.09404086 0.0653749 0.9973701 0.03128984 0.06155893 0.9390801 0.3381404 0.06156309 0.9390699 0.3381682 0.06458046 0.9856111 0.1562051 0.06461836 0.9856434 0.1559858 0.5553084 0.8310518 0.03139163 0.431667 0.8753681 0.2177023 0.9957395 -0.06526013 -0.06514617 0.9787051 -0.1946587 -0.06514827 0.9687484 -0.1926833 0.1562043 0.9978582 -0.06541456 0 0.9978582 -0.06541456 0 0.9957334 -0.06527527 -0.06522337 0.9957334 0.06527526 -0.06522337 0.9739501 -0.06385175 0.217587 0.9572889 -0.190404 0.2175873 0.9353158 0.3175126 0.1561093 0.9687653 -0.1927094 0.1560673 -0.3200281 -0.9427464 0.09386841 -0.5422461 -0.8115094 0.2177648 -0.5422452 -0.8115283 0.2176971 -0.6564351 -0.7485135 0.09391826 -0.5531377 -0.827786 0.09385681 -0.4420511 -0.8964374 0.03147675 -0.522846 -0.7824886 0.3381475 -0.5336125 -0.7986022 0.278374 -0.441364 -0.8949554 -0.06521202 -0.4338378 -0.8796942 -0.194738 -0.3175126 -0.9353158 0.1561093 0.0628245 -0.9583865 0.278475 -0.4368483 -0.885886 0.1561073 -0.1942367 -0.9764499 0.09390222 -0.5877163 -0.6701876 0.4532529 -0.5877787 -0.6702216 0.4531217 -0.6474497 -0.567826 0.5083135 -0.567826 -0.6474497 0.5083135 -0.8911569 -0.3025135 0.3381197 -0.8440508 -0.4162421 0.3381135 -0.9094828 -0.3087248 0.278442 -0.8911775 -0.302511 0.3380679 -0.8753681 -0.431667 0.2177023 -0.8753747 -0.4316799 0.2176502 -0.946929 0.3214425 0 -0.946929 0.3214425 0 -0.9856434 0.06461836 0.1559858 -0.9230377 0.1836089 0.3380668 -0.8440704 0.2865322 0.4532599 -0.8212572 0.5487751 0.1561488 -0.9427464 0.3200282 0.0938684 -0.6942611 0.138096 0.7063504 -0.6942354 0.1380973 0.7063755 -0.7836131 0.2660064 0.5614188 -0.8155322 0.2768445 0.5081972 -0.8693512 0.2951107 0.3964065 -0.7994524 0.3942535 0.4532549 -0.7824885 0.522846 0.3381475 -0.7986023 0.5336125 0.278374 -0.8155654 -0.544944 -0.1946511 -0.8797154 -0.4338302 -0.1946593 -0.7875123 -0.526177 -0.320877 -0.7460454 -0.4984708 -0.4415236 -0.6255637 -0.5485955 -0.5547189 -0.6255296 -0.5485826 -0.5547699 -0.4622387 -0.691777 -0.5547792 -0.3328162 -0.6748929 -0.6585992 -0.5915688 -0.6745693 -0.4415909 -0.6245164 -0.7121395 -0.3206812 -0.5449439 -0.8155655 -0.1946512 -0.4338302 -0.8797154 -0.1946592 0.1625323 0.1086002 -0.9807086 -0.01278851 0.0642876 -0.9978495 0.0653987 0.004287994 -0.99785 0.1950885 0.01279136 -0.9807022 0.4420921 -0.02897778 -0.8965014 0.6474748 0.1287967 -0.7511243 0.8160324 0.1623344 -0.554742 0.7380489 0.1468015 -0.6585843 0.2123127 0.2421014 -0.9467366 0.2421014 0.2123127 -0.9467366 0.4990308 0.2460926 -0.8309072 0.1851251 0.06283919 -0.9807038 0.7381037 0.1468319 -0.6585159 0.6250919 0.2121897 -0.7511562 0.9787664 0.06417558 -0.1946735 0.9449133 0.3207439 -0.06528494 0.849637 0.2884176 -0.4415113 0.7460454 0.4984708 -0.4415236 0.7875123 0.526177 -0.3208771 0.7875265 0.5262089 -0.3207899 0.8494486 0.4189026 -0.3208703 0.8494459 0.4189028 -0.3208772 0.2888474 -0.1424378 -0.9467199 0.3973724 -0.1959556 -0.8964913 0.3158558 -0.06282277 -0.9467251 0.2677813 -0.1789318 -0.9467188 0.8494486 -0.4189025 -0.3208702 0.8953409 -0.05868945 -0.4414979 0.849637 -0.2884176 -0.4415113 0.6250872 -0.2121895 -0.7511602 0.7380488 -0.1468015 -0.6585843 0.6474407 -0.1287791 -0.7511568 0.6564339 0.7485168 0.0938992 0.9427464 0.3200282 0.0938684 0.804726 -0.3968477 -0.4415064 0.8797154 -0.4338302 -0.1946593 0.5657829 -0.49617 -0.6585628 0.746229 -0.3679948 -0.554727 0.962015 -0.1913669 -0.1946945 0.9786907 -0.1946841 -0.06528675 0.9572889 0.190404 0.2175873 0.9572533 0.1904209 0.2177292 0.749248 -0.04911517 0.6604658 0.844667 -0.1680129 0.5082415 0.6125064 -0.04013972 0.7894457 0.5616474 -0.03682208 0.8265569 0.657503 -0.4393393 0.6121036 0.7836132 -0.2660064 0.5614188 0.33312 -0.2921322 -0.8964875 0.3683982 -0.246159 -0.8964868 0.6467381 -0.7374406 -0.1947077 0.7502323 -0.6579454 -0.06526433 0.2421201 -0.2123394 -0.9467258 0.05450065 -0.03641517 -0.9978495 0.05449785 -0.03641415 -0.9978498 0.2123127 -0.2421014 -0.9467366 0.2123394 -0.2421201 -0.9467258 0.006129079 -0.03081169 0.9995064 0.0926282 0.01842486 0.9955303 0.2821954 -0.1885613 0.9406436 0.0926229 -0.01842502 0.9955308 0.3969693 -0.02601517 0.9174631 0.07100692 0.0622694 0.9955303 0.4977755 -0.4365361 0.7494369 0.4239582 -0.2832737 0.8602415 0.4827905 -0.1638817 0.8602652 0.4828133 -0.1638955 0.8602498 0.6564351 -0.7485135 0.09391827 0.6590247 -0.7514663 0.03138332 0.4422831 -0.8968754 0 0.4422831 -0.8968754 0 0.4420652 -0.8964336 0.03138695 0.2998335 -0.3418709 0.8906313 0.2011422 -0.4078799 0.8906042 0.1441837 -0.1643969 0.9757996 0.1177852 -0.1032915 0.9876525 0.254209 -0.7488598 0.612035 0.466704 -0.5321579 0.706396 0.4667259 -0.5322005 0.7063496 0.5322004 -0.4667258 0.7063496 0.5885242 -0.3932351 0.7064031 0.532158 -0.466704 0.706396 0.4680414 -0.312737 0.8265185 0.423218 -0.3711509 0.8265189 0.6474497 -0.567826 0.5083134 0.6475591 -0.5678725 0.5081221 0.7421812 -0.3660196 0.5614238 0.6221751 -0.5456446 0.5614001 0.8440704 -0.2865322 0.4532599 0.7488598 -0.254209 0.612035 0.6702216 -0.5877786 0.4531217 0.6053399 -0.690246 0.3963887 0.7824883 -0.5228455 0.338149 0.7824886 -0.522846 0.3381475 0.7633261 -0.510042 0.3964727 0.823372 -0.4060444 0.3964676 0.9764499 -0.1942367 0.09390229 0.9427464 -0.3200281 0.09386839 0.827786 -0.5531377 0.09385681 0.8212572 -0.548775 0.1561488 -0.2418955 0.7126297 -0.6585175 -0.1468319 0.7381037 -0.6585159 -0.2884131 0.8496322 -0.4415235 -0.1750535 0.8800073 -0.4415241 -0.05440636 0.8302413 -0.5547426 0.04920796 0.7509137 -0.6585645 -0.3044471 0.8968577 -0.320871 -0.2884176 0.849637 -0.4415113 0.119744 0.6019724 0.7894875 0.1098169 0.5520675 0.8265359 0.04012671 0.6124635 0.7894798 -0.04012671 0.6124635 0.7894798 -0.0463033 0.7063484 0.7063484 0.138096 0.6942611 0.7063504 0.2128243 0.6269851 0.7493967 0.2275188 0.6702757 0.706375 -0.05634223 0.8593943 0.5081999 -0.1614445 0.811688 0.5613362 -0.05171819 0.7891412 0.6120306 -0.04910658 0.749292 0.6604165 0.1614445 0.811688 0.5613362 0.05634223 0.8593943 0.5081999 0.1680129 0.844667 0.5082415 0.173894 0.8742337 0.4532951 0.4393607 0.6575685 0.6120179 0.4667259 0.5322005 0.7063496 0.5322005 0.4667259 0.7063496 0.417161 0.6243434 0.6604332 0.1644206 0.1441968 0.9757936 0.3409981 0.5103329 0.7894812 0.4680413 0.312737 0.8265185 0.4078799 0.2011422 0.8906041 0.5048269 0.2489598 0.8265402 0.5938616 0.2928522 0.7493771 0.09673465 0.1961493 0.9757909 0.07760796 0.3901775 0.9174631 0.04266268 0.2144962 0.9757926 0.07029287 0.2070785 0.9757957 0.2714648 0.5504869 0.7894752 0.2714597 0.5504806 0.7894813 0.4393393 0.657503 0.6121036 0.3932199 0.5885105 0.706423 0.2660064 0.7836131 0.5614188 0.3321177 0.6734561 0.6604201 0.09946825 0.5000765 0.8602498 0.08872292 0.4460543 0.8905975 0.4046988 0.4614722 0.7894697 0.2832737 0.4239581 0.8602416 0.1638817 0.4827904 0.8602651 0.2254982 0.4572693 0.8602648 0.1214998 0.1818519 0.9757908 0.1214861 0.1818166 0.975799 0.1818519 0.1214998 0.9757908 0.02361736 -0.0207126 0.9995065 0.0622694 0.07100692 0.9955303 0.330811 0.221046 0.9174436 0.4572693 0.2254982 0.8602648 0.2323693 0.1552517 0.960157 0.2100854 0.1842457 0.9601654 0.2740814 0.05451477 0.9601601 0.4538119 -0.02974204 0.890601 0.4306086 -0.146165 0.8906245 0.3328712 0.0662095 0.940645 0.6124635 0.04012671 0.7894798 0.5087787 0.03335596 0.8602509 0.3308109 0.2210459 0.9174436 0.3568392 0.1759675 0.9174427 0.5946003 0.5214615 0.6119872 0.6221751 0.5456446 0.5614001 0.7994524 0.3942535 0.4532549 0.6702216 0.5877786 0.4531217 0.7161263 0.4784863 0.5081477 0.772449 0.3809367 0.5081435 0.7411693 0.4952233 0.4532349 0.7411631 0.4952148 0.4532544 0.8753747 0.4316799 0.2176502 0.892922 0.4403176 0.0938655 0.3902252 0.07762875 0.917441 0.4827904 0.1638817 0.8602651 0.6702757 0.2275188 0.706375 0.6493477 0.1291543 0.7494444 0.7063484 0.0463033 0.7063484 0.5087788 -0.03335597 0.8602509 0.8258315 -0.054147 0.5613114 0.8155322 0.2768445 0.5081972 0.6734388 0.3321027 0.6604453 0.5937682 0.2928311 0.7494593 0.8116791 0.1614454 0.5613488 0.7836631 0.2660081 0.5613482 0.6702877 0.2275266 0.7063611 0.6575685 0.4393607 0.6120179 0.4680194 0.3127138 0.8265398 0.5812078 0.1973036 0.7894738 0.8212903 0.548768 0.1560001 0.7426207 0.651289 0.1560039 0.8614147 0.4247957 0.2784125 0.9687653 0.1927094 0.1560673 0.5885105 -0.3932199 0.706423 0.4365361 -0.4977756 0.749437 0.06927774 -0.1404802 0.9876568 0.06927877 -0.1404845 0.9876561 -0.01389424 -0.02817431 0.9995065 -0.01745265 -0.02612009 0.9995064 0.07100692 -0.0622694 0.9955303 0.0622694 -0.07100692 0.9955303 0.02974705 -0.01009738 0.9995065 0.002054843 0.03134675 0.9995065 -0.1885501 -0.2821846 0.9406491 -0.08983473 -0.2646333 0.9601557 0.01827792 -0.2788352 0.960165 0.0545147 -0.2740849 0.9601591 -0.01827792 -0.2788352 0.960165 -0.03055682 -0.1536199 0.9876574 -0.01828261 -0.2788514 0.9601602 -0.06620684 -0.3328651 0.9406474 0.2526636 0.3781291 0.8906063 0.221046 0.330811 0.9174436 0.08983475 0.2646333 0.9601557 0.1552336 0.232323 0.9601711 0.04177212 0.08470401 0.9955302 0.03035691 0.08943079 0.9955302 -0.006177782 0.09424244 0.9955301 -0.02974722 -0.01009749 0.9995064 -0.3969694 0.02601517 0.9174631 -0.3969881 0.02602056 0.9174548 -0.6347926 0.3130445 0.7064287 -0.6734388 0.3321026 0.6604453 -0.6701875 0.5877163 0.4532529 -0.7161263 0.4784863 0.5081478 -0.5214616 0.5946003 0.6119872 -0.4393393 0.657503 0.6121036 -0.2998335 0.3418709 0.8906313 -0.3711509 0.423218 0.8265189 -0.6243433 0.417161 0.6604333 -0.5505115 0.3678304 0.7494251 -0.2144962 -0.04266268 0.9757926 -0.2740849 -0.0545147 0.9601592 -0.1536199 -0.03055682 0.9876574 -0.1404802 -0.06927774 0.9876567 -0.4078785 -0.2011411 0.890605 -0.4078799 -0.2011422 0.8906042 -0.3043824 -0.1500968 0.9406499 -0.1818519 -0.1214998 0.9757907 -0.6243433 -0.417161 0.6604333 -0.6575685 -0.4393607 0.6120179 -0.4977797 -0.436542 0.7494308 -0.5505115 -0.3678304 0.7494251 -0.1235766 -0.250602 0.9601704 -0.1500968 -0.3043824 0.9406499 -0.3127138 -0.4680193 0.8265398 -0.2489598 -0.5048269 0.8265402 -0.2254981 -0.4572693 0.8602648 -0.1809511 -0.5330482 0.8265085 -0.349755 -0.7092204 0.6121094 -0.3497666 -0.7092825 0.6120308 -0.4598086 -0.6881366 0.5612878 -0.4597468 -0.6880859 0.5614006 -0.3809566 -0.7724693 0.5080977 -0.2951109 -0.8693499 0.3964094 -0.510042 -0.7633261 0.3964727 -0.4060647 -0.8233897 0.39641 -0.4060443 -0.8233719 0.3964677 -0.4162421 -0.8440508 0.3381135 -0.3678304 -0.5505115 0.7494251 -0.3932199 -0.5885105 0.706423 -0.1032817 -0.1177671 0.9876557 -0.1032915 -0.1177852 0.9876525 -0.2551756 -0.2237743 0.9406437 -0.2237474 -0.255127 0.9406632 -0.06927877 -0.1404845 0.9876561 -0.06927774 -0.1404802 0.9876567 0.01745265 -0.02612009 0.9995064 -0.01842486 -0.0926282 0.9955303 -0.006128613 -0.03081067 0.9995065 0.05869702 -0.8953548 -0.4414687 -0.06195831 -0.945102 -0.3208479 0.4180792 -0.6257128 -0.6585541 0.5916031 -0.6745845 -0.4415217 0.2674296 -0.7878539 -0.554768 0.288413 -0.8496322 -0.4415235 0.2121895 -0.6250872 -0.7511602 0.3328162 -0.6748929 -0.6585992 0.2921363 -0.3331229 -0.896485 0.3667633 -0.5489126 -0.7511188 0.5485826 -0.6255296 -0.5547699 0.4189025 -0.8494486 -0.3208702 -0.3679944 -0.7462286 -0.5547279 -0.3679948 -0.746229 -0.554727 0.1287791 -0.6474407 -0.7511568 0.0492123 -0.7508962 -0.6585842 0.3200323 -0.9427416 0.09390204 0.06156309 -0.9390699 0.3381682 -0.02974203 -0.4538119 0.890601 -0.05171819 -0.7891412 0.6120306 0.1904209 -0.9572533 0.2177292 0.4952148 -0.7411631 0.4532545 0.4171532 -0.6243207 0.6604595 0.349755 -0.7092204 0.6121094 0.2928311 -0.5937682 0.7494593 0.2128171 -0.6269069 0.7494643 0.2768445 -0.8155322 0.5081972 0.154273 -0.7756191 0.6120578 0.1098169 -0.5520675 0.826536 0.1098045 -0.5520396 0.8265563 -0.0221993 -0.3386883 0.9406368 -0.03334113 -0.5087279 0.8602815 -0.08872401 -0.445999 0.890625 -0.1638955 -0.4828133 0.8602498 -0.2714648 -0.5504869 0.7894752 -0.2714596 -0.5504806 0.7894813 -0.254209 -0.7488598 0.612035 -0.2541979 -0.7488437 0.6120593 -0.04012671 -0.6124635 0.7894798 -0.154273 -0.7756191 0.6120578 -0.06541456 -0.9978582 0 -0.06541456 -0.9978582 -0 -0.06458046 -0.9856111 0.1562051 -0.1904209 -0.9572533 0.2177292 -0.8929217 0.4403177 0.0938673 -0.7485168 0.6564339 0.0938992 -0.5449271 0.8155624 -0.1947114 -0.6579454 0.7502323 -0.06526432 -0.4403177 0.8929217 0.09386721 -0.431667 0.8753681 0.2177023 -0.424796 0.8614101 0.278426 -0.6435401 0.7337852 0.217751 -0.567826 0.6474497 0.5083134 -0.6053398 0.690246 0.3963888 -0.510042 0.7633261 0.3964727 -0.5100479 0.7633561 0.3964071 -0.2128243 0.6269851 0.7493967 -0.2275188 0.6702757 0.706375 -0.302511 0.8911775 0.3380679 -0.4060646 0.8233897 0.39641 -0.308734 0.9094909 0.2784055 -0.1873859 0.9419964 0.278441 -0.8949591 0.4413381 -0.0653363 -0.544944 0.8155654 -0.1946512 -0.6467267 0.73744 -0.1947479 -0.8296996 0.5543731 -0.06533754 -0.5262089 0.7875265 -0.3207899 -0.6245093 0.7120942 -0.320796 -0.6257127 0.4180792 -0.658554 -0.6748929 0.3328162 -0.6585991 -0.8047389 0.3968481 -0.4414826 -0.73744 0.6467267 -0.1947479 -0.651289 0.7426207 0.1560039 -0.651262 0.7426193 0.156123 -0.5268816 -0.1788574 -0.8309066 -0.5268679 -0.1788484 -0.8309172 -0.7381037 -0.1468319 -0.6585159 -0.7126299 -0.2418955 -0.6585175 -0.8800073 -0.1750535 -0.4415241 -0.880036 -0.1750466 -0.4414696 -0.7381037 0.1468319 -0.6585159 -0.8160324 0.1623344 -0.554742 -0.804726 0.3968477 -0.4415064 -0.6749287 0.3328506 -0.6585453 -0.8968577 0.3044471 -0.320871 -0.8968679 0.3044447 -0.3208447 -0.3331229 0.2921363 -0.896485 -0.2921321 0.33312 -0.8964875 -0.07100692 0.0622694 0.9955303 -0.07099448 0.0622627 0.9955316 0.0207126 -0.02361736 0.9995065 -0.02612034 -0.01745275 0.9995064 -0.04177212 0.08470401 0.9955302 -0.03055682 0.1536199 0.9876574 -0.01842486 0.0926282 0.9955303 -0.05034687 0.1483207 0.9876569 -0.006175735 0.09423559 0.9955308 -0.0102433 0.1563026 0.9876561 -0.04266268 0.2144962 0.9757926 -0.0545147 0.2740849 0.9601592 -0.08872401 0.445999 0.8906251 -0.146165 0.4306086 0.8906246 -0.1759635 0.3568227 0.91745 -0.1500939 0.3043709 0.9406542 -0.096725 0.1961373 0.9757942 -0.03035708 0.08943243 0.9955302 -0.08702388 0.1302403 0.987656 -0.1214861 0.1818166 0.975799 -0.5504806 0.2714597 0.7894813 -0.5504869 0.2714648 0.7894752 -0.4239581 0.2832737 0.8602416 -0.3833605 0.3361998 0.8602351 -0.378129 0.2526636 0.8906063 -0.4078799 0.2011422 0.8906041 -0.2254982 0.4572693 0.8602648 -0.2255196 0.457296 0.8602449 -0.2101042 0.1842712 0.9601565 -0.1818166 0.1214861 0.975799 -0.1885613 0.2821954 0.9406436 -0.255127 0.2237474 0.9406632 -0.0628245 0.9583865 0.2784749 -0.06155893 0.9390801 0.3381404 -0.1835845 0.9230053 0.3381684 -0.1836089 0.9230377 0.3380668 -0.05414075 0.8258148 0.5613364 -0.054147 0.8258315 0.5613114 -0.1942367 0.9764499 0.09390229 -0.1950025 0.9802997 0.03140827 0.1623242 0.8160158 -0.5547692 0.1750535 0.8800073 -0.4415241 -0.05441934 0.830198 -0.5548061 -0.05868945 0.8953409 -0.4414979 0.1623344 0.8160324 -0.5547421 0.1468319 0.7381037 -0.6585159 0.04318388 0.658778 -0.7510969 -0.04318388 0.658778 -0.751097 -0.0363931 0.5551834 -0.8309314 0.03639309 0.5551833 -0.8309314 -0.08643024 0.4345477 -0.8964921 -0.1287967 0.6474748 -0.7511243 -0.08643121 0.4345283 -0.8965015 -0.06282277 0.3158557 -0.9467251 0.2921321 0.33312 -0.8964875 0.2123394 0.2421201 -0.9467258 0.1086109 0.1625421 -0.9807057 0.1086002 0.1625323 -0.9807086 0.1035207 0.3049515 -0.946725 0.06282277 0.3158557 -0.9467251 0.06284349 0.1851319 -0.9807023 0.01278548 0.06428114 -0.9978499 0.1788484 0.5268679 -0.8309172 0.2460836 0.4990205 -0.830916 0.2121895 0.6250871 -0.7511602 0.2121897 0.6250919 -0.7511562 0.3667633 0.5489126 -0.7511189 0.3091189 0.4626396 -0.8309091 -0.3091071 0.4626053 -0.8309327 -0.4180792 0.6257127 -0.658554 -0.1035221 0.3049678 -0.9467195 -0.3667633 0.5489126 -0.751119 -0.3668437 0.4183117 -0.8309278 -0.3091189 0.4626397 -0.8309091 0.06196926 0.9451171 -0.3208013 0.06417558 0.9787664 -0.1946735 0.6467267 0.73744 -0.1947479 0.6579454 0.7502323 -0.06526432 0.3973652 0.195954 -0.8964947 0.3049678 0.1035221 -0.9467195 -0.1926833 0.9687484 0.1562043 -0.1927094 0.9687653 0.1560673 0.06385175 0.9739501 0.217587 0.190404 0.9572889 0.2175873 0.3214425 0.946929 -0 0.3214425 0.946929 0 0.321294 0.9464586 0.03140661 0.4403176 0.892922 0.0938655 0.3200282 0.9427464 0.0938684 0.6593416 0.7518436 -0 0.6593416 0.7518436 0 0.5555823 0.8314616 -0 0.5555823 0.8314616 0 0.9451171 -0.06196927 -0.3208013 0.9787664 -0.06417558 -0.1946735 0.9973711 0.06538261 0.03124214 0.9856434 0.06461836 0.1559858 0.9934365 0.06511705 0.09404086 0.9856111 -0.06458046 0.1562052 0.9856434 -0.06461836 0.1559858 -0.5553084 -0.8310518 0.03139121 -0.5553085 -0.8310518 0.03139163 -0.4403177 -0.8929217 0.09386729 -0.4403176 -0.892922 0.09386551 -0.4368506 -0.8858797 0.1561372 -0.431667 -0.8753681 0.2177023 -0.6205083 -0.7075434 0.3381594 -0.6332879 -0.7221156 0.2783802 -0.3200323 -0.9427416 0.09390204 -0.321294 -0.9464586 0.03140661 -0.1836089 -0.9230377 0.3380667 -0.302511 -0.8911775 0.3380679 -0.8233897 -0.4060647 0.39641 -0.7994365 -0.3942518 0.4532846 -0.9419963 -0.1873858 0.278441 -0.9572533 -0.1904209 0.2177292 -0.8614147 -0.4247957 0.2784125 -0.9242229 -0.3137469 0.2176574 -0.885886 -0.4368483 0.1561073 -0.8858797 -0.4368506 0.1561372 -0.9242122 0.3137313 0.2177259 -0.9353158 0.3175126 0.1561093 -0.9230053 0.1835845 0.3381684 -0.9004751 0.1791032 0.3963162 -0.9464599 0.3212833 0.03147294 -0.9464586 0.321294 0.03140664 -0.9419963 0.1873858 0.278441 -0.8440424 0.4162313 0.338148 -0.8753681 0.431667 0.2177023 -0.7485135 0.6564351 0.09391827 -0.7836631 0.2660081 0.5613483 -0.7488598 0.254209 0.612035 -0.8446943 0.1680095 0.508197 -0.811688 0.1614445 0.5613361 -0.7994365 0.3942518 0.4532846 -0.8233897 0.4060647 0.39641 -0.7075434 0.6205083 0.3381595 -0.7221156 0.6332879 0.2783802 -0.5485826 -0.6255296 -0.5547699 -0.418067 -0.6256706 -0.6586017 -0.3152787 -0.9288128 -0.1946946 -0.3207439 -0.9449133 -0.06528494 0.4421025 0.02898112 -0.8964962 0.4420921 0.02897778 -0.8965014 0.4345283 -0.08643121 -0.8965015 0.5551931 -0.03639119 -0.8309249 0.1753456 -0.08646722 -0.9807025 0.1851251 -0.06283919 -0.9807038 0.6256706 0.418067 -0.6586017 0.691777 0.4622387 -0.5547792 0.1753456 0.08646722 -0.9807025 0.1851319 0.06284349 -0.9807023 0.2888474 0.1424378 -0.9467199 0.4990205 0.2460836 -0.830916 0.1917302 0.03813837 -0.9807064 0.1917441 0.03813779 -0.9807037 0.7878799 0.2674508 -0.5547209 0.8496322 0.2884131 -0.4415235 0.9451171 0.06196927 -0.3208013 0.945102 0.06195831 -0.3208479 0.9289337 0.1847727 -0.3208446 0.8968679 0.3044447 -0.3208447 0.9786909 0.1946841 -0.06528677 0.9787051 0.1946587 -0.06514827 0.1625421 -0.1086109 -0.9807057 0.1625323 -0.1086002 -0.9807086 0.06206239 -0.02106657 -0.9978499 0.06428114 -0.01278548 -0.9978499 0.7508962 -0.0492123 -0.6585842 0.8953409 0.05868945 -0.4414979 0.8160324 -0.1623344 -0.5547421 0.8800073 -0.1750535 -0.4415241 0.8302413 -0.05440637 -0.5547426 0.6474749 -0.1287967 -0.7511242 0.7460454 -0.4984708 -0.4415236 0.5920853 -0.2919816 -0.7511203 0.6745845 -0.5916031 -0.4415217 0.691777 -0.4622387 -0.5547791 0.8258315 0.054147 0.5613114 0.9583865 -0.0628245 0.2784749 0.811688 -0.1614445 0.5613362 0.7488437 -0.2541979 0.6120593 0.6269852 -0.2128243 0.7493967 0.5504869 -0.2714648 0.7894752 0.711009 -0.2413548 0.660465 0.7364289 -0.1464834 0.6604659 0.6942353 -0.1380973 0.7063755 0.6605958 -0.04330407 0.7494919 0.6734388 -0.3321027 0.6604453 0.673456 -0.3321177 0.6604201 0.7092825 -0.3497666 0.6120308 0.7092205 -0.3497551 0.6121092 0.3331229 -0.2921363 -0.896485 0.4183117 -0.3668437 -0.8309278 0.6245165 -0.7121396 -0.3206812 0.7121396 -0.6245165 -0.3206812 0.08470085 -0.04176953 0.9955305 0.08470401 -0.04177211 0.9955302 0.21823 0.01430519 0.9757925 0.1536282 -0.03056051 0.9876561 0.2646228 -0.08982845 0.9601591 0.1302403 -0.08702388 0.987656 0.3386584 -0.02220379 0.9406474 0.3386883 -0.0221993 0.9406368 0.5087279 -0.03334113 0.8602815 0.330811 -0.221046 0.9174436 0.2646333 -0.08983475 0.9601557 0.5000765 -0.09946825 0.8602498 0.5555823 -0.8314616 0 0.5555823 -0.8314616 0 0.5422453 -0.8115283 0.2176971 0.5422461 -0.8115094 0.2177648 0.2991793 -0.262384 0.9174129 0.1759634 -0.3568227 0.91745 0.2832756 -0.423963 0.8602385 0.2254981 -0.4572693 0.8602647 0.2714648 -0.5504869 0.7894752 0.2928522 -0.5938615 0.7493771 0.1643969 -0.1441837 0.9757996 0.1214861 -0.1818166 0.975799 0.3932351 -0.5885242 0.7064031 0.3932199 -0.5885105 0.706423 0.4950868 -0.5645213 0.660458 0.4950513 -0.5644974 0.6605051 0.5505115 -0.3678304 0.7494251 0.5505467 -0.3678685 0.7493805 0.457296 -0.2255196 0.8602449 0.3833605 -0.3361998 0.8602351 0.1842712 -0.2101042 0.9601565 0.262384 -0.2991793 0.9174129 0.3361639 -0.383295 0.8602783 0.4046988 -0.4614722 0.7894696 0.5945839 -0.5214365 0.6120245 0.6575685 -0.4393606 0.612018 0.9004751 -0.1791032 0.3963162 0.9230053 -0.1835845 0.3381684 0.7724693 -0.3809566 0.5080977 0.8155887 -0.2768449 0.5081063 0.9353239 -0.3175085 0.1560694 0.892922 -0.4403176 0.09386551 0.924223 -0.3137469 0.2176573 0.8753681 -0.431667 0.2177023 0.8964374 -0.4420511 0.03147675 0.9464599 -0.3212833 0.03147292 -0.2674296 0.7878539 -0.554768 -0.2674509 0.7878799 -0.5547209 -0.1542824 0.7756377 0.6120319 -0.1464834 0.7364289 0.6604659 0.0463029 0.7063471 0.7063496 0.04911517 0.749248 0.6604658 0.5885242 0.3932351 0.7064031 0.5644974 0.4950513 0.6605051 0.510342 0.3410015 0.7894738 0.4977797 0.436542 0.7494308 0.4239581 0.2832737 0.8602416 0.423963 0.2832756 0.8602385 0.5811936 0.1972948 0.7894863 0.5504806 0.2714597 0.7894813 0.4614654 0.4046952 0.7894754 0.4614722 0.4046988 0.7894697 0.0222038 0.3386584 0.9406474 0.01828261 0.2788514 0.9601603 0.1090979 0.3213782 0.9406454 0.05034656 0.1483179 0.9876574 0.06620684 0.3328651 0.9406474 0.05451477 0.2740814 0.9601601 0.2928311 0.5937682 0.7494593 0.2928522 0.5938616 0.7493771 0.4950868 0.5645213 0.660458 0.4950513 0.5644974 0.6605051 0.254209 0.7488598 0.612035 0.2413548 0.711009 0.660465 0.146186 0.4306434 0.8906043 0.08872401 0.445999 0.890625 0.2623244 0.2991352 0.9174443 0.383295 0.3361639 0.8602783 0.3678304 0.5505115 0.7494251 0.3678685 0.5505466 0.7493805 0.2489598 0.5048269 0.8265402 0.2255195 0.4572959 0.8602449 0.1302403 0.08702388 0.987656 0.02612034 0.01745275 0.9995064 0.03081169 0.006129078 0.9995064 0.0622627 0.07099448 0.9955316 0.0207126 0.02361736 0.9995065 0.3361639 0.383295 0.8602783 0.2237743 0.2551756 0.9406437 0.2821954 0.1885613 0.9406436 0.3043824 0.1500968 0.9406499 0.1842457 0.2100854 0.9601654 0.1302411 0.08702464 0.9876558 0.3969881 -0.02602056 0.9174549 0.3328651 0.06620684 0.9406474 0.4538198 -0.02974084 0.890597 0.5520396 -0.1098045 0.8265563 0.2740849 0.05451469 0.9601592 0.1483207 0.05034687 0.9876569 0.4597468 0.6880859 0.5614006 0.6221959 0.545678 0.5613446 0.6880859 0.4597468 0.5614006 0.6881366 0.4598086 0.5612878 0.8440424 0.4162313 0.338148 0.7633261 0.510042 0.3964727 0.8911775 0.302511 0.3380679 0.8440508 0.4162421 0.3381135 0.8929217 0.4403177 0.0938673 0.9419963 0.1873858 0.278441 0.5000765 0.09946825 0.8602498 0.6125064 0.04013972 0.7894457 0.4828132 0.1638955 0.8602498 0.4078785 0.2011411 0.890605 0.7890576 0.05173586 0.6121368 0.7890576 -0.05173586 0.6121368 0.7063472 -0.04630291 0.7063496 0.6494005 -0.1291787 0.7493943 0.8894771 0.05829659 0.4532461 0.811688 0.1614445 0.5613362 0.8446943 0.1680095 0.508197 0.7092825 0.3497666 0.6120309 0.6269069 0.2128171 0.7494642 0.5504869 0.2714648 0.7894752 0.7364289 0.1464834 0.6604658 0.7063471 0.0463029 0.7063496 0.7488598 0.254209 0.612035 0.7488437 0.254198 0.6120593 0.6734561 0.3321177 0.6604201 0.7092204 0.349755 0.6121093 0.7110295 0.2413562 0.6604425 0.5885105 0.3932199 0.706423 0.6347926 0.3130445 0.7064287 0.6348453 0.3130893 0.7063615 0.8310518 0.5553083 0.03139121 0.7514662 0.6590247 0.03138335 0.7985873 0.5336117 0.2784187 0.7337852 0.6435401 0.217751 0.04177211 -0.08470401 0.9955302 0.01009749 0.02974722 0.9995064 0.07852576 0.05246944 0.9955303 0.006128613 -0.03081067 0.9995065 0.01842486 -0.0926282 0.9955303 -0.02612009 -0.01745265 0.9995064 0.07099447 -0.06226269 0.9955316 -0.002054843 0.03134675 0.9995065 0.002054608 0.03134815 0.9995064 -0.1090852 -0.321357 0.9406541 -0.1500939 -0.3043709 0.9406542 0.1278863 -0.3767588 0.917441 0.06620684 -0.3328651 0.9406473 0.07029287 -0.2070785 0.9757959 0.05034656 -0.1483179 0.9876574 0.0102433 -0.1563026 0.9876561 0.01024304 -0.1563043 0.9876559 -0.01430519 -0.21823 0.9757925 -0.01430005 -0.2182124 0.9757965 0.3361998 0.3833605 0.8602352 0.2832756 0.423963 0.8602385 0.03035708 0.08943243 0.9955302 0 0 1 0 0 1 0 0 1 0 0 1 0 0 1 0 0 1 0 0 1 0 0 1 0 0 1 0 0 1 0 0 1 0 0 1 0 0 1 0 0 1 0 0 1 0 0 1 0 0 1 0 0 1 0 0 1 0 0 1 0 0 1 0 0 1 0 0 1 0 0 1 0 0 1 0 0 1 -0 0 1 0 0 1 -0 0 1 0 0 1 -0 0 1 0 0 1 -0 0 1 0 0 1 -0 0 1 0 0 1 -0 0 1 0 0 1 -0 0 1 0 0 1 -0 0 1 0 0 1 -0 0 1 0 0 1 -0 0 1 0 0 1 -0 0 1 0 0 1 -0 0 1 0 0 1 -0 0 1 0 0 1 -0 0 1 0 0 1 -0 0 1 0 0 1 -0 0 1 0 0 1 -0 0 1 0 0 1 -0 0 1 0 0 1 -0 0 1 0 0 1 -0 0 1 0 0 1 -0 0 1 0 0 1 -0 0 1 -0 0 1 0 0 1 0 0 1 0 0 1 0 0 1 0 0 1 0 0 1 0 0 1 0 0 1 0 0 1 0 0 1 0 0 1 0 0 1 0 0 1 0 0 1 0 0 1 0 0 1 0 0 1 0 0 1 0 0 1 0 0 1 0 0 1 0 0 1 0 0 1 0 0 1 0 0 1 0 0 1 -0.6221752 0.5456448 0.5613999 -0.6221959 0.545678 0.5613446 -0.4232084 0.3711457 0.8265261 -0.3711457 0.4232084 0.8265261 -0.2832737 0.4239581 0.8602416 -0.312737 0.4680414 0.8265185 -0.5937682 0.2928311 0.7494593 -0.5938616 0.2928522 0.7493771 -0.5885242 0.3932351 0.7064031 -0.4977755 0.4365361 0.749437 -0.5645213 0.4950868 0.660458 -0.5945839 0.5214365 0.6120244 0.03134675 0.002054843 0.9995065 -0.2506425 -0.123609 0.9601558 -0.1961493 -0.09673465 0.9757909 -0.08470085 -0.04176953 0.9955305 -0.1404845 -0.06927877 0.9876561 -0.0926282 -0.01842486 0.9955303 -0.09262291 -0.01842502 0.9955308 -0.2821846 -0.1885501 0.9406491 -0.232323 -0.1552336 0.9601711 -0.2255195 -0.4572959 0.8602449 -0.2832737 -0.4239582 0.8602415 -0.1542824 -0.7756377 0.6120319 -0.3321027 -0.6734388 0.6604453 -0.05830413 -0.8894514 0.4532954 -0.2951107 -0.8693512 0.3964065 -0.002054843 -0.03134675 0.9995065 -0.002054608 -0.03134815 0.9995064 0.5262089 -0.7875265 -0.3207898 0.5449439 -0.8155655 -0.1946512 0.05868945 -0.8953409 -0.4414979 0.05440637 -0.8302413 -0.5547426 0.3668437 -0.4183117 -0.8309278 0.1424196 -0.4195424 -0.8964937 0.1959556 -0.3973724 -0.8964913 0.2461542 -0.3683938 -0.89649 0.3679948 -0.746229 -0.554727 0.2919737 -0.5920416 -0.7511579 0.3091189 -0.4626397 -0.8309091 0.4352379 -0.4962811 -0.751181 0.5531377 -0.827786 0.09385693 -0.06381661 -0.9739087 0.2177827 -0.06385175 -0.9739501 0.217587 0.3214425 -0.946929 0 0.3214425 -0.946929 0 -0.06156309 -0.9390699 0.3381682 -0.1873784 -0.9419879 0.2784744 0.0463033 -0.7063484 0.7063484 0.1464838 -0.7364298 0.6604648 0.4597468 -0.6880859 0.5614006 0.4784892 -0.716137 0.5081297 0.5877787 -0.6702216 0.4531217 0.5877163 -0.6701875 0.4532529 0.3660346 -0.7422719 0.5612941 0.3130893 -0.6348453 0.7063615 0.2275266 -0.6702877 0.7063611 0.1380973 -0.6942353 0.7063755 0.04330406 -0.6605958 0.7494919 0.3321026 -0.6734388 0.6604453 0.3497666 -0.7092824 0.6120309 0.3809566 -0.7724692 0.5080978 0.1197422 -0.6020265 0.7894465 0.04013972 -0.6125064 0.7894457 -0.09946829 -0.5000746 0.8602508 -0.146165 -0.4306086 0.8906245 -0.09946825 -0.5000765 0.8602498 -0.1809297 -0.5330133 0.8265358 0.03682208 -0.5616474 0.8265569 0.03335596 -0.5087787 0.8602509 -0.2928311 -0.5937681 0.7494593 -0.3130893 -0.6348453 0.7063615 0.054147 -0.8258315 0.5613114 -0.2768445 -0.8155322 0.5081972 0.05171819 -0.7891412 0.6120306 0.04630291 -0.7063472 0.7063496 -0.190404 -0.9572889 0.2175873 -0.06155893 -0.9390801 0.3381404 -0.1942381 -0.9764504 0.09389412 -0.06509423 -0.993452 0.09389313 -0.7514663 0.6590247 0.03138332 -0.8277866 0.5531266 0.09391627 -0.321294 0.9464586 0.03140661 -0.3212833 0.9464599 0.03147292 -0.6205083 0.7075434 0.3381594 -0.5228455 0.7824883 0.338149 -0.5422461 0.8115094 0.2177648 -0.5336117 0.7985873 0.2784187 -0.4597468 0.6880859 0.5614006 -0.5877786 0.6702216 0.4531217 -0.6702216 0.5877786 0.4531217 -0.5877163 0.6701876 0.4532529 -0.4247957 0.8614147 0.2784125 -0.3942518 0.7994365 0.4532846 -0.5678725 0.6475592 0.5081221 -0.4952234 0.7411693 0.4532349 -0.3497551 0.7092205 0.6121092 -0.2714597 0.5504806 0.7894813 -0.254209 0.7488598 0.612035 -0.4784892 0.716137 0.5081297 -0.4365361 0.4977755 0.7494369 -0.5214365 0.5945839 0.6120245 -0.3409981 0.5103329 0.7894812 -0.3410015 0.510342 0.7894739 -0.1739034 0.874249 0.4532618 -0.1680129 0.844667 0.5082415 -0.6579385 0.7502438 -0.06520139 -0.5543999 0.8296921 -0.06520547 -0.4984708 0.7460454 -0.4415236 -0.5916031 0.6745845 -0.4415217 -0.8494459 0.4189028 -0.3208772 -0.8296921 0.5543999 -0.06520547 -0.6245165 0.7121397 -0.3206812 -0.6745845 0.5916031 -0.4415217 -0.5422453 0.8115283 0.2176971 -0.548768 0.8212903 0.1560003 -0.7126297 0.2418955 -0.6585175 -0.7878539 0.2674296 -0.554768 -0.7875265 0.5262089 -0.3207899 -0.6256706 0.418067 -0.6586017 -0.2123394 0.2421201 -0.9467258 -0.1288977 0.1469757 -0.9807056 -0.07029287 0.2070785 0.9757957 -0.04266299 0.2144819 0.9757958 -0.2210459 0.3308109 0.9174436 -0.1842457 0.2100854 0.9601654 -0.06927774 0.1404802 0.9876568 -0.06927877 0.1404845 0.9876561 -0.4680193 0.3127138 0.8265398 -0.5048269 0.2489598 0.8265402 -0.423963 0.2832756 0.8602385 -0.3780953 0.2526286 0.8906305 -0.3568227 0.1759634 0.91745 -0.4078785 0.2011411 0.890605 -0.3418969 0.2998478 0.8906165 -0.2991793 0.262384 0.9174129 -0.1032915 0.1177852 0.9876525 -0.1441837 0.1643969 0.9757996 -0.1552517 0.2323693 0.960157 -0.1552336 0.232323 0.9601711 0.0628024 0.9584309 0.2783272 -0.0628024 0.9584309 0.2783272 0.02897777 0.4420921 -0.8965014 0.0363912 0.5551931 -0.8309249 -0.02898112 0.4421025 -0.8964962 0.02898112 0.4421025 -0.8964962 0.1789186 0.2677691 -0.9467248 0.2461542 0.3683937 -0.89649 0.1424378 0.2888474 -0.9467199 0.02106657 0.06206239 -0.9978499 -0.1424378 0.2888474 -0.9467199 -0.1789318 0.2677813 -0.9467188 -0.2919737 0.5920416 -0.7511579 -0.2121895 0.6250871 -0.7511602 -0.195954 0.3973652 -0.8964947 -0.1788574 0.5268816 -0.8309066 -0.4352379 0.4962811 -0.7511809 -0.4352696 0.4963482 -0.7511184 0.3683937 0.2461542 -0.8964899 0.3973724 0.1959556 -0.8964913 -0.3137313 0.9242122 0.2177259 -0.1904209 0.9572533 0.2177291 0.1904209 0.9572533 0.2177292 0.3942518 0.7994365 0.4532846 0.6590247 0.7514662 0.03138335 0.2951108 0.8693498 0.3964094 0.4162421 0.8440508 0.3381135 0.2865265 0.8440633 0.4532767 0.3497666 0.7092825 0.6120309 0.5877786 0.6702216 0.4531217 0.6053509 0.6902515 0.3963626 0.7426193 0.651262 0.156123 0.7485168 0.6564339 0.0938992 0.9934365 -0.06511705 0.09404086 0.9973701 -0.0653749 0.03128984 0.9094909 0.3087341 0.2784054 0.9739501 0.06385175 0.217587 -0.1873858 -0.9419963 0.278441 -0.3087248 -0.9094828 0.278442 -0.8693498 0.2951108 0.3964094 -0.9004326 0.1791117 0.396409 -0.892922 0.4403176 0.09386542 -0.8964374 0.4420511 0.03147673 -0.9094909 0.3087341 0.2784054 -0.8614101 0.424796 0.2784261 -0.9353239 0.3175085 0.1560695 -0.9687653 0.1927094 0.1560673 -0.8858797 0.4368506 0.1561372 -0.8858861 0.4368483 0.1561072 -0.7421812 0.3660195 0.5614238 -0.7724692 0.3809566 0.5080978 -0.5485955 -0.6255637 -0.5547188 -0.49617 -0.5657829 -0.6585628 0.658778 0.04318388 -0.751097 0.658778 -0.04318389 -0.751097 0.4421025 -0.02898111 -0.8964962 0.3213626 -0.02106626 -0.9467219 0.1917302 -0.03813837 -0.9807064 0.1950678 -0.01278487 -0.9807065 0.4345477 -0.08643024 -0.8964921 0.4195448 -0.1424212 -0.8964922 0.7878539 0.2674296 -0.554768 0.816016 0.1623242 -0.5547693 0.962015 0.1913669 -0.1946945 0.9288128 0.3152787 -0.1946946 0.1851319 -0.06284348 -0.9807023 0.3049678 -0.1035221 -0.9467195 0.7509137 -0.04920796 -0.6585645 0.6474406 0.1287791 -0.7511567 0.5920416 -0.2919737 -0.7511579 0.6748929 -0.3328162 -0.6585992 0.8047389 -0.3968481 -0.4414826 0.4990307 -0.2460926 -0.8309072 0.6257128 -0.4180792 -0.6585541 0.6256706 -0.418067 -0.6586017 0.9583865 0.06282451 0.2784749 0.9739087 -0.06381661 0.2177827 0.8155322 -0.2768445 0.5081972 0.8446943 -0.1680095 0.5081971 0.5330482 -0.1809511 0.8265086 0.5811936 -0.1972948 0.7894863 0.5937681 -0.2928311 0.7494593 0.6348453 -0.3130893 0.7063615 0.6020266 -0.1197422 0.7894465 0.6605958 0.04330407 0.7494919 0.6702757 -0.2275188 0.7063749 0.6942611 -0.138096 0.7063504 0.6880859 -0.4597468 0.5614006 0.716137 -0.4784892 0.5081297 0.08943243 -0.03035708 0.9955302 0.02817439 -0.01389431 0.9995065 0.02612034 -0.01745275 0.9995064 0.07852291 -0.05246641 0.9955308 0.2182124 0.01430004 0.9757965 0.09424244 -0.006177783 0.9955301 0.4078798 -0.2011421 0.8906041 0.2788352 -0.01827792 0.960165 0.1404802 -0.06927774 0.9876567 0.1404845 -0.06927877 0.9876561 0.255127 -0.2237474 0.9406633 0.2551756 -0.2237743 0.9406437 0.321357 0.1090852 0.9406541 0.3386883 0.0221993 0.9406368 0.2788352 0.01827792 0.960165 0.2144962 -0.04266268 0.9757926 0.4306434 -0.146186 0.8906043 0.5000746 -0.09946829 0.8602508 0.4078785 -0.2011411 0.890605 0.4572693 -0.2254981 0.8602648 0.3767364 -0.1278838 0.9174505 0.3213781 -0.1090979 0.9406454 0.431667 -0.8753681 0.2177023 0.5553084 -0.8310518 0.03139159 0.4316799 -0.8753747 0.2176501 0.5336117 -0.7985873 0.2784187 0.2526636 -0.378129 0.8906063 0.2526286 -0.3780953 0.8906305 0.1090852 -0.321357 0.9406541 0.1278838 -0.3767364 0.9174505 0.2714596 -0.5504806 0.7894813 0.3409981 -0.5103329 0.7894813 0.1644206 -0.1441968 0.9757936 0.1032915 -0.1177852 0.9876525 0.2237743 -0.2551756 0.9406437 0.1235766 -0.250602 0.9601704 0.4614722 -0.4046988 0.7894696 0.3711457 -0.4232084 0.8265261 0.423963 -0.2832756 0.8602385 0.3780953 -0.2526286 0.8906305 0.4680193 -0.3127138 0.8265398 0.504827 -0.2489599 0.8265402 0.5645213 -0.4950869 0.660458 0.5644974 -0.4950513 0.6605051 0.91611 -0.0600579 0.3964032 0.8742337 0.173894 0.4532951 0.7994524 -0.3942535 0.4532548 0.8233897 -0.4060647 0.39641 0.9427416 -0.3200323 0.09390204 0.9464586 -0.321294 0.03140661 0.9242122 -0.3137313 0.2177259 0.9094909 -0.308734 0.2784055 -0.04911517 0.749248 0.6604658 -0.1464838 0.7364298 0.6604648 0.5645213 0.4950868 0.660458 0.5321579 0.466704 0.706396 0.5048727 0.2489708 0.8265089 0.5330482 0.1809511 0.8265086 0.07029665 0.2070847 0.9757941 0.096725 0.1961373 0.9757942 0.04266298 0.2144819 0.9757957 0.03055682 0.1536199 0.9876574 0.4171532 0.6243208 0.6604595 0.3932351 0.5885242 0.7064031 0.3321027 0.6734388 0.6604453 0.2413562 0.7110295 0.6604425 0.1542824 0.7756377 0.6120319 0.1464834 0.7364289 0.6604658 0.1278863 0.3767588 0.917441 0.1278838 0.3767364 0.9174505 0.312737 0.4680413 0.8265185 0.3711509 0.423218 0.8265189 0.1961373 0.096725 0.9757942 0.2646228 0.08982845 0.9601591 0.07852291 0.05246642 0.9955308 0.255127 0.2237474 0.9406632 0.2237474 0.255127 0.9406632 0.2991793 0.262384 0.9174129 0.3418969 0.2998478 0.8906165 0.2821846 0.1885501 0.9406491 0.232323 0.1552336 0.9601711 0.5678725 0.6475592 0.5081221 0.5214615 0.5946003 0.6119872 0.9094828 0.3087248 0.278442 0.8233719 0.4060443 0.3964677 0.8693512 0.2951107 0.3964065 0.8233897 0.4060646 0.39641 0.8858861 0.4368483 0.1561073 0.8858797 0.4368506 0.1561372 0.9802997 0.1950025 0.03140827 0.9464599 0.3212833 0.03147294 0.4306434 0.146186 0.8906043 0.4306086 0.146165 0.8906246 0.749292 0.04910659 0.6604165 0.749292 -0.04910658 0.6604165 0.8258148 -0.05414075 0.5613364 0.9161488 -0.06004467 0.3963154 0.7063484 -0.0463033 0.7063484 0.7364298 -0.1464838 0.6604647 0.66065 0.04329473 0.7494446 0.6020266 0.1197422 0.7894465 0.7891411 0.05171819 0.6120306 0.7756377 0.1542824 0.6120319 0.7724693 0.3809566 0.5080977 0.7836131 0.2660064 0.5614188 0.8115094 0.5422462 0.2177648 0.8115283 0.5422453 0.2176971 -0.02974704 -0.01009738 0.9995065 0.01389424 0.02817431 0.9995065 -0.08982845 -0.2646228 0.9601591 -0.07029665 -0.2070847 0.9757941 -0.1759635 -0.3568228 0.91745 -0.1278838 -0.3767364 0.9174505 0.1090979 -0.3213782 0.9406454 0.08983473 -0.2646333 0.9601557 0.07760797 -0.3901775 0.9174631 0.146165 -0.4306086 0.8906245 0.04266299 -0.2144819 0.9757958 0.03055682 -0.1536199 0.9876574 0.02602056 -0.3969881 0.9174549 0.07762875 -0.3902252 0.917441 0.2998335 0.3418709 0.8906313 0.2526286 0.3780953 0.8906305 0.02974722 0.01009749 0.9995064 -0.423218 0.3711509 0.8265189 -0.4614722 0.4046988 0.7894697 -0.5321579 0.466704 0.706396 -0.6243208 0.4171532 0.6604595 0.03134815 0.002054608 0.9995064 -0.2100854 -0.1842457 0.9601654 -0.2101041 -0.1842711 0.9601565 -0.006175733 -0.09423559 0.9955308 -0.01842502 -0.09262291 0.9955308 -0.006177783 -0.09424244 0.9955301 0.006177783 -0.09424244 0.9955301 0.4984926 -0.7460586 -0.4414767 0.3968481 -0.8047389 -0.4414826 0.1623242 -0.8160158 -0.5547692 0.1750535 -0.8800073 -0.4415241 0.1287967 -0.6474749 -0.7511242 0.1085555 -0.54572 -0.8309063 0.2674508 -0.7878799 -0.5547209 0.1788484 -0.5268679 -0.8309172 0.1468015 -0.7380488 -0.6585843 0.3328506 -0.6749287 -0.6585453 0.5485955 -0.6255637 -0.5547189 0.49617 -0.5657829 -0.6585628 0.4962811 -0.4352379 -0.751181 0.3667651 -0.5489141 -0.751117 0.49618 -0.5658057 -0.6585357 0.4352696 -0.4963482 -0.7511184 0.1950025 -0.9802997 0.03140827 0.06458046 -0.9856111 0.1562051 0.06461836 -0.9856434 0.1559858 -0.06461836 -0.9856434 0.1559858 0.3025135 -0.8911569 0.3381197 0.4247957 -0.8614147 0.2784125 -0.1791117 -0.9004326 0.396409 0.1791117 -0.9004326 0.396409 0.1835845 -0.9230053 0.3381684 0.06004467 -0.9161488 0.3963154 0.308734 -0.9094909 0.2784054 0.06155893 -0.9390801 0.3381404 -0.1791032 -0.9004751 0.3963162 0.05829659 -0.8894771 0.4532461 0.5100479 -0.7633562 0.3964069 0.4952233 -0.7411693 0.453235 0.2275188 -0.6702757 0.7063749 0.2128243 -0.6269851 0.7493967 0.05634223 -0.8593943 0.5081999 0.1614454 -0.8116791 0.5613488 0.1464834 -0.7364289 0.6604658 0.1542824 -0.7756377 0.6120319 0.138096 -0.6942611 0.7063504 -0.1464838 -0.7364298 0.6604647 0.2660064 -0.7836132 0.5614188 0.2768449 -0.8155887 0.5081064 0.2413562 -0.7110295 0.6604425 0.2413548 -0.711009 0.660465 0.04329473 -0.6606499 0.7494446 0.1291543 -0.6493477 0.7494444 -0.04329473 -0.6606499 0.7494446 -0.02602056 -0.3969881 0.9174549 -0.0662095 -0.3328712 0.940645 -0.02601517 -0.3969694 0.9174631 -0.1098045 -0.5520396 0.8265563 -0.1972948 -0.5811936 0.7894863 -0.02974084 -0.4538198 0.890597 -0.08872292 -0.4460543 0.8905975 -0.054147 -0.8258315 0.5613114 -0.1614454 -0.8116791 0.5613488 -0.1680095 -0.8446943 0.508197 -0.2865322 -0.8440704 0.4532599 -0.173894 -0.8742337 0.4532951 -0.1739034 -0.874249 0.4532618 -0.1098169 -0.5520675 0.826536 -0.119744 -0.6019724 0.7894875 -0.2275188 -0.6702757 0.7063749 -0.2275266 -0.6702877 0.7063611 -0.05173586 -0.7890576 0.6121368 0.05173586 -0.7890576 0.6121368 -0.4368483 0.8858861 0.1561073 -0.4368506 0.8858797 0.1561372 -0.4422831 0.8968754 0 -0.4422831 0.8968754 0 -0.6475592 0.5678725 0.5081221 -0.6474496 0.567826 0.5083135 -0.4598086 0.6881366 0.5612878 -0.2768449 0.8155887 0.5081063 -0.2951108 0.8693498 0.3964094 -0.3087248 0.9094828 0.278442 -0.4952148 0.7411631 0.4532544 -0.3942535 0.7994524 0.4532548 -0.2928311 0.5937682 0.7494593 -0.3127138 0.4680194 0.8265398 -0.3321027 0.6734388 0.6604453 -0.2413562 0.7110294 0.6604425 -0.3660195 0.7421812 0.5614238 -0.3809566 0.7724693 0.5080977 -0.5644974 0.4950513 0.6605051 -0.3321177 0.673456 0.6604201 -0.4171532 0.6243208 0.6604595 -0.417161 0.6243434 0.6604332 -0.436542 0.4977797 0.7494308 -0.4950868 0.5645213 0.660458 -0.3932351 0.5885242 0.7064031 -0.466704 0.5321579 0.706396 -0.2489708 0.5048727 0.8265089 -0.2714648 0.5504869 0.7894752 -0.05830413 0.8894514 0.4532954 -0.05829659 0.8894771 0.4532461 -0.4622472 0.6918128 -0.5547276 -0.4622387 0.691777 -0.5547791 -0.6745693 0.5915688 -0.4415909 -0.7121397 0.6245165 -0.3206812 -0.8494486 0.4189026 -0.3208702 -0.7875123 0.526177 -0.3208771 -0.8796943 0.4338377 -0.194738 -0.8949554 0.441364 -0.06521202 -0.1625421 0.1086109 -0.9807057 -0.2677813 0.1789318 -0.9467188 -0.2551756 0.2237743 0.9406437 -0.2991353 0.2623244 0.9174443 -0.383295 0.3361639 0.8602783 -0.3418709 0.2998335 0.8906313 -0.1644206 0.1441968 0.9757936 -0.1177671 0.1032817 0.9876557 0.08646722 0.1753456 -0.9807025 0.0864602 0.1753141 -0.9807088 -0.1424212 0.4195449 -0.8964922 -0.1035206 0.3049514 -0.946725 0.2677813 0.1789318 -0.9467188 0.2677691 0.1789186 -0.9467248 0.567826 0.6474496 0.5083135 0.4316799 0.8753747 0.2176502 0.4420511 0.8964374 0.03147675 0.4420652 0.8964336 0.03138695 0.3025135 0.8911569 0.3381197 0.302511 0.8911775 0.3380679 0.2865322 0.8440704 0.4532599 0.2768445 0.8155322 0.5081972 0.5877163 0.6701876 0.4532529 0.3809566 0.7724693 0.5080977 0.522846 0.7824886 0.3381475 0.510042 0.7633261 0.3964727 0.5100479 0.7633562 0.3964069 0.4060443 0.8233719 0.3964677 0.4952148 0.7411631 0.4532544 0.545678 0.6221959 0.5613446 0.9803098 0.1949778 0.03124491 0.9464586 0.321294 0.03140661 -0.3137313 -0.9242122 0.2177259 -0.3137469 -0.9242229 0.2176574 -0.8310518 0.5553083 0.03139121 -0.8310518 0.5553084 0.03139159 -0.8911775 0.302511 0.3380678 -0.8911569 0.3025135 0.3381197 -0.9242229 0.3137469 0.2176574 -0.8753747 0.4316799 0.2176501 0.8302413 0.05440636 -0.5547426 0.6587478 0.04317307 -0.7511241 0.5551833 -0.03639309 -0.8309314 0.5551834 0.0363931 -0.8309314 0.6749287 -0.3328506 -0.6585453 0.8496322 -0.288413 -0.4415235 0.6250919 -0.2121897 -0.7511562 0.7126011 -0.241895 -0.6585488 0.5489126 -0.3667633 -0.7511188 0.4626397 -0.3091189 -0.8309091 0.6255296 -0.5485826 -0.5547699 0.6255637 -0.5485955 -0.5547189 0.9390801 0.06155893 0.3381404 0.9390801 -0.06155893 0.3381404 0.8693499 -0.2951109 0.3964094 0.8742337 -0.173894 0.4532951 0.8116791 -0.1614454 0.5613487 0.7756192 -0.154273 0.6120579 0.5520675 -0.1098169 0.826536 0.5330133 -0.1809297 0.8265358 0.2144819 -0.04266299 0.9757958 0.03081067 -0.006128612 0.9995065 0.0926282 -0.01842486 0.9955303 0.2182124 -0.01430005 0.9757965 0.2144962 0.04266268 0.9757926 0.03081067 0.006128613 0.9995065 0.1536199 0.03055682 0.9876574 0.2740849 -0.0545147 0.9601592 0.2740814 -0.05451477 0.9601601 0.232323 -0.1552336 0.9601711 0.3308109 -0.2210459 0.9174436 0.1818519 -0.1214998 0.9757907 0.1818166 -0.1214861 0.975799 0.4460543 0.08872292 0.8905975 0.4538198 0.02974084 0.890597 0.3767588 0.1278863 0.917441 0.3767364 0.1278838 0.9174505 0.3969694 0.02601517 0.9174631 0.3901775 0.07760796 0.9174631 0.4460543 -0.08872292 0.8905975 0.445999 -0.08872401 0.8906251 0.2070847 -0.07029665 0.9757943 0.250602 -0.1235766 0.9601704 0.5487751 -0.8212572 0.1561488 0.4368506 -0.8858797 0.1561372 0.5228454 -0.7824883 0.3381489 0.5336125 -0.7986022 0.278374 0.2998478 -0.3418969 0.8906165 0.3418968 -0.2998478 0.8906167 0.3361998 -0.3833605 0.8602351 0.3410015 -0.510342 0.7894738 0.2100854 -0.1842457 0.9601654 0.2101041 -0.1842711 0.9601565 0.1214998 -0.1818519 0.9757907 0.09673465 -0.1961493 0.9757909 0.221046 -0.330811 0.9174436 0.1500968 -0.3043824 0.9406499 0.8693512 -0.2951107 0.3964064 0.8440632 -0.2865265 0.4532768 0.1500968 0.3043824 0.9406499 0.1500939 0.3043709 0.9406542 0.1404845 0.06927877 0.9876561 0.2646333 0.08983475 0.9601557 0.2506425 0.123609 0.9601558 0.1961493 0.09673465 0.9757909 0.02361736 0.0207126 0.9995065 0.02612009 0.01745265 0.9995064 0.1842712 0.2101041 0.9601565 0.1441837 0.1643969 0.9757996 0.8911569 0.3025135 0.3381197 0.8693498 0.2951108 0.3964094 0.9353239 0.3175085 0.1560694 0.9687484 0.1926833 0.1562043 0.7994365 0.3942518 0.4532846 0.8440633 0.2865265 0.4532767 0.9427416 0.3200323 0.09390204 0.9764499 0.1942367 0.09390222 0.8593943 -0.05634223 0.5081999 0.8593696 -0.05633225 0.5082427 0.6606499 -0.04329473 0.7494446 0.6493477 -0.1291543 0.7494444 0.7364298 0.1464838 0.6604648 0.6942611 0.138096 0.7063504 0.7421812 0.3660195 0.5614238 0.7422719 0.3660346 0.5612941 -0.09673465 -0.1961493 0.9757909 -0.1214998 -0.1818519 0.9757907 0.02601517 -0.3969694 0.9174631 0.02974084 -0.4538198 0.890597 0.05451477 -0.2740814 0.9601601 0.01828261 -0.2788514 0.9601602 0.3679944 -0.7462286 -0.554728 0.4622472 -0.6918128 -0.5547276 0.2460926 -0.4990307 -0.8309072 0.2919816 -0.5920853 -0.7511203 0.2121897 -0.6250919 -0.7511562 0.241895 -0.7126011 -0.6585488 0.4622387 -0.691777 -0.5547791 0.418067 -0.6256706 -0.6586017 0.3175126 -0.9353158 0.1561093 0.1942367 -0.9764499 0.09390222 0.06385175 -0.9739501 0.217587 0.06381661 -0.9739087 0.2177827 -0.0628245 -0.9583865 0.278475 -0.0628024 -0.9584309 0.2783272 0.4420511 -0.8964374 0.03147673 0.3212833 -0.9464599 0.03147294 0.1927094 -0.9687653 0.1560673 0.3200281 -0.9427464 0.09386841 0.1791032 -0.9004751 0.3963162 0.1739034 -0.874249 0.4532618 0.3809367 -0.772449 0.5081435 0.3942535 -0.7994524 0.4532549 0.05633225 -0.8593696 0.5082427 0.1680129 -0.844667 0.5082415 0.1614445 -0.811688 0.5613361 0.1680095 -0.8446943 0.508197 -0.07760797 -0.3901775 0.9174631 -0.07762875 -0.3902252 0.917441 -0.06004467 -0.9161488 0.3963154 -0.05829659 -0.8894771 0.4532461 -0.1680129 -0.844667 0.5082415 -0.05633225 -0.8593696 0.5082427 -0.04013972 -0.6125064 0.7894457 -0.1197422 -0.6020266 0.7894465 0.03680461 -0.5617575 0.8264829 -0.03680461 -0.5617575 0.8264829 -0.03682208 -0.5616474 0.8265569 -0.03335596 -0.5087787 0.8602509 -0.04910658 -0.749292 0.6604165 -0.04911517 -0.749248 0.6604658 0.04910658 -0.749292 0.6604165 0.04911517 -0.749248 0.6604658 -0.4420652 0.8964336 0.03138677 -0.4420511 0.8964374 0.03147675 -0.4162313 0.8440424 0.3381478 -0.4162421 0.8440508 0.3381135 -0.3130893 0.6348453 0.7063615 -0.3130445 0.6347926 0.7064286 -0.3660346 0.7422719 0.5612941 -0.3497666 0.7092825 0.6120309 -0.746229 0.3679948 -0.554727 -0.7462286 0.3679944 -0.554728 -0.7460454 0.4984708 -0.4415236 -0.7460586 0.4984926 -0.4414767 -0.2421014 0.2123127 -0.9467366 -0.2421201 0.2123394 -0.9467258 -0.262384 0.2991793 0.9174129 -0.2998478 0.3418968 0.8906167 -0.2461542 0.3683937 -0.8964899 -0.1959555 0.3973723 -0.8964912 0.4422831 0.8968754 -0 0.4422831 0.8968754 0 0.4368483 0.8858861 0.1561073 0.3137313 0.9242122 0.2177259 0.3660195 0.7421812 0.5614238 0.3660346 0.7422719 0.5612941 0.6332948 0.7221178 0.2783587 0.7221178 0.6332948 0.2783587 0.5531377 0.827786 0.0938568 0.5487751 0.8212572 0.1561488 0.5336117 0.7985873 0.2784187 0.4162313 0.8440424 0.338148 0.6205047 0.7075306 0.3381927 0.424796 0.8614101 0.2784261 0.4784892 0.716137 0.5081297 0.4598086 0.6881366 0.5612878 0.9856111 0.06458046 0.1562051 0.993452 0.06509423 0.09389312 0.7509136 0.04920795 -0.6585644 0.7508963 0.04921231 -0.6585842 0.6918128 -0.4622472 -0.5547276 0.7462286 -0.3679944 -0.554728 0.8160158 -0.1623242 -0.5547692 0.7126299 -0.2418955 -0.6585175 0.7878539 -0.2674296 -0.554768 0.7878799 -0.2674508 -0.5547209 0.1483207 -0.05034687 0.9876569 0.1483179 -0.05034656 0.9876574 0.09424244 0.006177782 0.9955301 0.1563043 0.01024304 0.9876559 0.08943243 0.03035708 0.9955302 0.08943079 0.03035691 0.9955302 0.3043709 -0.1500939 0.9406542 0.3043824 -0.1500968 0.9406499 0.5520675 0.1098169 0.8265359 0.5616474 0.03682208 0.8265569 0.2788514 0.01828261 0.9601603 0.3386584 0.0222038 0.9406474 0.1961493 -0.09673464 0.9757909 0.2506425 -0.123609 0.9601558 0.2832737 -0.4239581 0.8602416 0.312737 -0.4680413 0.8265185 0.1032817 -0.1177671 0.9876557 0.1441968 -0.1644206 0.9757936 0.1552336 -0.232323 0.9601711 0.1885613 -0.2821954 0.9406436 0.9004326 -0.1791117 0.396409 0.874249 -0.1739034 0.4532618 0.08470401 0.04177212 0.9955302 0.02817439 0.01389431 0.9995065 0.9242229 0.3137469 0.2176574 0.9242122 0.3137313 0.2177259 0.9004326 0.1791117 0.396409 0.8894514 0.05830414 0.4532955 0.8258148 0.05414075 0.5613365 0.8593943 0.05634223 0.5081999 -0.1552517 -0.2323693 0.960157 -0.1552336 -0.232323 0.9601711 0.03134675 -0.002054843 0.9995065 0.3137313 -0.9242122 0.2177259 0.1873858 -0.9419963 0.278441 0.424796 -0.8614101 0.2784261 0.2951108 -0.8693498 0.3964094 -0.0600579 -0.91611 0.3964032 0.0600579 -0.91611 0.3964032 0.2865265 -0.8440633 0.4532767 0.2865322 -0.8440704 0.4532599 -0.05414075 -0.8258148 0.5613365 -0.05634223 -0.8593943 0.5081999 -0.04330406 -0.6605958 0.7494919 -0.0463033 -0.7063484 0.7063484 -0.04630291 -0.7063472 0.7063496 -0.138096 -0.6942611 0.7063504 -0.3678685 0.5505466 0.7493805 -0.2928522 0.5938616 0.7493771 0.4247957 0.8614147 0.2784125 0.3087341 0.9094909 0.2784054 0.4784863 0.7161263 0.5081477 0.3809367 0.772449 0.5081435 0.7338017 0.6435415 0.2176912 0.6435415 0.7338017 0.2176912 0.4368506 0.8858797 0.1561372 0.5422462 0.8115094 0.2177648 0.5553083 0.8310518 0.03139121 0.5531266 0.8277866 0.09391627 0.3175126 0.9353158 0.1561093 0.3137469 0.9242229 0.2176574 0.6205083 0.7075434 0.3381594 0.633288 0.7221156 0.2783802 0.1563026 -0.0102433 0.9876561 0.09423559 -0.006175735 0.9955308 0.09262291 0.01842502 0.9955308 0.0942356 0.006175735 0.9955308 0.2070847 0.07029665 0.9757941 0.2144819 0.04266298 0.9757957 0.2991352 -0.2623244 0.9174443 0.3781291 -0.2526636 0.8906063 0.3568228 -0.1759635 0.91745 0.3568392 -0.1759675 0.9174427 0.5520396 0.1098045 0.8265563 0.5000746 0.09946829 0.8602508 0.2489598 -0.5048269 0.8265402 0.3127138 -0.4680193 0.8265398 0.2237474 -0.255127 0.9406632 0.1842457 -0.2100854 0.9601654 0.02974705 0.01009738 0.9995065 0.02817431 0.01389424 0.9995065 0.9390699 0.06156309 0.3381682 0.9230053 0.1835845 0.3381684 0.4403176 -0.892922 0.09386542 0.3175085 -0.9353239 0.1560695 0.190404 -0.9572889 0.2175873 0.1926833 -0.9687483 0.1562044 0.4060443 -0.8233719 0.3964677 0.4162421 -0.8440508 0.3381135 0.5228455 0.7824883 0.3381489 0.5336125 0.7986023 0.278374 0.5422453 0.8115283 0.2176971 0.548768 0.8212903 0.1560001 0.1563026 0.0102433 0.9876561 0.1536282 0.03056051 0.9876561 0.2070785 0.07029287 0.9757957 0.1483179 0.05034656 0.9876574 0.9161488 0.06004467 0.3963154 0.9004751 0.1791032 0.3963162 0.4403177 -0.8929217 0.09386729 0.4368483 -0.8858861 0.1561072 0.3087248 -0.9094829 0.2784419 0.302511 -0.8911775 0.3380678 0.2951107 -0.8693512 0.3964065 0.4060647 -0.8233897 0.39641 0.522846 -0.7824885 0.3381475 0.510042 -0.7633261 0.3964727 0.03134815 -0.002054608 0.9995064 0.844667 0.1680129 0.5082415 0.8593696 0.05633225 0.5082427 0.1836089 -0.9230377 0.3380667 0.1873784 -0.9419879 0.2784744 0.1950731 0.9807887 -0 0.1950731 0.9807887 0 -0.7518241 -0.6593637 0 -0.7518241 -0.6593637 0 -0.9807887 -0.1950731 0 -0.9807887 -0.1950731 0 -0.1950731 0.9807887 0 -0.1950731 0.9807887 0 0.4422633 -0.8968853 0 0.4422633 -0.8968852 0 0.4422633 -0.8968852 0 0.8314682 -0.5555723 0 0.8314682 -0.5555723 0 0.8314683 -0.5555723 0 -0.9978587 -0.06540695 0 -0.9978587 -0.06540695 -0 -0.9978586 -0.06540708 1.953327e-08 -1 0 0 -1 0 0 0.3214641 -0.9469218 0 0.3214641 -0.9469218 0 0.6593637 0.7518241 -0 0.6593637 0.7518241 0 0.5555723 0.8314682 -0 0.5555723 0.8314683 0 0.5555723 0.8314682 0 -0.8968852 -0.4422633 0 -0.8968853 -0.4422633 -0 -0.8968853 -0.4422633 0 0.06540695 -0.9978586 0 0.06540696 -0.9978587 0 0.06540695 -0.9978587 0 -0.7518241 0.6593637 0 -0.7518241 0.6593637 0 -0.9469218 -0.3214641 0 -0.9469218 -0.3214641 0 0.6593637 -0.7518241 0 0.6593637 -0.7518241 0 -0.06540695 0.9978586 0 -0.06540696 0.9978587 0 -0.06540695 0.9978587 0 -0.8314683 0.5555723 0 -0.8314682 0.5555723 0 -0.8314682 0.5555723 0 -0.9978587 0.06540695 0 -0.9978517 0.06551427 0 -0.6045296 0 0.7965826 -0.9978586 0.06540694 0 -0.9978597 0.06539191 -2.190969e-06 -0.8314683 -0.5555723 -0 -0.8314682 -0.5555723 0 -0.8314682 -0.5555723 0 -0.3214641 0.9469218 0 -0.3214641 0.9469218 0 -0.3214641 -0.9469218 0 -0.3214641 -0.9469218 -0 -0.4422633 -0.8968853 0 -0.4422633 -0.8968853 0 -0.4422633 -0.8968852 -0 -0.9469245 0.321456 0 -0.9469306 0.3214378 0.0002349063 -0.9469346 0.3214251 0.0008601403 -0.9469218 0.3214641 7.064684e-07 -0.9468256 0.3217471 0 -0.6593637 -0.7518241 0 -0.6593637 -0.7518241 -0 0.9469218 0.3214641 0 0.9469218 0.3214641 0 0.9978586 0.06540695 0 0.9978587 0.06540696 -0 0.9978587 0.06540695 0 0.9469218 -0.3214641 0 0.9469218 -0.3214641 0 0.1950731 -0.9807887 0 0.1950731 -0.9807887 0 0.4422633 0.8968853 0 0.4422633 0.8968853 -0 0.4422633 0.8968852 0 -0.5555723 -0.8314682 0 -0.5555723 -0.8314683 0 -0.5555723 -0.8314682 0 -0.06540695 -0.9978586 0 -0.06540695 -0.9978587 0 -0.06540695 -0.9978587 0 -0.6593637 0.7518241 0 -0.6593637 0.7518241 0 -0.4422633 0.8968853 0 -0.4422633 0.8968852 0 -0.4422633 0.8968852 0 0.8968853 0.4422633 -0 0.8968853 0.4422633 0 0.8968852 0.4422633 0 -0.9807951 0.1950409 0 -0.9807921 0.1950493 -0.001554364 -0.3588562 0 0.9333929 -0.9807888 0.1950731 0 -0.9807836 0.195099 2.215173e-06 -0.5555723 0.8314682 0 -0.5555723 0.8314682 0 -0.5555723 0.8314683 0 0.8968853 -0.4422633 0 0.8968853 -0.4422633 0 0.8968852 -0.4422633 0 0.3214641 0.9469218 -0 0.3214641 0.9469218 0 0.9978586 -0.06540695 0 0.9978587 -0.06540696 0 0.9978587 -0.06540695 0 0.9807887 -0.1950731 0 0.9807887 -0.1950731 0 -0.1950731 -0.9807887 0 -0.1950731 -0.9807887 -0 0.06540695 0.9978586 -0 0.06540695 0.9978587 0 0.06540695 0.9978587 0 0.5555723 -0.8314682 0 0.5555723 -0.8314682 0 0.5555723 -0.8314683 0 0.8314682 0.5555723 0 0.8314682 0.5555723 -0 0.8314683 0.5555723 0 0.7518241 0.6593637 0 0.7518241 0.6593637 0 -0.8968852 0.4422633 0 -0.8968853 0.4422633 0 -0.8968853 0.4422633 0 0.9807887 0.1950731 0 0.9807887 0.1950731 0 0.7518241 -0.6593637 0 0.7518241 -0.6593637 0 0.162526 -0.1085923 -0.9807105 0.06194288 0.9450971 0.3208652 0.8494666 -0.4189072 -0.3208165 0.06193724 -0.9451168 -0.3208082 -0.01278391 -0.06427255 0.9978505 0.1753355 0.08646546 0.9807044 0.7509471 0.04923604 -0.6585244 0.9978593 0.06539717 0 0.9978593 0.06539717 0 -0.0363854 -0.5552334 0.8308982 0.5261809 -0.7875065 0.320885 0.7509471 -0.04923603 -0.6585244 -0.01278413 -0.1950686 0.9807063 -0.9786893 0.1946756 0.06533425 0.01278435 0.06427349 0.9978504 -0.06539717 0.9978593 0 -0.06539717 0.9978593 0 0.06428539 -0.01278496 -0.9978496 0.8302564 -0.05439811 0.5547207 0.1917054 -0.03813241 -0.9807115 0.5456328 -0.108526 -0.8309675 0.8159826 0.1623082 0.5548229 -0.6467079 0.7374498 0.1947733 -0.6255394 -0.548565 -0.5547763 -0.8953511 0.05868245 0.441478 -0.004285886 0.06539684 0.9978501 0.9787593 0.06414435 -0.1947194 0.7120956 0.624508 -0.3207952 -0.05868245 -0.8953511 0.441478 -0.3214152 0.02106881 -0.946704 0.2460664 -0.4989933 0.8309374 0.3214152 -0.02106881 -0.946704 -0.06526255 0.995727 0.0653346 0.995727 -0.06526255 0.0653346 0.9978593 -0.06539717 0 0.9978593 -0.06539717 0 0.9787688 0.06415105 0.1946702 0.6474397 0.128787 0.7511563 0.9620131 -0.1913512 -0.1947196 0.8968655 -0.4423032 0 0.8968655 -0.4423032 0 0.6244889 -0.7120745 0.3208793 0.5262001 0.7875282 -0.3208001 0.8155665 0.5449353 -0.194671 0.04317331 -0.6587483 -0.7511237 0.3973425 0.1959581 -0.896504 -0.108526 0.5456328 -0.8309675 -0.4352072 0.4962927 0.7511913 -0.1469552 -0.1288842 -0.9807105 0.9450955 0.06195708 -0.3208674 0.3214222 0.0210726 -0.9467015 0.4420873 -0.02898345 -0.8965037 0.1424199 -0.4195542 -0.8964881 0.05868245 0.8953511 0.441478 -0.02106599 -0.06205461 0.9978504 0.5543846 0.8296997 0.0652407 0.7518257 0.6593619 0 0.7518257 0.6593619 0 0.8297021 0.5543754 0.06528561 0.9288097 0.3152978 0.194679 0.4195369 0.1424172 0.8964965 0.9787688 -0.06415106 0.1946702 0.5488414 0.3667224 0.7511909 0.0127839 -0.06427255 0.9978505 0.7380787 0.1468151 0.6585478 0.9289411 0.1847725 0.320823 0.06206466 -0.02106686 0.9978498 0.2888632 0.142457 0.9467123 0.4183459 -0.3668545 0.8309057 0.195042 0.01278698 -0.9807116 0.8797073 -0.4338263 0.1947046 0.9807848 -0.1950925 0 0.9807848 -0.1950925 0 0.02106686 0.06206467 0.9978498 0.01278413 0.1950686 0.9807063 -0.2461503 0.3683736 0.8964993 0.7875292 -0.5262318 0.3207457 -0.9288089 -0.3152961 0.1946859 0.21222 0.6251466 -0.7511021 0.3683718 0.2461421 -0.8965023 -0.06416371 0.9787795 0.1946119 0.3330967 0.2921119 -0.8965028 -0.03641124 -0.05449342 0.9978501 -0.7502217 0.6579552 0.06528633 0.3050129 -0.1035333 -0.9467037 0.1424093 -0.4195429 -0.896495 -0.06282742 -0.1850877 -0.9807116 -0.1288842 -0.1469552 -0.9807105 -0.08645543 0.1753098 -0.9807099 0.7126027 0.2418907 -0.6585486 0.8953319 -0.05867463 -0.4415181 0.9787694 -0.06416461 -0.1946623 0.06206498 -0.0210709 -0.9978496 0.0620617 -0.02106664 -0.9978499 0.3049923 -0.1035353 -0.9467102 0.0544899 -0.036409 -0.9978503 0.05449466 -0.03641376 -0.9978499 0.05449285 -0.03640942 -0.9978502 0.1917408 0.03814084 0.9807042 0.1851199 0.06284359 0.9807045 0.6467447 0.7374517 0.1946439 0.8155594 0.5449364 0.1946979 -0.08643521 0.4345233 -0.8965035 -0.06282961 0.3158651 0.9467216 0.06526255 0.995727 0.06533459 0.7120762 0.6244891 0.3208751 0.674624 0.5916438 0.4414068 0.8160088 0.1623154 -0.5547823 0.8296996 -0.5543846 0.0652407 0.880032 -0.1750441 0.4414785 0.9957289 0.06525756 0.06530917 0.9957289 -0.06525756 0.06530918 0.8797073 0.4338263 0.1947046 0.7509332 -0.04920919 0.6585421 0.3090952 -0.4625867 -0.8309475 0.4622422 -0.691786 -0.5547651 -0.1913483 -0.9620156 -0.1947099 0.02106291 -0.3213864 0.9467139 0.5268829 -0.1788551 0.8309063 0.4181043 -0.6257353 0.6585166 0.8047165 -0.3968191 0.4415495 0.6579363 -0.7502537 0.06511004 0.06427255 -0.0127839 0.9978505 -0.01278413 0.1950686 0.9807063 -0.04927059 -0.04321229 0.9978502 -0.004286907 0.06539109 0.9978505 -0.06539109 -0.004286909 0.9978505 -0.1917514 0.0381404 0.9807022 -0.06282961 -0.3158651 0.9467216 0.4626361 -0.3091373 0.8309044 -0.5449336 -0.8155726 0.1946506 0.108526 -0.5456328 -0.8309675 0.1289008 -0.146983 0.9807041 -0.8494666 -0.4189072 -0.3208165 -0.2421555 -0.2123692 0.9467101 -0.1288842 0.1469552 -0.9807105 -0.8155602 -0.5449383 -0.1946887 -0.5485787 0.6255435 -0.5547583 0.829702 0.5543754 -0.06528796 -0.3667644 0.5488933 -0.7511325 -0.3968394 -0.804713 -0.4415376 0.0210726 0.3214222 -0.9467015 -0.1946763 0.9786928 -0.06528114 -0.6467335 0.7374286 -0.1947688 -0.8494666 0.4189072 -0.3208165 -0.3328476 0.6749601 0.6585146 -0.7374286 0.6467335 -0.1947688 -0.4963627 0.4352866 -0.7510989 0.02106569 0.3213706 0.9467192 0.04921036 -0.7509286 0.6585473 0.1035333 -0.3050129 -0.9467037 -0.4423032 -0.8968655 0 -0.4423032 -0.8968655 -0 0.06525768 -0.9957308 -0.06528127 0.0652566 -0.9957306 -0.0652845 -0.02898972 -0.05878134 -0.9978499 -0.02898947 -0.05878333 -0.9978498 0.2678294 -0.178959 -0.9467001 0.2919785 0.5920768 -0.7511281 -0.02107259 -0.3214222 -0.9467015 0.4989786 0.2460623 -0.8309475 0.5489026 0.3667655 -0.7511251 0.05878134 -0.02898972 -0.9978499 0.05878333 -0.02898947 -0.9978498 0.7380955 0.1468195 -0.658528 0.4420992 -0.02897895 -0.8964979 0.4345233 -0.08643521 -0.8965035 0.7374638 -0.6467215 -0.1946749 0.9957308 -0.06525768 -0.06528128 0.9807848 0.1950925 0 0.9807848 0.1950925 0 0.8155602 0.5449383 -0.1946888 0.9451168 0.06193724 -0.3208082 0.7878661 0.2674449 -0.5547433 0.8953301 -0.0586758 -0.4415215 0.5551521 -0.0363894 -0.8309524 0.2888712 -0.142457 -0.9467098 0.5456533 -0.1085412 -0.8309521 0.1850943 -0.06283372 -0.98071 0.1850877 -0.0628274 -0.9807116 0.06428298 -0.01278841 -0.9978498 0.06428073 -0.01278618 -0.99785 0.004286102 -0.06539626 -0.9978502 0.4961948 0.5658309 0.6585029 0.5920641 0.2919782 0.7511383 0.3049621 0.1035223 0.9467213 0.3158722 0.06283289 0.946719 -0.03641242 0.05449668 0.9978498 0.0432153 0.04927639 0.9978498 0.2421555 0.2123692 0.9467101 0.8800224 0.1750464 0.4414967 0.03641124 -0.05449342 0.9978501 -0.004286909 -0.06539109 0.9978505 0.0628329 0.3158722 0.946719 0.2121854 0.6251134 0.7511396 0.06525756 0.9957289 0.06530918 0.1847699 0.9289478 0.3208053 0.142442 0.2888454 0.9467199 0.1789364 0.2678013 0.9467123 0.3330699 0.2920863 0.8965211 0.804713 0.3968394 -0.4415376 0.8314761 0.5555606 0 0.8314761 0.5555606 0 0.9449085 0.3207628 0.06526101 0.6579552 0.7502217 0.06528633 0.5555606 0.8314761 -0 0.5555606 0.8314761 0 0.8968701 0.3044553 0.3208288 0.8968655 0.4423032 0 0.8968655 0.4423032 0 0.8494686 0.4189138 -0.3208025 0.6917931 0.4622423 -0.554756 0.9451165 -0.06195694 0.3208053 0.6474352 -0.1287847 0.7511604 0.9786893 0.1946756 0.06533425 0.995727 0.06526255 0.0653346 0.7381129 0.146834 0.6585053 0.8953107 0.05866044 0.441563 0.4989786 -0.2460623 -0.8309475 0.04927347 -0.04320715 -0.9978503 0.8297021 -0.5543754 0.06528561 0.3207479 -0.9449129 -0.06527176 0.1085533 -0.5457206 0.8309063 0.5543846 -0.8296996 0.0652407 0.9620232 -0.1913487 0.1946713 0.8968791 -0.3044468 -0.3208115 0.3667467 -0.548862 0.7511641 0.3158722 -0.0628329 0.946719 0.5485787 -0.6255435 -0.5547583 0.8047158 -0.3968388 -0.441533 0.5449364 -0.8155594 0.1946979 0.8949537 -0.4413603 -0.0652616 0.8949584 -0.4413388 0.06534175 0.8949552 -0.441361 0.06523535 0.1913483 -0.9620156 -0.19471 0.3207465 -0.9449087 0.06533844 0.1085585 0.5457311 0.8308986 0.06284359 0.1851199 0.9807045 0.1753381 0.08646604 0.9807039 -0.05449342 0.03641124 0.9978501 0.8496374 -0.288438 0.4414971 0.7509286 -0.04921036 0.6585474 -0.6257439 0.4181068 0.6585069 -0.8797171 0.4338227 0.194668 -0.4181043 -0.6257353 0.6585166 -0.1469747 -0.1288965 0.9807059 -0.4345382 -0.08643518 0.8964963 -0.3214333 -0.9469322 0 -0.3214333 -0.9469322 -0 -0.315285 -0.9288078 -0.1947086 -0.7878603 -0.2674656 0.5547416 -0.5915741 -0.6745932 0.4415475 -0.4195542 0.1424199 -0.8964881 -0.9786893 -0.1946756 0.06533425 -0.8296996 -0.5543846 0.0652407 0.2421514 0.2123742 -0.94671 0.3207521 0.9449124 -0.06525917 -0.462587 -0.3090957 -0.8309472 -0.2678211 0.1789457 -0.9467049 -0.3214333 0.9469322 0 -0.3214333 0.9469322 0 0.332846 0.6749288 -0.6585475 -0.04317331 0.6587483 -0.7511237 0.0363894 0.5551521 -0.8309524 0.5543754 0.829702 -0.06528796 0.4423032 0.8968655 -0 0.4423032 0.8968655 0 -0.8797064 0.4338255 -0.1947102 -0.3152853 0.9288074 -0.1947097 -0.7518257 0.6593619 0 -0.7518257 0.6593619 0 -0.03638509 0.555235 0.8308972 -0.0620546 0.02106599 0.9978504 -0.6749601 0.3328476 0.6585146 -0.6593619 0.7518257 0 -0.6593619 0.7518257 0 0.1788324 -0.5267951 -0.8309668 -0.1468182 -0.7380996 -0.6585237 -0.1847725 -0.9289412 0.320823 0.1847708 -0.9289466 -0.3208082 -0.04317331 -0.6587483 -0.7511237 -0.04921357 -0.750912 -0.6585661 -0.1035353 -0.3049923 -0.9467102 -0.03640942 0.05449285 -0.9978502 -0.03641377 0.05449467 -0.9978499 -0.1424199 0.4195542 -0.8964881 -0.498486 -0.7460279 -0.4415361 -0.9450955 -0.06195707 -0.3208674 -0.1847699 -0.9289478 -0.3208052 0.195042 -0.01278698 -0.9807115 0.6475002 0.1287986 -0.7511021 0.5267951 0.1788324 -0.8309668 0.7875273 0.5262004 -0.3208022 0.6749288 0.332846 -0.6585475 0.6746081 0.5915956 -0.441496 0.02898345 0.4420873 -0.8965037 0.05877761 -0.02898213 -0.9978504 0.2678211 0.1789457 -0.9467049 0.1917047 0.03813189 -0.9807116 0.2888795 0.1424672 -0.9467057 0.9451168 -0.06193724 -0.3208082 0.8160087 -0.1623154 -0.5547823 0.9787694 0.06416461 -0.1946623 0.9450955 -0.06195707 -0.3208674 0.9957306 -0.0652566 -0.06528449 0.8968791 0.3044468 -0.3208115 0.7460279 0.498486 -0.4415361 0.4345427 0.08643063 -0.8964945 0.9289466 0.1847708 -0.3208082 0.6587516 -0.04317193 -0.7511209 0.5915956 -0.6746081 -0.4414959 0.7380996 -0.1468182 -0.6585237 0.6587483 0.04317331 -0.7511237 0.5268151 -0.1788302 -0.8309547 0.647481 -0.1287836 -0.7511213 0.162526 0.1085923 -0.9807105 0 -0.1688029 -0.9856499 0.06206531 -0.02106619 -0.9978498 0.0864533 -0.1753081 -0.9807104 0.1753098 -0.08645543 -0.9807099 0.2421479 0.2123584 0.9467145 0.5552334 0.0363854 0.8308982 0.3049655 0.1035245 0.94672 0.4195314 0.1424137 0.8964998 0.6474354 0.1287848 0.7511604 0.06427349 -0.01278435 0.9978504 0.3158651 0.06282961 0.9467216 0.2920863 0.3330699 0.8965211 0.05878283 -0.02898906 0.9978498 0.04316706 0.6587105 0.7511572 0.24191 0.7126606 0.658479 0.1086137 0.1625523 0.9807038 0.2460664 0.4989935 0.8309374 0.195947 0.3973572 0.8964999 -0.1424172 0.4195369 0.8964966 -0.3152961 0.9288089 0.1946859 -0.146834 0.7381129 0.6585053 0.1913487 0.9620232 0.1946713 0.3207465 0.9449087 0.06533838 0.05441148 0.830261 -0.5547125 0.5915931 0.6745644 -0.441566 0.6579294 0.7502442 -0.06528858 0.6245164 0.7120959 -0.3207782 0.8797171 0.4338227 0.194668 0.2884124 0.8496106 0.4415654 0.9288077 0.315285 -0.1947086 0.8949537 0.4413603 -0.0652616 0.9469322 0.3214333 0 0.9469322 0.3214333 0 0.368335 0.2461077 0.8965268 0.8494655 0.4188896 0.3208425 0.3973572 0.195947 0.8964999 0.3973019 0.1959351 0.896527 0.6745932 0.5915741 0.4415475 0.441361 0.8949552 0.06523529 0.8953107 -0.05866044 0.441563 0.9787795 -0.06416371 0.1946119 0.8302564 0.05439811 0.5547207 0.9289478 -0.18477 0.3208053 0.8160222 0.1623326 0.5547575 0.9450971 -0.06194288 0.3208652 0.9620211 0.1913454 0.1946854 0.9786969 0.1946622 0.06526104 0.8968723 0.3044547 0.320823 0.9288089 0.3152961 0.1946859 0.8953511 -0.05868245 0.441478 0.6587067 0.04316569 0.7511606 0.7126027 -0.2418907 -0.6585487 0.4195542 -0.1424199 -0.8964881 0.1753081 -0.0864533 -0.9807104 0.3683718 -0.2461421 -0.8965023 0.5543849 -0.829698 -0.06525741 0.5449353 -0.8155665 -0.194671 -0.441361 -0.8949552 0.06523535 -0.05866044 -0.8953107 0.441563 0.7374517 -0.6467447 0.1946439 0.03638509 -0.555235 0.8308972 0.9786969 -0.1946622 0.06526104 0.9786893 -0.1946756 0.06533425 0.8155594 -0.5449364 0.1946979 0.8494858 -0.4189225 0.320746 0.9620211 -0.1913453 0.1946853 0.7462226 -0.3679897 0.5547391 0.2921228 -0.3330951 0.8964998 0.8494686 -0.4189138 -0.3208025 0.8314761 -0.5555606 0 0.8314761 -0.5555606 0 0.6251466 -0.21222 -0.7511021 0.7120761 -0.6244892 0.3208751 0.6467447 -0.7374517 0.1946439 0.01278732 0.1950787 0.9807042 0.02106599 0.0620546 0.9978504 0.03814084 0.1917408 0.9807042 0.08643518 0.4345382 0.8964963 0.08646603 0.1753381 0.9807039 0.08646546 0.1753355 0.9807044 -0.06427349 -0.01278435 0.9978504 0.02898906 0.05878283 0.9978498 0.2888454 -0.142442 0.9467199 0.4420964 -0.02897397 0.8964995 0.0620546 -0.021066 0.9978504 -0.04321529 -0.04927638 0.9978498 0.1950686 0.01278413 0.9807063 0.1950787 0.01278731 0.9807042 -0.9469322 0.3214333 0 -0.9469322 0.3214333 0 -0.9978593 0.06539717 0 -0.9978593 0.06539717 0 -0.7878661 0.2674449 -0.5547433 -0.5551521 -0.03638941 -0.8309524 0.05449342 -0.03641124 0.9978501 -0.1917514 -0.0381404 0.9807022 -0.1789364 -0.2678013 0.9467124 -0.01278435 -0.06427349 0.9978504 -0.7518257 -0.6593619 0 -0.7518257 -0.6593619 0 -0.6749601 -0.3328476 0.6585146 -0.1625523 -0.1086137 0.9807038 -0.366835 -0.4183068 0.8309341 -0.3049621 0.1035223 0.9467213 -0.89687 -0.3044553 0.3208288 -0.647481 -0.1287836 -0.7511213 -0.6579595 -0.7502266 -0.06518622 -0.4420964 -0.02897397 0.8964995 -0.1625491 -0.1086102 0.9807047 -0.8297021 -0.5543754 0.06528568 -0.7502266 -0.6579595 -0.06518622 0.7462135 0.3680006 -0.5547441 0.548565 0.6255395 -0.5547763 -0.178959 0.2678294 -0.9467001 -0.4961809 0.5657729 -0.6585632 -0.6257241 0.418096 -0.6585325 -0.3159237 0.06283729 -0.9467015 -0.5543754 0.829702 -0.06528796 -0.498486 0.7460279 -0.4415361 0.04923604 0.7509471 -0.6585244 0.5915956 0.6746081 -0.441496 0.1623121 0.8160173 -0.5547707 0.7502266 0.6579595 -0.06518623 0.4413388 0.8949584 0.06534175 0.06415105 0.9787688 0.1946702 -0.6917859 0.4622422 -0.5547652 -0.7120959 0.6245164 -0.3207781 -0.6579362 0.7502537 0.06511004 -0.9289411 0.1847725 0.320823 -0.4622414 0.6917687 0.5547874 -0.6918029 0.4622494 0.5547379 -0.8296997 0.5543846 0.0652407 -0.7380787 -0.1468151 0.6585478 -0.03814084 0.1917408 0.9807042 -0.01278731 0.1950787 0.9807042 -0.02898906 0.05878283 0.9978498 0.05867463 -0.8953319 -0.4415181 0.05443363 -0.8302206 -0.5547709 0.1623121 -0.8160174 -0.5547707 -0.3207479 -0.9449129 -0.06527172 0.06283371 -0.1850943 -0.98071 0.04923603 -0.7509471 -0.6585243 0.06195694 -0.9451165 0.3208053 0.1623326 -0.8160222 0.5547575 0.06539717 -0.9978593 0 0.06539717 -0.9978593 0 -0.06526255 -0.995727 0.0653346 -0.1950925 -0.9807848 0 -0.1950925 -0.9807848 -0 0.1913487 -0.9620232 0.1946713 -0.1085585 -0.5457311 0.8308986 0.5262001 -0.7875282 -0.3208002 0.2123742 -0.2421514 -0.94671 0.3330967 -0.2921119 -0.8965027 0.1287986 -0.6475003 -0.7511021 0.01278698 -0.195042 -0.9807116 0.2921119 -0.3330967 -0.8965028 -0.03640942 -0.05449285 -0.9978502 -0.03641376 -0.05449466 -0.9978499 -0.1424672 -0.2888795 -0.9467057 -0.3214152 -0.02106881 -0.946704 -0.5262004 -0.7875273 -0.3208022 -0.1625271 -0.1085925 -0.9807103 -0.1085925 -0.1625271 -0.9807103 0.01278531 0.1950463 -0.9807107 0.1788302 0.5268151 -0.8309547 0.2123834 0.2421819 -0.9467002 -0.2921092 0.3330955 -0.8965041 -0.1424672 0.2888795 -0.9467057 0.6251227 0.212196 -0.7511287 0.7126223 0.2418873 -0.6585287 0.462587 0.3090957 -0.8309472 0.4182907 0.3668211 -0.8309484 0.04320715 0.04927347 -0.9978503 0.2461421 0.3683718 -0.8965023 0.2678294 0.178959 -0.9467001 0.3683692 0.246138 -0.8965044 0.02898213 -0.05877761 -0.9978504 0.5268151 0.1788302 -0.8309547 0.3973766 0.1959591 -0.8964887 0.06539626 0.004286103 -0.9978502 0.3159237 -0.06283729 -0.9467015 0.3159168 0.06283887 -0.9467036 0.1917047 -0.03813189 -0.9807116 0.9787593 -0.06414437 -0.1947194 0.6917931 -0.4622423 -0.554756 0.9957306 0.0652566 -0.0652845 0.9786928 0.1946763 -0.06528116 0.7380996 0.1468182 -0.6585237 0.8496282 0.2884094 -0.4415337 0.9957308 0.06525768 -0.06528128 0.8949544 0.4413572 -0.06527097 0.9449129 0.3207479 -0.06527172 0.746205 0.3679865 -0.5547649 0.6917859 0.4622422 -0.5547652 0.750912 0.04921357 -0.6585661 0.8800061 0.1750353 -0.4415337 0.5551673 0.03638343 -0.8309425 0.5551673 -0.03638343 -0.8309425 0.9786955 -0.1946695 -0.06525954 0.9620156 -0.1913483 -0.1947099 0.4963274 -0.4352774 -0.7511277 0.2674209 -0.7878469 -0.5547823 0.6245164 -0.7120959 -0.3207781 -0.195042 -0.01278698 -0.9807115 0.1625491 0.1086102 0.9807047 0.2678013 0.1789364 0.9467124 0.1289008 0.146983 0.9807041 0.2123584 0.2421479 0.9467145 0.6749601 0.3328476 0.6585146 0.2677976 0.1789324 0.9467141 0.4420964 0.02897397 0.8964995 0.5268441 0.1788294 0.8309365 0.06539109 -0.004286909 0.9978505 0.06205461 0.02106599 0.9978504 0.03638509 0.555235 0.8308972 0.04921036 0.7509286 0.6585474 0.128787 0.6474396 0.7511563 0.2121842 0.625089 0.7511602 -0.1913483 0.9620156 -0.1947099 -0.05878283 -0.02898906 0.9978498 0.06195695 0.9451165 0.3208053 0.05440566 0.8302313 0.5547576 0.04920919 0.7509332 0.6585421 0.2674303 0.787817 0.5548201 0.1623082 0.8159826 0.5548229 0.418096 0.6257241 -0.6585325 0.06539717 0.9978593 -0 0.06539717 0.9978593 0 0.1847699 0.9289479 -0.3208052 0.05443363 0.8302207 -0.5547709 0.6579595 0.7502266 -0.06518623 0.7120959 0.6245164 -0.3207782 0.6467335 0.7374286 -0.1947688 0.7374286 0.6467335 -0.1947688 0.5449336 0.8155726 0.1946506 0.829698 0.5543849 -0.06525741 0.9449124 0.3207521 -0.06525917 0.8296996 0.5543846 0.06524073 0.9449087 0.3207465 0.06533844 0.7120745 0.6244889 0.3208793 0.7875293 0.5262319 0.3207456 0.625089 0.2121842 0.7511602 0.6918029 0.4622494 0.5547379 0.3668349 0.4183067 0.8309341 0.5658309 0.4961948 0.658503 0.7878603 0.2674656 0.5547416 0.7126361 0.2419096 0.6585056 0.6251134 0.2121854 0.7511396 0.4989933 0.2460664 0.8309374 0.9451165 0.06195695 0.3208053 0.9787795 0.06416371 0.1946119 0.625089 -0.2121842 0.7511601 0.5457311 -0.1085585 0.8308986 0.9620232 0.1913487 0.1946713 0.9289478 0.1847699 0.3208053 0.8496106 0.2884124 0.4415655 0.880032 0.1750441 0.4414785 0.3973766 -0.1959591 -0.8964887 0.4989671 -0.2460621 -0.8309545 0.4345427 -0.08643063 -0.8964945 0.4195429 -0.1424093 -0.896495 0.4182908 -0.3668214 -0.8309482 0.462587 -0.3090957 -0.8309472 0.1625271 -0.1085925 -0.9807103 0.3668214 -0.4182908 -0.8309482 0.06416461 -0.9787694 -0.1946623 0.1946763 -0.9786928 -0.06528115 0.5555606 -0.8314761 0 0.5555606 -0.8314761 0 0.1750464 -0.8800224 0.4414967 0.2123584 -0.2421479 0.9467145 0.288438 -0.8496374 0.4414971 0.1287847 -0.6474352 0.7511604 0.4622494 -0.691803 0.5547379 0.5920332 -0.2919725 0.7511649 0.9289466 -0.1847708 -0.3208082 0.7460279 -0.498486 -0.4415361 0.7875273 -0.5262004 -0.3208022 0.6244892 -0.7120761 0.3208751 0.7120745 -0.6244889 0.3208793 0.8155726 -0.5449336 0.1946506 0.7126361 -0.2419096 0.6585056 0.8800224 -0.1750464 0.4414967 0.8968723 -0.3044547 0.320823 0.9289412 -0.1847725 0.320823 0.2919782 -0.5920641 0.7511383 0.3668545 -0.4183459 0.8309057 0.5657729 -0.4961809 -0.6585633 0.3679864 -0.7462049 -0.554765 0.6579294 -0.7502441 -0.06528858 0.5543754 -0.829702 -0.06528798 0.4188896 -0.8494655 0.3208425 0.5262318 -0.7875292 0.3207457 0.01278391 0.06427255 0.9978505 0.004285886 0.06539684 0.9978501 0.02106291 0.3213864 0.9467139 0.08643606 0.4345203 0.8965049 0.06284463 0.1851314 0.9807023 0.0381404 0.1917514 0.9807022 0.1959351 0.3973019 0.8965269 0.1287847 0.6474353 0.7511604 0.2123692 0.2421555 0.9467101 0.1086102 0.1625491 0.9807047 0.5658309 -0.4961948 0.658503 0.3330951 -0.2921228 0.8964998 0.3973019 -0.1959351 0.8965269 0.3683736 -0.2461503 0.8964993 0.7126606 -0.24191 0.658479 0.4183068 -0.366835 0.8309341 -0.06539684 -0.004285886 0.9978501 0.1035223 -0.3049621 0.9467213 0.03641242 -0.05449668 0.9978498 0.2123692 -0.2421555 0.9467101 0.06539684 0.004285886 0.9978501 0.3213706 0.02106568 0.9467192 -0.9620131 0.1913512 -0.1947196 -0.8047158 0.3968388 -0.4415329 -0.4989933 -0.2460664 0.8309374 -0.8297021 0.5543754 0.06528561 -0.9957306 -0.0652566 -0.0652845 -0.6746081 0.5915956 -0.4414959 -0.829702 0.5543754 -0.06528798 -0.4413388 0.8949584 0.06534175 -0.3330951 0.2921228 0.8964999 -0.2919782 -0.5920641 0.7511383 -0.142457 0.2888632 0.9467123 -0.1086137 0.1625523 0.9807038 -0.2461503 -0.3683736 0.8964993 -0.3091373 -0.4626361 0.8309044 -0.2884124 -0.8496106 0.4415655 -0.24191 -0.7126606 0.658479 -0.4622494 -0.691803 0.5547379 -0.1288965 -0.1469747 0.9807059 -0.08646603 -0.1753381 0.9807039 0.146983 -0.1289008 0.9807041 -0.7878171 -0.2674303 0.5548201 -0.1950787 -0.01278732 0.9807042 -0.9469322 -0.3214333 0 -0.9469322 -0.3214333 0 -0.8949537 -0.4413603 -0.0652616 -0.9807848 -0.1950925 0 -0.9807848 -0.1950925 0 -0.6467215 -0.7374638 -0.1946748 -0.4625867 -0.3090952 -0.8309475 -0.8314761 -0.5555606 0 -0.8314761 -0.5555606 0 -0.8047085 -0.396819 0.4415642 -0.368335 -0.2461077 0.8965268 -0.3683735 -0.2461503 0.8964992 0.624508 0.7120956 -0.3207952 0.3679865 0.746205 -0.5547649 -0.7460279 0.498486 -0.4415361 -0.6917931 0.4622423 -0.554756 -0.2418873 0.7126222 -0.6585287 -0.5262001 0.7875282 -0.3208001 -0.142457 0.2888712 -0.9467098 -0.4345427 0.08643063 -0.8964945 -0.03638343 0.5551673 -0.8309425 0.0586758 0.8953301 -0.4415215 0.1085412 0.5456533 -0.8309521 0.212196 0.6251227 -0.7511287 0.3090957 0.462587 -0.8309472 0.4961809 0.5657729 -0.6585632 0.2460621 0.4989671 -0.8309544 0.4984668 0.7460216 -0.4415684 0.6593619 0.7518257 -0 0.6593619 0.7518257 0 0.7374498 0.6467079 0.1947733 0.5449353 0.8155665 -0.194671 0.6467215 0.7374638 -0.1946748 -0.6579595 0.7502266 -0.06518623 -0.7502266 0.6579595 -0.06518619 -0.5555606 0.8314761 0 -0.5555606 0.8314761 0 -0.5915741 0.6745932 0.4415475 -0.7502537 0.6579362 0.06511004 -0.8968655 0.4423032 0 -0.8968655 0.4423032 0 -0.8155726 0.5449335 0.1946506 -0.6255638 0.5485764 0.5547376 -0.05878009 0.02898675 0.99785 0.03641124 0.05449342 0.9978501 -0.06539109 0.004286907 0.9978505 -0.5920641 0.2919782 0.7511383 -0.142442 0.2888454 0.9467199 -0.5488414 0.3667224 0.7511909 -0.2123584 0.2421479 0.9467145 -0.1085533 0.5457206 0.8309063 0.3044494 -0.8968803 -0.3208057 0.2884094 -0.8496282 -0.4415337 -0.02106881 -0.3214152 -0.946704 -0.04317192 -0.6587515 -0.7511209 -0.0652566 -0.9957306 -0.0652845 -0.06416461 -0.9787694 -0.1946623 -0.1946695 -0.9786955 -0.06525954 -0.06194288 -0.9450971 0.3208652 -0.06415106 -0.9787688 0.1946702 -0.1287847 -0.6474352 0.7511604 0.004285886 -0.06539684 0.9978501 -0.1287986 -0.6475003 -0.751102 -0.03638343 -0.5551673 -0.8309425 0.142457 -0.2888712 -0.9467098 0.1788302 -0.5268151 -0.8309547 0.02898973 -0.05878135 -0.9978499 0.02898947 -0.05878333 -0.9978498 0.05877761 0.02898213 -0.9978504 0.04927741 -0.04321738 -0.9978497 0.04927782 -0.04321744 -0.9978496 0.01278841 -0.06428298 -0.9978498 0.01278618 -0.06428073 -0.99785 0.03813241 -0.1917054 -0.9807115 0.01278496 -0.06428539 -0.9978496 -0.04320715 -0.04927347 -0.9978503 0.3050129 0.1035333 -0.9467037 -0.05877761 -0.02898213 -0.9978504 -0.1424093 -0.4195429 -0.896495 -0.08645544 -0.1753098 -0.9807099 -0.06283887 -0.3159169 -0.9467036 -0.5485787 -0.6255435 -0.5547583 -0.2123834 0.242182 -0.9467002 -0.8953301 0.0586758 -0.4415214 -0.06206531 0.02106619 -0.9978498 0 0.1688029 -0.9856499 -0.1950463 0.01278532 -0.9807107 0.1424199 0.4195542 -0.8964881 0.1788324 0.5267951 -0.8309668 -0.4625867 0.3090952 -0.8309475 -0.2888712 0.142457 -0.9467098 -0.5268151 0.1788302 -0.8309547 -0.2888795 0.1424672 -0.9467057 -0.2921119 0.3330967 -0.8965027 0.4989671 0.2460621 -0.8309544 0.4195429 0.1424093 -0.896495 0.6587516 0.04317193 -0.7511209 0.647481 0.1287836 -0.7511213 0.5920768 0.2919785 -0.7511281 0.6251466 0.21222 -0.7511021 0.4961872 0.5658015 -0.6585339 0.5485787 0.6255435 -0.5547583 0.1288842 0.1469552 -0.9807105 0.2421819 0.2123834 -0.9467002 0.0620617 0.02106664 -0.99785 0.06206498 0.0210709 -0.9978496 0.1850877 0.06282741 -0.9807116 0.3159237 0.06283729 -0.9467015 0.4195542 0.1424199 -0.8964881 0.02106619 -0.0620653 -0.9978498 0.1688545 0 -0.9856409 -0.004286102 -0.06539626 -0.9978502 0.3214222 -0.02107259 -0.9467015 0.3159169 -0.06283887 -0.9467036 0.1950463 -0.01278532 -0.9807107 0.8968803 0.3044494 -0.3208057 0.8496268 0.2884099 -0.4415359 0.9620131 0.1913512 -0.1947196 0.9786955 0.1946695 -0.06525954 0.7878469 0.2674209 -0.5547823 0.6745644 0.5915931 -0.441566 0.8047158 0.3968388 -0.4415329 0.8494666 0.4189072 -0.3208165 0.6475003 -0.1287986 -0.751102 0.9289479 0.1847699 -0.3208052 0.830261 0.05441148 -0.5547125 0.8302206 0.05443363 -0.5547709 0.5551521 0.0363894 -0.8309525 0.4420991 0.02897894 -0.8964979 0.750912 -0.04921357 -0.658566 0.6587483 -0.04317331 -0.7511237 0.830261 -0.05441147 -0.5547125 0.8302207 -0.05443363 -0.5547709 0.5920812 -0.2919843 -0.7511225 0.4625867 -0.3090952 -0.8309475 0.8800108 -0.1750409 -0.4415219 0.8160174 -0.1623121 -0.5547706 0.05449668 0.03641242 0.9978498 0.04927059 0.04321228 0.9978502 0.2888454 0.142442 0.9467199 0.1851314 0.06284462 0.9807023 -0.6587105 0.04316706 0.7511572 0.04927638 0.04321529 0.9978498 0.04321229 0.04927059 0.9978502 0.7509286 0.04921036 0.6585473 0.6587105 0.04316706 0.7511572 0.3213864 -0.02106291 0.9467139 0.3213864 0.02106291 0.9467139 0.4345382 0.08643518 0.8964963 0.4420861 0.02897066 0.8965047 0.5457206 0.1085533 0.8309063 0.5268829 0.1788551 0.8309062 0.1468151 0.7380787 0.6585478 0.1788294 0.5268441 0.8309365 -0.04316569 0.6587067 0.7511606 0.04316569 0.6587067 0.7511606 0.4961467 0.5657206 0.6586338 0.2919725 0.5920332 0.7511649 0.1788551 0.5268829 0.8309062 0.1085533 0.5457206 0.8309063 -0.06525756 0.9957289 0.06530917 -0.1946756 0.9786893 0.06533425 -0.05866044 0.8953107 0.441563 0.3044547 0.8968723 0.320823 0.1946756 0.9786893 0.06533425 0.06416371 0.9787795 0.1946119 -0.3044547 0.8968723 0.320823 -0.1847725 0.9289411 0.320823 0.2419096 0.7126361 0.6585056 0.1847725 0.9289412 0.320823 0.4338227 0.8797171 0.194668 0.3207628 0.9449086 0.06526099 0.5262318 0.7875292 0.3207457 0.1750441 0.880032 0.4414785 -0.06195708 0.9450955 -0.3208674 -0.1468182 0.7380996 -0.6585237 0.1750409 0.8800108 -0.4415219 0.7460216 0.4984668 -0.4415684 0.7875282 0.5262001 -0.3208001 0.7502537 0.6579362 0.06511004 0.7502217 0.6579552 0.06528633 0.8797073 0.4338379 -0.1946789 0.8797064 0.4338255 -0.1947102 0.7502442 0.6579294 -0.06528858 0.7374638 0.6467215 -0.1946748 0.8949552 0.441361 0.06523535 0.8949584 0.4413388 0.0653416 0.6917686 0.4622413 0.5547875 0.6255595 0.5485748 0.554744 0.3968191 0.8047165 0.4415495 0.396819 0.8047085 0.4415642 0.4183067 0.366835 0.8309341 0.4962926 0.4352072 0.7511913 0.7462226 0.3679897 0.554739 0.746021 0.4984929 0.4415398 0.7460153 0.498492 0.4415506 0.7461964 0.3679619 0.5547927 0.4963669 0.4353223 0.7510756 0.4626555 0.309144 0.8308911 0.548862 0.3667467 0.7511641 0.6257353 0.4181043 0.6585166 0.8953511 0.05868245 0.441478 0.9450971 0.06194288 0.3208652 0.7381129 -0.146834 0.6585053 0.7380787 -0.1468151 0.6585478 0.4420861 -0.02897066 0.8965047 0.6474397 -0.128787 0.7511563 0.7878169 0.2674303 0.5548202 0.8496375 0.288438 0.4414971 0.242182 -0.2123834 -0.9467002 0.2674449 -0.7878661 -0.5547433 0.04321739 -0.04927742 -0.9978497 0.04321744 -0.04927782 -0.9978496 0.1288842 -0.1469552 -0.9807105 0.3683692 -0.246138 -0.8965044 0.3973425 -0.1959581 -0.896504 0.315285 -0.9288077 -0.1947085 0.4189138 -0.8494686 -0.3208026 -0.04923603 -0.7509471 -0.6585244 0.2884099 -0.8496268 -0.4415359 0.2919843 -0.5920812 -0.7511225 0.1623082 -0.8159826 0.5548229 0.146834 -0.7381129 0.6585053 0.06427255 0.01278391 0.9978505 -0.04316569 -0.6587067 0.7511606 -0.004285886 -0.06539684 0.9978501 0.02897397 -0.4420964 0.8964995 0.06415106 -0.9787688 0.1946702 0.1946622 -0.9786969 0.06526104 0.2419096 -0.7126361 0.6585056 0.06282961 -0.3158651 0.9467216 0.05868245 -0.8953511 0.441478 0.9449129 -0.3207479 -0.06527172 0.9469322 -0.3214333 0 0.9469322 -0.3214333 0 0.9288097 -0.3152978 0.194679 0.8968701 -0.3044553 0.3208288 0.8494655 -0.4188896 0.3208425 0.67496 -0.3328475 0.6585146 0.7878603 -0.2674656 0.5547416 0.7502537 -0.6579363 0.06511004 0.7875065 -0.5261809 0.320885 0.8797171 -0.4338228 0.194668 0.9288089 -0.3152961 0.1946859 0.4961948 -0.5658309 0.658503 0.4181068 -0.6257439 0.6585069 0.2921092 -0.3330955 -0.8965041 0.4622423 -0.6917931 -0.554756 0.6467215 -0.7374638 -0.1946748 0.498486 -0.7460279 -0.4415361 0.6746081 -0.5915956 -0.441496 0.5485651 -0.6255395 -0.5547763 0.6593619 -0.7518257 0 0.6593619 -0.7518257 0 0.7502218 -0.6579552 0.06528633 0.7502442 -0.6579294 -0.06528854 0.9288078 -0.315285 -0.1947086 0.7502266 -0.6579595 -0.06518622 0.6579595 -0.7502266 -0.06518619 0.6579552 -0.7502218 0.06528633 0.5543754 -0.8297021 0.06528561 0.3968191 -0.8047165 0.4415495 0.5485747 -0.6255595 0.5547441 -0.2123584 -0.2421479 0.9467145 0.004286909 0.06539109 0.9978505 0.02897066 0.442086 0.8965046 0.0363854 0.5552335 0.8308983 -0.1788294 0.5268441 0.8309365 0.02897396 0.4420964 0.8964995 0.1035223 0.3049621 0.9467213 0.06282961 0.3158651 0.9467216 0.1035245 0.3049655 0.94672 0.142457 0.2888632 0.9467123 0.3973573 -0.195947 0.8964999 0.4963669 -0.4353223 0.7510756 0.6251134 -0.2121854 0.7511396 0.2677976 -0.1789324 0.9467141 0.6749832 -0.33287 0.6584794 0.5920641 -0.2919782 0.7511383 0.4990511 -0.2461166 0.8308878 0.368335 -0.2461077 0.8965268 -0.06206466 0.02106686 0.9978498 0.1917514 -0.0381404 0.9807022 0.1851314 -0.06284463 0.9807023 0.1851199 -0.06284359 0.9807045 -0.06427349 0.01278435 0.9978504 0.05878009 0.02898675 0.99785 0.4345203 -0.08643606 0.8965048 0.1950686 -0.01278413 0.9807063 -0.4420872 0.02898345 -0.8965036 -0.7878469 0.2674209 -0.5547823 -0.8949544 0.4413572 -0.06527097 -0.9450955 0.06195707 -0.3208674 -0.674624 -0.5916438 0.4414068 -0.7875065 0.5261809 0.320885 -0.9978593 -0.06539717 0 -0.9978593 -0.06539717 0 -0.995727 0.06526255 0.0653346 -0.8155665 0.5449353 -0.194671 -0.7374638 0.6467215 -0.1946748 -0.7502442 0.6579294 -0.06528858 -0.8949537 0.4413603 -0.06526156 -0.5658309 0.4961948 0.6585029 -0.3668545 0.418346 0.8309058 -0.142457 -0.2888632 0.9467123 -0.0381404 -0.1917514 0.9807022 -0.06206467 -0.02106686 0.9978498 -0.02106686 -0.06206466 0.9978498 0.03641242 0.05449668 0.9978498 0.02898674 0.05878008 0.99785 -0.1789324 -0.2677976 0.9467141 -0.1959351 -0.3973019 0.8965269 -0.8494655 -0.4188896 0.3208425 -0.4962926 -0.4352072 0.7511913 -0.3152978 -0.9288097 0.194679 -0.5449364 -0.8155594 0.1946979 -0.4188896 -0.8494655 0.3208425 -0.4413388 -0.8949584 0.0653416 -0.6467447 -0.7374517 0.1946438 -0.6579363 -0.7502537 0.06511004 -0.4963669 -0.4353223 0.7510756 -0.2920863 -0.3330699 0.8965212 -0.5457206 -0.1085533 0.8309063 -0.3158722 -0.0628329 0.946719 -0.05878008 -0.02898674 0.99785 0.04321529 -0.04927639 0.9978498 -0.9957289 0.06525756 0.06530918 -0.8968723 -0.3044547 0.320823 -0.9449129 -0.3207479 -0.06527172 -0.8949545 -0.4413572 -0.06527097 -0.829702 -0.5543754 -0.06528796 -0.8949552 -0.441361 0.06523529 -0.8968655 -0.4423032 0 -0.8968655 -0.4423032 0 -0.5658015 -0.4961872 -0.6585339 -0.4413572 -0.8949545 -0.06527097 -0.6593619 -0.7518257 0 -0.6593619 -0.7518257 -0 -0.4413603 -0.8949537 -0.0652616 -0.4189072 -0.8494666 -0.3208165 -0.3968388 -0.8047159 -0.4415329 -0.3973573 -0.195947 0.8964999 -0.1851314 -0.06284463 0.9807023 -0.6749832 -0.33287 0.6584794 -0.7126361 -0.2419096 0.6585056 -0.4345203 -0.08643606 0.8965049 -0.3158651 -0.06282961 0.9467216 0.5262004 0.7875273 -0.3208022 0.5449383 0.8155602 -0.1946888 -0.6255395 0.5485651 -0.5547763 -0.9289479 0.1847699 -0.3208051 -0.9288077 0.315285 -0.1947085 -0.7380996 -0.1468182 -0.6585237 -0.5658015 0.4961872 -0.6585339 -0.4989671 0.2460621 -0.8309544 -0.6257243 0.4180965 -0.658532 -0.5489026 0.3667655 -0.7511251 -0.1913512 0.9620131 -0.1947196 -0.5657729 0.4961809 -0.6585632 -0.6245164 0.7120959 -0.3207782 -0.548565 0.6255395 -0.5547763 -0.4195429 0.1424093 -0.896495 -0.1753081 0.0864533 -0.9807104 -0.624508 0.7120956 -0.3207952 -0.21222 0.6251466 -0.7511021 0.04921357 0.750912 -0.6585661 -0.04921357 0.750912 -0.6585661 0.1468182 0.7380996 -0.6585237 0.1287986 0.6475002 -0.7511021 0.3328455 0.674939 -0.6585372 0.4352774 0.4963273 -0.7511277 0.4625867 0.3090952 -0.8309475 0.5488933 0.3667644 -0.7511325 0.3968388 0.8047158 -0.4415329 0.2418873 0.7126223 -0.6585287 0.142457 0.2888712 -0.9467098 0.3667644 0.5488933 -0.7511325 0.4338263 0.8797073 0.1947047 0.5543754 0.8297021 0.06528568 -0.5262318 0.7875292 0.3207457 -0.3207628 0.9449086 0.06526099 -0.5449353 0.8155665 -0.194671 -0.4423032 0.8968655 0 -0.4423032 0.8968655 0 -0.7374498 0.6467079 0.1947733 -0.6745932 0.5915741 0.4415475 -0.1288965 0.1469747 0.9807059 -0.2421479 0.2123584 0.9467145 -0.3683736 0.2461503 0.8964993 -0.1851314 0.06284463 0.9807023 0.142457 -0.2888632 0.9467123 -0.1035245 0.3049655 0.94672 -0.3667466 0.548862 0.751164 -0.02106599 0.0620546 0.9978504 -0.2123692 0.2421555 0.9467101 -0.4181068 0.6257439 0.6585069 -0.3667224 0.5488414 0.7511909 -0.01278435 0.06427349 0.9978504 -0.01278391 0.06427255 0.9978505 -0.04927639 0.0432153 0.9978498 -0.0432153 0.04927639 0.9978498 0.2919785 -0.5920769 -0.7511281 0.2418873 -0.7126222 -0.6585287 0.0586758 -0.8953301 -0.4415214 0.1750409 -0.8800108 -0.4415219 0.04921357 -0.750912 -0.6585661 -0.1468195 -0.7380955 -0.658528 0.1085411 -0.5456533 -0.8309521 -0.02897895 -0.4420991 -0.8964979 -0.1913512 -0.9620131 -0.1947197 -0.06195707 -0.9450955 -0.3208674 0.06414437 -0.9787593 -0.1947194 0.4338379 -0.8797072 -0.1946789 -0.05867463 -0.8953319 -0.4415181 0.06195707 -0.9450955 -0.3208674 -0.06525768 -0.9957308 -0.06528128 -0.1946763 -0.9786928 -0.06528115 -0.3044547 -0.8968723 0.320823 -0.1946756 -0.9786893 0.06533425 -0.06525756 -0.9957289 0.06530917 -0.1913487 -0.9620232 0.1946713 -0.04921036 -0.7509286 0.6585473 -0.1750441 -0.880032 0.4414785 -0.288438 -0.8496375 0.4414971 -0.33287 -0.6749833 0.6584794 0.06283729 -0.3159237 -0.9467015 0.02106881 -0.3214152 -0.946704 0.01278532 -0.1950463 -0.9807107 -0.01278532 -0.1950463 -0.9807107 0.4182907 -0.3668211 -0.8309484 0.1035353 -0.3049923 -0.9467102 0.0210709 -0.06206498 -0.9978496 0.02106664 -0.0620617 -0.99785 0.03813241 0.1917054 -0.9807115 0.06282742 -0.1850877 -0.9807116 0.08645544 -0.1753098 -0.9807099 0.004285419 -0.06540254 -0.9978498 0.004287552 -0.0653988 -0.99785 -0.05448989 0.036409 -0.9978503 -0.3330955 0.2921092 -0.8965041 -0.036409 -0.0544899 -0.9978503 -0.178959 -0.2678294 -0.9467001 -0.1035333 -0.3050129 -0.9467037 -0.142457 -0.2888712 -0.9467098 -0.0864533 -0.1753081 -0.9807104 -0.06539626 -0.004286102 -0.9978502 -0.246138 -0.3683692 -0.8965044 -0.1753098 0.08645543 -0.9807099 -0.5456533 0.1085412 -0.8309521 -0.8160087 0.1623154 -0.5547823 -0.3214222 0.02107259 -0.9467015 -0.2678211 -0.1789457 -0.9467049 -0.1753098 -0.08645544 -0.9807099 0.2123742 0.2421514 -0.94671 -0.01278531 0.1950463 -0.9807107 -0.1688029 -0 -0.9856499 -0.02106619 -0.06206531 -0.9978498 0.02897894 0.4420991 -0.8964979 -0.02898345 0.4420873 -0.8965037 -0.1287836 0.647481 -0.7511213 -0.02898973 0.05878135 -0.9978499 -0.02898947 0.05878333 -0.9978498 -0.1959591 0.3973766 -0.8964887 0.0620653 0.02106619 -0.9978498 0 0.1688545 -0.9856409 -0.02898213 0.05877761 -0.9978504 -0.1085925 0.1625271 -0.9807103 -0.06428073 0.01278618 -0.99785 -0.06428298 0.01278841 -0.9978498 -0.2123742 0.2421514 -0.94671 -0.195042 0.01278698 -0.9807116 -0.06539881 0.004287553 -0.99785 -0.06540254 0.004285419 -0.9978498 -0.2421514 0.2123742 -0.94671 -0.1789457 0.2678211 -0.9467049 0.6257243 0.4180965 -0.658532 0.5920812 0.2919842 -0.7511225 0.6257241 0.418096 -0.6585325 0.674939 0.3328455 -0.6585372 0.5658015 0.4961872 -0.6585339 0.3668211 0.4182907 -0.8309484 0.3330955 0.2921092 -0.8965041 0.4182908 0.3668214 -0.8309482 0.1959581 0.3973425 -0.896504 -0.05449467 -0.03641377 -0.9978499 -0.05449285 -0.03640942 -0.9978502 0.06539626 -0.004286103 -0.9978502 0.06540254 -0.004285418 -0.9978498 0.06539881 -0.004287553 -0.99785 0.2888712 0.142457 -0.9467098 0.03641376 0.05449466 -0.9978499 0.03640942 0.05449285 -0.9978502 0.5456533 0.1085412 -0.8309521 0.5456328 0.108526 -0.8309675 0.4420872 0.02898345 -0.8965036 0.4345233 0.08643522 -0.8965035 0.3214152 0.02106881 -0.946704 0.1950463 0.01278531 -0.9807107 0.9288074 0.3152853 -0.1947097 0.9620156 0.1913483 -0.1947099 0.8953301 0.0586758 -0.4415214 0.8953319 0.05867463 -0.4415181 0.8160173 0.1623121 -0.5547707 0.8800108 0.1750409 -0.4415219 0.691786 -0.4622422 -0.5547651 0.7380955 -0.1468195 -0.658528 0.674939 -0.3328455 -0.6585372 0.5267951 -0.1788324 -0.8309668 0.3668211 -0.4182906 -0.8309484 0.5488933 -0.3667644 -0.7511325 0.0492706 -0.04321229 0.9978502 0.146983 0.1289008 0.9807041 0.021066 -0.0620546 0.9978504 0.1625523 0.1086137 0.9807038 0.05449342 0.03641124 0.9978501 0.5457206 -0.1085533 0.8309063 0.555235 0.03638509 0.8308972 0.4345203 0.08643606 0.8965048 0.5457311 0.1085585 0.8308986 0.33287 0.6749833 0.6584794 0.2919782 0.5920641 0.7511383 -0.1950925 0.9807848 0 -0.1950925 0.9807848 0 -0.05439811 0.8302564 0.5547207 -0.2121842 0.625089 0.7511602 -0.128787 0.6474396 0.7511563 0.05866044 0.8953107 0.441563 -0.04316706 0.6587105 0.7511572 0.05439811 0.8302564 0.5547207 -0.3679897 0.7462226 0.5547391 -0.4188896 0.8494655 0.3208425 -0.2884124 0.8496106 0.4415655 -0.1913487 0.9620232 0.1946713 0.146834 0.7381127 0.6585053 0.1623326 0.8160222 0.5547575 0.1946622 0.9786969 0.065261 0.1913454 0.9620211 0.1946853 0.3044553 0.89687 0.3208288 0.3679619 0.7461964 0.5547927 0.498492 0.7460153 0.4415505 0.1750464 0.8800224 0.4414967 -0.1946695 0.9786955 -0.06525954 -0.5449383 0.8155602 -0.1946887 -0.06414435 0.9787593 -0.1947194 0.1946763 0.9786928 -0.06528116 0.3214333 0.9469322 -0 0.3214333 0.9469322 0 0.1950925 0.9807848 -0 0.1950925 0.9807848 0 0.8494858 0.4189225 0.320746 0.7374517 0.6467447 0.1946438 0.7875065 0.5261809 0.320885 0.8155726 0.5449335 0.1946506 0.5916438 0.674624 0.4414068 0.4181043 0.6257353 0.6585166 0.6257439 0.4181068 0.6585069 0.5657206 0.4961467 0.6586339 0.5449364 0.8155594 0.1946979 0.4353223 0.4963669 0.7510756 0.2921228 0.3330951 0.8964999 0.1789324 0.2677976 0.9467141 0.309144 0.4626555 0.8308911 0.3668545 0.418346 0.8309058 0.6749833 0.33287 0.6584794 0.7126606 0.24191 0.658479 0.3330951 0.2921228 0.8964998 0.3683736 0.2461503 0.8964993 0.5920332 0.2919725 0.751165 0.4990511 0.2461166 0.8308879 0.7509332 0.04920919 0.6585421 0.8302313 0.05440566 0.5547576 0.8160222 -0.1623326 0.5547575 0.8302313 -0.05440566 0.5547576 0.4195314 -0.1424136 0.8964997 0.6587067 -0.04316569 0.7511606 0.8047165 0.3968192 0.4415495 0.8047085 0.396819 0.4415642 0.246138 -0.3683692 -0.8965044 0.1959581 -0.3973425 -0.896504 0.1789457 -0.2678211 -0.9467049 0.1085923 -0.162526 -0.9807105 0.178959 -0.2678294 -0.9467001 0.3330955 -0.2921092 -0.8965041 0.03641377 -0.05449467 -0.9978499 0.03640942 -0.05449285 -0.9978502 0.2678211 -0.1789457 -0.9467049 0.2888795 -0.1424672 -0.9467057 0.4423032 -0.8968655 0 0.4423032 -0.8968655 0 0.4413572 -0.8949545 -0.06527097 0.5449383 -0.8155602 -0.1946887 0.441361 -0.8949552 0.06523535 0.4984668 -0.7460216 -0.4415684 0.3044468 -0.8968791 -0.3208115 0.1750353 -0.880006 -0.4415337 0.1847699 -0.9289479 -0.3208051 0.1789324 -0.2677976 0.9467141 0.3091373 -0.4626361 0.8309044 -0.05439811 -0.8302564 0.5547207 0.1468151 -0.7380787 0.6585478 -0.03638509 -0.555235 0.8308972 -0.3668545 -0.418346 0.8309057 0.01278435 -0.06427349 0.9978504 0.06539109 0.004286909 0.9978505 0.06284359 -0.1851199 0.9807045 0.04316569 -0.6587067 0.7511606 -0.1750464 -0.8800224 0.4414967 0.1913453 -0.9620211 0.1946853 0.24191 -0.7126606 0.658479 0.33287 -0.6749832 0.6584794 0.3044553 -0.8968701 0.3208288 0.4413388 -0.8949584 0.06534175 0.3207628 -0.9449085 0.06526099 0.1946756 -0.9786893 0.06533425 0.9289478 -0.1847699 -0.3208052 0.880006 -0.1750353 -0.4415337 0.9786928 -0.1946763 -0.06528114 0.9449085 -0.3207628 0.06526099 0.9449087 -0.3207465 0.06533844 0.8496106 -0.2884124 0.4415655 0.8047085 -0.396819 0.4415642 0.6257353 -0.4181043 0.6585166 0.6257439 -0.4181068 0.6585069 0.6255638 -0.5485764 0.5547376 0.7460153 -0.498492 0.4415505 0.6467079 -0.7374498 0.1947733 0.7374498 -0.6467079 0.1947733 0.5657206 -0.4961467 0.6586339 0.3667224 -0.5488414 0.7511908 0.3667644 -0.5488933 -0.7511325 0.3667655 -0.5489027 -0.7511251 0.5262004 -0.7875273 -0.3208022 0.624508 -0.7120956 -0.3207952 0.5915931 -0.6745644 -0.441566 0.3968394 -0.804713 -0.4415376 0.6255394 -0.548565 -0.5547763 0.6255435 -0.5485787 -0.5547583 0.7120959 -0.6245164 -0.3207782 0.829698 -0.5543849 -0.06525746 0.8797064 -0.4338255 -0.1947102 0.829702 -0.5543754 -0.06528796 0.7518257 -0.6593619 0 0.7518257 -0.6593619 0 0.3328475 -0.67496 0.6585146 0.367962 -0.7461964 0.5547927 0.4984929 -0.746021 0.4415398 0.4622414 -0.6917687 0.5547874 0.2884124 -0.8496106 0.4415655 0.498492 -0.7460153 0.4415505 0.1424172 0.4195369 0.8964966 0.1424137 0.4195314 0.8964996 0.05878009 -0.02898675 0.99785 0.05449668 -0.03641242 0.9978498 0.06539684 -0.004285886 0.9978501 0.3213706 -0.02106569 0.9467192 0.4962926 -0.4352072 0.7511913 0.5488414 -0.3667224 0.7511908 0.02106686 -0.06206466 0.9978498 -0.04927059 0.04321228 0.9978502 0.1950787 -0.01278731 0.9807042 0.1917408 -0.03814084 0.9807042 -0.02898906 -0.05878283 0.9978498 0 0 1 0 0 1 0 0 1 0 0 1 0 0 1 0 0 1 0 0 1 0 0 1 0 0 1 0 0 1 0 0 1 0 0 1 0 0 1 0 0 1 0 0 1 0 0 1 0 0 1 0 0 1 0 0 1 0 0 1 0 0 1 0 0 1 0 0 1 -0 0 1 0 0 1 -0 0 1 0 0 1 -0 0 1 0 0 1 -0 0 1 0 0 1 -0 0 1 0 0 1 -0 0 1 0 0 1 -0 0 1 0 0 1 -0 0 1 0 0 1 -0 0 1 0 0 1 -0 0 1 0 0 1 -0 0 1 0 0 1 0 -0 1 -0.9449129 0.3207479 -0.06527176 -0.8797072 0.4338379 -0.1946789 -0.8314761 0.5555606 0 -0.8314761 0.5555606 0 -0.8800224 0.1750464 0.4414967 -0.6474354 0.1287848 0.7511604 -0.3973019 0.1959351 0.896527 -0.5268441 -0.1788294 0.8309365 -0.9620232 -0.1913487 0.1946713 -0.4345203 0.08643606 0.8965048 -0.829698 0.5543849 -0.06525741 -0.8155602 0.5449383 -0.1946888 -0.1625491 0.1086102 0.9807047 -0.1625523 0.1086137 0.9807038 -0.02897066 -0.4420861 0.8965047 -0.2121854 -0.6251134 0.7511396 -0.01278731 -0.1950787 0.9807042 -0.03814084 -0.1917408 0.9807042 -0.03641242 -0.05449668 0.9978498 -0.04321228 0.04927059 0.9978502 -0.3049621 -0.1035223 0.9467213 -0.05449342 -0.03641124 0.9978501 -0.06427255 -0.0127839 0.9978505 -0.146983 -0.1289008 0.9807041 -0.02898675 -0.05878009 0.99785 -0.1035223 -0.3049621 0.9467213 -0.6917687 -0.4622414 0.5547874 -0.6257353 -0.4181043 0.6585166 -0.3207465 -0.9449087 0.06533844 -0.5543846 -0.8296996 0.06524073 -0.5543754 -0.8297021 0.06528561 -0.7502218 -0.6579552 0.06528633 -0.4338263 -0.8797073 0.1947046 -0.4338227 -0.8797171 0.194668 -0.7462226 -0.3679897 0.5547391 -0.8155594 -0.5449364 0.1946979 -0.2421479 -0.2123584 0.9467145 -0.2678013 -0.1789364 0.9467124 -0.4183459 -0.3668545 0.8309057 -0.5488414 -0.3667224 0.7511909 -0.0620546 -0.021066 0.9978504 -0.2677976 -0.1789324 0.9467141 -0.1851199 -0.06284359 0.9807045 -0.2888454 -0.142442 0.9467199 -0.06427255 0.01278391 0.9978505 -0.1917408 -0.03814084 0.9807042 0.02898675 -0.05878009 0.99785 -0.8800224 -0.1750464 0.4414967 -0.7126606 -0.24191 0.658479 -0.9449087 -0.3207465 0.06533838 -0.9449085 -0.3207628 0.06526099 -0.9786928 -0.1946763 -0.06528115 -0.9620156 -0.1913483 -0.1947099 -0.9288097 -0.3152978 0.1946789 -0.8949584 -0.4413388 0.06534175 -0.3050129 -0.1035333 -0.9467037 -0.829698 -0.5543849 -0.06525741 -0.624508 -0.7120956 -0.3207952 -0.548565 -0.6255394 -0.5547763 -0.1788302 -0.5268151 -0.8309547 -0.3667655 -0.5489027 -0.7511251 -0.5555606 -0.8314761 0 -0.5555606 -0.8314761 -0 -0.3044494 -0.8968803 -0.3208057 -0.1287836 -0.647481 -0.7511213 -0.06414437 -0.9787593 -0.1947194 -0.1623154 -0.8160087 -0.5547823 -0.625089 -0.2121842 0.7511601 -0.8159826 -0.1623082 0.5548229 0.5543849 0.829698 -0.06525741 0.315285 0.9288077 -0.1947086 -0.7875273 0.5262004 -0.3208022 -0.8494686 0.4189138 -0.3208026 -0.7462049 0.3679864 -0.554765 -0.804713 0.3968394 -0.4415376 -0.8160173 0.1623121 -0.5547707 -0.4345427 -0.08643063 -0.8964945 -0.6251228 0.212196 -0.7511287 -0.6749288 0.332846 -0.6585475 -0.3973425 0.1959581 -0.896504 -0.4182908 0.3668214 -0.8309482 -0.7460216 0.4984668 -0.4415684 -0.6745644 0.5915931 -0.441566 -0.3668214 0.4182908 -0.8309482 -0.6255435 0.5485787 -0.5547583 -0.3090952 0.4625867 -0.8309475 -0.2460623 0.4989786 -0.8309475 -0.3044468 0.8968791 -0.3208115 -0.5543849 0.829698 -0.06525746 -0.3683717 0.2461421 -0.8965023 -0.462587 0.3090957 -0.8309472 0.108526 0.5456328 -0.8309675 0.08643522 0.4345233 -0.8965035 0.2674209 0.7878469 -0.5547823 0.1468195 0.7380955 -0.658528 0.4352866 0.4963627 -0.7510989 0.5657729 0.4961809 -0.6585632 0.3968394 0.804713 -0.4415376 0.3152853 0.9288074 -0.1947097 0.2919842 0.5920812 -0.7511225 0.3667655 0.5489026 -0.7511251 0.2460623 0.4989786 -0.8309475 0.1959591 0.3973766 -0.8964887 0.6579363 0.7502537 0.06511005 0.6467079 0.7374498 0.1947733 -0.6467447 0.7374517 0.1946439 -0.4338227 0.8797171 0.194668 -0.5261809 0.7875065 0.320885 -0.3152978 0.9288097 0.194679 -0.6579294 0.7502442 -0.06528854 -0.6467215 0.7374638 -0.1946749 -0.6255595 0.5485748 0.5547441 -0.4961948 0.5658309 0.6585029 -0.7461964 0.3679619 0.5547927 -0.9786969 0.1946622 0.06526104 -0.7120762 0.6244891 0.3208751 -0.6244891 0.7120762 0.3208751 -0.2421555 0.2123692 0.9467101 -0.146983 0.1289008 0.9807041 -0.1851199 0.06284359 0.9807045 -0.4990511 0.2461166 0.8308879 -0.1753355 0.08646546 0.9807044 -0.1753381 0.08646604 0.9807039 -0.04321229 -0.0492706 0.9978502 -0.5485764 0.6255638 0.5547376 -0.4622494 0.6918029 0.5547379 -0.3091373 0.4626361 0.8309044 -0.2921228 0.3330951 0.8964999 -0.4353223 0.4963669 0.7510756 -0.4963669 0.4353223 0.7510756 -0.5485748 0.6255595 0.5547441 -0.4181043 0.6257353 0.6585166 -0.1086102 0.1625491 0.9807047 -0.1289008 0.146983 0.9807041 -0.08646604 0.1753381 0.9807039 -0.06284463 0.1851314 0.9807023 -0.02106686 0.06206466 0.9978498 0.1287836 -0.647481 -0.7511213 0.2122201 -0.6251465 -0.7511022 -0.05443362 -0.8302206 -0.5547708 0.1468195 -0.7380955 -0.658528 0.1468182 -0.7380996 -0.6585237 0.1623154 -0.8160087 -0.5547823 -0.05441147 -0.830261 -0.5547125 0.05441147 -0.830261 -0.5547125 -0.06283729 -0.3159237 -0.9467015 -0.2919843 -0.5920812 -0.7511225 -0.05867579 -0.8953301 -0.4415214 -0.1623121 -0.8160174 -0.5547707 -0.06193724 -0.9451168 -0.3208082 -0.1847708 -0.9289466 -0.3208082 -0.06539717 -0.9978593 0 -0.06539717 -0.9978593 -0 -0.1913453 -0.9620211 0.1946853 -0.3152961 -0.9288089 0.1946859 0.05866044 -0.8953107 0.441563 0.06194288 -0.9450971 0.3208652 -0.1847699 -0.9289478 0.3208053 -0.06195694 -0.9451165 0.3208053 -0.2121842 -0.625089 0.7511602 -0.1468151 -0.7380787 0.6585478 -0.146834 -0.7381129 0.6585053 0.05439811 -0.8302564 0.5547207 -0.396819 -0.8047085 0.4415642 -0.3044553 -0.8968701 0.3208288 0.03813189 -0.1917047 -0.9807116 0.06283887 -0.3159168 -0.9467036 0.0363894 -0.5551521 -0.8309525 0.02107259 -0.3214222 -0.9467015 -0.02106664 -0.0620617 -0.9978499 -0.0210709 -0.06206498 -0.9978496 -0.06283372 -0.1850943 -0.98071 0.2460623 -0.4989786 -0.8309475 0.1424672 -0.2888795 -0.9467057 0.036409 -0.05448989 -0.9978503 -0.06428538 -0.01278496 -0.9978496 0.1917054 0.03813241 -0.9807115 -0.03813189 -0.1917047 -0.9807116 -0.01278698 -0.195042 -0.9807115 -0.1085923 -0.162526 -0.9807105 -0.1789457 -0.2678211 -0.9467049 -0.04927347 -0.04320715 -0.9978503 -0.3159169 -0.06283887 -0.9467036 -0.162526 -0.1085923 -0.9807105 -0.3090952 -0.4625867 -0.8309475 -0.01278496 0.06428539 -0.9978496 -0.02898213 -0.05877761 -0.9978504 -0.4345233 0.08643521 -0.8965035 -0.7126222 -0.2418873 -0.6585287 -0.4420992 -0.02897895 -0.8964979 -0.2888795 -0.1424672 -0.9467057 -0.02897894 0.4420991 -0.8964979 -0.01278698 0.195042 -0.9807115 0.04321744 0.04927782 -0.9978496 0.04321738 0.04927741 -0.9978497 0.1424093 0.4195429 -0.896495 0.08643063 0.4345427 -0.8964945 0.0210709 0.06206498 -0.9978496 0.02106664 0.0620617 -0.9978499 0.02106881 0.3214152 -0.946704 0.1287836 0.647481 -0.7511213 -0.04317193 0.6587516 -0.7511209 0.03638343 0.5551673 -0.8309425 -0.3207521 0.9449124 -0.06525918 -0.4622422 0.691786 -0.5547651 -0.1287986 0.6475002 -0.7511021 -0.1424093 0.4195429 -0.896495 -0.06283887 0.3159169 -0.9467036 0.06428539 0.01278496 -0.9978496 -0.036409 0.0544899 -0.9978503 0.0544899 0.036409 -0.9978503 0.1288853 0.1469589 -0.9807099 -0.1469589 0.1288853 -0.9807099 -0.04927347 0.04320715 -0.9978503 -0.1469552 0.1288842 -0.9807105 -0.1288853 0.1469589 -0.9807099 -0.06428539 0.01278496 -0.9978496 -0.05878333 0.02898947 -0.9978498 -0.05878134 0.02898972 -0.9978499 0.6255435 0.5485787 -0.5547583 0.6255395 0.548565 -0.5547763 0.1625271 0.1085925 -0.9807103 0.1469552 0.1288842 -0.9807105 0.1424672 0.2888795 -0.9467057 0.08645543 0.1753098 -0.9807099 -0.06539626 0.004286103 -0.9978502 0.06428073 0.01278618 -0.99785 0.06428298 0.01278841 -0.9978498 0.06540254 0.004285419 -0.9978498 0.0653988 0.004287552 -0.99785 0.1850943 0.06283372 -0.98071 0.3049923 0.1035353 -0.9467102 -0.0620653 -0.02106619 -0.9978498 0 -0.1688545 -0.9856409 0.6749287 -0.332846 -0.6585475 0.804713 -0.3968394 -0.4415376 0.8496268 -0.2884099 -0.4415359 0.746205 -0.3679865 -0.554765 0.5658015 -0.4961872 -0.6585339 0.6257243 -0.4180965 -0.658532 0.1288965 0.1469747 0.9807059 0.1469747 0.1288965 0.9807059 0.06525768 0.9957308 -0.06528128 -0.06525768 0.9957308 -0.06528128 -0.06415105 0.9787688 0.1946702 -0.06194288 0.9450971 0.3208652 -0.1946622 0.9786969 0.06526104 -0.1913454 0.9620211 0.1946854 -0.24191 0.7126606 0.658479 -0.04920919 0.7509332 0.6585421 -0.06284359 0.1851199 0.9807045 -0.08643518 0.4345382 0.8964963 -0.33287 0.6749833 0.6584794 -0.1750464 0.8800224 0.4414967 0.3152961 0.9288089 0.1946859 0.3152978 0.9288097 0.1946789 -0.06416461 0.9787694 -0.1946623 0.06195708 0.9450955 -0.3208674 -0.0652566 0.9957306 -0.0652845 0.1913483 0.9620156 -0.1947099 0.1750353 0.8800061 -0.4415337 0.4338379 0.8797073 -0.1946789 0.6244889 0.7120745 0.3208793 0.6244892 0.7120761 0.3208751 0.5485765 0.6255639 0.5547376 0.6255638 0.5485764 0.5547376 0.2461166 0.499051 0.8308879 0.4181068 0.6257439 0.6585069 0.4626361 0.3091373 0.8309044 0.418346 0.3668545 0.8309057 0.2461077 0.368335 0.8965268 0.2461503 0.3683735 0.8964992 0.3667466 0.548862 0.751164 0.3091373 0.4626361 0.8309044 0.7878171 -0.2674303 0.5548201 0.8159826 -0.1623082 0.5548229 0.4989933 -0.2460664 0.8309374 0.5268441 -0.1788294 0.8309366 0.4195369 -0.1424172 0.8964966 0.6587105 -0.04316705 0.7511572 0.5552335 -0.0363854 0.8308983 0.555235 -0.03638509 0.8308972 0.4352866 -0.4963627 -0.7510989 0.4963627 -0.4352866 -0.7510989 0.2460621 -0.4989671 -0.8309544 0.1959591 -0.3973766 -0.8964887 0.1288853 -0.1469589 -0.9807099 0.2123834 -0.242182 -0.9467002 0.1085925 -0.1625271 -0.9807103 0.2421514 -0.2123742 -0.94671 0.1913512 -0.9620131 -0.1947197 0.1946695 -0.9786955 -0.06525954 0.1950925 -0.9807848 0 0.1950925 -0.9807848 0 0.4338255 -0.8797064 -0.1947102 0.4413603 -0.8949537 -0.06526156 0.195947 -0.3973573 0.8964999 0.1959351 -0.3973019 0.8965269 0.2461503 -0.3683736 0.8964993 0.2461077 -0.368335 0.8965268 -0.05440566 -0.8302313 0.5547576 -0.04920919 -0.7509332 0.6585421 0.1035245 -0.3049655 0.94672 0.08643606 -0.4345203 0.8965048 0.02897066 -0.4420861 0.8965047 0.06526255 -0.995727 0.0653346 0.06525756 -0.9957289 0.06530918 0.396819 -0.8047085 0.4415642 0.2674303 -0.7878171 0.5548201 0.3214333 -0.9469322 0 0.3214333 -0.9469322 0 0.3044547 -0.8968723 0.320823 0.1750441 -0.880032 0.4414785 0.5449336 -0.8155726 0.1946506 0.4338228 -0.8797171 0.194668 0.3152961 -0.9288089 0.1946859 0.3152978 -0.9288097 0.194679 0.8797072 -0.4338379 -0.1946789 0.8949544 -0.4413572 -0.06527096 0.8496282 -0.2884094 -0.4415337 0.8968803 -0.3044494 -0.3208058 0.691803 -0.4622494 0.5547379 0.7461964 -0.367962 0.5547927 0.6917687 -0.4622414 0.5547874 0.746021 -0.4984929 0.4415398 0.674624 -0.5916438 0.4414068 0.5916438 -0.674624 0.4414068 0.4961467 -0.5657206 0.6586339 0.366835 -0.4183068 0.8309341 0.2418907 -0.7126027 -0.6585486 0.4180965 -0.6257243 -0.658532 0.4961872 -0.5658015 -0.6585339 0.418096 -0.6257241 -0.6585325 0.3968388 -0.8047159 -0.4415329 0.4189072 -0.8494666 -0.3208165 0.6745644 -0.5915931 -0.4415659 0.7120956 -0.624508 -0.3207952 0.6467335 -0.7374286 -0.1947688 0.7374287 -0.6467334 -0.1947688 0.8155602 -0.5449383 -0.1946887 0.8155665 -0.5449353 -0.194671 0.4338263 -0.8797073 0.1947046 0.4189225 -0.8494858 0.320746 0.1288965 -0.1469747 0.9807059 0.04321229 -0.0492706 0.9978502 0.2421555 -0.2123692 0.9467101 0.2421479 -0.2123584 0.9467145 0.1753381 -0.08646603 0.9807039 0.1753355 -0.08646546 0.9807044 0.06206466 0.02106686 0.9978498 0.05878283 0.02898906 0.9978498 -0.02898675 0.05878009 0.99785 -0.03641124 0.05449342 0.9978501 -0.9449124 0.3207521 -0.06525917 -0.9957308 0.06525768 -0.06528127 -0.9807848 0.1950925 0 -0.9807848 0.1950925 0 -0.9288089 0.3152961 0.1946859 -0.9289478 0.1847699 0.3208053 -0.8968701 0.3044553 0.3208288 -0.6257353 0.4181043 0.6585166 -0.2677976 0.1789324 0.9467141 -0.2678013 0.1789364 0.9467123 -0.9450971 -0.06194288 0.3208652 -0.7381129 0.146834 0.6585053 -0.4626555 0.309144 0.8308911 -0.4626361 0.3091373 0.8309044 -0.02106291 -0.3213864 0.9467139 -0.02897397 -0.4420964 0.8964995 -0.05449668 -0.03641242 0.9978498 -0.04927639 -0.04321529 0.9978498 -0.06284359 -0.1851199 0.9807045 -0.06284462 -0.1851314 0.9807023 -0.8494858 -0.4189225 0.320746 -0.6467079 -0.7374498 0.1947733 -0.4984929 -0.746021 0.4415398 -0.5657206 -0.4961467 0.6586338 -0.6255639 -0.5485765 0.5547376 -0.5916438 -0.674624 0.4414068 -0.6579552 -0.7502217 0.06528633 -0.7875292 -0.5262318 0.3207457 -0.1289008 -0.146983 0.9807041 -0.08646546 -0.1753355 0.9807044 -0.3330951 -0.2921228 0.8964998 -0.3330699 -0.2920863 0.8965211 -0.4626361 -0.3091373 0.8309044 -0.4183067 -0.3668349 0.8309341 -0.1753355 -0.08646546 0.9807044 -0.1753381 -0.08646603 0.9807039 -0.1950686 -0.01278413 0.9807063 -0.4345382 0.08643518 0.8964963 -0.9957289 -0.06525756 0.06530918 -0.2888632 0.142457 0.9467123 -0.7461964 -0.3679619 0.5547927 -0.8047165 -0.3968191 0.4415495 -0.8494686 -0.4189138 -0.3208025 -0.6746081 -0.5915956 -0.441496 -0.9786969 -0.1946622 0.065261 -0.9620211 -0.1913454 0.1946853 -0.6257243 -0.4180965 -0.658532 -0.6255435 -0.5485787 -0.5547583 -0.2421514 -0.2123742 -0.94671 -0.3683692 -0.246138 -0.8965044 -0.7374638 -0.6467215 -0.1946748 -0.7502441 -0.6579294 -0.06528858 -0.4189138 -0.8494686 -0.3208025 -0.5262001 -0.7875282 -0.3208001 -0.4352774 -0.4963273 -0.7511277 -0.5915956 -0.6746081 -0.441496 -0.3667644 -0.5488933 -0.7511325 -0.3668214 -0.4182908 -0.8309482 -0.1424199 -0.4195542 -0.8964881 -0.1959581 -0.3973425 -0.896504 -0.5449383 -0.8155602 -0.1946887 -0.5449353 -0.8155665 -0.194671 -0.3680006 -0.7462135 -0.5547441 -0.2418907 -0.7126027 -0.6585487 -0.3044468 -0.8968791 -0.3208115 -0.2884099 -0.8496268 -0.4415359 -0.2418873 -0.7126222 -0.6585287 -0.1750409 -0.8800108 -0.4415219 -0.7509285 0.04921035 0.6585473 -0.6587067 -0.04316569 0.7511606 -0.4195314 -0.1424137 0.8964996 -0.5268829 -0.1788551 0.8309063 -0.5920641 -0.2919782 0.7511383 -0.6251134 -0.2121854 0.7511396 -0.6474353 -0.1287847 0.7511604 -0.7509286 -0.04921036 0.6585474 0.4413603 0.8949537 -0.0652616 0.4338255 0.8797064 -0.1947102 -0.6587515 -0.04317192 -0.7511209 -0.9288074 0.3152853 -0.1947097 -0.8496268 0.2884099 -0.4415359 -0.9786928 0.1946763 -0.06528116 -0.5920768 0.2919785 -0.7511281 -0.7380955 0.1468195 -0.658528 -0.7462135 0.3680006 -0.5547441 -0.8496282 0.2884094 -0.4415337 -0.7120956 0.624508 -0.3207952 -0.7875282 0.5262001 -0.3208002 -0.4961872 0.5658015 -0.6585339 -0.2674449 0.7878661 -0.5547433 -0.674939 0.3328455 -0.6585371 -0.5920812 0.2919843 -0.7511225 -0.4963273 0.4352774 -0.7511277 -0.5488933 0.3667644 -0.7511325 -0.3667655 0.5489027 -0.7511251 -0.1788324 0.5267951 -0.8309668 -0.4984668 0.7460216 -0.4415684 -0.1468195 0.7380955 -0.658528 -0.5915931 0.6745644 -0.4415659 -0.5915956 0.6746081 -0.441496 0.2418907 0.7126027 -0.6585486 0.1623154 0.8160088 -0.5547823 0.2884099 0.8496268 -0.4415359 0.4189138 0.8494686 -0.3208025 0.4622422 0.6917859 -0.5547652 0.498486 0.7460279 -0.4415361 0.3668214 0.4182908 -0.8309482 0.3090952 0.4625867 -0.8309475 -0.6244889 0.7120745 0.3208793 -0.5449364 0.8155594 0.1946979 -0.6579552 0.7502217 0.06528633 -0.5543754 0.8297021 0.06528561 -0.3044553 0.8968701 0.3208288 -0.3679619 0.7461964 0.5547927 -0.5449335 0.8155726 0.1946506 -0.3207465 0.9449087 0.06533844 -0.746021 0.4984929 0.4415398 -0.6917687 0.4622414 0.5547874 -0.8494655 0.4188896 0.3208425 -0.8496106 0.2884124 0.4415655 -0.9620211 0.1913454 0.1946854 -0.7374517 0.6467447 0.1946439 -0.7120745 0.6244889 0.3208793 -0.05878283 0.02898906 0.9978498 -0.1469747 0.1288965 0.9807059 -0.05449668 0.03641242 0.9978498 -0.2919725 0.5920332 0.751165 -0.1959351 0.3973019 0.896527 -0.4183067 0.366835 0.8309341 -0.366835 0.4183067 0.8309341 -0.4961467 0.5657206 0.6586339 -0.5657206 0.4961467 0.6586339 -0.3968192 0.8047165 0.4415495 -0.396819 0.8047085 0.4415642 0.3680006 -0.7462135 -0.5547441 0.212196 -0.6251228 -0.7511287 -0.1788324 -0.5267951 -0.8309668 -0.2122201 -0.6251465 -0.7511022 0.04317193 -0.6587516 -0.7511209 0.03638343 -0.5551673 -0.8309425 -0.108526 -0.5456328 -0.8309675 -0.08643063 -0.4345427 -0.8964945 -0.1946622 -0.9786969 0.06526104 -0.3207628 -0.9449085 0.06526101 0.1847725 -0.9289412 0.320823 0.18477 -0.9289478 0.3208053 -0.4352072 -0.4962926 0.7511913 -0.1085533 -0.5457206 0.8309063 -0.128787 -0.6474397 0.7511563 -0.04316705 -0.6587105 0.7511572 -0.1623326 -0.8160222 0.5547575 -0.1623082 -0.8159826 0.5548229 -0.2461077 -0.368335 0.8965268 -0.2461166 -0.4990511 0.8308878 -0.4189225 -0.8494858 0.320746 -0.4622413 -0.6917686 0.5547875 0.08643521 -0.4345233 -0.8965035 0.08643063 -0.4345427 -0.8964945 -0.08643521 -0.4345233 -0.8965035 -0.02898345 -0.4420873 -0.8965037 -0.05878333 -0.02898947 -0.9978498 -0.05878135 -0.02898973 -0.9978499 -0.004285418 -0.06540254 -0.9978498 -0.004287553 -0.06539881 -0.99785 -0.01278496 -0.06428538 -0.9978496 -0.2123742 -0.2421514 -0.94671 -0.2123834 -0.242182 -0.9467002 -0.3159237 -0.06283729 -0.9467015 -0.3214222 -0.02107259 -0.9467015 -0.1850943 -0.06283372 -0.98071 -0.3049923 -0.1035353 -0.9467102 -0.04927782 -0.04321744 -0.9978496 -0.04927742 -0.04321739 -0.9978497 -0.1469589 -0.1288853 -0.9807099 -0.6251227 -0.212196 -0.7511287 -0.674939 -0.3328455 -0.6585372 -0.06206498 0.0210709 -0.9978496 -0.0620617 0.02106664 -0.9978499 -0.162526 0.1085923 -0.9807105 -0.647481 0.1287836 -0.7511213 -0.6587516 0.04317193 -0.7511209 -0.2888712 -0.142457 -0.9467098 -0.1753081 -0.0864533 -0.9807104 -0.3973766 -0.1959591 -0.8964887 -0.5268151 -0.1788302 -0.8309547 0.1688029 0 -0.9856499 0.02106619 0.06206531 -0.9978498 -0.02106881 0.3214152 -0.946704 0.04927742 0.04321739 -0.9978497 0.04927782 0.04321744 -0.9978496 0.06283729 0.3159237 -0.9467015 0.04317193 0.6587516 -0.7511209 0.04317331 0.6587483 -0.7511237 -0.0363894 0.5551521 -0.8309524 -0.1085412 0.5456533 -0.8309521 -0.2919842 0.5920812 -0.7511225 -0.2919785 0.5920768 -0.7511281 -0.05867463 0.8953319 -0.4415181 -0.3968388 0.8047158 -0.441533 -0.3090957 0.462587 -0.8309472 -0.2461421 0.3683718 -0.8965023 -0.1085923 0.162526 -0.9807105 -0.0864533 0.1753081 -0.9807104 -0.08643063 0.4345427 -0.8964945 0.04320715 -0.04927347 -0.9978503 -0.01278618 0.06428073 -0.99785 -0.01278841 0.06428298 -0.9978498 -0.06206498 -0.0210709 -0.9978496 -0.0620617 -0.02106664 -0.99785 -0.2421819 0.2123834 -0.9467002 -0.3330967 0.2921119 -0.8965028 -0.04927782 0.04321744 -0.9978496 -0.04927741 0.04321738 -0.9978497 -0.04321739 0.04927742 -0.9978497 -0.04321744 0.04927782 -0.9978496 -0.1850943 0.06283371 -0.98071 -0.05877761 0.02898213 -0.9978504 0.4622423 0.6917931 -0.554756 0.4180965 0.6257243 -0.658532 0.4963627 0.4352866 -0.7510989 0.4963273 0.4352774 -0.7511277 0.01278496 0.06428539 -0.9978496 -0.0544899 -0.036409 -0.9978503 0.05449285 0.03640942 -0.9978502 0.05449467 0.03641377 -0.9978499 0.05878135 0.02898973 -0.9978499 0.05878333 0.02898947 -0.9978498 0.178959 0.2678294 -0.9467001 0.246138 0.3683692 -0.8965044 0.1035353 0.3049923 -0.9467102 0.1035333 0.3050129 -0.9467037 0.02898947 0.05878333 -0.9978498 0.02898972 0.05878134 -0.9978499 0.1753081 0.0864533 -0.9807104 0.1753098 0.08645543 -0.9807099 0.5920768 -0.2919785 -0.7511281 0.6251227 -0.212196 -0.7511287 0.5489027 -0.3667655 -0.7511251 0.6257241 -0.418096 -0.6585325 0.7878469 -0.2674209 -0.5547824 0.7126222 -0.2418873 -0.6585287 -0.4413572 0.8949544 -0.06527096 -0.4338379 0.8797073 -0.1946789 -0.1750441 0.880032 0.4414785 -0.05868245 0.8953511 0.441478 -0.06195695 0.9451165 0.3208053 -0.1847699 0.9289478 0.3208053 -0.0363854 0.5552334 0.8308982 -0.02106291 0.3213864 0.9467139 -0.04921035 0.7509285 0.6585473 -0.2419096 0.7126361 0.6585056 -0.0381404 0.1917514 0.9807022 -0.02106568 0.3213706 0.9467192 -0.08646546 0.1753355 0.9807044 -0.309144 0.4626555 0.8308911 -0.2919782 0.5920641 0.7511383 -0.2121854 0.6251134 0.7511396 0.5261809 0.7875065 0.3208851 0.3328476 0.6749601 0.6585146 0.06414435 0.9787593 -0.1947194 0.1946695 0.9786955 -0.06525954 0.1913512 0.9620131 -0.1947196 0.05867463 0.8953319 -0.4415181 0.5915741 0.6745932 0.4415475 0.5485748 0.6255595 0.5547441 0.3667224 0.5488414 0.7511909 0.4352072 0.4962927 0.7511913 0.3049655 -0.1035245 0.94672 0.3049621 -0.1035223 0.9467213 0.3090957 -0.462587 -0.8309472 0.2461421 -0.3683717 -0.8965023 0.1469552 -0.1288842 -0.9807105 0.1469589 -0.1288853 -0.9807099 0.3152853 -0.9288074 -0.1947097 0.3207521 -0.9449124 -0.06525917 0.2121854 -0.6251134 0.7511396 0.3091439 -0.4626555 0.8308911 0.05440566 -0.8302313 0.5547576 0.04920919 -0.7509332 0.6585421 0.1086137 -0.1625523 0.9807038 0.02898906 -0.05878283 0.9978498 0.0381404 -0.1917514 0.9807022 0.0628329 -0.3158722 0.946719 0.02106568 -0.3213706 0.9467192 0.03814084 -0.1917408 0.9807042 0.1424172 -0.4195369 0.8964966 0.08643518 -0.4345382 0.8964963 0.1788294 -0.5268441 0.8309366 0.2121842 -0.625089 0.7511601 0.0363854 -0.5552334 0.8308982 0.1085585 -0.5457311 0.8308986 -0.06416371 -0.9787795 0.1946119 0.06416371 -0.9787795 0.1946119 0.2674656 -0.7878603 0.5547416 0.3679897 -0.7462226 0.5547391 0.9449124 -0.3207521 -0.06525918 0.9288074 -0.3152853 -0.1947097 0.5915741 -0.6745932 0.4415474 0.5485764 -0.6255638 0.5547376 0.4353223 -0.4963669 0.7510756 0.4352072 -0.4962926 0.7511913 0.4961809 -0.5657729 -0.6585632 0.4352774 -0.4963273 -0.7511277 0.7460216 -0.4984668 -0.4415684 0.7875282 -0.5262001 -0.3208001 0.04927639 -0.04321529 0.9978498 0.1469747 -0.1288965 0.9807059 0.2888632 -0.142457 0.9467123 0.2678013 -0.1789364 0.9467124 0.1917514 0.0381404 0.9807022 0.06427349 0.01278435 0.9978504 -0.9787688 0.06415105 0.1946702 -0.9620232 0.1913487 0.1946713 -0.9787795 -0.06416371 0.1946119 -0.9450971 0.06194288 0.3208652 -0.548862 0.3667466 0.751164 -0.5920332 0.2919725 0.751165 -0.4962927 0.4352072 0.7511913 -0.418346 0.3668545 0.8309058 -0.6587067 0.04316569 0.7511606 -0.3973572 0.195947 0.8964999 -0.5457206 0.1085533 0.8309063 -0.7380787 0.1468151 0.6585478 -0.4195314 0.1424137 0.8964998 -0.4195369 0.1424172 0.8964966 -0.02106568 -0.3213706 0.9467192 -0.06283289 -0.3158722 0.946719 -0.8797171 -0.4338228 0.194668 -0.8797073 -0.4338263 0.1947047 -0.7120761 -0.6244892 0.3208751 -0.7120745 -0.6244889 0.3208793 -0.7875065 -0.5261809 0.3208851 -0.7460153 -0.498492 0.4415505 -0.5262319 -0.7875293 0.3207456 -0.5261809 -0.7875065 0.320885 -0.6244892 -0.7120761 0.3208751 -0.6244889 -0.7120745 0.3208793 -0.1086102 -0.1625491 0.9807047 -0.1086137 -0.1625523 0.9807038 -0.2921228 -0.3330951 0.8964998 -0.2123692 -0.2421555 0.9467101 -0.5920332 -0.2919725 0.7511649 -0.499051 -0.2461166 0.8308879 -0.548862 -0.3667467 0.7511641 -0.4626555 -0.3091439 0.8308911 -0.3973019 -0.1959351 0.8965269 -0.2888632 -0.142457 0.9467123 -0.3213706 -0.02106569 0.9467192 -0.3213864 -0.02106291 0.9467139 -0.880032 -0.1750441 0.4414785 -0.9289412 -0.1847725 0.320823 -0.8496106 -0.2884124 0.4415654 -0.8496374 -0.288438 0.4414971 -0.8047159 -0.3968388 -0.4415329 -0.691786 -0.4622422 -0.5547651 -0.4963273 -0.4352774 -0.7511277 -0.5657729 -0.4961809 -0.6585633 -0.5543849 -0.829698 -0.06525741 -0.7875273 -0.5262004 -0.3208022 -0.4984668 -0.7460216 -0.4415684 -0.5915931 -0.6745644 -0.441566 -0.3679865 -0.746205 -0.554765 -0.4622422 -0.691786 -0.5547651 -0.6917931 -0.4622423 -0.554756 -0.7120956 -0.624508 -0.3207952 -0.4961809 -0.5657729 -0.6585633 -0.4622423 -0.6917931 -0.554756 -0.4182908 -0.3668214 -0.8309482 -0.3330955 -0.2921092 -0.8965041 -0.2921119 -0.3330967 -0.8965028 -0.2460621 -0.4989671 -0.8309544 -0.3207521 -0.9449124 -0.06525917 -0.3152853 -0.9288074 -0.1947097 -0.4338379 -0.8797072 -0.1946789 -0.4338255 -0.8797064 -0.1947102 -0.212196 -0.6251227 -0.7511287 -0.2460623 -0.4989786 -0.8309475 -0.1750353 -0.880006 -0.4415337 -0.2884094 -0.8496282 -0.4415337 -0.5457311 -0.1085585 0.8308986 -0.442086 -0.02897066 0.8965046 -0.8953511 -0.05868245 0.441478 -0.555235 0.03638509 0.8308972 -0.7381127 -0.146834 0.6585053 -0.8160222 -0.1623326 0.5547575 -0.4420873 -0.02898345 -0.8965037 -0.7462135 -0.3680006 -0.5547441 -0.9957308 -0.06525768 -0.06528128 -0.8968803 -0.3044494 -0.3208057 -0.8968803 0.3044494 -0.3208057 -0.8968791 0.3044468 -0.3208115 -0.8302206 0.05443363 -0.5547709 -0.7509471 -0.04923603 -0.6585244 -0.3973766 0.1959591 -0.8964887 -0.4989786 0.2460623 -0.8309475 -0.4352866 0.4963627 -0.7510989 -0.4352774 0.4963274 -0.7511277 -0.418096 0.6257241 -0.6585325 -0.3680006 0.7462135 -0.5547441 -0.4189072 0.8494666 -0.3208165 -0.2884099 0.8496268 -0.4415359 -0.3207479 0.9449129 -0.06527172 -0.4413603 0.8949537 -0.0652616 -0.4189138 0.8494686 -0.3208025 -0.5262004 0.7875273 -0.3208022 0.3680006 0.7462135 -0.5547441 0.2674449 0.7878661 -0.5547433 0.4413572 0.8949544 -0.06527097 0.3207479 0.9449129 -0.06527172 0.4189072 0.8494666 -0.3208165 0.3044468 0.8968791 -0.3208115 0.2921119 0.3330967 -0.8965028 0.2921092 0.3330955 -0.8965041 -0.5916438 0.674624 0.4414068 -0.674624 0.5916438 0.4414068 -0.5543846 0.8296997 0.0652407 -0.441361 0.8949552 0.06523535 -0.2674656 0.7878603 0.5547416 -0.288438 0.8496374 0.4414971 -0.8494858 0.4189225 0.320746 -0.7875292 0.5262318 0.3207457 -0.9449087 0.3207465 0.06533844 -0.8968723 0.3044547 0.320823 -0.8949584 0.4413388 0.06534175 -0.8949552 0.441361 0.06523535 -0.6749833 0.33287 0.6584794 -0.787817 0.2674303 0.5548201 -0.8155594 0.5449364 0.1946979 -0.8797073 0.4338263 0.1947046 -0.2461166 0.4990511 0.8308879 -0.2460664 0.4989935 0.8309374 -0.2920863 0.3330699 0.8965211 -0.3330699 0.2920863 0.8965211 -0.4984929 0.746021 0.4415398 -0.498492 0.7460153 0.4415505 0.332846 -0.6749287 -0.6585475 0.3328455 -0.674939 -0.6585371 -0.1959591 -0.3973766 -0.8964887 -0.2919785 -0.5920769 -0.7511281 -0.08643518 -0.4345382 0.8964963 -0.08643606 -0.4345203 0.8965048 -0.1424172 -0.4195369 0.8964965 -0.1788551 -0.5268829 0.8309062 -0.498492 -0.7460153 0.4415506 -0.4353223 -0.4963669 0.7510756 0.02898345 -0.4420872 -0.8965036 0.02897895 -0.4420991 -0.8964979 -0.1085411 -0.5456533 -0.8309521 -0.03638941 -0.5551521 -0.8309524 -0.01278618 -0.06428073 -0.99785 -0.01278841 -0.06428298 -0.9978498 -0.03813241 -0.1917054 -0.9807115 -0.0653988 -0.004287552 -0.99785 -0.06540253 -0.004285418 -0.9978498 -0.1950463 -0.01278532 -0.9807107 -0.4195542 -0.1424199 -0.8964881 -0.4195429 -0.1424093 -0.896495 -0.004285419 0.06540254 -0.9978498 -0.004287552 0.0653988 -0.99785 -0.1288853 -0.1469589 -0.9807099 -0.04321738 -0.04927741 -0.9978497 -0.04321744 -0.04927782 -0.9978496 -0.3973425 -0.1959581 -0.896504 -0.242182 -0.2123834 -0.9467002 -0.1917054 -0.03813241 -0.9807115 -0.06428298 -0.01278841 -0.9978498 -0.06428073 -0.01278618 -0.99785 0.04927347 0.04320715 -0.9978503 -0.5456328 0.108526 -0.8309675 -0.5267951 0.1788324 -0.8309668 -0.6251466 0.21222 -0.7511021 -0.6475003 0.1287986 -0.7511021 -0.06283372 0.1850943 -0.98071 -0.0210726 0.3214222 -0.9467015 -0.06283729 0.3159237 -0.9467015 -0.03813189 0.1917047 -0.9807116 -0.212196 0.6251227 -0.7511287 -0.2418907 0.7126027 -0.6585486 -0.1623154 0.8160088 -0.5547823 -0.2674209 0.7878469 -0.5547824 -0.04923604 0.7509471 -0.6585244 -0.05441148 0.830261 -0.5547125 -0.1959581 0.3973425 -0.896504 -0.246138 0.3683692 -0.8965044 -0.04320715 0.04927347 -0.9978503 -0.3668211 0.4182907 -0.8309484 -0.4182906 0.3668211 -0.8309484 -0.3683692 0.246138 -0.8965044 -0.2678294 0.178959 -0.9467001 -0.3049923 0.1035353 -0.9467102 -0.3050129 0.1035333 -0.9467037 -0.3159168 0.06283887 -0.9467036 -0.1850877 0.06282741 -0.9807116 0.06283887 0.3159169 -0.9467036 0.03813189 0.1917047 -0.9807116 0.1085925 0.1625271 -0.9807103 0.1789457 0.2678211 -0.9467049 0.06283372 0.1850943 -0.98071 0.06282741 0.1850877 -0.9807116 -0.004286103 0.06539626 -0.9978502 0.7878661 -0.2674449 -0.5547433 0.7462135 -0.3680006 -0.5547441 -0.1623326 0.8160222 0.5547575 -0.05440566 0.8302312 0.5547576 -0.0628329 0.3158722 0.946719 -0.1085585 0.5457311 0.8308986 -0.1468151 0.7380787 0.6585478 -0.1287848 0.6474354 0.7511604 -0.1035223 0.3049621 0.9467213 -0.08643606 0.4345203 0.8965049 -0.2461077 0.368335 0.8965268 -0.195947 0.3973572 0.8964999 0.2674656 0.7878603 0.5547416 0.288438 0.8496374 0.4414971 0.06416461 0.9787694 -0.1946623 0.0652566 0.9957306 -0.0652845 0.2884094 0.8496282 -0.4415337 0.3044494 0.8968803 -0.3208057 0.06193724 0.9451168 -0.3208082 0.1847708 0.9289466 -0.3208082 -0.1847699 0.9289479 -0.3208052 -0.1750353 0.8800061 -0.4415337 0.4984929 0.746021 0.4415399 0.3679897 0.7462226 0.5547391 0.4345382 -0.08643518 0.8964963 0.3158651 -0.06282961 0.9467216 0.2461166 -0.4990511 0.8308878 0.2919725 -0.5920332 0.7511649 0.1086102 -0.1625491 0.9807047 0.1789364 -0.2678013 0.9467124 0.01278731 -0.1950787 0.9807042 0.01278413 -0.1950686 0.9807063 0.08646603 -0.1753381 0.9807039 0.06284463 -0.1851314 0.9807023 0.128787 -0.6474397 0.7511563 0.04316705 -0.6587105 0.7511572 0.6255595 -0.5485747 0.5547441 0.6745932 -0.5915741 0.4415474 0.2920863 -0.3330699 0.8965212 0.3330699 -0.2920863 0.8965212 0.4626555 -0.3091439 0.8308911 0.548862 -0.3667467 0.7511641 0.1625523 -0.1086137 0.9807038 0.1625491 -0.1086102 0.9807047 -0.7509332 0.04920919 0.6585421 -0.880032 0.1750441 0.4414785 -0.5457311 0.1085585 0.8308986 -0.1950787 0.01278731 0.9807042 -0.7126606 0.24191 0.658479 -0.6474396 0.128787 0.7511563 -0.368335 0.2461077 0.8965268 -0.4989935 0.2460664 0.8309374 -0.746021 -0.4984929 0.4415399 -0.6745932 -0.5915741 0.4415474 -0.7502537 -0.6579363 0.06511005 -0.7374498 -0.6467079 0.1947733 -0.4195369 -0.1424172 0.8964966 -0.3049655 -0.1035245 0.94672 -0.1950686 0.01278413 0.9807063 -0.06539684 0.004285886 0.9978501 -0.9451165 -0.06195695 0.3208053 -0.9289478 -0.18477 0.3208053 -0.8797064 -0.4338255 -0.1947102 -0.8797072 -0.4338379 -0.1946789 -0.7875282 -0.5262001 -0.3208001 -0.8155665 -0.5449353 -0.194671 -0.7878469 -0.2674209 -0.5547823 -0.7460279 -0.498486 -0.4415361 -0.6257241 -0.418096 -0.6585325 -0.4989786 -0.2460623 -0.8309475 -0.4963627 -0.4352866 -0.7510989 -0.4352866 -0.4963627 -0.7510989 -0.6467334 -0.7374287 -0.1947688 -0.6245164 -0.7120959 -0.3207782 -0.6579294 -0.7502441 -0.06528858 -0.5543754 -0.829702 -0.06528796 -0.332846 -0.6749287 -0.6585475 -0.3328455 -0.674939 -0.6585372 -0.2678294 -0.178959 -0.9467001 -0.4989671 -0.2460621 -0.8309544 -0.2921092 -0.3330955 -0.8965041 -0.4961872 -0.5658015 -0.6585339 -0.3090957 -0.462587 -0.8309472 -0.2461421 -0.3683718 -0.8965023 -0.2674209 -0.7878469 -0.5547823 -0.2674449 -0.7878661 -0.5547433 -0.6587105 -0.04316706 0.7511572 -0.6474397 -0.128787 0.7511563 -0.9787593 -0.06414437 -0.1947194 -0.9288074 -0.3152853 -0.1947097 -0.9787694 0.06416461 -0.1946623 -0.9786955 0.1946695 -0.06525954 -0.4338255 0.8797064 -0.1947102 -0.315285 0.9288077 -0.1947086 -0.1750409 0.8800108 -0.4415219 -0.0586758 0.8953301 -0.4415215 -0.3328455 0.674939 -0.6585372 -0.332846 0.6749287 -0.6585475 -0.4338263 0.8797073 0.1947046 -0.4189225 0.8494858 0.320746 -0.1623082 0.8159826 0.5548229 -0.2674303 0.787817 0.5548201 -0.8047085 0.396819 0.4415642 -0.7460153 0.498492 0.4415505 -0.9449086 0.3207628 0.06526099 -0.9288097 0.3152978 0.194679 -0.8047165 0.3968192 0.4415495 -0.7462226 0.3679897 0.5547391 0.004286909 -0.06539109 0.9978505 -0.2419096 -0.7126361 0.6585056 -0.2674303 -0.7878169 0.5548202 -0.195947 -0.3973572 0.8964999 -0.1424136 -0.4195314 0.8964997 -0.750912 0.04921357 -0.6585661 -0.5920769 -0.2919785 -0.7511281 -0.1917047 -0.03813189 -0.9807116 -0.1850877 -0.06282742 -0.9807116 -0.750912 -0.04921357 -0.6585661 -0.7380996 0.1468182 -0.6585237 -0.7126027 0.2418907 -0.6585486 -0.7126223 0.2418873 -0.6585287 -0.03813241 0.1917054 -0.9807115 -0.0628274 0.1850877 -0.9807116 -0.1688545 0 -0.9856409 -0.02106619 0.0620653 -0.9978498 -0.02106664 0.0620617 -0.99785 -0.0210709 0.06206498 -0.9978496 0.004286103 0.06539626 -0.9978502 0.01278698 0.195042 -0.9807115 0.02898213 0.05877761 -0.9978504 -0.2460621 0.4989671 -0.8309545 -0.1788302 0.5268151 -0.8309547 -0.05443363 0.8302207 -0.5547709 -0.1623121 0.8160174 -0.5547706 -0.1917047 0.03813189 -0.9807116 -0.1917054 0.03813241 -0.9807115 -0.05449466 0.03641376 -0.9978499 -0.05449285 0.03640942 -0.9978502 -0.1625271 0.1085925 -0.9807103 0.1085923 0.162526 -0.9807105 0.0864533 0.1753081 -0.9807104 0.1469589 0.1288853 -0.9807099 -0.1424137 0.4195314 0.8964998 -0.1788551 0.5268829 0.8309062 -0.02897066 0.4420861 0.8965047 -0.02897397 0.4420964 0.8964995 -0.1789364 0.2678013 0.9467123 -0.1789324 0.2677976 0.9467141 -0.06193724 0.9451168 -0.3208082 -0.1847708 0.9289466 -0.3208082 0.4622414 0.6917687 0.5547874 0.4622494 0.691803 0.5547379 0.4188896 0.8494655 0.3208425 0.4189225 0.8494858 0.320746 0.1788551 -0.5268829 0.8309063 0.1424136 -0.4195314 0.8964997 0.08646546 -0.1753355 0.9807044 0.142442 -0.2888454 0.9467199 -0.7509332 -0.04920919 0.6585421 -0.8302313 -0.05440566 0.5547576 -0.4420861 0.02897066 0.8965047 -0.5552334 0.0363854 0.8308982 -0.625089 0.2121842 0.7511602 -0.6251134 0.2121854 0.7511396 -0.8302312 0.05440566 0.5547576 -0.7126361 0.2419096 0.6585056 -0.5268829 0.1788551 0.8309062 -0.5268441 0.1788294 0.8309365 -0.691803 -0.4622494 0.5547379 -0.6255595 -0.5485747 0.5547441 -0.7374517 -0.6467447 0.1946439 -0.8155726 -0.5449336 0.1946506 -0.9787688 -0.06415105 0.1946702 -0.995727 -0.06526255 0.06533459 -0.7460216 -0.4984668 -0.4415684 -0.6745644 -0.5915931 -0.441566 -0.7374287 -0.6467334 -0.1947688 -0.7120959 -0.6245164 -0.3207782 -0.8496268 -0.2884099 -0.4415359 -0.7878661 -0.2674449 -0.5547433 -0.5489027 -0.3667655 -0.7511251 -0.5488933 -0.3667644 -0.7511325 -0.4180965 -0.6257243 -0.658532 -0.418096 -0.6257241 -0.6585325 -0.3668211 -0.4182907 -0.8309484 -0.4182907 -0.3668211 -0.8309484 -0.3683718 -0.2461421 -0.8965023 -0.3330967 -0.2921119 -0.8965028 -0.8160087 -0.1623154 -0.5547823 -0.8160174 -0.1623121 -0.5547707 -0.9787694 -0.06416461 -0.1946623 -0.880006 -0.1750353 -0.4415337 -0.9787593 0.06414437 -0.1947194 -0.9620131 -0.1913512 -0.1947197 -0.8800108 0.1750409 -0.4415219 -0.880006 0.1750353 -0.4415337 -0.3968394 0.804713 -0.4415376 -0.3679865 0.746205 -0.5547649 -0.4622423 0.6917931 -0.554756 -0.4180965 0.6257243 -0.658532 -0.7878603 0.2674656 0.5547416 -0.8496374 0.288438 0.4414971 -0.3679897 -0.7462226 0.554739 -0.2674656 -0.7878603 0.5547416 -0.4961467 -0.5657206 0.6586339 -0.3328475 -0.67496 0.6585146 -0.142442 -0.2888454 0.9467199 -0.1035245 -0.3049655 0.94672 -0.2460664 -0.4989933 0.8309374 -0.1788294 -0.5268441 0.8309366 -0.8953319 0.05867463 -0.4415181 -0.830261 0.05441147 -0.5547125 -0.5456533 -0.1085411 -0.8309521 -0.4345233 -0.08643521 -0.8965035 -0.8800108 -0.1750409 -0.4415219 -0.7509471 0.04923603 -0.6585243 -0.1035333 0.3050129 -0.9467037 -0.1035353 0.3049923 -0.9467102 0.036409 0.0544899 -0.9978503 0.004287553 0.06539881 -0.99785 0.004285418 0.06540254 -0.9978498 0.01278841 0.06428298 -0.9978498 0.01278618 0.06428073 -0.99785 -0.8953107 -0.05866044 0.441563 -0.8953107 0.05866044 0.441563 -0.5552335 -0.0363854 0.8308983 -0.555235 -0.03638509 0.8308972 -0.3158651 0.06282961 0.9467216 -0.3213706 0.02106568 0.9467192 -0.8160222 0.1623326 0.5547575 -0.8159826 0.1623082 0.5548229 -0.2888454 0.142442 0.9467199 -0.3049655 0.1035245 0.94672 -0.6257439 -0.4181068 0.6585069 -0.5658309 -0.4961948 0.658503 -0.746205 -0.3679865 -0.554765 -0.804713 -0.3968394 -0.4415376 -0.5920812 -0.2919843 -0.7511225 -0.5456328 -0.108526 -0.8309675 -0.9289478 -0.1847699 -0.3208052 -0.8496282 -0.2884094 -0.4415337 -0.9288078 -0.315285 -0.1947086 -0.8968791 -0.3044468 -0.3208115 -0.8953301 -0.05867579 -0.4415214 -0.8953319 -0.05867463 -0.4415181 -0.9451168 0.06193724 -0.3208082 -0.9957306 0.0652566 -0.0652845 -0.9289466 0.1847708 -0.3208082 -0.9620156 0.1913483 -0.19471 -0.2884094 0.8496282 -0.4415337 -0.3044494 0.8968803 -0.3208058 -0.367962 -0.7461964 0.5547927 -0.3968191 -0.8047165 0.4415495 -0.4961948 -0.5658309 0.658503 -0.4181068 -0.6257439 0.6585069 -0.3667224 -0.5488414 0.7511908 -0.2919725 -0.5920332 0.7511649 -0.6475003 -0.1287986 -0.751102 -0.7380955 -0.1468195 -0.658528 -0.4420991 0.02897895 -0.8964979 -0.5551521 0.0363894 -0.8309525 -0.830261 -0.05441147 -0.5547125 -0.8302206 -0.05443362 -0.5547708 -0.9787795 0.06416371 0.1946119 -0.9451165 0.06195695 0.3208053 -0.8302564 0.05439811 0.5547207 -0.8302564 -0.05439811 0.5547207 -0.3158722 0.0628329 0.946719 -0.1917408 0.03814084 0.9807042 -0.4420964 0.02897396 0.8964995 -0.3213864 0.02106291 0.9467139 -0.7126027 -0.2418907 -0.6585487 -0.6749287 -0.332846 -0.6585475 -0.9786955 -0.1946695 -0.06525954 -0.9449124 -0.3207521 -0.06525917 -0.9289466 -0.1847708 -0.3208082 -0.9451168 -0.06193724 -0.3208082 -0.5485748 -0.6255595 0.554744 -0.5485764 -0.6255638 0.5547376 -0.3667467 -0.548862 0.7511641 -0.309144 -0.4626555 0.8308911 -0.6251465 -0.2122201 -0.7511022 -0.5267951 -0.1788324 -0.8309668 -0.5551673 -0.03638343 -0.8309425 -0.5551673 0.03638343 -0.8309425 -0.6587483 -0.04317331 -0.7511237 -0.6587483 0.04317331 -0.7511237 0.499997 0 -0.8660272 0.499997 0 -0.8660272 0.499997 0 -0.8660272 0 -1 0 -0 -1 0 0.9961954 0.08714704 0 0.9961954 0.08714704 0 1 -0 0 1 0 0 0.504142 0.01197348 0.8635378 0.5041399 0.01197577 0.863539 0.5041209 0.01201485 0.8635495 0.5057377 0 -0.8626873 0.4985596 0.0757708 -0.8635375 0.4985413 0.0757416 -0.8635507 0.4932781 0.08213937 -0.8659849 0.4931762 0.08233591 -0.8660243 1 -0 0 1 0 0 0.5057377 0 -0.8626873 0.4999944 0.00462624 0.8660163 0.4999997 0 0.8660256 0.4999997 -0 0.8660256 0.4999997 0 0.8660256 0.9659239 0.258826 0 0.965924 0.258826 0 1 -0 0 1 0 0 0.4568043 0 0.8895672 0.4915828 0.09135582 0.8660256 0.1392548 0 0.9902565 0.5234756 0 0.8520406 0.5234756 -0 0.8520406 0.4943843 0.09933972 0.8635483 0.4945524 0.0997707 0.8634024 0.4943894 0.09933556 0.8635459 0.4714469 0.1666332 -0.8660088 0.4778315 0.1611275 -0.8635479 0.4778492 0.1611738 -0.8635294 0.4775151 0.1614417 -0.8636643 0.4425856 0.2417407 -0.8635273 0.4425939 0.2416245 -0.8635556 0.4426132 0.2417161 -0.8635201 0.469635 0.1836893 0.8635399 0.4696589 0.1836765 0.8635296 0.43531 0.2460273 -0.8660114 0.4682419 0.1753602 0.8660245 0.4682434 0.1753247 0.8660308 0.9063019 0.4226311 0 0.9063018 0.4226311 0 0.4306073 0.2624342 0.8635425 0.4306257 0.2624282 0.8635352 0.4305843 0.2624561 0.8635473 0.8191605 0.5735645 0 0.8191605 0.5735645 0 0.3939106 0.3148702 -0.8635341 0.3939111 0.3148813 -0.8635299 0.4306886 0.2540368 0.8660096 0.3859816 0.3178549 -0.8660176 0.3860298 0.3178241 -0.8660074 0.3800453 0.3249146 0.8660231 0.7071068 0.7071068 0 0.7071068 0.7071068 0 0.3249093 0.3800462 -0.8660247 0.3332414 0.3785115 -0.8635272 0.3332466 0.3784789 -0.8635395 0.3336402 0.3784187 -0.8634139 0.3784789 0.3332466 0.8635395 0.3784187 0.3336402 0.8634139 0.3785115 0.3332414 0.8635272 0.3148804 0.3939133 0.8635291 0.3148668 0.3939128 0.8635344 0.5735645 0.8191604 0 0.5735645 0.8191604 0 0.262461 0.4305772 -0.8635494 0.2624282 0.4306256 -0.8635352 0.262435 0.430605 -0.8635434 0.3178241 0.3860298 0.8660074 0.3178549 0.3859816 0.8660176 0.2540352 0.4306863 -0.8660112 0.4226311 0.9063019 0 0.4226311 0.9063019 0 0 1 -0 0 1 0 0.2417172 0.4426157 0.8635184 0.2416352 0.4425985 0.8635502 0.2417335 0.4425914 0.8635263 0.2460313 0.4353077 0.8660114 0.1836788 0.4696546 -0.8635315 0.1836881 0.4696371 -0.863539 0 0.5234729 -0.8520423 0 0.5234729 -0.8520423 0.1753261 0.468246 -0.8660291 0.1753431 0.4682453 -0.8660261 0.166634 0.4714494 0.8660072 0.258826 0.965924 0 0.258826 0.965924 0 0 0.5052362 0.8629811 0.1614423 0.4775179 0.8636625 0.161176 0.4778501 0.8635285 0.1611275 0.4778315 0.8635479 -0 0.5057377 0.8626873 0 1 -0 0 1 0 0.09934274 0.4943843 -0.863548 0.0996455 0.4945065 -0.8634432 0.09934053 0.4943871 -0.8635467 0 0.1417471 -0.9899029 0 0.4568017 -0.8895686 0.09136044 0.491582 -0.8660256 0 0.4999997 -0.8660256 0 0.4999997 -0.8660256 0 0.4999997 -0.8660256 0.08714704 0.9961954 0 0.08714704 0.9961954 0 0.07573974 0.4985429 0.86355 0.07577091 0.4985623 0.863536 0 1 -0 0 1 0 0.01202333 0.5041198 -0.8635501 0.01196857 0.5041463 -0.8635353 0.01197527 0.5041404 -0.8635387 0.004630872 0.4999944 -0.8660163 0.08233591 0.4931762 0.8660243 0.08213937 0.4932781 0.8659849 0 0.4999997 0.8660256 -0 0.4999997 0.8660256 0 0.4999997 0.8660256 -0.07577495 0.4985622 -0.8635356 -0.0757416 0.4985413 -0.8635507 -0.01197348 0.504142 0.8635378 -0.01197576 0.5041399 0.863539 -0.01201485 0.5041209 0.8635495 0 1 -0 0 1 0 -0.08213937 0.4932781 -0.8659849 -0.08233591 0.4931762 -0.8660243 0 0.5057377 -0.8626873 0 0.5057377 -0.8626873 -0.00462624 0.4999944 0.8660163 -0.08714704 0.9961954 0 -0.08714704 0.9961954 0 0 1 -0 0 1 0 -0 0.4568043 0.8895672 -0.09135582 0.4915828 0.8660256 0 0.1392548 0.9902565 -0 0.5234729 0.8520423 0 0.5234729 0.8520423 -0.0997085 0.4945305 0.8634222 -0.09934053 0.4943871 0.8635467 -0.09934274 0.4943843 0.863548 -0.166634 0.4714495 -0.8660072 -0.1611234 0.4778325 -0.8635482 -0.1614849 0.4774681 -0.8636821 -0.1611767 0.4778529 -0.8635269 -0.258826 0.965924 0 -0.258826 0.965924 0 -0.2417414 0.4425882 -0.8635257 -0.2416258 0.4425965 -0.8635539 -0.2417149 0.4426152 -0.8635194 -0.1836881 0.4696371 0.863539 -0.1836788 0.4696546 0.8635315 -0.2460273 0.43531 -0.8660114 -0.1753431 0.4682453 0.8660261 -0.1753261 0.468246 0.8660291 -0.4226311 0.9063018 0 -0.4226311 0.9063019 0 -0.262435 0.430605 0.8635434 -0.2624282 0.4306256 0.8635352 -0.2624561 0.4305843 0.8635473 -0.5735645 0.8191604 0 -0.5735645 0.8191605 0 -0.3148702 0.3939106 -0.8635341 -0.3148813 0.3939111 -0.8635299 -0.2540352 0.4306863 0.8660112 -0.3178549 0.3859816 -0.8660176 -0.3178241 0.3860298 -0.8660074 -0.3249146 0.3800453 0.8660231 -0.7071068 0.7071068 0 -0.7071068 0.7071068 0 -0.3800453 0.3249146 -0.8660231 -0.3785115 0.3332414 -0.8635272 -0.3784187 0.3336402 -0.8634139 -0.3784789 0.3332466 -0.8635395 -0.3336402 0.3784187 0.8634139 -0.3332466 0.3784789 0.8635395 -0.3332414 0.3785115 0.8635272 -0.3939111 0.3148813 0.8635299 -0.3939104 0.3148654 0.8635359 -0.8191605 0.5735645 0 -0.8191605 0.5735645 0 -0.4305843 0.2624561 -0.8635473 -0.4306256 0.2624282 -0.8635352 -0.4306073 0.2624342 -0.8635425 -0.3859816 0.3178549 0.8660176 -0.3860298 0.3178241 0.8660074 -0.4306886 0.2540368 -0.8660096 -0.9063019 0.4226311 0 -0.9063019 0.4226311 0 -0.4426152 0.2417149 0.8635194 -0.4425965 0.2416258 0.8635539 -0.4425882 0.2417414 0.8635257 -0.4353052 0.2460301 0.866013 -0.469657 0.1836801 -0.8635299 -0.4696375 0.1836905 -0.8635383 -1 0 0 -1 -0 0 -0.5234729 0 -0.8520423 -0.5234729 -0 -0.8520423 -0.468246 0.1753261 -0.8660291 -0.4682453 0.1753431 -0.8660261 -0.4714495 0.166634 0.8660072 -0.965924 0.258826 0 -0.965924 0.258826 0 -0.5057377 0 0.8626873 -0.4775179 0.1614423 0.8636625 -0.4778501 0.161176 0.8635285 -0.4778315 0.1611275 0.8635479 -0.5057377 0 0.8626873 -1 0 0 -1 -0 0 -0.4943856 0.09933867 -0.8635477 -0.4945524 0.0997707 -0.8634024 -0.4943843 0.09933972 -0.8635483 -0.1417471 0 -0.9899029 -0.4568043 -0 -0.8895672 -0.4915828 0.09135585 -0.8660256 0 0 0 -0.4999997 0 -0.8660256 -0.4999997 0 -0.8660256 -0.9961954 0.08714704 0 -0.9961954 0.08714704 0 -0.4985429 0.07573974 0.86355 -0.4985623 0.07577091 0.863536 -1 0 0 -1 -0 0 -0.5041209 0.01201485 -0.8635495 -0.5041399 0.01197576 -0.863539 -0.5041404 0.01197527 -0.8635387 -0.4999944 0.004630872 -0.8660163 -0.4932781 0.08213937 0.8659849 -0.4931762 0.08233591 0.8660243 0 0 0 -0.4999997 0 0.8660256 -0.4999997 0 0.8660256 -0.4985413 -0.0757416 -0.8635507 -0.4985622 -0.07577495 -0.8635356 -0.5041209 -0.01201485 0.8635495 -0.5041399 -0.01197576 0.863539 -0.504142 -0.01197348 0.8635378 -1 0 0 -1 -0 0 -0.4932702 -0.08214894 -0.8659885 -0.4931777 -0.08232738 -0.8660243 -0.5057377 -0 -0.8626873 -0.5057377 0 -0.8626873 -0.4999944 -0.004626267 0.8660163 -0.9961954 -0.08714704 0 -0.9961954 -0.08714704 0 -0.965924 -0.258826 0 -0.965924 -0.258826 0 -1 0 0 -1 -0 0 -0.4568043 0 0.8895672 -0.4915828 -0.09135585 0.8660256 -0.1417471 0 0.9899029 -0.5234729 0 0.8520423 -0.5234729 0 0.8520423 -0.4943843 -0.09934274 0.863548 -0.4945305 -0.0997085 0.8634222 -0.4943871 -0.09934053 0.8635467 -0.4714495 -0.166634 -0.8660072 -0.4775179 -0.1614423 -0.8636625 -0.4778501 -0.161176 -0.8635285 -0.4778315 -0.1611275 -0.8635479 -0.4426157 -0.2417172 -0.8635184 -0.4425985 -0.2416352 -0.8635502 -0.4425914 -0.2417335 -0.8635263 -0.4696565 -0.1836753 0.8635312 -0.4696346 -0.1836869 0.8635406 -0.4353125 -0.2460285 -0.8660098 -0.4682434 -0.1753247 0.8660308 -0.4682423 -0.1753513 0.866026 -0.9063019 -0.4226311 0 -0.9063019 -0.4226311 0 -0.4305752 -0.2624591 0.8635509 -0.4306233 -0.2624266 0.8635368 -0.430605 -0.2624325 0.8635441 -0.8191604 -0.5735645 0 -0.8191605 -0.5735645 0 -0.3939133 -0.3148804 -0.8635291 -0.393913 -0.3148717 -0.8635325 -0.4306863 -0.2540352 0.8660112 -0.3859816 -0.3178549 -0.8660176 -0.3860222 -0.3178289 -0.866009 -0.3800443 -0.3249075 0.8660262 -0.7071068 -0.7071068 0 -0.7071068 -0.7071068 0 -0.3249146 -0.3800453 -0.8660231 -0.3335756 -0.3784309 -0.8634335 -0.3332486 -0.3784809 -0.8635378 -0.3332451 -0.3785035 -0.8635293 -0.3785083 -0.3332443 0.8635274 -0.3784166 -0.3336388 0.8634153 -0.3784762 -0.3332494 0.8635396 -0.3148654 -0.3939104 0.8635359 -0.3148837 -0.3939111 0.863529 -0.5735645 -0.8191604 0 -0.5735645 -0.8191604 0 -0.2624342 -0.4306073 -0.8635425 -0.2624282 -0.4306256 -0.8635352 -0.2624561 -0.4305843 -0.8635473 -0.3178564 -0.3859841 0.866016 -0.3178307 -0.3860242 0.8660074 -0.2540368 -0.4306886 -0.8660096 -0.4226311 -0.9063019 0 -0.4226311 -0.9063019 0 -0.2417501 -0.4425876 0.8635236 -0.2416258 -0.4425965 0.8635539 -0.2417149 -0.4426152 0.8635194 -0.2460301 -0.4353052 0.866013 -0.1836893 -0.469635 -0.8635399 -0.1836765 -0.4696589 -0.8635296 0 -1 0 0 -1 -0 0 -0.5234756 -0.8520406 -0 -0.5234756 -0.8520406 -0.1753521 -0.4682448 -0.8660245 -0.175337 -0.4682455 -0.8660272 -0.1666305 -0.4714536 0.8660056 0 -0.5057377 0.8626873 -0.1611275 -0.4778315 0.8635479 -0.1614423 -0.4775179 0.8636625 -0.161176 -0.4778501 0.8635285 0 -0.5057377 0.8626873 0 -1 0 0 -1 -0 -0.0997707 -0.4945524 -0.8634024 -0.09933972 -0.4943843 -0.8635483 -0.09933556 -0.4943894 -0.8635459 0 -0.1392548 -0.9902565 0 -0.4568043 -0.8895672 -0.09136099 -0.4915846 -0.866024 -0.258826 -0.965924 0 -0.258826 -0.965924 0 0 -0.4999997 -0.8660256 0 -0.4999997 -0.8660256 -0 -0.4999997 -0.8660256 -0.07577091 -0.4985623 0.863536 -0.07573974 -0.4985429 0.86355 0 -1 0 0 -1 -0 -0.01197496 -0.5041376 -0.8635404 -0.01196834 -0.5041435 -0.863537 -0.01200704 -0.5041247 -0.8635474 -0.004635469 -0.4999943 -0.8660163 -0.08714704 -0.9961954 0 -0.08714704 -0.9961954 0 -0.08213937 -0.4932781 0.8659849 -0.08233591 -0.4931762 0.8660243 0 -0.4999997 0.8660256 0 -0.4999997 0.8660256 0 -0.4999997 0.8660256 0.07574178 -0.4985441 -0.8635491 0.07577091 -0.4985623 -0.863536 0.01201485 -0.5041209 0.8635495 0.01196834 -0.5041435 0.863537 0.01197317 -0.5041392 0.8635395 0.08233532 -0.4931735 -0.8660258 0.0821586 -0.4932652 -0.8659904 0 -0.5057349 -0.862689 0 -1 0 0 -1 -0 0 -0.5040663 -0.863665 0.004630872 -0.4999944 0.8660163 0.08714704 -0.9961954 0 0.08714704 -0.9961954 0 0.258826 -0.965924 0 0.258826 -0.965924 0 0 -1 0 0 -1 -0 0 -0.4568043 0.8895672 0.09135584 -0.4915828 0.8660256 0 -0.1417471 0.9899029 0 -0.5234729 0.8520423 0 -0.5234729 0.8520423 0.09934274 -0.4943843 0.863548 0.0997085 -0.4945305 0.8634222 0.09934053 -0.4943871 0.8635467 0.1666384 -0.4714479 -0.8660072 0.1614004 -0.4775699 -0.8636416 0.161176 -0.4778501 -0.8635285 0.1611229 -0.4778298 -0.8635496 0.2417161 -0.4426132 -0.8635201 0.2416435 -0.4425979 -0.8635483 0.2417335 -0.4425914 -0.8635263 0.1836776 -0.4696522 0.8635331 0.1836869 -0.4696346 0.8635406 0.2460245 -0.4353148 -0.8660098 0.1753247 -0.4682434 0.8660308 0.1753513 -0.4682423 0.866026 0.4226311 -0.9063019 0 0.4226311 -0.9063019 0 0.2624591 -0.4305752 0.8635509 0.2624312 -0.4306164 0.8635389 0.2624342 -0.4306073 0.8635425 0.5735645 -0.8191605 0 0.5735645 -0.8191605 0 0.3148828 -0.3939134 -0.8635283 0.3148717 -0.393913 -0.8635325 0.2540257 -0.4306886 0.8660129 0.3178307 -0.3860242 -0.8660074 0.3178564 -0.3859841 -0.866016 0.3249111 -0.3800412 0.8660262 0.7071068 -0.7071068 0 0.7071068 -0.7071068 0 0.3800443 -0.3249075 -0.8660262 0.3784782 -0.3332515 -0.863538 0.3784288 -0.3335742 -0.8634349 0.3785052 -0.3332472 -0.8635277 0.3332443 -0.3785083 0.8635274 0.3332494 -0.3784762 0.8635396 0.3335728 -0.3784267 0.8634364 0.3939106 -0.3148702 0.8635341 0.3939111 -0.3148813 0.8635299 0.8191605 -0.5735645 0 0.8191605 -0.5735645 0 0.430605 -0.2624325 -0.8635441 0.4306234 -0.2624266 -0.8635368 0.4305752 -0.2624591 -0.8635509 0.3859816 -0.3178549 0.8660176 0.3860298 -0.3178241 0.8660074 0.4306864 -0.2540296 -0.8660128 0.9063019 -0.4226311 0 0.9063019 -0.4226311 0 0.4425882 -0.2417414 0.8635257 0.4425965 -0.2416258 0.8635539 0.4426157 -0.2417172 0.8635184 0.4353077 -0.2460313 0.8660114 0.4696346 -0.1836869 -0.8635406 0.4696522 -0.1836776 -0.8635331 1 -0 0 1 0 0 0.5234756 0 -0.8520406 0.5234756 0 -0.8520406 0.4682448 -0.1753521 -0.8660245 0.4682455 -0.175337 -0.8660272 0.4714494 -0.166634 0.8660072 0.965924 -0.258826 0 0.965924 -0.258826 0 0.5057377 0 0.8626873 0.4778315 -0.1611275 0.8635479 0.4778501 -0.161176 0.8635285 0.4775179 -0.1614423 0.8636625 0.5057377 0 0.8626873 1 -0 0 1 0 0 0.4943889 -0.09933902 -0.8635458 0.4945334 -0.09970927 -0.8634204 0.4943881 -0.09933965 -0.8635462 0.1392548 0 -0.9902565 0.4568069 0 -0.8895659 0.4915874 -0.09136155 -0.8660225 0.4985625 -0.07576686 0.8635362 0.4985456 -0.07573992 0.8635483 1 -0 0 1 0 0 0.5041388 -0.01197705 -0.8635396 0.5041463 -0.0119686 -0.8635353 0.5041273 -0.01200772 -0.8635458 0.4999943 -0.004635469 -0.8660163 0.4999997 0 -0.8660256 0.4999997 0 -0.8660256 0.4999997 0 -0.8660256 0.9961954 -0.08714704 0 0.9961954 -0.08714705 0 0.4932731 -0.08214904 0.8659869 0.4931762 -0.08233591 0.8660243 0.4999997 0 0.8660256 0.4999997 -0 0.8660256 0.4999997 0 0.8660256 0.9961954 0.08714704 0 0.9961954 0.08714704 0 0.5041392 0.01197317 0.8635395 0.5041435 0.01196835 0.863537 0.5041209 0.01201485 0.8635495 0.5057377 0 -0.8626873 0.4985623 0.07577091 -0.863536 0.4985441 0.07574178 -0.8635491 0.4932652 0.0821586 -0.8659904 0.4931777 0.08232738 -0.8660243 1 -0 0 1 0 0 0.5057377 0 -0.8626873 0.4999944 0.004630874 0.8660163 0.965924 0.258826 0 0.965924 0.258826 0 1 -0 0 1 0 0 0.4568043 0 0.8895672 0.4915828 0.09135582 0.8660256 0.1392548 0 0.9902565 0.5234756 0 0.8520406 0.5234756 -0 0.8520406 0.4943871 0.09934053 0.8635467 0.4945305 0.0997085 0.8634222 0.4943881 0.09933965 0.8635462 0.4714494 0.166634 -0.8660072 0.4778315 0.1611275 -0.8635479 0.4778501 0.161176 -0.8635285 0.4775179 0.1614423 -0.8636625 0.4425914 0.2417335 -0.8635263 0.4425985 0.2416352 -0.8635502 0.4426157 0.2417172 -0.8635184 0.4696346 0.1836869 0.8635406 0.4696522 0.1836776 0.8635331 0.4353125 0.2460285 -0.8660098 0.4682419 0.1753602 0.8660245 0.4682434 0.1753247 0.8660308 0.9063019 0.4226311 0 0.9063019 0.4226311 0 0.430605 0.2624325 0.8635441 0.4306234 0.2624266 0.8635368 0.4305752 0.2624591 0.8635509 0.8191605 0.5735645 0 0.8191605 0.5735645 0 0.393913 0.3148717 -0.8635325 0.3939134 0.3148828 -0.8635283 0.4306864 0.2540296 0.8660128 0.3859841 0.3178564 -0.866016 0.3860242 0.3178307 -0.8660074 0.3800412 0.3249111 0.8660262 0.7071068 0.7071068 0 0.7071068 0.7071068 0 0.3249075 0.3800442 -0.8660262 0.3332472 0.3785052 -0.8635277 0.3332515 0.3784782 -0.863538 0.3335742 0.3784288 -0.8634349 0.3784782 0.3332515 0.863538 0.3784389 0.3335082 0.863456 0.3785052 0.3332472 0.8635277 0.3148828 0.3939134 0.8635283 0.3148668 0.3939128 0.8635344 0.5735645 0.8191605 0 0.5735645 0.8191605 0 0.2624591 0.4305752 -0.8635509 0.2624266 0.4306233 -0.8635368 0.2624325 0.430605 -0.8635441 0.3178307 0.3860242 0.8660074 0.3178564 0.3859841 0.866016 0.2540296 0.4306864 -0.8660128 0.4226311 0.9063019 0 0.4226311 0.9063019 0 0 1 -0 0 1 0 0.2417172 0.4426157 0.8635184 0.2416352 0.4425985 0.8635502 0.2417335 0.4425914 0.8635263 0.2460313 0.4353077 0.8660114 0.1836776 0.4696522 -0.8635331 0.1836869 0.4696346 -0.8635406 0 0.5234756 -0.8520406 0 0.5234756 -0.8520406 0.175337 0.4682455 -0.8660272 0.1753521 0.4682448 -0.8660245 0.166634 0.4714494 0.8660072 0.258826 0.965924 0 0.258826 0.965924 0 0 0.5052362 0.8629811 0.1614423 0.4775179 0.8636625 0.161176 0.4778501 0.8635285 0.1611275 0.4778315 0.8635479 -0 0.5057377 0.8626873 0 1 -0 0 1 0 0.09933965 0.4943881 -0.8635462 0.0997085 0.4945305 -0.8634222 0.09934053 0.4943871 -0.8635467 0 0.1417471 -0.9899029 0 0.4568043 -0.8895672 0.09136099 0.4915847 -0.866024 0 0.4999997 -0.8660256 0 0.4999997 -0.8660256 0 0.4999997 -0.8660256 0.08714704 0.9961954 0 0.08714704 0.9961954 0 0.07573992 0.4985456 0.8635483 0.07576686 0.4985625 0.8635362 0 1 -0 0 1 0 0.01200704 0.5041247 -0.8635474 0.01196834 0.5041435 -0.863537 0.01197496 0.5041376 -0.8635404 0.004635471 0.4999943 -0.8660163 0.08232738 0.4931777 0.8660243 0.0821586 0.4932652 0.8659904 0 0.4999997 0.8660256 -0 0.4999997 0.8660256 0 0.4999997 0.8660256 -0.07577495 0.4985622 -0.8635356 -0.0757416 0.4985413 -0.8635507 -0.01197527 0.5041404 0.8635387 -0.01196857 0.5041463 0.8635353 -0.01201552 0.5041235 0.8635479 0 1 -0 0 1 0 -0.08213937 0.4932781 -0.8659849 -0.08233591 0.4931762 -0.8660243 0 0.5057377 -0.8626873 0 0.5057377 -0.8626873 -0.004630874 0.4999944 0.8660163 -0.08714705 0.9961954 0 -0.08714704 0.9961954 0 0 1 -0 0 1 0 -0 0.4568069 0.8895659 -0.09135637 0.4915855 0.8660241 0 0.1392548 0.9902565 -0 0.5234756 0.8520406 0 0.5234756 0.8520406 -0.09970927 0.4945334 0.8634204 -0.09933903 0.4943889 0.8635458 -0.09933965 0.4943881 0.8635462 -0.166634 0.4714495 -0.8660072 -0.1611275 0.4778315 -0.8635479 -0.1614423 0.4775179 -0.8636625 -0.161176 0.4778501 -0.8635285 -0.258826 0.965924 0 -0.258826 0.965924 0 -0.2417414 0.4425882 -0.8635257 -0.2416258 0.4425965 -0.8635539 -0.2417172 0.4426157 -0.8635184 -0.1836869 0.4696346 0.8635406 -0.1836776 0.4696522 0.8635331 -0.2460285 0.4353125 -0.8660098 -0.1753602 0.4682419 0.8660245 -0.1753247 0.4682434 0.8660308 -0.4226311 0.9063019 0 -0.4226311 0.9063019 0 -0.2624325 0.430605 0.8635441 -0.2624266 0.4306233 0.8635368 -0.2624591 0.4305752 0.8635509 -0.5735645 0.8191605 0 -0.5735645 0.8191605 0 -0.3148717 0.393913 -0.8635325 -0.3148828 0.3939134 -0.8635283 -0.2540296 0.4306864 0.8660128 -0.3178607 0.3859724 -0.8660195 -0.3178241 0.3860298 -0.8660074 -0.3249075 0.3800443 0.8660262 -0.7071068 0.7071068 0 -0.7071068 0.7071068 0 -0.3800443 0.3249075 -0.8660262 -0.3785083 0.3332443 -0.8635274 -0.3784166 0.3336388 -0.8634153 -0.3784762 0.3332494 -0.8635396 -0.3335742 0.3784288 0.8634349 -0.3332515 0.3784782 0.863538 -0.3332472 0.3785052 0.8635277 -0.3939134 0.3148828 0.8635283 -0.3939128 0.3148668 0.8635344 -0.8191605 0.5735645 0 -0.8191605 0.5735645 0 -0.4305752 0.2624591 -0.8635509 -0.4306164 0.2624312 -0.8635389 -0.4306073 0.2624342 -0.8635425 -0.3859841 0.3178564 0.866016 -0.3860242 0.3178307 0.8660074 -0.4306886 0.2540312 -0.8660113 -0.9063019 0.4226311 0 -0.9063019 0.4226311 0 -0.4426132 0.2417161 0.8635201 -0.4425979 0.2416435 0.8635483 -0.4425914 0.2417335 0.8635263 -0.43531 0.2460273 0.8660114 -0.4696565 0.1836753 -0.8635312 -0.4696346 0.1836869 -0.8635406 -1 0 0 -1 -0 0 -0.5234729 0 -0.8520423 -0.5234729 -0 -0.8520423 -0.4682455 0.175337 -0.8660272 -0.4682453 0.1753431 -0.8660261 -0.4714479 0.1666384 0.8660072 -0.965924 0.258826 0 -0.965924 0.258826 0 -0.5057349 0 0.862689 -0.4775699 0.1614004 0.8636416 -0.4778501 0.161176 0.8635285 -0.4778298 0.1611229 0.8635496 -0.5057349 0 0.862689 -1 0 0 -1 -0 0 -0.4943843 0.09934274 -0.863548 -0.4945305 0.0997085 -0.8634222 -0.4943871 0.09934053 -0.8635467 -0.1417471 0 -0.9899029 -0.4568043 -0 -0.8895672 -0.4915847 0.09136099 -0.866024 0 0 0 -0.4999997 0 -0.8660256 -0.4999997 0 -0.8660256 -0.9961954 0.08714704 0 -0.9961954 0.08714704 0 -0.4985456 0.07573992 0.8635483 -0.4985625 0.07576686 0.8635362 -1 0 0 -1 -0 0 -0.5041247 0.01200704 -0.8635474 -0.5041435 0.01196834 -0.863537 -0.5041376 0.01197496 -0.8635404 -0.4999943 0.004635474 -0.8660163 -0.4932652 0.0821586 0.8659904 -0.4931735 0.08233532 0.8660258 0 0 0 -0.4999997 0 0.8660256 -0.4999997 0 0.8660256 -0.4985413 -0.0757416 -0.8635507 -0.4985622 -0.07577495 -0.8635356 -0.5041209 -0.01201485 0.8635495 -0.5041435 -0.01196834 0.863537 -0.5041392 -0.01197317 0.8635395 -1 0 0 -1 -0 0 -0.4932781 -0.08213937 -0.8659849 -0.4931762 -0.08233591 -0.8660243 -0.5057377 -0 -0.8626873 -0.5057377 0 -0.8626873 -0.4999944 -0.004630872 0.8660163 -0.9961954 -0.08714704 0 -0.9961954 -0.08714704 0 -0.965924 -0.258826 0 -0.965924 -0.258826 0 -1 0 0 -1 -0 0 -0.4568043 0 0.8895672 -0.4915828 -0.09135585 0.8660256 -0.1417387 0 0.9899041 -0.5234784 0 0.8520389 -0.5234784 0 0.8520389 -0.4943919 -0.09933654 0.8635444 -0.4945524 -0.0997707 0.8634024 -0.4943852 -0.09934202 0.8635476 -0.4714511 -0.1666296 -0.8660072 -0.4775151 -0.1614417 -0.8636643 -0.4778492 -0.1611738 -0.8635294 -0.4778315 -0.1611275 -0.8635479 -0.4426132 -0.2417161 -0.8635201 -0.4425939 -0.2416245 -0.8635556 -0.442585 -0.2417494 -0.8635252 -0.4696589 -0.1836765 0.8635296 -0.4696371 -0.1836881 0.863539 -0.43531 -0.2460273 -0.8660114 -0.468246 -0.1753261 0.8660291 -0.4682444 -0.175361 0.8660229 -0.9063019 -0.4226311 0 -0.9063019 -0.4226311 0 -0.4305843 -0.2624561 0.8635473 -0.4306256 -0.2624282 0.8635352 -0.4306073 -0.2624342 0.8635425 -0.8191604 -0.5735645 0 -0.8191604 -0.5735645 0 -0.3939111 -0.3148837 -0.863529 -0.3939106 -0.3148702 -0.8635341 -0.4306886 -0.2540368 0.8660096 -0.3859841 -0.3178564 -0.866016 -0.3860242 -0.3178307 -0.8660074 -0.3800453 -0.3249146 0.8660231 -0.7071068 -0.7071068 0 -0.7071068 -0.7071068 0 -0.3249075 -0.3800443 -0.8660262 -0.3336388 -0.3784166 -0.8634153 -0.3332494 -0.3784762 -0.8635396 -0.3332443 -0.3785083 -0.8635274 -0.3785035 -0.3332451 0.8635293 -0.3784309 -0.3335756 0.8634335 -0.3784809 -0.3332486 0.8635378 -0.3148717 -0.393913 0.8635325 -0.3148804 -0.3939133 0.8635291 -0.5735645 -0.8191604 0 -0.5735645 -0.8191605 0 -0.2624325 -0.430605 -0.8635441 -0.2624266 -0.4306233 -0.8635368 -0.2624591 -0.4305752 -0.8635509 -0.3178549 -0.3859816 0.8660176 -0.3178289 -0.3860222 0.866009 -0.2540352 -0.4306863 -0.8660112 -0.4226311 -0.9063019 0 -0.4226311 -0.9063019 0 -0.2417335 -0.4425914 0.8635263 -0.2416352 -0.4425985 0.8635502 -0.2417172 -0.4426157 0.8635184 -0.2460285 -0.4353125 0.8660098 -0.1836869 -0.4696346 -0.8635406 -0.1836753 -0.4696565 -0.8635312 0 -1 0 0 -1 -0 0 -0.5234729 -0.8520423 -0 -0.5234729 -0.8520423 -0.1753431 -0.4682453 -0.8660261 -0.175337 -0.4682455 -0.8660272 -0.166634 -0.4714495 0.8660072 0 -0.5057377 0.8626873 -0.1611275 -0.4778315 0.8635479 -0.1614423 -0.4775179 0.8636625 -0.161176 -0.4778501 0.8635285 0 -0.5057377 0.8626873 0 -1 0 0 -1 -0 -0.0997085 -0.4945305 -0.8634222 -0.09934053 -0.4943871 -0.8635467 -0.09934274 -0.4943843 -0.863548 0 -0.1392548 -0.9902565 0 -0.4568043 -0.8895672 -0.09135582 -0.4915828 -0.8660256 -0.258826 -0.965924 0 -0.258826 -0.965924 0 0 -0.499997 -0.8660272 0 -0.499997 -0.8660272 -0 -0.499997 -0.8660272 -0.07577091 -0.4985623 0.863536 -0.07573974 -0.4985429 0.86355 0 -1 0 0 -1 -0 -0.01197527 -0.5041404 -0.8635387 -0.01196857 -0.5041463 -0.8635353 -0.01202333 -0.5041198 -0.8635501 -0.004626049 -0.4999916 -0.8660179 -0.08714704 -0.9961954 0 -0.08714704 -0.9961954 0 -0.08214894 -0.4932702 0.8659885 -0.08232738 -0.4931777 0.8660243 0 -0.4999997 0.8660256 0 -0.4999997 0.8660256 0 -0.4999997 0.8660256 0.0757416 -0.4985413 -0.8635507 0.0757708 -0.4985596 -0.8635375 0.01201485 -0.5041209 0.8635495 0.01197576 -0.5041399 0.863539 0.01197348 -0.504142 0.8635378 0.08233591 -0.4931762 -0.8660243 0.08213937 -0.4932781 -0.8659849 0 -0.5057377 -0.8626873 0 -1 0 0 -1 -0 0 -0.5052362 -0.8629811 0.004626267 -0.4999944 0.8660163 0.08714704 -0.9961954 0 0.08714704 -0.9961954 0 0.258826 -0.965924 0 0.258826 -0.965924 0 0 -1 0 0 -1 -0 0 -0.4568043 0.8895672 0.09135584 -0.4915828 0.8660256 0 -0.1417471 0.9899029 0 -0.5234729 0.8520423 0 -0.5234729 0.8520423 0.09933867 -0.4943856 0.8635477 0.0997707 -0.4945524 0.8634024 0.09933972 -0.4943843 0.8635483 0.166634 -0.4714494 -0.8660072 0.1614849 -0.4774681 -0.8636821 0.1611767 -0.4778529 -0.8635268 0.1611234 -0.4778325 -0.8635482 0.2417149 -0.4426152 -0.8635194 0.2416258 -0.4425965 -0.8635539 0.2417414 -0.4425882 -0.8635257 0.1836801 -0.469657 0.8635299 0.1836905 -0.4696375 0.8635383 0.2460273 -0.43531 -0.8660114 0.1753261 -0.468246 0.8660291 0.1753431 -0.4682453 0.8660261 0.4226311 -0.9063019 0 0.4226311 -0.9063019 0 0.2624561 -0.4305843 0.8635473 0.2624282 -0.4306256 0.8635352 0.2624342 -0.4306073 0.8635425 0.5735645 -0.8191605 0 0.5735645 -0.8191605 0 0.3148813 -0.3939111 -0.8635299 0.3148702 -0.3939106 -0.8635341 0.2540368 -0.4306886 0.8660096 0.3178241 -0.3860298 -0.8660074 0.3178549 -0.3859816 -0.8660176 0.3249146 -0.3800453 0.8660231 0.7071068 -0.7071068 0 0.7071068 -0.7071068 0 0.3800453 -0.3249146 -0.8660231 0.3784789 -0.3332466 -0.8635395 0.3784187 -0.3336402 -0.8634139 0.3785115 -0.3332414 -0.8635272 0.3332414 -0.3785115 0.8635272 0.3332466 -0.3784789 0.8635395 0.3336402 -0.3784187 0.8634139 0.3939104 -0.3148654 0.8635359 0.3939111 -0.3148813 0.8635299 0.8191605 -0.5735645 0 0.8191604 -0.5735645 0 0.430605 -0.262435 -0.8635434 0.4306257 -0.2624282 -0.8635352 0.4305843 -0.2624561 -0.8635473 0.3859816 -0.3178549 0.8660176 0.3860298 -0.3178241 0.8660074 0.4306863 -0.2540352 -0.8660112 0.9063019 -0.4226311 0 0.9063018 -0.4226311 0 0.4425882 -0.2417414 0.8635257 0.4425965 -0.2416258 0.8635539 0.4426152 -0.2417149 0.8635194 0.4425718 -0.2416767 0.8635523 0.442614 -0.2417247 0.8635172 0.4353052 -0.2460301 0.866013 0.4353791 -0.2459916 0.8659869 0.4696371 -0.1836881 -0.863539 0.4696546 -0.1836788 -0.8635315 1 -0 0 1 0 0 0.5234729 0 -0.8520423 0.5234729 0 -0.8520423 0.4682453 -0.1753431 -0.8660261 0.468246 -0.1753261 -0.8660291 0.4714494 -0.166634 0.8660072 0.4715094 -0.1666856 0.8659646 0.4715154 -0.1666891 0.8659608 0.4714015 -0.1666644 0.8660275 0.965924 -0.258826 0 0.965924 -0.258826 0 0.5057377 0 0.8626873 0.5057597 -0 0.8626745 0.5057597 0 0.8626745 0.4778325 -0.1611234 0.8635482 0.4778529 -0.1611767 0.8635268 0.4774681 -0.1614849 0.8636821 0.4778858 -0.16097 0.8635472 0.4779492 -0.1611747 0.863474 0.5057377 0 0.8626873 1 -0 0 1 0 0 0.4943871 -0.09934053 -0.8635467 0.4945305 -0.0997085 -0.8634222 0.4943843 -0.09934274 -0.863548 0.1392548 0 -0.9902565 0.4568043 0 -0.8895672 0.4915828 -0.09135582 -0.8660256 0 1 -0 0 1 0 0 1 0 0.4985623 -0.07577091 0.863536 0.4985429 -0.07573974 0.86355 0.4985122 -0.07575932 0.8635659 0.4985025 -0.0757307 0.863574 1 -0 0 1 0 0 0.5041404 -0.01197527 -0.8635387 0.5041463 -0.0119686 -0.8635353 0.5041198 -0.01202333 -0.8635501 0.4999944 -0.004630874 -0.8660163 0.4999997 0 -0.8660256 0.4999997 0 -0.8660256 0.4999997 0 -0.8660256 0.9961954 -0.08714704 0 0.9961954 -0.08714704 0 0.4932781 -0.08213937 0.8659849 0.4931762 -0.08233591 0.8660243 0.4931338 -0.08225681 0.866056 0.4931494 -0.08226422 0.8660463 0.4932141 -0.08223955 0.8660119 0.4999997 0 0.8660256 0.4999997 -0 0.8660256 0.4999997 0 0.8660256 0.4999489 0 0.8660548 0.4999489 -0 0.8660548 0.4999489 0 0.8660548 0.06539321 -0.9978596 1.641624e-05 0.06542299 -0.9978576 0 0 -1 0 0.06537566 -0.9978607 1.748569e-07 0.06540018 -0.9978591 0 0.06539321 -0.9978596 1.552285e-05 0.06538353 -0.9978602 0 0 -1 0 0.06535256 -0.9978623 -7.171433e-08 0.0654112 -0.9978584 2.327268e-06 0.06539625 -0.9978593 7.822742e-06 0.06534977 -0.9978624 0 0.0653965 -0.9978594 0 0.06539321 -0.9978596 9.698823e-07 0.06534924 -0.9978625 0 0 -1 0 0.0654221 -0.9978577 3.692902e-05 0 -1 0 0.06537567 -0.9978607 0 0.06534977 -0.9978624 0 0.06541024 -0.9978585 2.170272e-05 0.9807917 0.1950581 0 0.9807802 0.1951158 -0 0.9807869 0.1950822 5.472997e-05 0.9807897 0.1950678 0 0.9835472 0 0.1806515 0.9807929 0.1950523 -3.763638e-05 0.980781 0.1951116 -9.184019e-05 0.9807073 0.1954821 0 0.9808149 0.1949415 0 0.9807848 0.1950928 -0 0.9807869 0.1950822 3.159163e-06 0.980779 0.1951221 0 0.9807909 0.1950621 1.478607e-06 0.9807869 0.1950822 -5.004631e-06 0.9807807 0.1951132 0 0.980779 0.1951221 0 0.9807898 0.1950676 3.374757e-06 1 0 0 0.9807909 0.1950621 -9.707371e-07 0.9807807 0.1951132 0 0.9807807 0.1951132 0 0.9978602 0.06538353 0 0.9978591 0.06540018 -0 0.9978596 0.06539322 1.552285e-05 0.9978625 0.06534978 0 0.9978594 0.06539626 5.049851e-05 0.9978585 0.06541048 1.672286e-05 1 0 0 0.9978622 0.06535256 -5.216296e-07 0.9978625 0.06534924 0 0.9978594 0.0653965 -0 0.9978596 0.06539322 9.698823e-07 0.9978595 0.06539333 0 0.9978596 0.06539334 -0 0.9978596 0.06539321 5.852426e-07 1 0 0 0.9978576 0.06542209 3.692918e-05 0.9978607 0.06537567 0 1 -0 0 1 0 0 0.9978624 0.06534977 0 0.9978577 0.06542236 2.605262e-05 0.9978585 0.06540996 2.72763e-05 0.9978607 0.06537567 0 1 -0 0 1 0 0 0.9469401 0.3214101 0 0.9469177 0.321476 -0 0.9469308 0.3214377 6.475046e-05 0.9469571 0.32136 0 0.9469369 0.3214195 6.267071e-05 0.9469195 0.3214708 -3.38622e-05 0.9468924 0.3215505 -0 0.946848 0.3216812 -2.124842e-05 0.9470195 0.3211762 0 0.9469241 0.3214573 -0 0.9469307 0.3214377 6.078632e-06 0.9469571 0.32136 0 0.9986239 0 0.05244253 0.9469308 0.3214377 -1.393505e-05 0.9469169 0.3214783 0 0.9469571 0.32136 0 0.9469571 0.32136 0 1 0 0 0.9469196 0.3214706 -1.529083e-06 0.9468924 0.3215505 -0 0.9469171 0.321478 4.640001e-06 0.06538353 0.9978602 -0 0.06539321 0.9978596 1.552285e-05 0.06540018 0.9978591 0 0.06537566 0.9978607 -1.687429e-07 0.06534924 0.9978625 0 0.06542281 0.9978576 -7.383567e-06 0.0653965 0.9978594 -1.875757e-05 0 1 0 0.06539626 0.9978594 -0 0.06539321 0.9978596 -8.965487e-07 0.06535256 0.9978622 0 0.06539322 0.9978595 -7.418129e-06 0.06541131 0.9978584 7.282739e-08 0.06534977 0.9978624 0 0 1 0 0.06540996 0.9978585 -2.727547e-05 0.06534977 0.9978624 0 0.06537567 0.9978607 -0 0.06542235 0.9978576 -2.605243e-05 0 1 0 0 1 0 -0.6593312 -0.7518526 -6.773534e-06 -0.6593243 -0.7518587 0 -0.659345 -0.7518405 -0 -0.6593652 -0.7518228 0 -0.6593313 -0.7518526 -7.229448e-05 -0.6593068 -0.7518741 0 -0.6590973 -0.7520577 -1.007884e-05 -0.659317 -0.7518651 0 -0.6593248 -0.7518582 -1.392882e-05 -0.6593488 -0.7518373 -1.093744e-06 -0.6593451 -0.7518405 0 -0.6593482 -0.7518377 0 -0.6593313 -0.7518526 -6.649093e-06 -0.6591041 -0.7520518 0 -0.659317 -0.751865 0 -0.6593243 -0.7518586 5.8957e-07 -0.6593249 -0.7518582 0 -0.6593451 -0.7518405 0 -0.659345 -0.7518405 0 -0.9978591 -0.06540018 0 -0.9978596 -0.06539321 1.552285e-05 -0.9978602 -0.06538353 0 -1 0 0 -0.9978622 -0.06535256 -1.006557e-07 -0.9978583 -0.06541116 3.263799e-06 -0.9978594 -0.06539626 1.089065e-05 -0.9978625 -0.06534978 0 -0.9978594 -0.0653965 0 -0.9978596 -0.06539321 9.698823e-07 -0.9978625 -0.06534924 0 -1 0 0 -0.9978607 -0.06537567 1.024606e-07 -0.9978576 -0.06542298 -0 -0.9978596 -0.06539322 9.532498e-06 -1 0 0 -1 0 0 -0.9978607 -0.06537567 0 -0.9978585 -0.06540996 2.72756e-05 -0.9978576 -0.06542236 2.605309e-05 -0.9978624 -0.06534977 0 -0.6593068 0.7518741 0 -0.6593313 0.7518526 -7.229448e-05 -0.6593652 0.7518228 0 -0.6593454 0.7518402 2.376804e-05 -0.6591041 0.7520517 0 -0.6593482 0.7518377 2.270635e-05 -0.6593243 0.7518587 0 -0.6593487 0.7518373 0 -0.6593313 0.7518526 6.846733e-06 -0.6590973 0.7520577 0 -0.6593312 0.7518525 -4.227095e-06 -0.6593249 0.7518582 -3.679537e-07 -0.659345 0.7518404 0 -0.659317 0.751865 0 -0.6593451 0.7518405 0 -0.6593249 0.7518581 0 -0.6593451 0.7518405 0 -0.6593243 0.7518586 -5.8957e-07 -0.659317 0.751865 0 0.7518228 0.6593652 0 0.7518741 0.6593068 -0 0.7518526 0.6593312 -7.233772e-05 0.7518587 0.6593243 0 0.7518377 0.6593482 4.779074e-05 0.7518398 0.6593457 4.974728e-05 0.7520518 0.659104 0 0.7520577 0.6590973 0 0.7518373 0.6593487 -0 0.7518526 0.6593312 6.846733e-06 0.751865 0.659317 0 0.7518581 0.6593249 -2.749126e-07 0.7518526 0.6593313 -3.160897e-06 0.7518405 0.659345 0 0.7518651 0.659317 0 0.7518587 0.6593243 -6.099023e-07 0.7518581 0.6593249 0 0.7518405 0.659345 0 0.7518405 0.659345 0 1 0 0 0.9978584 -0.06541134 5.854048e-07 0.9978596 -0.06539322 -5.20968e-05 0.9978625 -0.06534977 0 0.9978591 -0.06540018 0 0.9978602 -0.06538353 0 0.9978596 -0.06539322 1.552285e-05 1 -0 0 1 0 0 0.9978607 -0.06537567 0 0.9978577 -0.06542209 -3.692902e-05 1 -0 0 0.9978594 -0.06539664 0 0.9978594 -0.06539651 -5.219804e-07 0.9978596 -0.06539334 0 0.9978625 -0.06534925 -3.192974e-05 0.9978622 -0.06535256 0 0.9978594 -0.06539626 0 0.9978596 -0.06539322 -8.966604e-07 1 -0 0 1 0 0 0.9978607 -0.06537567 0 0.9978585 -0.06540996 -2.727568e-05 0.9978577 -0.06542236 -2.605322e-05 0.9978624 -0.06534977 0 0.4423129 0.8968608 -0 0.4423033 0.8968655 -1.712257e-05 0.4422424 0.8968955 0.0001338548 1 -0 0 0.442292 0.8968711 0 0.4423062 0.8968641 -1.96059e-06 0.4422704 0.8968818 -4.471805e-05 0.4422931 0.8968706 -5.71415e-05 1 0 0 0.4423039 0.8968653 -0 0.4423033 0.8968655 -1.878043e-07 0.441844 0.8970919 1.108018e-05 1 -0 0 0.4423033 0.8968655 -1.517677e-06 0.4422993 0.8968675 0 0.4423099 0.8968623 0 0.4422993 0.8968675 0 0.442296 0.8968692 0 0.4423061 0.8968642 -4.022446e-06 0.4423097 0.8968624 -9.261667e-06 0.8968623 -0.4423099 0 0.8968655 -0.4423033 -7.906464e-06 0.8968675 -0.4422993 0 0 -1 0 0.8968955 -0.4422424 0.0001338548 0.8968608 -0.4423129 0 0.8968655 -0.4423033 -1.720905e-05 0 -1 -0 0.8968695 -0.4422951 -1.68139e-05 0.8968818 -0.4422704 -1.290434e-05 0.8968641 -0.4423062 -5.438508e-07 0.8968711 -0.442292 0 0 -1 0 0.8970919 -0.441844 1.108018e-05 0.8968653 -0.4423039 0 0.8968655 -0.4423033 -1.878043e-07 0.8968691 -0.442296 0 0.8968623 -0.4423098 -5.507205e-06 0.8968642 -0.442306 -5.918815e-06 0.8968675 -0.4422993 0 -0.3214377 -0.9469308 -3.425215e-05 -0.3214705 -0.9469196 -5.402916e-06 -0.32136 -0.9469571 0 -0.3215505 -0.9468924 -0 -0.3214101 -0.9469401 0 -0.3214377 -0.9469308 6.477208e-05 -0.321476 -0.9469177 0 -0.3213601 -0.9469571 -8.485048e-06 -0.3211761 -0.9470194 0 0 -0.9985744 -0.05337949 -0.3214573 -0.9469241 9.336693e-06 -0.3214783 -0.9469169 0 -0.3214195 -0.9469368 0 -0.3214377 -0.9469307 5.6592e-06 -0.3216812 -0.946848 0 0 -1 0 -0.32136 -0.9469571 0 -0.3214706 -0.9469196 1.515691e-06 -0.32136 -0.9469571 0 -0.321478 -0.946917 -4.640017e-06 -0.3215505 -0.9468924 -0 0.8314695 0.5555704 0 0.8314583 0.5555871 -0 0.8314648 0.5555774 1.863636e-05 0.8314728 0.5555655 0 0.8314639 0.5555788 1.075791e-05 0.8314617 0.5555821 5.010281e-06 0.8314776 0.5555582 0 0.8313596 0.5557349 0 0.8314728 0.5555657 -0 0.8314648 0.5555773 -4.166669e-06 0.8314692 0.5555707 0 0.8314649 0.5555774 -1.503917e-06 0.8314622 0.5555813 0 0.8314727 0.5555655 0 0.8314692 0.5555707 2.218792e-06 0.8314616 0.5555822 8.566799e-07 0.8314623 0.5555813 0 0.8968608 0.4423129 0 0.8968955 0.4422424 0.0001338973 0 1 -0 0.8968655 0.4423033 -1.720905e-05 0.8968675 0.4422993 0 0.8968653 0.4423039 8.378334e-06 0.8968623 0.4423098 2.999906e-06 0.8970919 0.4418441 -9.515088e-05 0 1 0 0.8968711 0.442292 0 0.8968818 0.4422703 1.10774e-05 0 1 -0 0.8968655 0.4423033 2.763407e-07 0.8968641 0.4423063 0 0.8968655 0.4423033 1.158167e-06 0.8968691 0.442296 0 0.8968675 0.4422993 0 0.8968642 0.442306 5.921228e-06 0.8968623 0.4423098 5.504887e-06 0.8968691 0.442296 0 -0.8314622 -0.5555813 0 -0.8314692 -0.5555708 -0 -0.8314648 -0.5555774 -2.958873e-06 -0.8314583 -0.5555871 0 -0.8314648 -0.5555774 1.86796e-05 -0.8314695 -0.5555704 0 -0.8314776 -0.5555583 0 -0.8314616 -0.5555822 1.453353e-06 -0.8314639 -0.5555788 3.295234e-06 -0.8314728 -0.5555655 0 -0.8314728 -0.5555657 0 -0.8314648 -0.5555773 -4.16667e-06 -0.8313596 -0.5557349 0 -0.8314623 -0.5555813 0 -0.8314616 -0.5555822 8.566799e-07 -0.8314693 -0.5555707 2.227998e-06 -0.8314727 -0.5555655 0 1 0 0 0.4422424 -0.8968955 0.0001338973 0.4423033 -0.8968655 -1.716581e-05 0.4423129 -0.8968608 0 0.44231 -0.8968623 6.019772e-07 1 0 0 0.441844 -0.8970919 -1.905636e-05 0.4423039 -0.8968652 1.7108e-06 0.4422994 -0.8968675 0 1 0 0 0.4422704 -0.8968818 1.10774e-05 0.4423033 -0.8968655 2.77235e-07 0.442292 -0.8968711 0 0.4423033 -0.8968655 4.141103e-06 0.4423063 -0.8968641 0 0.442296 -0.8968691 0 0.4423098 -0.8968623 5.507183e-06 0.4422993 -0.8968675 0 0.442306 -0.8968642 5.921225e-06 0.442296 -0.8968691 0 -0.9978625 0.06534977 0 -0.9978583 0.06541131 1.028439e-07 -1 0 0 -0.9978595 0.06539321 -1.038757e-05 -0.9978602 0.06538353 0 -0.9978596 0.06539321 1.552285e-05 -0.9978591 0.06540018 0 -0.9978624 0.06534924 0 -0.9978577 0.06542289 -4.334029e-06 -0.9978594 0.0653965 -1.105892e-05 -0.9978607 0.06537566 -1.003238e-07 -1 -0 0 -0.9978594 0.06539626 0 -0.9978596 0.06539321 -8.965487e-07 -0.9978622 0.06535256 0 -0.9978624 0.06534977 0 -0.9978576 0.06542235 -2.605243e-05 -0.9978585 0.06540996 -2.727608e-05 -0.9978607 0.06537567 0 -1 0 0 -1 -0 0 -0 0 1 0 0 1 0 0 1 0 0 1 0 0 1 0 0 1 0 0 1 0 0 1 0 0 1 0 0 1 0 0 1 0 0 1 0 0 1 0 0 1 0 0 1 0 0 1 0 0 1 0 0 1 0 0 1 0 0 1 0 0 1 0 0 1 0 0 1 0 0 1 0 0 1 0 0 1 0 0 1 0 0 1 -0 0 1 0 0 1 -0 0 1 0 0 1 -0 0 1 0 0 1 -0 0 1 0 0 1 -0 0 1 0 0 1 -0 0 1 0 0 1 -0 0 1 0 0 1 -0 0 1 0 0 1 -0 0 1 0 0 1 0 0 1 -0 0 1 0 0 1 0 0 1 0 0 1 0 0 1 -0 0 1 0 0 1 0 0 1 -0 0 1 -0 0 1 0 0 1 0 0 1 -0 0 1 0 0 1 -0 0 1 0 0 1 -0 0 1 0 0 1 -0 0 1 0 0 1 -0 0 1 0 0 1 -0 0 1 0 0 1 -0 0 1 0 0 1 -0 0 1 -0 0 1 0 0 1 0 0 1 0 0 1 0 0 1 0 0 1 0 0 1 0 0 1 0 0 1 0 0 1 0 0 1 0 0 1 0 0 1 0 0 1 0 0 1 0 0 1 0 0 1 0 0 1 0 0 1 0 0 1 0 0 1 0 0 1 0 0 1 -0 0 1 0 0 1 0 0 1 0 0 1 0 0 1 0 0 1 -1 0 0 -0.4422424 0.8968955 0.0001338973 -0.4423033 0.8968655 -1.716581e-05 -0.4423129 0.8968608 0 -0.4423099 0.8968623 1.288094e-06 -1 0 0 -0.441844 0.8970919 -4.081895e-05 -0.4423039 0.8968653 3.644175e-06 -0.4422993 0.8968675 0 -1 0 0 -0.4422704 0.8968818 1.10774e-05 -0.4423033 0.8968655 2.77235e-07 -0.442292 0.8968711 0 -0.4423033 0.8968655 1.524119e-06 -0.4423063 0.8968641 0 -0.442296 0.8968691 0 -0.4423098 0.8968623 5.507205e-06 -0.4422993 0.8968675 0 -0.442306 0.8968642 5.921249e-06 -0.442296 0.8968691 0 0.1950822 0.9807869 -5.664539e-06 0.1950678 0.9807897 0 0 0.9992892 -0.03769762 0.1951132 0.9807807 0 0.1950581 0.9807917 0 0.1950822 0.9807869 5.474078e-05 0.1951158 0.9807802 0 0.1949415 0.9808149 -1.425122e-05 0.1951221 0.9807789 -0 0.195062 0.980791 -1.775838e-05 0.1950928 0.9807848 1.052176e-05 0.1951133 0.9807807 0 0.1950523 0.9807928 -0 0.1950822 0.9807869 8.974437e-06 0.1954821 0.9807073 0 0.1951221 0.9807789 -0 0.1950676 0.9807898 -3.367134e-06 0.1950621 0.9807909 9.70741e-07 0 1 0 0.1951133 0.9807807 0 0.1951132 0.9807807 0 -0.7518228 0.6593652 0 -0.7518526 0.6593313 -7.229448e-05 -0.7518741 0.6593068 0 -0.751865 0.659317 0 -0.7520577 0.6590973 -1.510017e-05 -0.7518583 0.6593248 -2.086787e-05 -0.7518373 0.6593487 -1.636191e-06 -0.7518405 0.6593451 0 -0.7518377 0.6593482 0 -0.7518526 0.6593313 -6.649093e-06 -0.7520518 0.6591041 0 -0.7518587 0.6593243 0 -0.7518404 0.659345 0 -0.7518526 0.6593312 -4.391702e-06 -0.751865 0.659317 0 -0.7518586 0.6593243 6.099002e-07 -0.7518581 0.6593249 0 -0.7518405 0.659345 0 -0.7518405 0.659345 0 0.9468924 -0.3215505 0 0.9469196 -0.3214704 -1.409636e-05 0.9469307 -0.3214377 -8.85104e-05 0.9469572 -0.32136 0 0.9469177 -0.321476 0 0.9469401 -0.3214101 0 0.9469308 -0.3214377 6.475046e-05 0.9469169 -0.3214783 0 0.9991655 0 -0.04084525 0.9469241 -0.3214573 7.133894e-06 0.9469571 -0.3213601 -6.487742e-06 0.9470195 -0.3211762 0 0.946848 -0.3216812 0 0.9469368 -0.3214195 0 0.9469307 -0.3214377 5.6592e-06 0.9468924 -0.3215505 0 0.946917 -0.321478 -4.634935e-06 1 0 0 0.9469196 -0.3214706 1.515684e-06 0.9469571 -0.32136 0 0.9469571 -0.32136 0 -0.9807898 0.1950679 0 -0.9986314 0 -0.052301 -0.9807807 0.1951132 0 -0.9807869 0.1950822 -7.914429e-06 -0.9807917 0.1950581 0 -0.9807869 0.1950822 5.474078e-05 -0.9807802 0.1951158 0 -0.980779 0.1951221 0 -0.9808149 0.1949415 -8.162463e-06 -0.9807909 0.1950621 -1.017185e-05 -0.9807848 0.1950928 6.043811e-06 -0.9807807 0.1951132 0 -0.9807928 0.1950523 0 -0.9807869 0.1950822 8.974437e-06 -0.9807073 0.1954821 0 -0.9807789 0.1951221 0 -0.9807898 0.1950676 -3.374757e-06 -1 0 0 -0.9807909 0.1950621 9.70741e-07 -0.9807807 0.1951133 0 -0.9807807 0.1951132 0 -0.4423033 -0.8968655 -3.284392e-06 -0.4422993 -0.8968675 0 -0.4423099 -0.8968623 -0 -0.4423129 -0.8968608 0 -0.4423033 -0.8968655 -1.712257e-05 -0.4422424 -0.8968955 0.0001338548 -1 -0 0 -0.442292 -0.896871 0 -0.4423063 -0.8968641 -7.164137e-07 -0.4422704 -0.8968818 -1.691242e-05 -0.4422949 -0.8968697 -2.198614e-05 -1 0 0 -0.4423039 -0.8968653 0 -0.4423033 -0.8968655 -1.878043e-07 -0.441844 -0.8970919 1.108018e-05 -1 -0 0 -0.4422993 -0.8968675 -0 -0.442296 -0.8968691 0 -0.4423061 -0.8968642 -4.022423e-06 -0.4423097 -0.8968624 -9.26177e-06 -0.5555773 0.8314648 -1.989208e-06 -0.5555708 0.8314692 0 -0.5555813 0.8314622 0 -0.5555871 0.8314583 0 -0.5555774 0.8314648 1.86796e-05 -0.5555704 0.8314695 0 -0.5555583 0.8314776 0 -0.5555821 0.8314617 2.254868e-06 -0.5555788 0.8314639 5.04511e-06 -0.5555656 0.8314728 0 -0.5555657 0.8314728 0 -0.5555773 0.8314648 -4.16667e-06 -0.5557349 0.8313596 0 -0.555571 0.8314691 -9.939145e-06 -0.5555813 0.8314623 0 -0.5555655 0.8314728 0 -0.5555819 0.8314618 7.083209e-06 0.6593313 -0.7518526 -1.299128e-05 0.6593249 -0.7518581 -1.138726e-06 0.6593451 -0.7518404 0 0.659317 -0.751865 0 0.6593068 -0.7518741 0 0.6593313 -0.7518526 -7.229448e-05 0.6593652 -0.7518228 0 0.6593452 -0.7518403 1.162564e-05 0.659104 -0.7520518 0 0.6593482 -0.7518377 1.107755e-05 0.6593243 -0.7518587 0 0.6593487 -0.7518373 0 0.6593313 -0.7518526 6.846733e-06 0.6590973 -0.7520577 0 0.6593451 -0.7518405 0 0.6593249 -0.7518581 0 0.659345 -0.7518405 0 0.6593243 -0.7518587 -5.895678e-07 0.659317 -0.751865 0 -0.3214378 0.9469308 -1.830768e-05 -0.3214783 0.9469169 0 -0 0.9976531 0.06847024 -0.32136 0.9469572 0 -0.321476 0.9469177 0 -0.3214377 0.9469308 6.472884e-05 -0.3214101 0.9469401 0 -0.3215505 0.9468924 0 -0.3216812 0.946848 -8.555024e-06 -0.3214706 0.9469196 -1.363628e-05 -0.3214195 0.946937 2.542503e-05 -0.32136 0.9469572 0 -0.3214573 0.9469241 0 -0.3214377 0.9469307 6.078632e-06 -0.3211762 0.9470195 0 -0.3215505 0.9468924 0 -0.321478 0.946917 4.640017e-06 -0.3214706 0.9469196 -1.515684e-06 0 1 0 -0.32136 0.9469571 0 -0.32136 0.9469571 0 0.8314615 -0.5555822 0 0.8314649 -0.5555774 -1.021517e-05 0.8314728 -0.5555655 0 0.8314583 -0.5555871 0 0.8314695 -0.5555704 0 0.8314648 -0.5555774 1.863636e-05 0.8314622 -0.5555813 0 0.8314727 -0.5555657 5.891247e-06 0.8314692 -0.5555709 6.852919e-06 0.8313596 -0.5557348 0 0.8314776 -0.5555583 0 0.8314639 -0.5555788 0 0.8314648 -0.5555773 -5.061892e-07 0.8314622 -0.5555813 0 0.8314616 -0.5555822 -8.566765e-07 0.8314693 -0.5555707 -2.227989e-06 0.8314727 -0.5555656 0 0.5555774 -0.8314648 -5.772991e-06 0.5555708 -0.8314693 0 0.5555813 -0.8314622 0 0.5555871 -0.8314583 0 0.5555774 -0.8314648 1.86796e-05 0.5555704 -0.8314695 0 0.5555583 -0.8314776 0 0.5555822 -0.8314615 1.073796e-06 0.5555788 -0.8314638 2.44663e-06 0.5555655 -0.8314727 0 0.5555657 -0.8314728 0 0.5555773 -0.8314648 -4.16667e-06 0.5557349 -0.8313596 0 0.555571 -0.8314692 -9.939256e-06 0.5555813 -0.8314622 0 0.5555655 -0.8314727 0 0.5555819 -0.8314618 7.083209e-06 0.7518741 -0.6593068 0 0.7518228 -0.6593652 0 0.7518526 -0.6593312 -7.233772e-05 0.7518405 -0.659345 0 0.7518373 -0.6593488 -8.214175e-07 0.7518582 -0.6593248 -1.045312e-05 0.7518651 -0.659317 -1.035344e-05 0.7520577 -0.6590973 0 0.7520518 -0.6591041 0 0.7518377 -0.6593482 0 0.7518526 -0.6593313 -6.649987e-06 0.7518405 -0.659345 0 0.7518526 -0.6593312 -1.470963e-05 0.7518587 -0.6593243 0 0.7518405 -0.6593451 0 0.7518405 -0.6593451 0 0.7518582 -0.6593249 0 0.751865 -0.659317 0 0.7518586 -0.6593243 5.8957e-07 0.9807807 -0.1951132 0 0.969174 0 -0.2463771 0.9807869 -0.1950822 -3.832971e-05 0.9807897 -0.1950678 0 0.9807802 -0.1951158 0 0.9807917 -0.1950581 0 0.9807869 -0.1950822 5.472997e-05 0.9807807 -0.1951132 0 0.9807848 -0.1950928 3.266276e-06 0.9807909 -0.1950621 -5.485403e-06 0.9807789 -0.1951221 -6.024216e-06 0.9808148 -0.1949414 0 0.9807073 -0.1954821 0 0.9807928 -0.1950523 0 0.9807869 -0.1950822 8.974437e-06 0.9807808 -0.1951133 0 0.9807807 -0.1951132 0 1 0 0 0.9807909 -0.1950621 9.730144e-07 0.9807789 -0.1951221 0 0.9807898 -0.1950676 -3.367134e-06 -0.06540018 0.9978591 0 -0.06539321 0.9978596 1.552285e-05 -0.06538353 0.9978602 0 0 1 0 -0.06535257 0.9978623 -1.687621e-07 -0.06541104 0.9978583 5.461658e-06 -0.06539626 0.9978594 1.791758e-05 -0.06534977 0.9978624 0 -0.0653965 0.9978594 0 -0.06539321 0.9978596 9.698823e-07 -0.06534924 0.9978625 0 -0.06539321 0.9978595 6.71623e-06 -0.06542299 0.9978577 0 0 1 0 -0.06537566 0.9978607 7.278769e-08 0 1 0 -0.06542208 0.9978576 3.692958e-05 0 1 0 -0.06537567 0.9978607 0 -0.06534977 0.9978624 0 -0.06541024 0.9978585 2.170268e-05 -0.8968691 -0.442296 0 -0.8968641 -0.4423063 -0 -0.8968655 -0.4423033 2.228165e-06 0 -1 0 -0.8968955 -0.4422424 0.0001338973 -0.8968655 -0.4423033 -1.716581e-05 -0.8968608 -0.4423129 0 0 -1 0 -0.8970919 -0.441844 -2.598271e-05 -0.8968623 -0.4423099 8.205026e-07 -0.8968652 -0.4423039 2.328475e-06 -0.8968675 -0.4422993 0 0 -1 0 -0.8968818 -0.4422703 1.10774e-05 -0.8968655 -0.4423033 2.77235e-07 -0.8968711 -0.442292 0 -0.8968691 -0.442296 0 -0.8968623 -0.4423098 5.507183e-06 -0.8968642 -0.442306 5.918794e-06 -0.8968675 -0.4422993 0 -0.8968675 0.4422994 0 -0.8968623 0.4423099 0 -0.8968655 0.4423033 -2.076036e-06 -0.8968608 0.4423129 0 -0.8968655 0.4423033 -1.712257e-05 -0.8968955 0.4422424 0.0001338548 0 1 0 -0.8968711 0.442292 0 -0.8968641 0.4423063 -1.049378e-06 -0.8968818 0.4422704 -2.454278e-05 0 1 0 -0.89687 0.4422944 -3.175177e-05 -0.8968653 0.4423039 0 -0.8968655 0.4423033 -1.878043e-07 -0.8970919 0.441844 1.108018e-05 0 1 0 -0.8968675 0.4422993 0 -0.8968642 0.442306 -5.921228e-06 -0.8968623 0.4423098 -5.504882e-06 -0.8968691 0.442296 0 0.5555774 0.8314649 -2.210717e-06 0.5555823 0.8314615 0 0.5555656 0.8314728 0 0.5555704 0.8314695 0 0.5555774 0.8314648 1.859312e-05 0.5555871 0.8314583 0 0.5555813 0.8314622 -0 0.5557349 0.8313596 0 0.5555713 0.8314689 2.57485e-05 0.5555656 0.8314727 2.190157e-05 0.5555788 0.8314639 0 0.5555773 0.8314648 -5.052948e-07 0.5555583 0.8314776 0 0.5555822 0.8314615 -8.566795e-07 0.5555655 0.8314727 0 0.5555813 0.8314622 -0 0.5555707 0.8314692 -2.218792e-06 -0.9807802 -0.1951158 0 -0.9807869 -0.1950822 5.474078e-05 -0.9807917 -0.1950581 0 -0.9807073 -0.1954821 0 -0.9807808 -0.1951129 -2.068958e-05 -0.9991642 0 0.0408749 -0.9807929 -0.1950523 -8.371641e-06 -0.9807898 -0.1950679 0 -0.9807848 -0.1950928 0 -0.9807869 -0.1950822 3.158716e-06 -0.9808149 -0.1949415 0 -0.9807807 -0.1951132 0 -0.9807909 -0.1950621 2.771024e-06 -0.9807789 -0.1951221 -0 -0.9807869 -0.1950822 -9.362781e-06 -0.9807808 -0.1951133 0 -0.9807807 -0.1951132 0 -1 0 0 -0.9807909 -0.1950621 -9.730144e-07 -0.9807789 -0.1951221 -0 -0.9807898 -0.1950676 3.367134e-06 0.321476 -0.9469177 0 0.3214377 -0.9469308 6.472884e-05 0.3214101 -0.9469401 0 0.3215505 -0.9468924 0 0.3216812 -0.946848 -3.897871e-06 0.3214706 -0.9469196 -6.213568e-06 0.3214195 -0.9469369 1.161819e-05 0.32136 -0.9469571 0 0.3214573 -0.9469241 0 0.3214377 -0.9469307 6.078632e-06 0.3211762 -0.9470195 0 0.3214377 -0.9469307 -4.91576e-05 0.3214784 -0.9469169 0 0 -0.9834409 0.1812291 0.32136 -0.9469572 0 0.3215505 -0.9468924 0 0.321478 -0.946917 4.640017e-06 0.3214706 -0.9469196 -1.515684e-06 0 -1 0 0.32136 -0.9469571 0 0.3213599 -0.9469571 0 0 0 -1 0 0 -1 0 0 -1 0 0 -1 0 0 -1 -0 0 -1 0 0 -1 0 0 -1 0 0 -1 0 0 -1 0 0 -1 0 0 -1 0 0 -1 0 0 -1 0 0 -1 0 0 -1 0 0 -1 0 0 -1 0 0 -1 0 0 -1 0 0 -1 0 0 -1 0 0 -1 0 0 -1 0 0 -1 0 0 -1 0 0 -1 0 0 -1 0 0 -1 0 0 -1 0 0 -1 0 0 -1 0 0 -1 0 0 -1 0 0 -1 0 0 -1 0 0 -1 0 0 -1 0 0 -1 0 0 -1 0 0 -1 0 0 -1 0 0 -1 -0 0 -1 0 0 -1 -0 0 -1 -0 0 -1 0 0 -1 0 0 -1 -0 0 -1 0 0 -1 -0 0 -1 0 0 -1 0 0 -1 0 0 -1 0 0 -1 0 0 -1 0 0 -1 0 0 -1 0 0 -1 0 0 -1 0 0 -1 0 0 -1 0 0 -1 0 0 -1 0 0 -1 0 0 -1 0 0 -1 0 0 -1 0 0 -1 0 0 -1 0 0 -1 0 0 -1 0 0 -1 0 0 -1 0 0 -1 0 0 -1 0 0 -1 0 0 -1 0 0 -1 0 0 -1 0 0 -1 0 0 -1 0 0 -1 0 0 -1 0 0 -1 0 0 -1 0 0 -1 0 0 -1 0 0 -1 0 0 -1 -0 0 -1 0 0 -1 0 0 -1 0 0 -1 0 0 -1 0.6593652 0.7518228 -0 0.6593313 0.7518526 -7.229448e-05 0.6593068 0.7518741 0 0.6590973 0.7520577 -3.009237e-05 0.659317 0.7518651 -0 0.6593246 0.7518584 -4.157963e-05 0.6593487 0.7518373 -3.246091e-06 0.6593451 0.7518405 0 0.6593482 0.7518377 -0 0.6593313 0.7518526 -6.649093e-06 0.6591041 0.7520518 0 0.6593312 0.7518526 -3.258031e-06 0.6593243 0.7518587 0 0.6593451 0.7518404 0 0.659317 0.7518651 -0 0.6593243 0.7518586 5.895702e-07 0.6593249 0.7518581 -0 0.659345 0.7518405 0 0.659345 0.7518405 0 0.1951158 -0.9807802 0 0.1950822 -0.9807869 5.474078e-05 0.1950581 -0.9807917 0 0.195113 -0.9807808 -1.491225e-05 0.1954821 -0.9807073 0 0 -0.9995679 0.02939434 0.1950523 -0.9807929 -6.027892e-06 0.1950678 -0.9807897 0 0.1950928 -0.9807848 0 0.1950822 -0.9807869 3.158716e-06 0.1949415 -0.9808149 0 0.1950822 -0.9807869 -1.657601e-05 0.1950621 -0.980791 4.92223e-06 0.1951132 -0.9807807 0 0.1951221 -0.980779 0 0 -1 0 0.1951132 -0.9807807 0 0.1950621 -0.9807909 -9.707371e-07 0.1951133 -0.9807808 0 0.1950676 -0.9807898 3.367146e-06 0.1951221 -0.9807789 0 -0.9469571 0.32136 0 -0.9469196 0.3214705 -3.341918e-06 -0.9468924 0.3215505 0 -0.9469307 0.3214377 -2.123485e-05 -0.9469401 0.3214101 0 -0.9469308 0.3214377 6.477208e-05 -0.9469177 0.321476 0 -0.9470195 0.3211761 0 -0.9469571 0.3213602 -1.225815e-05 -0.9969955 0 -0.07745994 -0.9469241 0.3214573 1.35075e-05 -0.9469169 0.3214784 0 -0.9469368 0.3214195 0 -0.9469307 0.3214377 5.6592e-06 -0.946848 0.3216812 0 -0.9469571 0.32136 0 -0.9469571 0.32136 0 -1 0 0 -0.9469196 0.3214706 1.529077e-06 -0.9468924 0.3215505 0 -0.946917 0.321478 -4.640017e-06 -0.1950822 0.9807868 -6.523855e-06 -0.1950621 0.9807909 1.928288e-06 -0.1951132 0.9807807 0 -0.1951221 0.980779 0 -0.1951158 0.9807802 0 -0.1950822 0.9807869 5.474078e-05 -0.1950581 0.9807917 0 -0.1951126 0.9807809 -3.377017e-05 -0.1954821 0.9807073 0 0 0.9977748 0.06667393 -0.1950523 0.9807928 -1.369738e-05 -0.1950679 0.9807898 0 -0.1950928 0.9807848 0 -0.1950822 0.9807869 3.158716e-06 -0.1949415 0.9808149 0 0 1 -0 -0.1951132 0.9807807 0 -0.1950621 0.9807909 -9.707371e-07 -0.1951133 0.9807808 0 -0.1950676 0.9807898 3.367134e-06 -0.1951221 0.9807789 0 -0.06539321 -0.9978595 -1.732107e-05 -0.06541131 -0.9978584 1.749522e-07 -0.06534977 -0.9978624 0 0 -1 -0 -0.06538353 -0.9978602 0 -0.06539321 -0.9978596 1.552285e-05 -0.06540018 -0.9978591 0 -0.06537567 -0.9978607 -7.170619e-08 -0.06534924 -0.9978625 0 -0.06542291 -0.9978576 -3.06742e-06 -0.0653965 -0.9978594 -7.840808e-06 0 -1 0 -0.06539626 -0.9978594 0 -0.06539321 -0.9978596 -8.965487e-07 -0.06535256 -0.9978622 0 -0.06540996 -0.9978585 -2.727558e-05 -0.06534977 -0.9978624 0 -0.06537567 -0.9978607 0 -0.06542236 -0.9978576 -2.605254e-05 0 -1 0 0 -1 -0 -0.9469177 -0.321476 0 -0.9469308 -0.3214377 6.472884e-05 -0.9469401 -0.3214101 0 -0.9468924 -0.3215505 0 -0.946848 -0.3216812 -5.355596e-06 -0.9469196 -0.3214706 -8.537078e-06 -0.9469369 -0.3214195 1.594855e-05 -0.9469571 -0.32136 0 -0.9469241 -0.3214573 0 -0.9469307 -0.3214377 6.078632e-06 -0.9470195 -0.3211762 0 -0.9469169 -0.3214784 0 -0.9950093 0 0.099782 -0.9469571 -0.32136 -0 -0.9469306 -0.3214377 -2.667402e-05 -0.9468924 -0.3215505 0 -0.946917 -0.321478 4.634935e-06 -1 0 0 -0.9469196 -0.3214706 -1.515691e-06 -0.9469571 -0.32136 0 -0.9469571 -0.32136 0 -0.7518405 -0.659345 0 -0.7518582 -0.6593249 -5.561877e-07 -0.751865 -0.659317 -0 -0.7518526 -0.6593312 -6.378705e-06 -0.7518741 -0.6593068 0 -0.7518526 -0.6593313 -7.229448e-05 -0.7518228 -0.6593652 0 -0.7520517 -0.659104 0 -0.7518403 -0.6593453 1.56155e-05 -0.7518377 -0.6593482 1.489055e-05 -0.7518587 -0.6593243 0 -0.7518373 -0.6593487 0 -0.7518526 -0.6593313 6.846733e-06 -0.7520577 -0.6590973 0 -0.7518405 -0.659345 0 -0.7518405 -0.6593451 0 -0.7518581 -0.6593249 0 -0.751865 -0.659317 -0 -0.7518586 -0.6593243 -5.8957e-07 -0.1950581 -0.9807917 -0 -0.1950822 -0.9807869 5.474078e-05 -0.1951158 -0.9807802 0 -0.1949414 -0.9808148 -5.719022e-06 -0.1951221 -0.980779 0 -0.1950621 -0.9807909 -7.127326e-06 -0.1950928 -0.9807848 4.239527e-06 -0.1951132 -0.9807807 0 -0.1950523 -0.9807928 0 -0.1950822 -0.9807869 8.974437e-06 -0.1954821 -0.9807073 0 -0.1950822 -0.9807869 -1.311672e-05 -0.1950679 -0.9807898 0 -0 -0.9962063 -0.08702274 -0.1951132 -0.9807807 -0 -0.1951221 -0.9807789 0 -0.1950676 -0.9807898 -3.367134e-06 -0.1950621 -0.9807909 9.707371e-07 0 -1 0 -0.1951132 -0.9807807 0 -0.1951133 -0.9807808 0 -0.5555704 -0.8314695 -0 -0.5555774 -0.8314648 1.859312e-05 -0.5555871 -0.8314583 0 -0.5555813 -0.8314623 0 -0.5557348 -0.8313596 0 -0.555571 -0.8314691 9.072115e-06 -0.5555657 -0.8314728 7.78574e-06 -0.5555788 -0.8314639 -0 -0.5555773 -0.8314648 -5.052948e-07 -0.5555583 -0.8314776 0 -0.5555774 -0.8314648 -4.6249e-06 -0.5555823 -0.8314615 -0 -0.5555655 -0.8314727 0 -0.5555822 -0.8314615 -8.566795e-07 -0.5555655 -0.8314727 0 -0.5555813 -0.8314622 0 -0.5555707 -0.8314692 -2.218792e-06 0.3214377 0.9469307 -1.538709e-05 0.3214706 0.9469196 -2.41911e-06 0.32136 0.9469571 0 0.3215505 0.9468924 0 0.3214101 0.9469401 -0 0.3214377 0.9469308 6.477208e-05 0.321476 0.9469177 0 0.3213603 0.9469569 -2.208017e-05 0.3211761 0.9470195 0 0 0.9903724 -0.1384284 0.3214573 0.9469241 2.441326e-05 0.3214783 0.9469169 0 0.3214195 0.9469368 -0 0.3214377 0.9469307 5.6592e-06 0.3216812 0.946848 0 0 1 -0 0.32136 0.9469571 -0 0.3214706 0.9469196 1.515691e-06 0.32136 0.9469572 0 0.321478 0.9469171 -4.640018e-06 0.3215505 0.9468924 0 -0.8314728 0.5555655 0 -0.8314615 0.5555822 0 -0.8314649 0.5555774 -2.991492e-06 -0.8314695 0.5555704 0 -0.8314648 0.5555774 1.859312e-05 -0.8314583 0.5555871 0 -0.8313596 0.5557349 0 -0.8314691 0.555571 1.341696e-05 -0.8314728 0.5555656 1.148773e-05 -0.8314622 0.5555814 0 -0.8314639 0.5555788 0 -0.8314648 0.5555773 -5.052948e-07 -0.8314776 0.5555583 0 -0.8314727 0.5555655 0 -0.8314693 0.5555707 -2.218799e-06 -0.8314616 0.5555822 -8.56683e-07 -0.8314622 0.5555813 0 -0.9957345 0.06527573 0.06520556 -0.9957239 0.06525866 0.06538483 -0.9787785 0.0641765 0.1946122 -0.9787531 0.06416252 0.1947448 -0.9451253 0.06197675 0.3207755 -0.945102 0.0619684 0.3208461 -0.8951682 0.05866618 0.4418508 -0.8953319 0.05871155 0.4415129 -0.8302815 0.05442537 0.5546806 -0.8302126 0.05440921 0.5547852 -0.7509384 0.04921883 0.6585355 -0.7509772 0.04922692 0.6584906 -0.6587325 0.04317094 0.7511377 -0.6587676 0.04317768 0.7511065 -0.5551172 0.03639279 0.8309755 -0.5550095 0.03637331 0.8310484 -0.4424268 0.02900616 0.8963354 -0.4424155 0.0290042 0.896341 -0.3213172 0.02105666 0.9467374 -0.321408 0.02107199 0.9467064 -0.1949889 0.01278489 0.9807221 -0.1949214 0.01277366 0.9807357 -0.06537765 0.004284955 0.9978514 -0.06539436 0.004287729 0.9978503 0.06537712 -0.004283289 0.9978514 0.06539315 -0.004285971 0.9978504 0.1949841 -0.01277863 0.9807231 0.1949511 -0.01276719 0.9807298 0.1949466 -0.01277225 0.9807307 0.1949841 -0.01277001 -0.9807233 0.1949874 -0.01277492 -0.9807225 0.1949499 -0.01277634 -0.98073 0.06534486 -0.004282807 -0.9978535 0.06536109 -0.004282239 -0.9978524 -0.06534539 0.004284518 -0.9978535 -0.0653623 0.00428395 -0.9978524 -0.194989 0.01277808 -0.9807222 -0.1949206 0.01278041 -0.9807358 -0.3213171 0.02106603 -0.9467373 -0.3214091 0.02106269 -0.9467061 -0.4424529 0.02900665 -0.8963225 -0.4424414 0.02900713 -0.8963282 -0.5550951 0.03637892 -0.8309909 -0.5549858 0.03638417 -0.8310638 -0.6587324 0.04317536 -0.7511375 -0.658768 0.04317327 -0.7511063 -0.7509382 0.04922437 -0.6585354 -0.7509777 0.04922141 -0.6584904 -0.830282 0.05441377 -0.5546809 -0.8302116 0.05442079 -0.5547856 -0.8951664 0.05870069 -0.4418499 -0.8953347 0.0586771 -0.441512 -0.9451258 0.06196996 -0.3207757 -0.9451014 0.06197519 -0.3208462 -0.9787793 0.06416422 -0.1946123 -0.9787523 0.06417478 -0.1947449 -0.9957356 0.06525943 -0.06520562 -0.9957228 0.06527495 -0.06538489 -0.9786853 0.1946786 0.06538574 -0.9786788 0.1946644 0.06552457 -0.962006 0.1913621 0.1947438 -0.9620034 0.1913603 0.1947578 -0.9289349 0.1847645 0.320846 -0.9289957 0.1847957 0.3206516 -0.880014 0.1750507 0.4415118 -0.8799406 0.1750196 0.4416705 -0.8160108 0.1622934 0.5547857 -0.8161559 0.1623482 0.5545563 -0.7381278 0.1468302 0.6584893 -0.7379508 0.1467683 0.6587015 -0.6474957 0.1287829 0.7511086 -0.6476354 0.1288293 0.7509802 -0.5455143 0.1085099 0.8310474 -0.545428 0.1084823 0.8311077 -0.4348451 0.08649432 0.8963417 -0.4348631 0.08649991 0.8963324 -0.3159097 0.06283931 0.9467059 -0.3158892 0.06283299 0.9467133 -0.1915867 0.03810561 0.9807357 -0.1916238 0.03811691 0.980728 -0.06427529 0.01278567 0.9978503 -0.06425966 0.01278092 0.9978514 0.06427438 -0.01278444 0.9978504 0.06428423 -0.01278745 0.9978496 0.1916139 -0.03811487 0.98073 0.1916221 -0.03808576 0.9807295 0.1915952 -0.03810908 0.9807339 0.1916035 -0.03819189 -0.980729 0.1915583 -0.03810174 -0.9807414 0.1916164 -0.03810716 -0.9807298 0.06424252 -0.01277916 -0.9978524 0.06425278 -0.01278015 -0.9978518 -0.06424379 0.01277776 -0.9978524 -0.06422753 0.01277617 -0.9978535 -0.1915862 0.03810944 -0.9807356 -0.1916247 0.03811318 -0.980728 -0.31591 0.06283714 -0.9467061 -0.3158886 0.06283511 -0.9467134 -0.4348704 0.08650137 -0.8963287 -0.4348891 0.08650307 -0.8963195 -0.545494 0.1084954 -0.8310627 -0.5454035 0.1084879 -0.8311229 -0.6474929 0.1288009 -0.7511081 -0.6476396 0.1288115 -0.7509797 -0.7381321 0.1468044 -0.6584902 -0.737945 0.1467939 -0.6587024 -0.8160063 0.1623184 -0.554785 -0.8161614 0.1623233 -0.5545555 -0.880017 0.1750348 -0.4415121 -0.8799372 0.1750354 -0.4416709 -0.9289313 0.1847829 -0.3208455 -0.9289995 0.1847774 -0.3206512 -0.9620062 0.1913608 -0.1947438 -0.9620032 0.1913616 -0.1947579 -0.9786878 0.1946662 -0.0653857 -0.9786764 0.1946768 -0.06552462 -0.9448956 0.3207493 0.06551584 -0.9449049 0.3207799 0.06522987 -0.9288034 0.3152674 0.1947582 -0.9288347 0.3152973 0.1945605 -0.8969307 0.3044624 0.3206524 -0.8968916 0.3044354 0.3207877 -0.8495701 0.2883736 0.4416688 -0.8496196 0.2884027 0.4415547 -0.7879738 0.2674992 0.5545642 -0.7878032 0.2674077 0.5548505 -0.7124861 0.2418341 0.6586956 -0.7127203 0.2419523 0.6583985 -0.6252701 0.2122706 0.7509849 -0.6249975 0.2121384 0.7512492 -0.5266074 0.178744 0.8311049 -0.5268496 0.1788582 0.8309267 -0.4198503 0.1425187 0.8963338 -0.4197627 0.1424782 0.8963813 -0.3049859 0.1035301 0.9467128 -0.304967 0.1035215 0.9467198 -0.1850082 0.0628019 0.9807283 -0.1850145 0.06280477 0.9807269 -0.06204163 0.02105961 0.9978514 -0.06204785 0.02106243 0.9978508 0.06206476 -0.02106944 0.9978498 0.06204772 -0.02106167 0.9978509 0.1849986 -0.06280246 0.98073 0 -0.4609612 0.8874203 0.1850598 -0.06276195 0.980721 0.1849984 -0.06280236 0.9807301 0.1849866 -0.06284714 -0.9807294 0.1849673 -0.06279179 -0.9807366 0 -0.4609591 -0.8874214 0.1850407 -0.0628085 -0.9807217 0.06203461 -0.02105723 -0.9978518 0.06201638 -0.02105302 -0.9978531 -0.06201085 0.02104988 -0.9978535 -0.06201749 0.02105141 -0.997853 -0.185008 0.06280255 -0.9807282 -0.1850148 0.06280413 -0.9807268 -0.3049865 0.1035281 -0.9467129 -0.3049663 0.1035234 -0.9467199 -0.4198778 0.1425172 -0.8963211 -0.4197836 0.1424961 -0.8963686 -0.5265778 0.1787659 -0.8311189 -0.5268394 0.1788227 -0.8309408 -0.6252809 0.2122346 -0.7509862 -0.6249841 0.2121735 -0.7512504 -0.7124752 0.2418692 -0.6586944 -0.7127332 0.241918 -0.6583974 -0.7879834 0.2674689 -0.5545651 -0.7877924 0.2674376 -0.5548515 -0.8495665 0.2883847 -0.4416685 -0.8496234 0.2883917 -0.4415543 -0.8969347 0.30445 -0.3206527 -0.8968872 0.3044477 -0.3207879 -0.9287975 0.3152847 -0.194758 -0.9288406 0.31528 -0.1945603 -0.9448872 0.320774 -0.06551567 -0.9449133 0.3207553 -0.06522977 -0.8949593 0.4413532 0.0652318 -0.8949522 0.4413107 0.06561591 -0.8797234 0.4338542 0.1945697 -0.8797039 0.43383 0.1947112 -0.8494728 0.4189149 0.3207902 -0.8495225 0.4189601 0.3205993 -0.8047032 0.3968442 0.4415512 -0.8046784 0.3968247 0.4416138 -0.7461535 0.3679606 0.5548513 -0.7461953 0.3679906 0.5547752 -0.6750441 0.3328949 0.6584045 -0.6750365 0.3328898 0.6584147 -0.5919624 0.2919138 0.7512435 -0.5920211 0.2919525 0.7511823 -0.498995 0.2460898 0.8309295 -0.4988558 0.2460003 0.8310395 -0.3975692 0.1960639 0.8963803 -0.3976095 0.1960894 0.8963569 -0.2888478 0.1424415 0.9467193 -0.2888908 0.1424684 0.9467021 -0.1752321 0.08641687 0.9807272 -0.1752053 0.08640017 0.9807334 -0.05876789 0.02898155 0.9978509 -0.05876965 0.02898265 0.9978508 0.05876752 -0.0289815 0.9978509 0.05876648 -0.02898086 0.997851 0.1751938 -0.0863916 0.9807363 0.17524 -0.08641963 0.9807255 0.1752391 -0.08642006 0.9807256 0.1752297 -0.08630574 -0.9807374 0.1752549 -0.08642784 -0.9807222 0.1752387 -0.08642186 -0.9807256 0.05873858 -0.0289671 -0.997853 0.05873742 -0.02896667 -0.9978531 -0.0587388 0.02896744 -0.997853 -0.05874076 0.02896817 -0.9978529 -0.1752332 0.08641394 -0.9807272 -0.1752037 0.0864029 -0.9807335 -0.2888458 0.1424462 -0.9467192 -0.2888934 0.142464 -0.9467021 -0.3975906 0.1960801 -0.8963672 -0.3976353 0.1960965 -0.8963439 -0.4989824 0.2460627 -0.8309451 -0.4988267 0.2460068 -0.8310551 -0.5919588 0.2919218 -0.7512432 -0.5920252 0.2919448 -0.751182 -0.6750444 0.3328936 -0.6584048 -0.675036 0.3328909 -0.6584148 -0.7461499 0.3679682 -0.5548511 -0.7461991 0.3679831 -0.5547751 -0.804706 0.3968384 -0.4415514 -0.8046755 0.3968305 -0.441614 -0.8494647 0.4189315 -0.3207899 -0.8495308 0.4189436 -0.3205989 -0.8797292 0.4338424 -0.19457 -0.8796982 0.4338418 -0.1947114 -0.8949748 0.4413218 -0.06523202 -0.8949367 0.4413421 -0.06561606 -0.8296859 0.5543609 0.06561433 -0.8296863 0.5543727 0.06550936 -0.8155686 0.5449204 0.1947042 -0.8155766 0.5449337 0.194633 -0.7875881 0.5262406 0.3205866 -0.7875581 0.5262052 0.3207184 -0.7459928 0.4984544 0.4416311 -0.7459744 0.4984356 0.4416832 -0.6918043 0.4622342 0.554749 -0.6918514 0.4622784 0.5546533 -0.6257789 0.4181617 0.6584389 -0.6255884 0.4179915 0.6587278 -0.5488623 0.3667404 0.7511669 -0.5489824 0.3668444 0.7510283 -0.462471 0.3090094 0.8310438 -0.4625034 0.3090368 0.8310156 -0.3686266 0.2462955 0.8963554 -0.3686864 0.2463454 0.8963171 -0.2678158 0.1789561 0.9467045 -0.2677108 0.1788693 0.9467506 -0.1624271 0.1085305 0.9807337 -0.1624539 0.1085526 0.9807268 -0.05448532 0.03640545 0.9978507 -0.05448896 0.03640844 0.9978504 0.05448213 -0.03640216 0.997851 0.05448956 -0.03640828 0.9978504 0.1624605 -0.1085513 0.9807258 0.1623869 -0.10855 0.9807382 0.1624383 -0.1085329 0.9807316 0.1624614 -0.1085498 -0.9807259 0.1624612 -0.1085482 -0.980726 0.1624092 -0.1085208 -0.9807377 0.05445477 -0.03638503 -0.9978532 0.05446326 -0.03638955 -0.9978525 -0.0544582 0.03638789 -0.9978529 -0.05446236 0.03639011 -0.9978526 -0.1624253 0.1085335 -0.9807336 -0.162456 0.1085499 -0.9807268 -0.2678228 0.1789441 -0.9467049 -0.2677025 0.1788803 -0.9467509 -0.368644 0.246317 -0.8963424 -0.3687131 0.2463532 -0.896304 -0.4624498 0.309001 -0.8310587 -0.4624876 0.3090205 -0.8310304 -0.5488518 0.3667571 -0.7511663 -0.5489939 0.3668284 -0.7510276 -0.6257977 0.4181314 -0.6584401 -0.6255677 0.4180206 -0.658729 -0.6917985 0.4622431 -0.5547487 -0.6918575 0.4622697 -0.554653 -0.7459957 0.4984499 -0.4416312 -0.7459713 0.4984401 -0.4416834 -0.7875952 0.52623 -0.3205866 -0.787551 0.5262158 -0.3207186 -0.8155649 0.5449259 -0.1947043 -0.8155804 0.5449283 -0.1946329 -0.8296806 0.5543689 -0.06561445 -0.8296916 0.5543648 -0.0655093 -0.7502448 0.6579041 0.0655355 -0.7502358 0.6579949 0.06472278 -0.7374744 0.646731 0.1946034 -0.7374562 0.6466896 0.1948099 -0.712117 0.6245195 0.3207257 -0.7120786 0.6244601 0.3209263 -0.6745315 0.5915287 0.4417026 -0.6745953 0.5916133 0.4414916 -0.6255924 0.5486494 0.5546332 -0.6254829 0.5485156 0.554889 -0.5656639 0.4960705 0.6587399 -0.5657386 0.4961571 0.6586107 -0.4964281 0.4353349 0.7510278 -0.4965001 0.4354158 0.7509333 -0.4182096 0.3667735 0.8310102 -0.4180706 0.3666205 0.8311477 -0.3333665 0.2923751 0.8963168 -0.3333193 0.292324 0.8963509 -0.2420722 0.2122736 0.9467528 -0.2422383 0.2124522 0.9466704 -0.1468937 0.1288249 0.9807275 -0.1468239 0.1287502 0.9807478 -0.04927 0.04321053 0.9978504 -0.0492647 0.04320484 0.9978508 0.04926985 -0.04321133 0.9978503 0.049265 -0.04320613 0.9978508 0.1468548 -0.1287892 0.9807379 0.1469801 -0.1288122 0.9807162 0.1468917 -0.1288291 0.9807273 0.1468937 -0.1287388 -0.9807388 0.1468886 -0.1288263 -0.980728 0.146934 -0.1288585 -0.9807171 0.04924597 -0.04318945 -0.9978525 0.04924019 -0.04318532 -0.9978529 -0.04924615 0.04318859 -0.9978524 -0.04923984 0.04318407 -0.997853 -0.1468999 0.1288168 -0.9807276 -0.1468167 0.1287574 -0.9807479 -0.242057 0.2122932 -0.9467524 -0.2422557 0.2124345 -0.9466698 -0.3333906 0.2923865 -0.8963041 -0.3333338 0.2923465 -0.8963382 -0.4182074 0.3667404 -0.8310259 -0.4180376 0.3666226 -0.8311633 -0.4964197 0.4353453 -0.7510272 -0.4965093 0.435406 -0.7509329 -0.5656538 0.4960828 -0.6587394 -0.5657494 0.4961454 -0.6586102 -0.6256106 0.5486277 -0.5546341 -0.6254637 0.5485366 -0.5548899 -0.6745175 0.5915451 -0.441702 -0.6746097 0.5915973 -0.441491 -0.7121296 0.6245048 -0.3207262 -0.7120657 0.6244745 -0.3209267 -0.737487 0.6467165 -0.1946039 -0.7374436 0.646704 -0.1948101 -0.750196 0.6579599 -0.06553517 -0.7502847 0.6579391 -0.06472246 -0.6579392 0.7502847 0.06472247 -0.6579598 0.7501959 0.0655352 -0.646704 0.7374436 0.1948102 -0.6467165 0.737487 0.1946037 -0.6244745 0.7120657 0.3209267 -0.6245049 0.7121296 0.3207261 -0.5915973 0.6746097 0.441491 -0.5915451 0.6745174 0.441702 -0.5485366 0.6254638 0.5548899 -0.5486277 0.6256106 0.554634 -0.4961454 0.5657494 0.6586102 -0.4960828 0.5656538 0.6587394 -0.435406 0.4965093 0.7509329 -0.4353453 0.4964197 0.7510273 -0.3666374 0.4180544 0.8311483 -0.3667552 0.4182243 0.8310109 -0.2923293 0.3333142 0.896351 -0.2923693 0.333371 0.8963169 -0.2124345 0.2422557 0.9466698 -0.2122932 0.242057 0.9467524 -0.1287574 0.1468167 0.9807479 -0.1288169 0.1469 0.9807276 -0.04320539 0.04926415 0.9978508 -0.0432099 0.04927047 0.9978503 0.04320664 -0.04926449 0.9978507 0.04321077 -0.04927029 0.9978503 0.1288585 -0.146934 0.9807171 0.1287388 -0.1468937 0.9807388 0.1288263 -0.1468886 0.980728 0.1288122 -0.1469801 -0.9807162 0.1288291 -0.1468917 -0.9807273 0.1287892 -0.1468548 -0.9807379 0.0431848 -0.04924067 -0.9978529 0.04319001 -0.04924554 -0.9978524 -0.04318355 0.04924041 -0.997853 -0.04318921 0.0492457 -0.9978525 -0.1287501 0.1468239 -0.9807478 -0.1288249 0.1468937 -0.9807275 -0.2124523 0.2422383 -0.9466703 -0.2122736 0.2420722 -0.9467528 -0.2923412 0.3333389 -0.896338 -0.2923923 0.333386 -0.8963038 -0.3666057 0.4180538 -0.8311626 -0.3667588 0.4181928 -0.8310252 -0.4354159 0.4965001 -0.7509333 -0.4353349 0.4964281 -0.7510278 -0.4961571 0.5657385 -0.6586108 -0.4960705 0.5656639 -0.6587399 -0.5485156 0.6254828 -0.5548891 -0.5486494 0.6255924 -0.5546332 -0.5916134 0.6745954 -0.4414915 -0.5915287 0.6745315 -0.4417026 -0.6244601 0.7120786 -0.3209263 -0.6245194 0.712117 -0.3207257 -0.6466896 0.7374562 -0.1948099 -0.6467311 0.7374744 -0.1946034 -0.6579948 0.7502359 -0.06472281 -0.6579041 0.7502448 -0.0655355 -0.5543648 0.8296916 0.0655093 -0.5543689 0.8296806 0.06561429 -0.5449283 0.8155803 0.1946329 -0.5449258 0.8155649 0.1947041 -0.5262158 0.7875509 0.3207186 -0.52623 0.7875952 0.3205868 -0.4984401 0.7459713 0.4416834 -0.4984499 0.7459957 0.4416312 -0.4622697 0.6918575 0.554653 -0.4622431 0.6917986 0.5547486 -0.4180206 0.6255677 0.658729 -0.4181314 0.6257978 0.65844 -0.3668284 0.5489939 0.7510276 -0.3667572 0.548852 0.7511662 -0.3090329 0.4625062 0.8310154 -0.3090135 0.4624685 0.8310437 -0.2463387 0.3686914 0.8963169 -0.2463025 0.3686223 0.8963552 -0.1788803 0.2677025 0.9467509 -0.1789441 0.2678229 0.9467049 -0.1085499 0.162456 0.9807268 -0.1085335 0.1624253 0.9807336 -0.03640807 0.05448925 0.9978504 -0.03640586 0.0544851 0.9978507 0.03640751 -0.05449014 0.9978504 0.03640299 -0.05448165 0.997851 0.1085208 -0.1624092 0.9807377 0.1085498 -0.1624614 0.9807259 0.1085482 -0.1624612 0.980726 0.10855 -0.1623869 -0.9807382 0.1085329 -0.1624383 -0.9807316 0.1085513 -0.1624604 -0.9807258 0.0363903 -0.05446266 -0.9978525 0.03638419 -0.05445524 -0.997853 -0.03639049 0.05446209 -0.9978526 -0.03638748 0.05445844 -0.9978528 -0.1085527 0.162454 -0.9807268 -0.1085305 0.1624271 -0.9807337 -0.1788692 0.2677108 -0.9467506 -0.1789561 0.2678158 -0.9467045 -0.2463598 0.3687081 -0.8963042 -0.24631 0.3686482 -0.8963425 -0.3090244 0.4624847 -0.8310306 -0.308997 0.4624523 -0.8310587 -0.3668443 0.5489824 -0.7510284 -0.3667404 0.5488623 -0.7511669 -0.4179915 0.6255884 -0.6587278 -0.4181617 0.6257789 -0.6584389 -0.4622783 0.6918513 -0.5546535 -0.4622342 0.6918043 -0.554749 -0.4984357 0.7459744 -0.4416831 -0.4984544 0.7459928 -0.4416311 -0.5262052 0.787558 -0.3207186 -0.5262406 0.7875881 -0.3205866 -0.5449337 0.8155766 -0.1946331 -0.5449204 0.8155686 -0.1947042 -0.5543727 0.8296863 -0.06550937 -0.5543609 0.8296859 -0.06561433 -0.4413421 0.8949367 0.06561606 -0.4413218 0.8949747 0.06523195 -0.4338418 0.8796982 0.1947114 -0.4338425 0.8797292 0.1945698 -0.4189436 0.8495308 0.3205989 -0.4189315 0.8494647 0.3207898 -0.3968305 0.8046755 0.441614 -0.3968384 0.804706 0.4415513 -0.3679831 0.7461991 0.5547751 -0.3679682 0.7461499 0.554851 -0.3328909 0.675036 0.6584148 -0.3328937 0.6750446 0.6584045 -0.2919448 0.5920252 0.751182 -0.2919218 0.5919589 0.7512432 -0.2460167 0.4988467 0.8310401 -0.2460726 0.4990025 0.8309301 -0.196085 0.3976119 0.8963568 -0.1960686 0.3975673 0.8963802 -0.142464 0.2888934 0.9467021 -0.1424462 0.2888458 0.9467192 -0.08640289 0.1752037 0.9807335 -0.08641397 0.1752333 0.9807273 -0.02898247 0.05876975 0.9978507 -0.02898174 0.05876781 0.997851 0.02898097 -0.05876642 0.997851 0.02898139 -0.05876757 0.9978509 0.08642187 -0.1752387 0.9807256 0.08630574 -0.1752297 0.9807374 0.08642784 -0.1752549 0.9807222 0.08641963 -0.17524 -0.9807255 0.08642006 -0.1752391 -0.9807256 0.0863916 -0.1751938 -0.9807363 0.02896656 -0.05873749 -0.9978531 0.02896721 -0.05873853 -0.997853 -0.02896835 0.05874065 -0.9978529 -0.02896725 0.05873889 -0.997853 -0.08640017 0.1752053 -0.9807334 -0.08641687 0.1752321 -0.9807272 -0.1424684 0.2888907 -0.9467021 -0.1424415 0.2888478 -0.9467193 -0.1961009 0.3976328 -0.896344 -0.1960755 0.3975927 -0.8963674 -0.2459904 0.4988358 -0.8310545 -0.2460799 0.498975 -0.8309445 -0.2919525 0.592021 -0.7511823 -0.2919138 0.5919624 -0.7512435 -0.3328898 0.6750366 -0.6584147 -0.3328948 0.6750441 -0.6584045 -0.3679906 0.7461954 -0.5547752 -0.3679606 0.7461535 -0.5548513 -0.3968247 0.8046784 -0.4416139 -0.3968441 0.8047032 -0.4415511 -0.4189601 0.8495226 -0.3205992 -0.4189149 0.8494727 -0.3207902 -0.43383 0.879704 -0.1947112 -0.4338542 0.8797234 -0.1945697 -0.4413107 0.8949522 -0.0656158 -0.4413532 0.8949593 -0.06523179 -0.3207553 0.9449133 0.06522977 -0.320774 0.9448872 0.06551572 -0.31528 0.9288406 0.1945602 -0.3152847 0.9287975 0.194758 -0.3044477 0.8968872 0.3207879 -0.30445 0.8969347 0.3206527 -0.2883917 0.8496234 0.4415543 -0.2883847 0.8495665 0.4416686 -0.2674376 0.7877924 0.5548515 -0.2674689 0.7879834 0.5545652 -0.241918 0.7127332 0.6583974 -0.2418692 0.7124752 0.6586944 -0.2121735 0.6249841 0.7512504 -0.2122346 0.6252809 0.7509862 -0.1788299 0.5268607 0.8309258 -0.1787731 0.526599 0.8311039 -0.1424877 0.4197589 0.8963815 -0.1425089 0.4198531 0.896334 -0.1035234 0.3049663 0.9467199 -0.1035281 0.3049865 0.9467129 -0.06280413 0.1850148 0.9807268 -0.06280257 0.185008 0.9807283 -0.02106181 0.06204812 0.9978509 -0.02106026 0.06204145 0.9978514 0.02106341 -0.062047 0.997851 0.02106762 -0.06206525 0.9978498 0.4609591 0 0.8874214 0.0628085 -0.1850407 0.9807217 0.06284714 -0.1849866 0.9807294 0.06279179 -0.1849673 0.9807366 0.06276195 -0.1850598 -0.980721 0.06280236 -0.1849984 -0.9807301 0.4609612 0 -0.8874203 0.06280246 -0.1849986 -0.98073 0.02105129 -0.06201712 -0.997853 0.02105905 -0.06203414 -0.9978518 -0.02105205 0.06201725 -0.997853 -0.02104922 0.06201102 -0.9978535 -0.06280477 0.1850145 -0.9807269 -0.0628019 0.1850082 -0.9807283 -0.1035215 0.304967 -0.9467198 -0.1035301 0.304986 -0.9467128 -0.1424866 0.4197874 -0.8963684 -0.1425271 0.419875 -0.8963208 -0.178851 0.5268283 -0.8309417 -0.1787368 0.5265862 -0.8311198 -0.2121385 0.6249976 -0.7512492 -0.2122706 0.6252701 -0.7509849 -0.2419523 0.7127203 -0.6583987 -0.2418341 0.7124861 -0.6586956 -0.2674078 0.7878032 -0.5548505 -0.2674992 0.7879738 -0.5545642 -0.2884027 0.8496195 -0.4415548 -0.2883736 0.8495701 -0.4416688 -0.3044354 0.8968916 -0.3207876 -0.3044624 0.8969307 -0.3206525 -0.3152973 0.9288347 -0.1945606 -0.3152674 0.9288034 -0.1947582 -0.3207799 0.9449049 -0.06522959 -0.3207493 0.9448956 -0.06551584 -0.1946768 0.9786764 0.06552462 -0.1946662 0.9786878 0.0653858 -0.1913616 0.9620032 0.1947579 -0.1913608 0.9620062 0.1947438 -0.1847774 0.9289995 0.3206512 -0.1847829 0.9289313 0.3208455 -0.1750354 0.8799372 0.4416709 -0.1750348 0.880017 0.4415123 -0.1623233 0.8161614 0.5545555 -0.1623185 0.8160064 0.554785 -0.1467939 0.737945 0.6587023 -0.1468044 0.7381322 0.6584902 -0.1288115 0.6476396 0.7509797 -0.1288009 0.6474929 0.7511081 -0.1084922 0.5454255 0.8311079 -0.1084997 0.5455159 0.8310477 -0.08649798 0.4348636 0.8963324 -0.08649629 0.4348449 0.8963416 -0.06283511 0.3158886 0.9467134 -0.06283714 0.3159101 0.9467061 -0.03811318 0.1916247 0.980728 -0.03810944 0.1915862 0.9807357 -0.01278248 0.06425923 0.9978514 -0.01278407 0.0642755 0.9978503 0.01278646 -0.0642845 0.9978497 0.01278547 -0.06427424 0.9978503 0.03810716 -0.1916164 0.9807298 0.03819189 -0.1916035 0.980729 0.03810174 -0.1915583 0.9807414 0.03808576 -0.1916221 -0.9807295 0.03810908 -0.1915952 -0.9807339 0.03811487 -0.1916139 -0.98073 0.01278114 -0.06425251 -0.9978518 0.01277814 -0.06424266 -0.9978526 -0.01277461 0.06422794 -0.9978535 -0.01277937 0.06424358 -0.9978524 -0.03811691 0.1916237 -0.980728 -0.03810561 0.1915867 -0.9807357 -0.06283299 0.3158892 -0.9467133 -0.06283931 0.3159098 -0.9467059 -0.08650499 0.4348886 -0.8963196 -0.08649941 0.4348707 -0.8963287 -0.1084779 0.5454061 -0.8311226 -0.1085055 0.5454924 -0.8310624 -0.1288293 0.6476354 -0.7509802 -0.1287829 0.6474957 -0.7511086 -0.1467683 0.7379509 -0.6587014 -0.1468302 0.7381278 -0.6584893 -0.1623482 0.8161559 -0.5545563 -0.1622934 0.8160108 -0.5547857 -0.1750196 0.8799406 -0.4416704 -0.1750507 0.8800139 -0.4415118 -0.1847958 0.9289958 -0.3206515 -0.1847645 0.9289349 -0.320846 -0.1913603 0.9620035 -0.1947578 -0.1913621 0.962006 -0.1947438 -0.1946644 0.9786788 -0.06552465 -0.1946786 0.9786853 -0.06538576 -0.06527496 0.9957228 0.06538489 -0.06525943 0.9957356 0.06520563 -0.06417479 0.9787523 0.1947449 -0.06416422 0.9787793 0.1946124 -0.06197519 0.9451016 0.3208462 -0.06196995 0.9451258 0.3207757 -0.05867709 0.8953346 0.441512 -0.05870069 0.8951664 0.4418499 -0.05442079 0.8302116 0.5547856 -0.05441377 0.830282 0.5546809 -0.04922141 0.7509776 0.6584904 -0.04922437 0.7509382 0.6585354 -0.04317327 0.658768 0.7511063 -0.04317536 0.6587324 0.7511375 -0.03638564 0.5550081 0.8310488 -0.03638038 0.5551175 0.8309759 -0.02900542 0.4424154 0.896341 -0.02900495 0.4424269 0.8963354 -0.02106269 0.3214091 0.9467061 -0.02106603 0.3213171 0.9467373 -0.01278041 0.1949206 0.9807358 -0.01277808 0.194989 0.9807222 -0.004286065 0.06539457 0.9978503 -0.004286633 0.06537764 0.9978514 0.004284353 -0.06539336 0.9978504 0.004284921 -0.06537712 0.9978515 0.01277634 -0.1949499 0.98073 0.01277001 -0.1949841 0.9807233 0.01277492 -0.1949874 0.9807225 0.01276719 -0.1949511 -0.9807298 0.01277225 -0.1949466 -0.9807307 0.01277863 -0.1949841 -0.9807231 0.004283857 -0.06536088 -0.9978524 0.004281176 -0.06534487 -0.9978536 -0.004285613 0.06536209 -0.9978524 -0.004282841 0.06534538 -0.9978535 -0.01277366 0.1949214 -0.9807357 -0.01278489 0.1949889 -0.9807221 -0.02107199 0.3214079 -0.9467064 -0.02105666 0.3213172 -0.9467374 -0.02900591 0.4424415 -0.8963281 -0.02900787 0.4424528 -0.8963224 -0.03637184 0.5549871 -0.8310634 -0.03639132 0.5550949 -0.8309906 -0.04317767 0.6587676 -0.7511065 -0.04317094 0.6587325 -0.7511377 -0.04922693 0.7509772 -0.6584906 -0.04921883 0.7509384 -0.6585355 -0.05440922 0.8302126 -0.5547853 -0.05442536 0.8302815 -0.5546806 -0.05871154 0.8953319 -0.4415129 -0.05866618 0.8951682 -0.4418508 -0.06196839 0.9451019 -0.3208461 -0.06197675 0.9451253 -0.3207755 -0.06416251 0.9787531 -0.1947447 -0.06417651 0.9787785 -0.1946122 -0.06525865 0.9957239 -0.06538481 -0.06527573 0.9957345 -0.06520556 0.06527573 0.9957345 0.06520558 0.06525866 0.9957239 0.06538483 0.0641765 0.9787785 0.1946122 0.06416252 0.9787531 0.1947448 0.06197675 0.9451253 0.3207755 0.0619684 0.945102 0.3208461 0.05866618 0.8951682 0.4418509 0.05871155 0.8953319 0.4415129 0.05442536 0.8302814 0.5546806 0.05440921 0.8302126 0.5547852 0.04921883 0.7509384 0.6585355 0.04922692 0.7509772 0.6584906 0.04317094 0.6587325 0.7511377 0.04317768 0.6587676 0.7511065 0.03639279 0.5551172 0.8309755 0.03637331 0.5550095 0.8310484 0.02900616 0.4424268 0.8963354 0.0290042 0.4424155 0.896341 0.02105666 0.3213171 0.9467374 0.02107199 0.321408 0.9467064 0.01278489 0.1949889 0.9807221 0.01277366 0.1949214 0.9807357 0.004284956 0.06537765 0.9978514 0.004287729 0.06539436 0.9978503 -0.004283289 -0.06537712 0.9978514 -0.004285971 -0.06539315 0.9978504 -0.01277863 -0.1949841 0.9807231 -0.01276719 -0.1949511 0.9807298 -0.01277225 -0.1949466 0.9807307 -0.01277001 -0.1949841 -0.9807233 -0.01277492 -0.1949874 -0.9807225 -0.01277634 -0.1949499 -0.98073 -0.004282807 -0.06534486 -0.9978535 -0.004282239 -0.06536109 -0.9978524 0.004284518 0.06534538 -0.9978535 0.00428395 0.0653623 -0.9978524 0.01277808 0.194989 -0.9807222 0.01278041 0.1949206 -0.9807358 0.02106603 0.3213171 -0.9467373 0.02106269 0.3214091 -0.9467062 0.02900665 0.4424529 -0.8963225 0.02900713 0.4424414 -0.8963282 0.03637892 0.5550951 -0.8309909 0.03638417 0.5549858 -0.8310638 0.04317536 0.6587324 -0.7511375 0.04317326 0.658768 -0.7511063 0.04922437 0.7509382 -0.6585354 0.04922141 0.7509777 -0.6584904 0.05441377 0.830282 -0.5546809 0.05442079 0.8302116 -0.5547856 0.05870069 0.8951664 -0.4418499 0.0586771 0.8953347 -0.441512 0.06196996 0.9451258 -0.3207757 0.06197519 0.9451014 -0.3208462 0.06416422 0.9787793 -0.1946124 0.06417478 0.9787523 -0.1947449 0.06525943 0.9957356 -0.06520563 0.06527495 0.9957228 -0.06538489 0.1946786 0.9786853 0.06538584 0.1946644 0.9786788 0.06552457 0.1913621 0.962006 0.1947438 0.1913603 0.9620034 0.1947578 0.1847645 0.9289349 0.3208459 0.1847957 0.9289957 0.3206516 0.1750507 0.880014 0.4415118 0.1750196 0.8799406 0.4416705 0.1622934 0.8160109 0.5547857 0.1623482 0.8161559 0.5545563 0.1468302 0.7381278 0.6584894 0.1467683 0.7379508 0.6587015 0.1287829 0.6474957 0.7511086 0.1288293 0.6476354 0.7509802 0.1085099 0.5455144 0.8310474 0.1084823 0.545428 0.8311077 0.08649432 0.4348451 0.8963417 0.08649991 0.4348631 0.8963324 0.06283931 0.3159097 0.9467059 0.06283299 0.3158892 0.9467133 0.03810561 0.1915867 0.9807357 0.03811691 0.1916238 0.980728 0.01278567 0.06427529 0.9978503 0.01278092 0.06425966 0.9978514 -0.01278444 -0.06427437 0.9978504 -0.01278745 -0.06428423 0.9978496 -0.03811487 -0.1916139 0.98073 -0.03808576 -0.1916221 0.9807295 -0.03810908 -0.1915952 0.9807339 -0.03810174 -0.1915583 -0.9807414 -0.03819189 -0.1916035 -0.980729 -0.03810716 -0.1916164 -0.9807298 -0.01277916 -0.06424253 -0.9978524 -0.01278015 -0.06425278 -0.9978518 0.01277776 0.06424379 -0.9978524 0.01277617 0.06422753 -0.9978535 0.03810944 0.1915862 -0.9807357 0.03811318 0.1916247 -0.980728 0.06283714 0.3159101 -0.9467061 0.06283511 0.3158886 -0.9467134 0.08650138 0.4348704 -0.8963287 0.08650307 0.4348891 -0.8963195 0.1084954 0.5454939 -0.8310627 0.1084879 0.5454035 -0.8311229 0.1288009 0.6474929 -0.7511081 0.1288115 0.6476396 -0.7509797 0.1468044 0.7381321 -0.6584902 0.1467939 0.737945 -0.6587024 0.1623185 0.8160064 -0.554785 0.1623233 0.8161614 -0.5545555 0.1750348 0.880017 -0.4415122 0.1750354 0.8799372 -0.4416709 0.1847829 0.9289313 -0.3208455 0.1847774 0.9289995 -0.3206512 0.1913608 0.9620062 -0.1947438 0.1913616 0.9620032 -0.1947579 0.1946662 0.9786878 -0.06538581 0.1946768 0.9786764 -0.06552462 0.3207493 0.9448956 0.06551562 0.3207799 0.9449049 0.06522987 0.3152673 0.9288033 0.1947583 0.3152973 0.9288347 0.1945605 0.3044625 0.8969308 0.3206523 0.3044354 0.8968916 0.3207877 0.2883735 0.84957 0.4416689 0.2884027 0.8496196 0.4415547 0.2674991 0.7879736 0.5545644 0.2674077 0.7878032 0.5548505 0.2418341 0.7124861 0.6586957 0.2419523 0.7127203 0.6583985 0.2122706 0.6252702 0.750985 0.2121384 0.6249975 0.7512492 0.178744 0.5266075 0.8311048 0.1788582 0.5268496 0.8309267 0.1425187 0.4198503 0.8963336 0.1424782 0.4197627 0.8963813 0.1035301 0.304986 0.9467128 0.1035215 0.304967 0.9467198 0.0628019 0.1850082 0.9807283 0.06280477 0.1850145 0.9807269 0.0210596 0.06204162 0.9978514 0.02106243 0.06204785 0.9978508 -0.02106944 -0.06206475 0.9978498 -0.02106167 -0.06204772 0.9978509 -0.06280246 -0.1849986 0.98073 -0.4609612 0 0.8874203 -0.06276195 -0.1850598 0.980721 -0.06280236 -0.1849984 0.9807301 -0.06279179 -0.1849673 -0.9807366 -0.06284714 -0.1849866 -0.9807294 -0.4609591 -0 -0.8874214 -0.0628085 -0.1850407 -0.9807217 -0.02105723 -0.06203462 -0.9978518 -0.02105302 -0.06201638 -0.9978531 0.02104987 0.06201084 -0.9978535 0.02105141 0.06201749 -0.997853 0.06280257 0.185008 -0.9807282 0.06280413 0.1850148 -0.9807268 0.1035281 0.3049865 -0.9467129 0.1035234 0.3049663 -0.9467199 0.1425173 0.4198778 -0.8963211 0.1424961 0.4197836 -0.8963686 0.1787659 0.5265778 -0.8311189 0.1788227 0.5268394 -0.8309408 0.2122346 0.6252809 -0.7509862 0.2121735 0.6249841 -0.7512504 0.2418692 0.7124752 -0.6586944 0.241918 0.7127332 -0.6583974 0.2674689 0.7879834 -0.5545652 0.2674376 0.7877924 -0.5548515 0.2883847 0.8495665 -0.4416686 0.2883917 0.8496234 -0.4415543 0.30445 0.8969347 -0.3206527 0.3044477 0.8968872 -0.3207879 0.3152847 0.9287975 -0.194758 0.31528 0.9288406 -0.1945603 0.3207739 0.9448872 -0.06551573 0.3207553 0.9449133 -0.06522977 0.4413532 0.8949593 0.0652319 0.4413107 0.8949522 0.06561591 0.4338542 0.8797234 0.1945698 0.43383 0.8797039 0.1947112 0.4189149 0.8494728 0.32079 0.4189601 0.8495225 0.3205993 0.3968442 0.8047032 0.4415511 0.3968247 0.8046784 0.4416138 0.3679606 0.7461535 0.5548513 0.3679906 0.7461953 0.5547752 0.3328948 0.6750441 0.6584045 0.3328898 0.6750365 0.6584147 0.2919139 0.5919625 0.7512434 0.2919525 0.5920211 0.7511823 0.2460897 0.4989949 0.8309295 0.2460003 0.4988558 0.8310395 0.1960639 0.3975692 0.8963804 0.1960894 0.3976095 0.8963569 0.1424415 0.2888479 0.9467193 0.1424684 0.2888908 0.9467021 0.08641686 0.175232 0.9807272 0.08640017 0.1752053 0.9807334 0.02898156 0.0587679 0.9978509 0.02898265 0.05876965 0.9978508 -0.0289815 -0.05876751 0.997851 -0.02898086 -0.05876648 0.997851 -0.08639161 -0.1751939 0.9807363 -0.08641963 -0.17524 0.9807255 -0.08642006 -0.1752391 0.9807256 -0.08642784 -0.1752549 -0.9807222 -0.08630574 -0.1752297 -0.9807374 -0.08642186 -0.1752387 -0.9807256 -0.0289671 -0.05873858 -0.997853 -0.02896667 -0.05873742 -0.9978531 0.02896744 0.05873881 -0.9978529 0.02896817 0.05874076 -0.9978529 0.08641397 0.1752333 -0.9807273 0.0864029 0.1752037 -0.9807335 0.1424462 0.2888458 -0.9467192 0.142464 0.2888934 -0.9467021 0.1960801 0.3975906 -0.8963672 0.1960965 0.3976353 -0.8963439 0.2460627 0.4989824 -0.830945 0.2460068 0.4988267 -0.8310551 0.2919218 0.5919589 -0.7512432 0.2919448 0.5920252 -0.751182 0.3328937 0.6750446 -0.6584045 0.3328909 0.675036 -0.6584148 0.3679682 0.7461499 -0.554851 0.3679831 0.7461991 -0.5547751 0.3968384 0.804706 -0.4415513 0.3968305 0.8046755 -0.441614 0.4189315 0.8494647 -0.3207898 0.4189436 0.8495308 -0.3205989 0.4338424 0.8797292 -0.1945698 0.4338418 0.8796982 -0.1947114 0.4413218 0.8949748 -0.06523193 0.4413421 0.8949367 -0.06561606 0.5543609 0.8296859 0.06561423 0.5543727 0.8296863 0.06550936 0.5449204 0.8155686 0.1947043 0.5449337 0.8155766 0.194633 0.5262406 0.7875881 0.3205865 0.5262052 0.7875581 0.3207184 0.4984544 0.7459928 0.4416312 0.4984356 0.7459744 0.4416832 0.4622341 0.6918042 0.554749 0.4622784 0.6918514 0.5546533 0.4181616 0.6257787 0.658439 0.4179915 0.6255884 0.6587278 0.3667405 0.5488624 0.7511668 0.3668444 0.5489824 0.7510283 0.3090095 0.462471 0.8310438 0.3090368 0.4625034 0.8310156 0.2462955 0.3686266 0.8963554 0.2463454 0.3686864 0.8963171 0.1789561 0.2678158 0.9467045 0.1788693 0.2677108 0.9467506 0.1085305 0.1624271 0.9807337 0.1085526 0.1624539 0.9807268 0.03640546 0.05448534 0.9978507 0.03640844 0.05448896 0.9978504 -0.03640216 -0.05448214 0.997851 -0.03640828 -0.05448956 0.9978504 -0.1085513 -0.1624605 0.9807258 -0.10855 -0.1623869 0.9807382 -0.1085329 -0.1624383 0.9807316 -0.1085482 -0.1624612 -0.980726 -0.1085498 -0.1624614 -0.9807259 -0.1085208 -0.1624092 -0.9807377 -0.03638503 -0.05445477 -0.997853 -0.03638955 -0.05446326 -0.9978525 0.03638789 0.0544582 -0.9978529 0.03639011 0.05446236 -0.9978526 0.1085335 0.1624253 -0.9807336 0.1085499 0.162456 -0.9807268 0.1789441 0.2678229 -0.9467049 0.1788803 0.2677025 -0.9467509 0.246317 0.368644 -0.8963423 0.2463532 0.3687131 -0.896304 0.3090011 0.4624498 -0.8310586 0.3090205 0.4624876 -0.8310304 0.3667572 0.548852 -0.7511662 0.3668284 0.5489939 -0.7510276 0.4181314 0.6257978 -0.65844 0.4180206 0.6255677 -0.658729 0.4622431 0.6917986 -0.5547486 0.4622697 0.6918575 -0.554653 0.4984499 0.7459957 -0.4416312 0.4984401 0.7459713 -0.4416834 0.52623 0.7875951 -0.3205868 0.5262158 0.787551 -0.3207186 0.5449259 0.8155649 -0.1947041 0.5449283 0.8155804 -0.1946329 0.5543689 0.8296806 -0.06561429 0.5543648 0.8296916 -0.0655093 0.6579041 0.7502448 0.0655356 0.6579949 0.7502358 0.06472278 0.646731 0.7374744 0.1946034 0.6466896 0.7374562 0.1948099 0.6245195 0.712117 0.3207258 0.6244601 0.7120786 0.3209263 0.5915287 0.6745315 0.4417024 0.5916133 0.6745953 0.4414916 0.5486494 0.6255925 0.5546331 0.5485156 0.6254829 0.554889 0.4960704 0.5656639 0.6587401 0.4961571 0.5657386 0.6586107 0.4353348 0.496428 0.7510278 0.4354158 0.4965001 0.7509333 0.3667735 0.4182096 0.8310102 0.3666205 0.4180706 0.8311477 0.2923751 0.3333665 0.8963166 0.292324 0.3333193 0.8963509 0.2122736 0.2420722 0.9467528 0.2124522 0.2422383 0.9466704 0.1288249 0.1468937 0.9807275 0.1287502 0.1468239 0.9807478 0.04321053 0.04927 0.9978504 0.04320484 0.0492647 0.9978508 -0.04321134 -0.04926986 0.9978503 -0.04320613 -0.049265 0.9978508 -0.1287892 -0.1468548 0.9807379 -0.1288122 -0.1469801 0.9807162 -0.1288291 -0.1468917 0.9807273 -0.1288263 -0.1468886 -0.980728 -0.1287388 -0.1468937 -0.9807388 -0.1288585 -0.146934 -0.9807171 -0.04318945 -0.04924598 -0.9978525 -0.04318532 -0.04924019 -0.9978529 0.04318859 0.04924615 -0.9978524 0.04318407 0.04923984 -0.997853 0.1288169 0.1469 -0.9807276 0.1287574 0.1468167 -0.9807479 0.2122932 0.242057 -0.9467524 0.2124345 0.2422557 -0.9466698 0.2923865 0.3333906 -0.896304 0.2923465 0.3333338 -0.8963382 0.3667404 0.4182074 -0.8310259 0.3666226 0.4180376 -0.8311633 0.4353453 0.4964197 -0.7510273 0.435406 0.4965093 -0.7509329 0.4960828 0.5656538 -0.6587394 0.4961454 0.5657494 -0.6586102 0.5486277 0.6256106 -0.554634 0.5485366 0.6254637 -0.5548899 0.5915451 0.6745175 -0.441702 0.5915973 0.6746097 -0.441491 0.6245048 0.7121296 -0.3207261 0.6244745 0.7120657 -0.3209267 0.6467166 0.737487 -0.1946037 0.646704 0.7374436 -0.1948101 0.6579598 0.750196 -0.0655352 0.6579391 0.7502847 -0.06472246 0.7502847 0.6579391 0.06472261 0.7501959 0.6579598 0.0655352 0.7374436 0.646704 0.1948099 0.737487 0.6467165 0.1946037 0.7120657 0.6244745 0.3209267 0.7121296 0.6245049 0.3207261 0.6746097 0.5915973 0.4414911 0.6745174 0.5915451 0.441702 0.6254637 0.5485365 0.55489 0.6256106 0.5486277 0.554634 0.5657494 0.4961454 0.6586102 0.5656538 0.4960828 0.6587394 0.4965094 0.4354061 0.7509328 0.4964197 0.4353453 0.7510273 0.4180544 0.3666374 0.8311483 0.4182243 0.3667552 0.8310109 0.3333142 0.2923293 0.896351 0.333371 0.2923693 0.8963169 0.2422557 0.2124345 0.9466698 0.242057 0.2122932 0.9467524 0.1468167 0.1287574 0.9807479 0.1469 0.1288169 0.9807276 0.04926416 0.0432054 0.9978509 0.04927047 0.0432099 0.9978503 -0.04926449 -0.04320664 0.9978507 -0.04927029 -0.04321077 0.9978503 -0.146934 -0.1288585 0.9807171 -0.1468937 -0.1287388 0.9807388 -0.1468886 -0.1288263 0.980728 -0.1468917 -0.1288291 -0.9807273 -0.1469801 -0.1288122 -0.9807162 -0.1468548 -0.1287892 -0.9807379 -0.04924069 -0.04318481 -0.9978529 -0.04924554 -0.04319001 -0.9978524 0.04924039 0.04318353 -0.997853 0.0492457 0.04318921 -0.9978525 0.1468239 0.1287502 -0.9807478 0.1468937 0.1288249 -0.9807275 0.2422383 0.2124522 -0.9466704 0.2420722 0.2122736 -0.9467528 0.3333389 0.2923412 -0.896338 0.333386 0.2923923 -0.8963038 0.4180538 0.3666057 -0.8311626 0.4181928 0.3667588 -0.8310252 0.4965001 0.4354158 -0.7509333 0.4964281 0.4353349 -0.7510278 0.5657386 0.4961571 -0.6586107 0.5656639 0.4960705 -0.6587399 0.6254829 0.5485157 -0.554889 0.6255924 0.5486494 -0.5546332 0.6745953 0.5916134 -0.4414916 0.6745315 0.5915287 -0.4417026 0.7120786 0.6244601 -0.3209263 0.712117 0.6245194 -0.3207257 0.7374562 0.6466896 -0.1948099 0.7374744 0.6467311 -0.1946034 0.7502359 0.6579948 -0.06472278 0.7502448 0.6579041 -0.0655355 0.8296916 0.5543648 0.06550907 0.8296806 0.5543689 0.06561429 0.8155803 0.5449283 0.194633 0.8155649 0.5449258 0.1947041 0.7875509 0.5262158 0.3207186 0.7875952 0.52623 0.3205868 0.7459713 0.4984401 0.4416834 0.7459957 0.4984499 0.4416312 0.6918575 0.4622697 0.5546532 0.6917986 0.4622431 0.5547486 0.6255677 0.4180206 0.658729 0.6257978 0.4181314 0.65844 0.5489941 0.3668285 0.7510275 0.548852 0.3667572 0.7511662 0.4625062 0.3090329 0.8310154 0.4624685 0.3090135 0.8310437 0.3686914 0.2463388 0.8963168 0.3686223 0.2463025 0.8963552 0.2677025 0.1788803 0.9467509 0.2678229 0.1789441 0.9467049 0.162456 0.1085499 0.9807268 0.1624253 0.1085335 0.9807336 0.05448926 0.03640808 0.9978504 0.0544851 0.03640586 0.9978507 -0.05449013 -0.03640751 0.9978504 -0.05448165 -0.03640299 0.997851 -0.1624092 -0.1085208 0.9807377 -0.1624614 -0.1085498 0.9807259 -0.1624612 -0.1085482 0.980726 -0.1624383 -0.1085329 -0.9807316 -0.1623869 -0.10855 -0.9807382 -0.1624604 -0.1085513 -0.9807258 -0.05446268 -0.03639032 -0.9978525 -0.05445524 -0.03638419 -0.997853 0.05446208 0.03639047 -0.9978524 0.05445844 0.03638748 -0.9978528 0.1624539 0.1085526 -0.9807268 0.1624271 0.1085305 -0.9807337 0.2677108 0.1788693 -0.9467506 0.2678158 0.1789561 -0.9467045 0.3687081 0.2463598 -0.8963041 0.3686482 0.24631 -0.8963425 0.4624847 0.3090244 -0.8310306 0.4624523 0.308997 -0.8310587 0.5489824 0.3668444 -0.7510283 0.5488623 0.3667404 -0.7511669 0.6255884 0.4179915 -0.6587278 0.6257789 0.4181617 -0.6584389 0.6918514 0.4622784 -0.5546533 0.6918043 0.4622342 -0.554749 0.7459744 0.4984357 -0.4416832 0.7459928 0.4984544 -0.4416311 0.7875581 0.5262052 -0.3207183 0.7875881 0.5262406 -0.3205866 0.8155766 0.5449337 -0.194633 0.8155686 0.5449204 -0.1947042 0.8296863 0.5543727 -0.06550936 0.8296859 0.5543609 -0.06561433 0.8949367 0.4413421 0.06561598 0.8949747 0.4413218 0.06523195 0.8796981 0.4338418 0.1947117 0.8797292 0.4338425 0.1945698 0.8495308 0.4189436 0.3205989 0.8494647 0.4189315 0.3207898 0.8046755 0.3968305 0.4416139 0.804706 0.3968384 0.4415513 0.7461991 0.3679831 0.5547751 0.7461499 0.3679682 0.554851 0.675036 0.3328909 0.6584148 0.6750446 0.3328937 0.6584045 0.5920253 0.2919448 0.7511818 0.5919589 0.2919218 0.7512432 0.4988467 0.2460167 0.8310401 0.4990025 0.2460726 0.8309301 0.397612 0.196085 0.8963568 0.3975673 0.1960686 0.8963802 0.2888934 0.142464 0.9467021 0.2888458 0.1424462 0.9467192 0.1752037 0.08640287 0.9807335 0.1752333 0.08641397 0.9807273 0.05876975 0.02898247 0.9978507 0.05876781 0.02898174 0.997851 -0.05876643 -0.02898097 0.997851 -0.05876757 -0.02898139 0.9978509 -0.1752387 -0.08642187 0.9807256 -0.1752297 -0.08630574 0.9807374 -0.1752549 -0.08642784 0.9807222 -0.1752391 -0.08642006 -0.9807256 -0.17524 -0.08641963 -0.9807255 -0.1751938 -0.0863916 -0.9807363 -0.05873749 -0.02896656 -0.9978531 -0.05873853 -0.02896721 -0.997853 0.05874065 0.02896835 -0.9978529 0.05873889 0.02896725 -0.997853 0.1752053 0.08640017 -0.9807334 0.1752321 0.08641687 -0.9807272 0.2888908 0.1424684 -0.9467021 0.2888478 0.1424415 -0.9467193 0.3976329 0.1961009 -0.896344 0.3975927 0.1960755 -0.8963674 0.4988357 0.2459904 -0.8310546 0.498975 0.2460799 -0.8309445 0.5920211 0.2919525 -0.7511823 0.5919624 0.2919138 -0.7512435 0.6750365 0.3328897 -0.6584147 0.6750441 0.3328948 -0.6584045 0.7461953 0.3679906 -0.5547752 0.7461535 0.3679606 -0.5548513 0.8046784 0.3968247 -0.4416138 0.8047032 0.3968441 -0.4415511 0.8495226 0.4189601 -0.3205993 0.8494727 0.4189149 -0.3207902 0.879704 0.43383 -0.1947112 0.8797234 0.4338542 -0.1945697 0.8949522 0.4413107 -0.06561591 0.8949593 0.4413532 -0.06523179 0.9449133 0.3207553 0.06522971 0.9448872 0.320774 0.06551572 0.9288406 0.31528 0.1945603 0.9287975 0.3152847 0.194758 0.8968872 0.3044477 0.3207879 0.8969347 0.30445 0.3206527 0.8496233 0.2883916 0.4415544 0.8495665 0.2883847 0.4416686 0.7877924 0.2674376 0.5548515 0.7879834 0.2674689 0.5545652 0.7127332 0.241918 0.6583973 0.7124752 0.2418692 0.6586944 0.6249841 0.2121735 0.7512504 0.6252809 0.2122346 0.7509862 0.5268606 0.1788299 0.8309258 0.526599 0.1787731 0.8311039 0.4197589 0.1424877 0.8963815 0.4198531 0.1425089 0.896334 0.3049663 0.1035234 0.9467199 0.3049865 0.1035281 0.9467129 0.1850148 0.06280413 0.980727 0.185008 0.06280257 0.9807283 0.06204812 0.02106181 0.9978509 0.06204145 0.02106026 0.9978514 -0.062047 -0.02106341 0.997851 -0.06206525 -0.02106762 0.9978498 -0.1850407 -0.0628085 0.9807217 0 -0.4609591 0.8874214 -0.1849866 -0.06284714 0.9807294 -0.1849673 -0.06279179 0.9807366 -0.1849984 -0.06280236 -0.9807301 -0.1850598 -0.06276196 -0.980721 0 -0.4609612 -0.8874203 -0.1849986 -0.06280246 -0.98073 -0.0620171 -0.02105128 -0.997853 -0.06203414 -0.02105905 -0.9978518 0.06201724 0.02105204 -0.9978531 0.06201102 0.02104922 -0.9978535 0.1850145 0.06280477 -0.9807269 0.1850082 0.0628019 -0.9807283 0.304967 0.1035215 -0.9467198 0.304986 0.1035301 -0.9467128 0.4197874 0.1424866 -0.8963684 0.419875 0.1425271 -0.8963208 0.5268283 0.178851 -0.8309417 0.5265862 0.1787368 -0.8311198 0.6249975 0.2121384 -0.7512492 0.6252701 0.2122706 -0.7509849 0.7127203 0.2419524 -0.6583985 0.7124861 0.2418341 -0.6586956 0.7878032 0.2674078 -0.5548505 0.7879738 0.2674992 -0.5545642 0.8496196 0.2884027 -0.4415547 0.8495701 0.2883736 -0.4416688 0.8968916 0.3044354 -0.3207877 0.8969307 0.3044624 -0.3206525 0.9288347 0.3152973 -0.1945605 0.9288034 0.3152674 -0.1947582 0.9449049 0.3207799 -0.06522987 0.9448956 0.3207493 -0.06551584 0.9786764 0.1946768 0.06552451 0.9786878 0.1946662 0.0653858 0.9620031 0.1913616 0.1947579 0.9620062 0.1913608 0.1947438 0.9289995 0.1847774 0.3206511 0.9289313 0.1847829 0.3208455 0.8799372 0.1750354 0.4416709 0.880017 0.1750348 0.4415123 0.8161614 0.1623233 0.5545554 0.8160064 0.1623185 0.554785 0.737945 0.1467939 0.6587024 0.7381322 0.1468044 0.6584902 0.6476396 0.1288115 0.7509796 0.6474929 0.1288009 0.7511081 0.5454255 0.1084922 0.831108 0.5455159 0.1084997 0.8310477 0.4348636 0.08649799 0.8963324 0.4348449 0.08649629 0.8963416 0.3158886 0.0628351 0.9467134 0.3159101 0.06283714 0.9467061 0.1916247 0.03811318 0.980728 0.1915862 0.03810944 0.9807357 0.06425923 0.01278248 0.9978514 0.0642755 0.01278407 0.9978503 -0.0642845 -0.01278646 0.9978497 -0.06427424 -0.01278547 0.9978503 -0.1916164 -0.03810716 0.9807298 -0.1916035 -0.03819189 0.980729 -0.1915583 -0.03810174 0.9807414 -0.1915952 -0.03810908 -0.9807339 -0.1916221 -0.03808576 -0.9807295 -0.1916139 -0.03811487 -0.98073 -0.06425251 -0.01278114 -0.9978518 -0.06424266 -0.01277814 -0.9978526 0.06422795 0.01277461 -0.9978535 0.06424358 0.01277937 -0.9978524 0.1916237 0.03811691 -0.980728 0.1915867 0.03810561 -0.9807357 0.3158891 0.06283298 -0.9467133 0.3159098 0.06283931 -0.9467059 0.4348886 0.086505 -0.8963196 0.4348707 0.08649941 -0.8963287 0.545406 0.1084779 -0.8311226 0.5454924 0.1085055 -0.8310624 0.6476354 0.1288293 -0.7509802 0.6474957 0.1287829 -0.7511086 0.7379509 0.1467683 -0.6587015 0.7381278 0.1468302 -0.6584893 0.8161559 0.1623482 -0.5545563 0.8160108 0.1622934 -0.5547857 0.8799406 0.1750196 -0.4416705 0.8800139 0.1750507 -0.4415118 0.9289957 0.1847957 -0.3206516 0.9289349 0.1847645 -0.320846 0.9620034 0.1913603 -0.1947578 0.962006 0.1913621 -0.1947438 0.9786788 0.1946644 -0.06552456 0.9786853 0.1946786 -0.06538576 0.9957228 0.06527496 0.06538487 0.9957356 0.06525943 0.06520563 0.9787523 0.06417479 0.1947449 0.9787793 0.06416422 0.1946124 0.9451016 0.06197519 0.3208462 0.9451258 0.06196995 0.3207757 0.8953347 0.0586771 0.441512 0.8951664 0.05870069 0.4418499 0.8302116 0.05442079 0.5547856 0.830282 0.05441377 0.5546809 0.7509778 0.04922141 0.6584904 0.7509382 0.04922437 0.6585354 0.658768 0.04317327 0.7511063 0.6587324 0.04317536 0.7511375 0.5550081 0.03638563 0.8310488 0.5551175 0.03638039 0.8309759 0.4424154 0.02900542 0.896341 0.4424269 0.02900495 0.8963354 0.3214091 0.02106269 0.9467061 0.3213171 0.02106603 0.9467373 0.1949206 0.01278041 0.9807358 0.194989 0.01277808 0.9807222 0.06539457 0.004286064 0.9978503 0.06537764 0.004286633 0.9978514 -0.06539337 -0.004284353 0.9978504 -0.06537712 -0.004284921 0.9978515 -0.1949499 -0.01277634 0.98073 -0.1949874 -0.01277492 0.9807225 -0.1949841 -0.01277001 0.9807233 -0.1949466 -0.01277225 -0.9807307 -0.1949511 -0.0127672 -0.9807298 -0.1949841 -0.01277863 -0.9807231 -0.06536087 -0.004283856 -0.9978524 -0.06534487 -0.004281176 -0.9978536 0.06536209 0.004285613 -0.9978524 0.06534538 0.004282841 -0.9978535 0.1949215 0.01277366 -0.9807357 0.1949889 0.01278489 -0.9807221 0.3214079 0.02107199 -0.9467064 0.3213172 0.02105666 -0.9467374 0.4424415 0.02900591 -0.8963281 0.4424528 0.02900787 -0.8963224 0.5549871 0.03637184 -0.8310634 0.5550949 0.03639132 -0.8309906 0.6587676 0.04317767 -0.7511065 0.6587325 0.04317094 -0.7511377 0.7509772 0.04922693 -0.6584906 0.7509384 0.04921883 -0.6585355 0.8302126 0.05440922 -0.5547853 0.8302815 0.05442536 -0.5546806 0.8953319 0.05871154 -0.4415129 0.8951682 0.05866618 -0.4418508 0.945102 0.0619684 -0.3208461 0.9451253 0.06197675 -0.3207755 0.9787531 0.06416251 -0.1947448 0.9787785 0.06417651 -0.1946122 0.9957239 0.06525865 -0.06538482 0.9957345 0.06527573 -0.06520556 0.9957345 -0.06527573 0.06520556 0.9957239 -0.06525865 0.06538482 0.9787785 -0.06417651 0.1946122 0.9787531 -0.06416251 0.1947448 0.9451253 -0.06197675 0.3207755 0.945102 -0.0619684 0.3208461 0.8951682 -0.05866618 0.4418508 0.8953319 -0.05871154 0.4415129 0.8302815 -0.05442536 0.5546806 0.8302126 -0.05440922 0.5547853 0.7509384 -0.04921883 0.6585355 0.7509772 -0.04922693 0.6584906 0.6587325 -0.04317094 0.7511377 0.6587676 -0.04317767 0.7511065 0.5551172 -0.03639279 0.8309755 0.5550095 -0.03637331 0.8310484 0.4424268 -0.02900616 0.8963354 0.4424155 -0.02900421 0.896341 0.3213172 -0.02105666 0.9467374 0.3214079 -0.02107199 0.9467064 0.1949889 -0.01278489 0.9807221 0.1949215 -0.01277366 0.9807357 0.06537765 -0.004284955 0.9978514 0.06539435 -0.004287729 0.9978503 -0.06537712 0.004283289 0.9978514 -0.06539315 0.004285971 0.9978504 -0.1949841 0.01277863 0.9807231 -0.1949466 0.01277225 0.9807307 -0.1949511 0.0127672 0.9807298 -0.1949874 0.01277492 -0.9807225 -0.1949841 0.01277001 -0.9807233 -0.1949499 0.01277634 -0.98073 -0.06534486 0.004282807 -0.9978535 -0.0653611 0.00428224 -0.9978526 0.06534538 -0.004284518 -0.9978535 0.0653623 -0.004283949 -0.9978524 0.194989 -0.01277808 -0.9807222 0.1949206 -0.01278041 -0.9807358 0.3213171 -0.02106603 -0.9467373 0.3214091 -0.02106269 -0.9467061 0.4424529 -0.02900665 -0.8963225 0.4424414 -0.02900713 -0.8963282 0.5550951 -0.03637892 -0.8309909 0.5549857 -0.03638417 -0.8310637 0.6587324 -0.04317536 -0.7511375 0.658768 -0.04317327 -0.7511063 0.7509382 -0.04922437 -0.6585354 0.7509778 -0.04922141 -0.6584904 0.830282 -0.05441377 -0.5546809 0.8302116 -0.05442079 -0.5547856 0.8951664 -0.05870069 -0.4418499 0.8953347 -0.0586771 -0.441512 0.9451258 -0.06196995 -0.3207757 0.9451016 -0.06197519 -0.3208462 0.9787793 -0.06416422 -0.1946124 0.9787523 -0.06417479 -0.1947449 0.9957356 -0.06525943 -0.06520563 0.9957228 -0.06527496 -0.06538487 0.9786853 -0.1946786 0.06538576 0.9786788 -0.1946644 0.06552456 0.962006 -0.1913621 0.1947438 0.9620034 -0.1913603 0.1947578 0.9289349 -0.1847645 0.320846 0.9289957 -0.1847957 0.3206516 0.8800139 -0.1750507 0.4415118 0.8799406 -0.1750196 0.4416705 0.8160108 -0.1622934 0.5547857 0.8161559 -0.1623482 0.5545563 0.7381278 -0.1468302 0.6584893 0.7379509 -0.1467683 0.6587015 0.6474957 -0.1287829 0.7511086 0.6476354 -0.1288293 0.7509802 0.5455143 -0.1085099 0.8310474 0.545428 -0.1084823 0.8311076 0.4348451 -0.08649432 0.8963417 0.4348631 -0.08649991 0.8963324 0.3159098 -0.06283931 0.9467059 0.3158891 -0.06283298 0.9467133 0.1915867 -0.03810561 0.9807357 0.1916237 -0.03811691 0.980728 0.06427529 -0.01278567 0.9978503 0.06425966 -0.01278092 0.9978514 -0.06427438 0.01278444 0.9978504 -0.06428423 0.01278745 0.9978496 -0.1916139 0.03811487 0.98073 -0.1915952 0.03810908 0.9807339 -0.1916221 0.03808576 0.9807295 -0.1916035 0.03819189 -0.980729 -0.1915583 0.03810174 -0.9807414 -0.1916164 0.03810716 -0.9807298 -0.06424253 0.01277916 -0.9978524 -0.06425278 0.01278015 -0.9978518 0.06424379 -0.01277776 -0.9978524 0.06422753 -0.01277617 -0.9978535 0.1915862 -0.03810944 -0.9807357 0.1916247 -0.03811318 -0.980728 0.3159101 -0.06283714 -0.9467061 0.3158886 -0.0628351 -0.9467134 0.4348705 -0.08650138 -0.8963287 0.4348892 -0.08650307 -0.8963195 0.5454938 -0.1084954 -0.8310627 0.5454035 -0.1084878 -0.831123 0.6474929 -0.1288009 -0.7511081 0.6476396 -0.1288115 -0.7509796 0.7381322 -0.1468044 -0.6584902 0.737945 -0.1467939 -0.6587024 0.8160064 -0.1623185 -0.554785 0.8161614 -0.1623233 -0.5545554 0.880017 -0.1750348 -0.4415123 0.8799372 -0.1750354 -0.4416709 0.9289313 -0.1847829 -0.3208455 0.9289995 -0.1847774 -0.3206511 0.9620062 -0.1913608 -0.1947438 0.9620031 -0.1913616 -0.1947579 0.9786878 -0.1946662 -0.0653858 0.9786764 -0.1946768 -0.06552451 0.9448956 -0.3207493 0.06551584 0.9449049 -0.3207799 0.06522987 0.9288034 -0.3152674 0.1947582 0.9288347 -0.3152973 0.1945605 0.8969307 -0.3044624 0.3206525 0.8968916 -0.3044354 0.3207877 0.8495701 -0.2883736 0.4416688 0.8496196 -0.2884027 0.4415547 0.7879738 -0.2674992 0.5545642 0.7878032 -0.2674078 0.5548505 0.7124861 -0.2418341 0.6586956 0.7127203 -0.2419524 0.6583985 0.6252701 -0.2122706 0.7509849 0.6249975 -0.2121384 0.7512492 0.5266073 -0.178744 0.8311049 0.5268496 -0.1788582 0.8309267 0.4198503 -0.1425187 0.8963336 0.4197627 -0.1424782 0.8963813 0.304986 -0.1035301 0.9467128 0.304967 -0.1035215 0.9467198 0.1850082 -0.0628019 0.9807283 0.1850145 -0.06280477 0.9807269 0.06204163 -0.02105961 0.9978514 0.06204785 -0.02106243 0.997851 -0.06206476 0.02106944 0.9978498 -0.06204772 0.02106167 0.9978509 -0.1849986 0.06280246 0.98073 -0.1849984 0.06280236 0.9807301 -0.1850598 0.06276196 0.980721 0 0.4609612 0.8874203 -0.1849866 0.06284714 -0.9807294 -0.1849673 0.06279179 -0.9807366 -0.1850407 0.0628085 -0.9807217 0 0.4609591 -0.8874214 -0.06203461 0.02105723 -0.9978518 -0.06201638 0.02105302 -0.9978531 0.06201084 -0.02104987 -0.9978535 0.0620175 -0.02105142 -0.997853 0.185008 -0.06280257 -0.9807283 0.1850148 -0.06280413 -0.980727 0.3049865 -0.1035281 -0.9467129 0.3049663 -0.1035234 -0.9467199 0.4198778 -0.1425173 -0.8963211 0.4197836 -0.1424961 -0.8963686 0.5265777 -0.1787659 -0.8311189 0.5268393 -0.1788227 -0.8309408 0.6252809 -0.2122346 -0.7509862 0.6249841 -0.2121735 -0.7512504 0.7124752 -0.2418692 -0.6586944 0.7127332 -0.241918 -0.6583973 0.7879834 -0.2674689 -0.5545652 0.7877924 -0.2674376 -0.5548515 0.8495665 -0.2883847 -0.4416686 0.8496233 -0.2883916 -0.4415544 0.8969347 -0.30445 -0.3206527 0.8968872 -0.3044477 -0.3207879 0.9287975 -0.3152847 -0.194758 0.9288406 -0.31528 -0.1945603 0.9448872 -0.320774 -0.06551572 0.9449133 -0.3207553 -0.06522971 0.8949593 -0.4413532 0.06523179 0.8949522 -0.4413107 0.06561591 0.8797234 -0.4338542 0.1945697 0.879704 -0.43383 0.1947112 0.8494727 -0.4189149 0.3207902 0.8495226 -0.4189601 0.3205993 0.8047032 -0.3968441 0.4415511 0.8046784 -0.3968247 0.4416138 0.7461535 -0.3679606 0.5548513 0.7461953 -0.3679906 0.5547752 0.6750441 -0.3328948 0.6584045 0.6750365 -0.3328897 0.6584147 0.5919624 -0.2919138 0.7512435 0.5920211 -0.2919525 0.7511823 0.498995 -0.2460898 0.8309295 0.4988558 -0.2460003 0.8310395 0.3975692 -0.1960639 0.8963803 0.3976095 -0.1960894 0.8963569 0.2888478 -0.1424415 0.9467193 0.2888908 -0.1424684 0.9467021 0.1752321 -0.08641687 0.9807272 0.1752053 -0.08640017 0.9807334 0.05876788 -0.02898155 0.9978509 0.05876965 -0.02898265 0.9978508 -0.05876752 0.0289815 0.9978509 -0.05876648 0.02898086 0.997851 -0.1751938 0.0863916 0.9807363 -0.1752391 0.08642006 0.9807256 -0.17524 0.08641963 0.9807255 -0.1752297 0.08630574 -0.9807374 -0.1752549 0.08642784 -0.9807222 -0.1752387 0.08642187 -0.9807256 -0.05873857 0.02896709 -0.997853 -0.05873743 0.02896667 -0.9978531 0.05873881 -0.02896744 -0.9978529 0.05874076 -0.02896817 -0.9978529 0.1752333 -0.08641397 -0.9807273 0.1752037 -0.08640287 -0.9807335 0.2888458 -0.1424462 -0.9467192 0.2888934 -0.142464 -0.9467021 0.3975906 -0.1960801 -0.8963672 0.3976354 -0.1960965 -0.8963439 0.4989824 -0.2460627 -0.8309451 0.4988267 -0.2460068 -0.8310551 0.5919589 -0.2919218 -0.7512432 0.5920253 -0.2919448 -0.7511818 0.6750446 -0.3328937 -0.6584045 0.675036 -0.3328909 -0.6584148 0.7461499 -0.3679682 -0.554851 0.7461991 -0.3679831 -0.5547751 0.804706 -0.3968384 -0.4415513 0.8046755 -0.3968305 -0.4416139 0.8494647 -0.4189315 -0.3207898 0.8495308 -0.4189436 -0.3205989 0.8797292 -0.4338425 -0.1945698 0.8796981 -0.4338418 -0.1947117 0.8949747 -0.4413218 -0.06523195 0.8949367 -0.4413421 -0.06561598 0.8296859 -0.5543609 0.06561433 0.8296863 -0.5543727 0.06550936 0.8155686 -0.5449204 0.1947042 0.8155766 -0.5449337 0.194633 0.7875881 -0.5262406 0.3205866 0.7875581 -0.5262052 0.3207183 0.7459928 -0.4984544 0.4416311 0.7459744 -0.4984357 0.4416832 0.6918043 -0.4622342 0.554749 0.6918514 -0.4622784 0.5546533 0.6257789 -0.4181617 0.6584389 0.6255884 -0.4179915 0.6587278 0.5488623 -0.3667404 0.7511669 0.5489824 -0.3668444 0.7510283 0.462471 -0.3090094 0.8310438 0.4625033 -0.3090368 0.8310156 0.3686266 -0.2462955 0.8963554 0.3686864 -0.2463454 0.8963171 0.2678158 -0.1789561 0.9467045 0.2677108 -0.1788693 0.9467506 0.1624271 -0.1085305 0.9807337 0.1624539 -0.1085526 0.9807268 0.05448532 -0.03640545 0.9978507 0.05448896 -0.03640844 0.9978504 -0.05448213 0.03640216 0.997851 -0.05448956 0.03640828 0.9978504 -0.1624604 0.1085513 0.9807258 -0.1624383 0.1085329 0.9807316 -0.1623869 0.10855 0.9807382 -0.1624614 0.1085498 -0.9807259 -0.1624612 0.1085482 -0.980726 -0.1624092 0.1085208 -0.9807377 -0.05445476 0.03638503 -0.997853 -0.05446325 0.03638954 -0.9978525 0.05445821 -0.03638789 -0.9978529 0.05446238 -0.03639011 -0.9978526 0.1624253 -0.1085335 -0.9807336 0.162456 -0.1085499 -0.9807268 0.2678229 -0.1789441 -0.9467049 0.2677025 -0.1788803 -0.9467509 0.368644 -0.246317 -0.8963423 0.3687131 -0.2463533 -0.8963039 0.4624498 -0.3090011 -0.8310586 0.4624875 -0.3090205 -0.8310304 0.548852 -0.3667572 -0.7511662 0.5489941 -0.3668285 -0.7510275 0.6257978 -0.4181314 -0.65844 0.6255677 -0.4180206 -0.658729 0.6917986 -0.4622431 -0.5547486 0.6918575 -0.4622697 -0.5546532 0.7459957 -0.4984499 -0.4416312 0.7459713 -0.4984401 -0.4416834 0.7875952 -0.52623 -0.3205868 0.7875509 -0.5262158 -0.3207186 0.8155649 -0.5449258 -0.1947041 0.8155803 -0.5449283 -0.194633 0.8296806 -0.5543689 -0.06561429 0.8296916 -0.5543648 -0.06550907 0.7502448 -0.6579041 0.0655355 0.7502359 -0.6579948 0.06472278 0.7374744 -0.6467311 0.1946034 0.7374562 -0.6466896 0.1948099 0.712117 -0.6245194 0.3207257 0.7120786 -0.6244601 0.3209263 0.6745315 -0.5915287 0.4417026 0.6745953 -0.5916134 0.4414916 0.6255924 -0.5486494 0.5546332 0.6254829 -0.5485157 0.554889 0.5656639 -0.4960705 0.6587399 0.5657386 -0.4961571 0.6586107 0.4964281 -0.4353349 0.7510278 0.4965001 -0.4354158 0.7509333 0.4182096 -0.3667735 0.8310102 0.4180706 -0.3666205 0.8311477 0.3333665 -0.2923751 0.8963166 0.3333193 -0.292324 0.8963509 0.2420722 -0.2122736 0.9467528 0.2422383 -0.2124522 0.9466704 0.1468937 -0.1288249 0.9807275 0.1468239 -0.1287502 0.9807478 0.04927 -0.04321053 0.9978504 0.0492647 -0.04320485 0.9978508 -0.04926985 0.04321134 0.9978503 -0.04926499 0.04320613 0.9978508 -0.1468548 0.1287892 0.9807379 -0.1468917 0.1288291 0.9807273 -0.1469801 0.1288122 0.9807162 -0.1468937 0.1287388 -0.9807388 -0.1468886 0.1288263 -0.980728 -0.146934 0.1288585 -0.9807171 -0.04924598 0.04318945 -0.9978525 -0.04924019 0.04318532 -0.9978529 0.04924615 -0.04318859 -0.9978524 0.04923985 -0.04318408 -0.997853 0.1469 -0.1288169 -0.9807276 0.1468167 -0.1287574 -0.9807479 0.242057 -0.2122932 -0.9467524 0.2422557 -0.2124345 -0.9466698 0.3333906 -0.2923865 -0.896304 0.3333338 -0.2923465 -0.8963382 0.4182074 -0.3667404 -0.8310259 0.4180376 -0.3666226 -0.8311633 0.4964197 -0.4353453 -0.7510273 0.4965094 -0.4354061 -0.7509328 0.5656538 -0.4960828 -0.6587394 0.5657494 -0.4961454 -0.6586102 0.6256106 -0.5486277 -0.554634 0.6254637 -0.5485365 -0.55489 0.6745174 -0.5915451 -0.441702 0.6746097 -0.5915973 -0.4414911 0.7121296 -0.6245049 -0.3207261 0.7120657 -0.6244745 -0.3209267 0.737487 -0.6467165 -0.1946037 0.7374436 -0.646704 -0.1948099 0.7501959 -0.6579598 -0.0655352 0.7502847 -0.6579391 -0.06472261 0.6579391 -0.7502847 0.06472246 0.6579598 -0.750196 0.0655352 0.646704 -0.7374436 0.1948101 0.6467166 -0.737487 0.1946037 0.6244745 -0.7120657 0.3209267 0.6245048 -0.7121296 0.3207261 0.5915973 -0.6746097 0.441491 0.5915451 -0.6745175 0.441702 0.5485366 -0.6254637 0.5548899 0.5486277 -0.6256106 0.554634 0.4961454 -0.5657494 0.6586102 0.4960828 -0.5656538 0.6587394 0.435406 -0.4965093 0.7509329 0.4353453 -0.4964197 0.7510273 0.3666374 -0.4180544 0.8311483 0.3667552 -0.4182243 0.8310109 0.2923293 -0.3333142 0.896351 0.2923693 -0.333371 0.8963169 0.2124345 -0.2422557 0.9466698 0.2122932 -0.242057 0.9467524 0.1287574 -0.1468167 0.9807479 0.1288169 -0.1469 0.9807276 0.04320538 -0.04926415 0.9978508 0.04320991 -0.04927047 0.9978503 -0.04320664 0.04926449 0.9978507 -0.04321077 0.04927029 0.9978503 -0.1288585 0.146934 0.9807171 -0.1288263 0.1468886 0.980728 -0.1287388 0.1468937 0.9807388 -0.1288122 0.1469801 -0.9807162 -0.1288291 0.1468917 -0.9807273 -0.1287892 0.1468548 -0.9807379 -0.04318482 0.04924069 -0.9978529 -0.04319002 0.04924555 -0.9978524 0.04318353 -0.04924039 -0.997853 0.04318921 -0.0492457 -0.9978525 0.1287502 -0.1468239 -0.9807478 0.1288249 -0.1468937 -0.9807275 0.2124522 -0.2422383 -0.9466704 0.2122736 -0.2420722 -0.9467528 0.2923412 -0.3333389 -0.896338 0.2923924 -0.3333861 -0.8963037 0.3666057 -0.4180537 -0.8311626 0.3667587 -0.4181928 -0.8310252 0.4354158 -0.4965001 -0.7509333 0.4353348 -0.496428 -0.7510278 0.4961571 -0.5657386 -0.6586107 0.4960704 -0.5656639 -0.6587401 0.5485156 -0.6254829 -0.554889 0.5486494 -0.6255925 -0.5546331 0.5916133 -0.6745953 -0.4414916 0.5915287 -0.6745315 -0.4417024 0.6244601 -0.7120786 -0.3209263 0.6245195 -0.712117 -0.3207258 0.6466896 -0.7374562 -0.1948099 0.646731 -0.7374744 -0.1946034 0.6579949 -0.7502358 -0.06472278 0.6579041 -0.7502448 -0.0655356 0.5543648 -0.8296916 0.0655093 0.5543689 -0.8296806 0.06561429 0.5449283 -0.8155804 0.1946329 0.5449259 -0.8155649 0.1947041 0.5262158 -0.787551 0.3207186 0.52623 -0.7875951 0.3205868 0.4984401 -0.7459713 0.4416834 0.4984499 -0.7459957 0.4416312 0.4622697 -0.6918575 0.554653 0.4622431 -0.6917986 0.5547486 0.4180206 -0.6255677 0.658729 0.4181314 -0.6257978 0.65844 0.3668284 -0.5489939 0.7510276 0.3667572 -0.548852 0.7511662 0.3090329 -0.4625061 0.8310154 0.3090135 -0.4624684 0.8310437 0.2463387 -0.3686914 0.8963169 0.2463025 -0.3686223 0.8963552 0.1788803 -0.2677025 0.9467509 0.1789441 -0.2678229 0.9467049 0.1085499 -0.162456 0.9807268 0.1085335 -0.1624253 0.9807336 0.03640807 -0.05448925 0.9978504 0.03640585 -0.05448509 0.9978507 -0.03640751 0.05449014 0.9978504 -0.03640299 0.05448165 0.997851 -0.1085208 0.1624092 0.9807377 -0.1085482 0.1624612 0.980726 -0.1085498 0.1624614 0.9807259 -0.10855 0.1623869 -0.9807382 -0.1085329 0.1624383 -0.9807316 -0.1085513 0.1624605 -0.9807258 -0.03639032 0.05446267 -0.9978525 -0.0363842 0.05445525 -0.997853 0.03639047 -0.05446208 -0.9978524 0.0363875 -0.05445846 -0.9978528 0.1085526 -0.1624539 -0.9807268 0.1085305 -0.1624271 -0.9807337 0.1788693 -0.2677108 -0.9467506 0.1789561 -0.2678158 -0.9467045 0.2463599 -0.3687081 -0.8963041 0.2463099 -0.3686482 -0.8963425 0.3090244 -0.4624847 -0.8310306 0.308997 -0.4624524 -0.8310587 0.3668444 -0.5489824 -0.7510283 0.3667405 -0.5488624 -0.7511668 0.4179915 -0.6255884 -0.6587278 0.4181616 -0.6257787 -0.658439 0.4622784 -0.6918514 -0.5546533 0.4622341 -0.6918042 -0.554749 0.4984356 -0.7459744 -0.4416832 0.4984544 -0.7459928 -0.4416312 0.5262052 -0.7875581 -0.3207184 0.5262406 -0.7875881 -0.3205865 0.5449337 -0.8155766 -0.194633 0.5449204 -0.8155686 -0.1947043 0.5543727 -0.8296863 -0.06550936 0.5543609 -0.8296859 -0.06561423 0.4413421 -0.8949367 0.06561606 0.4413218 -0.8949748 0.06523193 0.4338418 -0.8796982 0.1947114 0.4338424 -0.8797292 0.1945698 0.4189436 -0.8495308 0.3205989 0.4189315 -0.8494647 0.3207898 0.3968305 -0.8046755 0.441614 0.3968384 -0.804706 0.4415513 0.3679831 -0.7461991 0.5547751 0.3679682 -0.7461499 0.554851 0.3328909 -0.675036 0.6584148 0.3328937 -0.6750446 0.6584045 0.2919448 -0.5920252 0.751182 0.2919218 -0.5919589 0.7512432 0.2460167 -0.4988468 0.8310401 0.2460726 -0.4990025 0.83093 0.196085 -0.3976119 0.8963568 0.1960686 -0.3975673 0.8963802 0.142464 -0.2888934 0.9467021 0.1424462 -0.2888458 0.9467192 0.0864029 -0.1752037 0.9807335 0.08641397 -0.1752333 0.9807273 0.02898247 -0.05876975 0.9978507 0.02898174 -0.05876781 0.997851 -0.02898097 0.05876642 0.997851 -0.02898139 0.05876757 0.9978509 -0.08642186 0.1752387 0.9807256 -0.08642784 0.1752549 0.9807222 -0.08630574 0.1752297 0.9807374 -0.08641963 0.17524 -0.9807255 -0.08642006 0.1752391 -0.9807256 -0.08639161 0.1751939 -0.9807363 -0.02896656 0.05873749 -0.9978531 -0.0289672 0.05873851 -0.997853 0.02896835 -0.05874065 -0.9978529 0.02896726 -0.05873891 -0.997853 0.08640017 -0.1752053 -0.9807334 0.08641686 -0.175232 -0.9807272 0.1424684 -0.2888908 -0.9467021 0.1424415 -0.2888479 -0.9467193 0.1961009 -0.3976329 -0.896344 0.1960754 -0.3975926 -0.8963675 0.2459904 -0.4988357 -0.8310546 0.2460798 -0.4989748 -0.8309445 0.2919525 -0.5920211 -0.7511823 0.2919139 -0.5919625 -0.7512434 0.3328898 -0.6750365 -0.6584147 0.3328948 -0.6750441 -0.6584045 0.3679906 -0.7461953 -0.5547752 0.3679606 -0.7461535 -0.5548513 0.3968247 -0.8046784 -0.4416138 0.3968442 -0.8047032 -0.4415511 0.4189601 -0.8495225 -0.3205993 0.4189149 -0.8494728 -0.32079 0.43383 -0.8797039 -0.1947112 0.4338542 -0.8797234 -0.1945698 0.4413107 -0.8949522 -0.06561591 0.4413532 -0.8949593 -0.0652319 0.3207553 -0.9449133 0.06522977 0.3207739 -0.9448872 0.06551573 0.31528 -0.9288406 0.1945603 0.3152847 -0.9287975 0.194758 0.3044477 -0.8968872 0.3207879 0.30445 -0.8969347 0.3206527 0.2883917 -0.8496234 0.4415543 0.2883847 -0.8495665 0.4416686 0.2674376 -0.7877924 0.5548515 0.2674689 -0.7879834 0.5545652 0.241918 -0.7127332 0.6583974 0.2418692 -0.7124752 0.6586944 0.2121735 -0.6249841 0.7512504 0.2122346 -0.6252809 0.7509862 0.1788299 -0.5268607 0.8309258 0.1787731 -0.526599 0.831104 0.1424877 -0.4197589 0.8963815 0.1425089 -0.4198531 0.896334 0.1035234 -0.3049663 0.9467199 0.1035281 -0.3049865 0.9467129 0.06280413 -0.1850148 0.9807268 0.06280257 -0.185008 0.9807282 0.02106181 -0.06204811 0.9978509 0.02106026 -0.06204146 0.9978514 -0.02106341 0.062047 0.997851 -0.02106763 0.06206525 0.9978498 -0.4609591 0 0.8874214 -0.0628085 0.1850407 0.9807217 -0.06279179 0.1849673 0.9807366 -0.06284714 0.1849866 0.9807294 -0.4609612 0 -0.8874203 -0.06276195 0.1850598 -0.980721 -0.06280236 0.1849984 -0.9807301 -0.06280246 0.1849986 -0.98073 -0.02105128 0.0620171 -0.997853 -0.02105904 0.06203413 -0.9978518 0.02105204 -0.06201725 -0.997853 0.02104921 -0.06201101 -0.9978535 0.06280477 -0.1850145 -0.9807269 0.0628019 -0.1850082 -0.9807283 0.1035215 -0.304967 -0.9467198 0.1035301 -0.304986 -0.9467128 0.1424865 -0.4197873 -0.8963684 0.1425271 -0.419875 -0.8963208 0.178851 -0.5268283 -0.8309417 0.1787368 -0.5265862 -0.8311198 0.2121384 -0.6249975 -0.7512492 0.2122706 -0.6252702 -0.750985 0.2419523 -0.7127203 -0.6583985 0.2418341 -0.7124861 -0.6586957 0.2674077 -0.7878032 -0.5548505 0.2674991 -0.7879736 -0.5545644 0.2884027 -0.8496196 -0.4415547 0.2883735 -0.84957 -0.4416689 0.3044354 -0.8968916 -0.3207877 0.3044625 -0.8969308 -0.3206523 0.3152973 -0.9288347 -0.1945605 0.3152673 -0.9288033 -0.1947583 0.3207799 -0.9449049 -0.06522987 0.3207493 -0.9448956 -0.06551562 0.1946768 -0.9786764 0.06552462 0.1946662 -0.9786878 0.06538581 0.1913616 -0.9620032 0.1947579 0.1913608 -0.9620062 0.1947438 0.1847774 -0.9289995 0.3206512 0.1847829 -0.9289313 0.3208455 0.1750354 -0.8799372 0.4416709 0.1750348 -0.880017 0.4415122 0.1623233 -0.8161614 0.5545555 0.1623185 -0.8160064 0.554785 0.1467939 -0.737945 0.6587024 0.1468044 -0.7381321 0.6584902 0.1288115 -0.6476396 0.7509797 0.1288009 -0.6474929 0.7511081 0.1084922 -0.5454255 0.8311079 0.1084997 -0.5455159 0.8310477 0.08649798 -0.4348636 0.8963324 0.08649629 -0.4348449 0.8963416 0.06283511 -0.3158886 0.9467134 0.06283714 -0.3159101 0.9467061 0.03811318 -0.1916247 0.980728 0.03810944 -0.1915862 0.9807357 0.01278248 -0.06425923 0.9978514 0.01278407 -0.0642755 0.9978503 -0.01278646 0.0642845 0.9978497 -0.01278547 0.06427424 0.9978503 -0.03810716 0.1916164 0.9807298 -0.03810174 0.1915583 0.9807414 -0.03819189 0.1916035 0.980729 -0.03808576 0.1916221 -0.9807295 -0.03810908 0.1915952 -0.9807339 -0.03811487 0.1916139 -0.98073 -0.01278114 0.06425251 -0.9978518 -0.01277813 0.06424265 -0.9978526 0.01277461 -0.06422794 -0.9978535 0.01277937 -0.06424358 -0.9978524 0.03811691 -0.1916238 -0.980728 0.03810561 -0.1915867 -0.9807357 0.06283299 -0.3158892 -0.9467133 0.06283931 -0.3159097 -0.9467059 0.086505 -0.4348886 -0.8963196 0.0864994 -0.4348707 -0.8963287 0.1084779 -0.545406 -0.8311226 0.1085055 -0.5454924 -0.8310623 0.1288293 -0.6476354 -0.7509802 0.1287829 -0.6474957 -0.7511086 0.1467683 -0.7379508 -0.6587015 0.1468302 -0.7381278 -0.6584894 0.1623482 -0.8161559 -0.5545563 0.1622934 -0.8160109 -0.5547857 0.1750196 -0.8799406 -0.4416705 0.1750507 -0.880014 -0.4415118 0.1847957 -0.9289957 -0.3206516 0.1847645 -0.9289349 -0.3208459 0.1913603 -0.9620034 -0.1947578 0.1913621 -0.962006 -0.1947438 0.1946644 -0.9786788 -0.06552457 0.1946786 -0.9786853 -0.06538584 0.06527495 -0.9957228 0.06538489 0.06525943 -0.9957356 0.06520562 0.06417478 -0.9787523 0.1947449 0.06416422 -0.9787793 0.1946123 0.06197519 -0.9451014 0.3208462 0.06196996 -0.9451258 0.3207757 0.0586771 -0.8953347 0.441512 0.05870069 -0.8951664 0.4418499 0.05442079 -0.8302116 0.5547856 0.05441377 -0.830282 0.5546809 0.04922141 -0.7509777 0.6584904 0.04922437 -0.7509382 0.6585354 0.04317326 -0.658768 0.7511063 0.04317536 -0.6587324 0.7511375 0.03638563 -0.5550081 0.8310488 0.03638039 -0.5551175 0.8309759 0.02900542 -0.4424154 0.896341 0.02900495 -0.4424269 0.8963354 0.02106269 -0.3214091 0.9467062 0.02106603 -0.3213171 0.9467373 0.01278041 -0.1949206 0.9807358 0.01277808 -0.194989 0.9807222 0.004286064 -0.06539457 0.9978503 0.004286633 -0.06537765 0.9978514 -0.004284353 0.06539336 0.9978504 -0.004284921 0.06537712 0.9978515 -0.01277634 0.1949499 0.98073 -0.01277001 0.1949841 0.9807233 -0.01277492 0.1949874 0.9807225 -0.01276719 0.1949511 -0.9807298 -0.01277225 0.1949466 -0.9807307 -0.01277863 0.1949841 -0.9807231 -0.004283856 0.06536087 -0.9978524 -0.004281176 0.06534487 -0.9978536 0.004285614 -0.0653621 -0.9978524 0.004282841 -0.06534538 -0.9978535 0.01277366 -0.1949214 -0.9807357 0.01278489 -0.1949889 -0.9807221 0.02107199 -0.321408 -0.9467064 0.02105666 -0.3213172 -0.9467374 0.02900591 -0.4424415 -0.8963281 0.02900787 -0.4424528 -0.8963224 0.03637184 -0.5549871 -0.8310634 0.03639133 -0.5550949 -0.8309906 0.04317768 -0.6587676 -0.7511065 0.04317094 -0.6587325 -0.7511377 0.04922692 -0.7509772 -0.6584906 0.04921883 -0.7509384 -0.6585355 0.05440921 -0.8302126 -0.5547852 0.05442537 -0.8302815 -0.5546806 0.05871155 -0.8953319 -0.4415129 0.05866618 -0.8951682 -0.4418508 0.0619684 -0.945102 -0.3208461 0.06197675 -0.9451253 -0.3207755 0.06416252 -0.9787531 -0.1947448 0.0641765 -0.9787785 -0.1946122 0.06525866 -0.9957239 -0.06538483 0.06527573 -0.9957345 -0.06520556 -0.06527573 -0.9957345 0.06520556 -0.06525865 -0.9957239 0.06538481 -0.06417651 -0.9787785 0.1946122 -0.06416251 -0.9787531 0.1947447 -0.06197675 -0.9451253 0.3207755 -0.06196839 -0.9451019 0.3208461 -0.05866618 -0.8951682 0.4418508 -0.05871154 -0.8953319 0.4415129 -0.05442536 -0.8302815 0.5546806 -0.05440922 -0.8302126 0.5547853 -0.04921883 -0.7509384 0.6585355 -0.04922693 -0.7509772 0.6584906 -0.04317094 -0.6587325 0.7511377 -0.04317767 -0.6587676 0.7511065 -0.03639279 -0.5551172 0.8309755 -0.03637331 -0.5550094 0.8310484 -0.02900616 -0.4424268 0.8963354 -0.02900421 -0.4424155 0.8963411 -0.02105666 -0.3213172 0.9467374 -0.02107199 -0.3214079 0.9467064 -0.01278489 -0.1949889 0.9807221 -0.01277366 -0.1949214 0.9807357 -0.004284955 -0.06537765 0.9978514 -0.004287729 -0.06539435 0.9978503 0.004283289 0.06537712 0.9978514 0.004285972 0.06539316 0.9978504 0.01277863 0.1949841 0.9807231 0.01276719 0.1949511 0.9807298 0.01277225 0.1949466 0.9807307 0.01277001 0.1949841 -0.9807233 0.01277492 0.1949874 -0.9807225 0.01277634 0.1949499 -0.98073 0.004282807 0.06534486 -0.9978535 0.004282239 0.06536109 -0.9978524 -0.004284518 -0.06534538 -0.9978535 -0.00428395 -0.0653623 -0.9978524 -0.01277808 -0.194989 -0.9807222 -0.01278041 -0.1949206 -0.9807358 -0.02106603 -0.3213171 -0.9467373 -0.02106269 -0.3214091 -0.9467061 -0.02900666 -0.4424529 -0.8963225 -0.02900713 -0.4424414 -0.8963282 -0.03637892 -0.5550951 -0.8309909 -0.03638417 -0.5549858 -0.8310638 -0.04317536 -0.6587324 -0.7511375 -0.04317327 -0.658768 -0.7511063 -0.04922437 -0.7509382 -0.6585354 -0.04922141 -0.7509776 -0.6584904 -0.05441377 -0.830282 -0.5546809 -0.05442079 -0.8302116 -0.5547856 -0.05870069 -0.8951664 -0.4418499 -0.05867709 -0.8953346 -0.441512 -0.06196995 -0.9451258 -0.3207757 -0.06197519 -0.9451016 -0.3208462 -0.06416422 -0.9787793 -0.1946124 -0.06417479 -0.9787523 -0.1947449 -0.06525943 -0.9957356 -0.06520563 -0.06527496 -0.9957228 -0.06538489 -0.1946786 -0.9786853 0.06538576 -0.1946644 -0.9786788 0.06552465 -0.1913621 -0.962006 0.1947438 -0.1913603 -0.9620035 0.1947578 -0.1847645 -0.9289349 0.320846 -0.1847958 -0.9289958 0.3206515 -0.1750507 -0.8800139 0.4415118 -0.1750196 -0.8799406 0.4416704 -0.1622934 -0.8160108 0.5547857 -0.1623482 -0.8161559 0.5545563 -0.1468302 -0.7381278 0.6584893 -0.1467683 -0.7379509 0.6587014 -0.1287829 -0.6474957 0.7511086 -0.1288293 -0.6476354 0.7509802 -0.1085099 -0.5455143 0.8310474 -0.1084823 -0.5454281 0.8311076 -0.08649432 -0.4348451 0.8963417 -0.0864999 -0.434863 0.8963324 -0.06283931 -0.3159098 0.9467059 -0.06283299 -0.3158892 0.9467133 -0.03810561 -0.1915867 0.9807357 -0.03811691 -0.1916237 0.980728 -0.01278567 -0.06427529 0.9978503 -0.01278092 -0.06425965 0.9978514 0.01278444 0.06427438 0.9978504 0.01278745 0.06428423 0.9978496 0.03811487 0.1916139 0.98073 0.03808576 0.1916221 0.9807295 0.03810908 0.1915952 0.9807339 0.03819189 0.1916035 -0.980729 0.03810174 0.1915583 -0.9807414 0.03810716 0.1916164 -0.9807298 0.01277916 0.06424253 -0.9978524 0.01278014 0.06425277 -0.9978518 -0.01277776 -0.06424379 -0.9978524 -0.01277617 -0.06422753 -0.9978535 -0.03810944 -0.1915862 -0.9807357 -0.03811318 -0.1916247 -0.980728 -0.06283714 -0.3159101 -0.9467061 -0.06283511 -0.3158886 -0.9467134 -0.08650138 -0.4348705 -0.8963287 -0.08650307 -0.4348891 -0.8963195 -0.1084954 -0.5454938 -0.8310627 -0.1084879 -0.5454036 -0.8311229 -0.1288009 -0.6474929 -0.7511081 -0.1288115 -0.6476396 -0.7509797 -0.1468044 -0.7381322 -0.6584902 -0.1467939 -0.737945 -0.6587023 -0.1623185 -0.8160064 -0.554785 -0.1623233 -0.8161614 -0.5545555 -0.1750348 -0.880017 -0.4415123 -0.1750354 -0.8799372 -0.4416709 -0.1847829 -0.9289313 -0.3208455 -0.1847774 -0.9289995 -0.3206512 -0.1913608 -0.9620062 -0.1947438 -0.1913616 -0.9620032 -0.1947579 -0.1946662 -0.9786878 -0.0653858 -0.1946768 -0.9786764 -0.06552462 -0.3207493 -0.9448956 0.06551584 -0.3207799 -0.9449049 0.06522959 -0.3152674 -0.9288034 0.1947582 -0.3152973 -0.9288347 0.1945606 -0.3044624 -0.8969307 0.3206525 -0.3044354 -0.8968916 0.3207876 -0.2883736 -0.8495701 0.4416688 -0.2884027 -0.8496195 0.4415548 -0.2674992 -0.7879738 0.5545642 -0.2674078 -0.7878032 0.5548505 -0.2418341 -0.7124861 0.6586956 -0.2419523 -0.7127203 0.6583987 -0.2122706 -0.6252701 0.7509849 -0.2121385 -0.6249976 0.7512492 -0.178744 -0.5266073 0.8311049 -0.1788582 -0.5268496 0.8309267 -0.1425187 -0.4198503 0.8963336 -0.1424782 -0.4197627 0.8963813 -0.1035301 -0.304986 0.9467128 -0.1035215 -0.304967 0.9467198 -0.0628019 -0.1850082 0.9807283 -0.06280477 -0.1850145 0.9807269 -0.02105961 -0.06204163 0.9978514 -0.02106244 -0.06204787 0.997851 0.02106944 0.06206476 0.9978498 0.02106168 0.06204773 0.9978509 0.06280246 0.1849986 0.98073 0.06276195 0.1850598 0.980721 0.06280236 0.1849984 0.9807301 0.4609612 0 0.8874203 0.06284714 0.1849866 -0.9807294 0.06279179 0.1849673 -0.9807366 0.4609591 0 -0.8874214 0.0628085 0.1850407 -0.9807217 0.02105723 0.06203461 -0.9978518 0.02105302 0.06201639 -0.9978531 -0.02104987 -0.06201084 -0.9978535 -0.02105142 -0.0620175 -0.997853 -0.06280257 -0.185008 -0.9807283 -0.06280413 -0.1850148 -0.9807268 -0.1035281 -0.3049865 -0.9467129 -0.1035234 -0.3049663 -0.9467199 -0.1425173 -0.4198778 -0.8963211 -0.1424961 -0.4197836 -0.8963686 -0.1787659 -0.5265777 -0.8311189 -0.1788227 -0.5268394 -0.8309408 -0.2122346 -0.6252809 -0.7509862 -0.2121735 -0.6249841 -0.7512504 -0.2418692 -0.7124752 -0.6586944 -0.241918 -0.7127332 -0.6583974 -0.2674689 -0.7879834 -0.5545652 -0.2674376 -0.7877924 -0.5548515 -0.2883847 -0.8495665 -0.4416686 -0.2883917 -0.8496234 -0.4415543 -0.30445 -0.8969347 -0.3206527 -0.3044477 -0.8968872 -0.3207879 -0.3152847 -0.9287975 -0.194758 -0.31528 -0.9288406 -0.1945602 -0.320774 -0.9448872 -0.06551572 -0.3207553 -0.9449133 -0.06522977 -0.4413532 -0.8949593 0.06523179 -0.4413107 -0.8949522 0.0656158 -0.4338542 -0.8797234 0.1945697 -0.43383 -0.879704 0.1947112 -0.4189149 -0.8494727 0.3207902 -0.4189601 -0.8495226 0.3205992 -0.3968441 -0.8047032 0.4415511 -0.3968247 -0.8046784 0.4416139 -0.3679606 -0.7461535 0.5548513 -0.3679906 -0.7461954 0.5547752 -0.3328948 -0.6750441 0.6584045 -0.3328898 -0.6750366 0.6584147 -0.2919138 -0.5919624 0.7512435 -0.2919525 -0.592021 0.7511823 -0.2460898 -0.498995 0.8309295 -0.2460003 -0.4988559 0.8310395 -0.1960639 -0.3975692 0.8963803 -0.1960894 -0.3976094 0.896357 -0.1424415 -0.2888478 0.9467193 -0.1424684 -0.2888907 0.9467021 -0.08641687 -0.1752321 0.9807272 -0.08640017 -0.1752053 0.9807334 -0.02898155 -0.05876788 0.9978509 -0.02898264 -0.05876964 0.9978508 0.0289815 0.05876752 0.9978509 0.02898086 0.05876648 0.997851 0.0863916 0.1751938 0.9807363 0.08641963 0.17524 0.9807255 0.08642006 0.1752391 0.9807256 0.08630574 0.1752297 -0.9807374 0.08642784 0.1752549 -0.9807222 0.08642187 0.1752387 -0.9807256 0.02896709 0.05873857 -0.997853 0.02896667 0.05873743 -0.9978531 -0.02896744 -0.05873881 -0.9978529 -0.02896817 -0.05874076 -0.9978529 -0.08641397 -0.1752333 -0.9807273 -0.08640289 -0.1752037 -0.9807335 -0.1424462 -0.2888458 -0.9467192 -0.142464 -0.2888934 -0.9467021 -0.1960801 -0.3975906 -0.8963672 -0.1960965 -0.3976353 -0.8963439 -0.2460627 -0.4989824 -0.8309451 -0.2460068 -0.4988267 -0.8310551 -0.2919218 -0.5919589 -0.7512432 -0.2919448 -0.5920252 -0.751182 -0.3328937 -0.6750446 -0.6584045 -0.3328909 -0.675036 -0.6584148 -0.3679682 -0.7461499 -0.554851 -0.3679831 -0.7461991 -0.5547751 -0.3968384 -0.804706 -0.4415513 -0.3968305 -0.8046755 -0.441614 -0.4189315 -0.8494647 -0.3207898 -0.4189436 -0.8495308 -0.3205989 -0.4338425 -0.8797292 -0.1945698 -0.4338418 -0.8796982 -0.1947114 -0.4413218 -0.8949747 -0.06523195 -0.4413421 -0.8949367 -0.06561606 -0.5543609 -0.8296859 0.06561433 -0.5543727 -0.8296863 0.06550937 -0.5449204 -0.8155686 0.1947042 -0.5449337 -0.8155766 0.1946331 -0.5262406 -0.7875881 0.3205866 -0.5262052 -0.787558 0.3207186 -0.4984544 -0.7459928 0.4416311 -0.4984357 -0.7459744 0.4416831 -0.4622342 -0.6918043 0.554749 -0.4622783 -0.6918513 0.5546535 -0.4181617 -0.6257789 0.6584389 -0.4179915 -0.6255884 0.6587278 -0.3667404 -0.5488623 0.7511669 -0.3668443 -0.5489824 0.7510284 -0.3090094 -0.462471 0.8310438 -0.3090368 -0.4625033 0.8310156 -0.2462955 -0.3686266 0.8963554 -0.2463453 -0.3686864 0.8963171 -0.1789561 -0.2678158 0.9467045 -0.1788692 -0.2677108 0.9467506 -0.1085305 -0.1624271 0.9807337 -0.1085527 -0.162454 0.9807268 -0.03640545 -0.05448532 0.9978507 -0.03640845 -0.05448898 0.9978505 0.03640216 0.05448213 0.997851 0.03640827 0.05448954 0.9978504 0.1085513 0.1624604 0.9807258 0.10855 0.1623869 0.9807382 0.1085329 0.1624383 0.9807316 0.1085498 0.1624614 -0.9807259 0.1085482 0.1624612 -0.980726 0.1085208 0.1624092 -0.9807377 0.03638503 0.05445476 -0.997853 0.03638955 0.05446326 -0.9978525 -0.03638789 -0.05445821 -0.9978529 -0.03639011 -0.05446237 -0.9978526 -0.1085335 -0.1624253 -0.9807336 -0.1085499 -0.162456 -0.9807268 -0.1789441 -0.2678229 -0.9467049 -0.1788803 -0.2677025 -0.9467509 -0.246317 -0.368644 -0.8963423 -0.2463532 -0.3687131 -0.896304 -0.3090011 -0.4624498 -0.8310586 -0.3090205 -0.4624875 -0.8310304 -0.3667572 -0.548852 -0.7511662 -0.3668284 -0.5489939 -0.7510276 -0.4181314 -0.6257978 -0.65844 -0.4180206 -0.6255677 -0.658729 -0.4622431 -0.6917986 -0.5547486 -0.4622697 -0.6918575 -0.554653 -0.4984499 -0.7459957 -0.4416312 -0.4984401 -0.7459713 -0.4416834 -0.52623 -0.7875952 -0.3205868 -0.5262158 -0.7875509 -0.3207186 -0.5449258 -0.8155649 -0.1947041 -0.5449283 -0.8155803 -0.1946329 -0.5543689 -0.8296806 -0.06561429 -0.5543648 -0.8296916 -0.0655093 -0.6579041 -0.7502448 0.0655355 -0.6579948 -0.7502359 0.06472281 -0.6467311 -0.7374744 0.1946034 -0.6466896 -0.7374562 0.1948099 -0.6245194 -0.712117 0.3207257 -0.6244601 -0.7120786 0.3209263 -0.5915287 -0.6745315 0.4417026 -0.5916134 -0.6745954 0.4414915 -0.5486494 -0.6255924 0.5546332 -0.5485156 -0.6254828 0.5548891 -0.4960705 -0.5656639 0.6587399 -0.4961571 -0.5657385 0.6586108 -0.4353349 -0.4964281 0.7510278 -0.4354159 -0.4965001 0.7509333 -0.3667735 -0.4182096 0.8310102 -0.3666205 -0.4180706 0.8311476 -0.2923751 -0.3333665 0.8963166 -0.292324 -0.3333193 0.8963509 -0.2122736 -0.2420722 0.9467528 -0.2124523 -0.2422383 0.9466703 -0.1288249 -0.1468937 0.9807275 -0.1287501 -0.1468239 0.9807478 -0.04321053 -0.04927 0.9978504 -0.04320487 -0.04926472 0.9978508 0.04321134 0.04926985 0.9978503 0.04320612 0.04926498 0.9978508 0.1287892 0.1468548 0.9807379 0.1288122 0.1469801 0.9807162 0.1288291 0.1468917 0.9807273 0.1287388 0.1468937 -0.9807388 0.1288263 0.1468886 -0.980728 0.1288585 0.146934 -0.9807171 0.04318945 0.04924598 -0.9978525 0.04318532 0.04924019 -0.9978529 -0.04318859 -0.04924615 -0.9978524 -0.04318407 -0.04923984 -0.997853 -0.1288169 -0.1469 -0.9807276 -0.1287574 -0.1468167 -0.9807479 -0.2122932 -0.242057 -0.9467524 -0.2124345 -0.2422557 -0.9466698 -0.2923865 -0.3333906 -0.896304 -0.2923465 -0.3333338 -0.8963382 -0.3667404 -0.4182074 -0.8310259 -0.3666226 -0.4180376 -0.8311633 -0.4353453 -0.4964197 -0.7510273 -0.435406 -0.4965093 -0.7509329 -0.4960828 -0.5656538 -0.6587394 -0.4961454 -0.5657494 -0.6586102 -0.5486277 -0.6256106 -0.554634 -0.5485366 -0.6254638 -0.5548899 -0.5915451 -0.6745174 -0.441702 -0.5915973 -0.6746097 -0.441491 -0.6245049 -0.7121296 -0.3207261 -0.6244745 -0.7120657 -0.3209267 -0.6467165 -0.737487 -0.1946037 -0.646704 -0.7374436 -0.1948102 -0.6579598 -0.7501959 -0.0655352 -0.6579392 -0.7502847 -0.06472247 -0.7502847 -0.6579391 0.06472246 -0.750196 -0.6579599 0.06553517 -0.7374436 -0.646704 0.1948101 -0.737487 -0.6467165 0.1946039 -0.7120657 -0.6244745 0.3209267 -0.7121296 -0.6245048 0.3207262 -0.6746097 -0.5915973 0.441491 -0.6745175 -0.5915451 0.441702 -0.6254637 -0.5485366 0.5548899 -0.6256106 -0.5486277 0.5546341 -0.5657494 -0.4961454 0.6586102 -0.5656538 -0.4960828 0.6587394 -0.4965093 -0.435406 0.7509329 -0.4964197 -0.4353453 0.7510272 -0.4180544 -0.3666374 0.8311483 -0.4182243 -0.3667552 0.8310109 -0.3333142 -0.2923293 0.896351 -0.333371 -0.2923692 0.8963169 -0.2422557 -0.2124345 0.9466698 -0.242057 -0.2122932 0.9467524 -0.1468167 -0.1287574 0.9807479 -0.1468999 -0.1288168 0.9807276 -0.04926415 -0.04320538 0.9978508 -0.04927047 -0.04320991 0.9978503 0.04926449 0.04320664 0.9978507 0.04927028 0.04321077 0.9978503 0.146934 0.1288585 0.9807171 0.1468937 0.1287388 0.9807388 0.1468886 0.1288263 0.980728 0.1469801 0.1288122 -0.9807162 0.1468917 0.1288291 -0.9807273 0.1468548 0.1287892 -0.9807379 0.04924069 0.04318482 -0.9978529 0.04924554 0.04319001 -0.9978524 -0.04924039 -0.04318353 -0.997853 -0.0492457 -0.04318921 -0.9978525 -0.1468239 -0.1287502 -0.9807478 -0.1468937 -0.1288249 -0.9807275 -0.2422383 -0.2124522 -0.9466704 -0.2420722 -0.2122736 -0.9467528 -0.3333389 -0.2923412 -0.896338 -0.333386 -0.2923923 -0.8963038 -0.4180537 -0.3666057 -0.8311626 -0.4181928 -0.3667587 -0.8310252 -0.4965001 -0.4354158 -0.7509333 -0.4964281 -0.4353349 -0.7510278 -0.5657386 -0.4961571 -0.6586107 -0.5656639 -0.4960705 -0.6587399 -0.6254829 -0.5485156 -0.554889 -0.6255924 -0.5486494 -0.5546332 -0.6745953 -0.5916133 -0.4414916 -0.6745315 -0.5915287 -0.4417026 -0.7120786 -0.6244601 -0.3209263 -0.712117 -0.6245195 -0.3207257 -0.7374562 -0.6466896 -0.1948099 -0.7374744 -0.646731 -0.1946034 -0.7502358 -0.6579949 -0.06472278 -0.7502448 -0.6579041 -0.0655355 -0.8296916 -0.5543648 0.0655093 -0.8296806 -0.5543689 0.06561445 -0.8155804 -0.5449283 0.1946329 -0.8155649 -0.5449259 0.1947043 -0.787551 -0.5262158 0.3207186 -0.7875952 -0.52623 0.3205866 -0.7459713 -0.4984401 0.4416834 -0.7459957 -0.4984499 0.4416312 -0.6918575 -0.4622697 0.554653 -0.6917985 -0.4622431 0.5547487 -0.6255677 -0.4180206 0.658729 -0.6257977 -0.4181314 0.6584401 -0.5489939 -0.3668284 0.7510276 -0.5488518 -0.3667571 0.7511663 -0.4625061 -0.3090329 0.8310154 -0.4624684 -0.3090135 0.8310438 -0.3686914 -0.2463387 0.8963169 -0.3686222 -0.2463025 0.8963552 -0.2677025 -0.1788803 0.9467509 -0.2678228 -0.1789441 0.9467049 -0.162456 -0.1085499 0.9807268 -0.1624253 -0.1085335 0.9807336 -0.05448925 -0.03640807 0.9978504 -0.05448509 -0.03640585 0.9978507 0.05449014 0.03640751 0.9978504 0.05448164 0.03640299 0.997851 0.1624092 0.1085208 0.9807377 0.1624614 0.1085498 0.9807259 0.1624612 0.1085482 0.980726 0.1623869 0.10855 -0.9807382 0.1624383 0.1085329 -0.9807316 0.1624605 0.1085513 -0.9807258 0.05446267 0.03639032 -0.9978525 0.05445524 0.03638419 -0.997853 -0.05446208 -0.03639047 -0.9978524 -0.05445844 -0.03638748 -0.9978528 -0.1624539 -0.1085526 -0.9807268 -0.1624271 -0.1085305 -0.9807337 -0.2677108 -0.1788693 -0.9467506 -0.2678158 -0.1789561 -0.9467045 -0.3687081 -0.2463599 -0.8963041 -0.3686482 -0.2463099 -0.8963425 -0.4624847 -0.3090244 -0.8310306 -0.4624523 -0.308997 -0.8310587 -0.5489824 -0.3668444 -0.7510283 -0.5488623 -0.3667404 -0.7511669 -0.6255884 -0.4179915 -0.6587278 -0.6257789 -0.4181617 -0.6584389 -0.6918514 -0.4622784 -0.5546533 -0.6918043 -0.4622342 -0.554749 -0.7459744 -0.4984356 -0.4416832 -0.7459928 -0.4984544 -0.4416311 -0.7875581 -0.5262052 -0.3207184 -0.7875881 -0.5262406 -0.3205866 -0.8155766 -0.5449337 -0.194633 -0.8155686 -0.5449204 -0.1947042 -0.8296863 -0.5543727 -0.06550936 -0.8296859 -0.5543609 -0.06561433 -0.8949367 -0.4413421 0.06561606 -0.8949748 -0.4413218 0.06523202 -0.8796982 -0.4338418 0.1947114 -0.8797292 -0.4338424 0.19457 -0.8495308 -0.4189436 0.3205989 -0.8494647 -0.4189315 0.3207899 -0.8046755 -0.3968305 0.441614 -0.804706 -0.3968384 0.4415514 -0.7461991 -0.3679831 0.5547751 -0.7461499 -0.3679682 0.5548511 -0.675036 -0.3328909 0.6584148 -0.6750444 -0.3328936 0.6584048 -0.5920252 -0.2919448 0.751182 -0.5919588 -0.2919218 0.7512432 -0.4988468 -0.2460167 0.8310401 -0.4990025 -0.2460726 0.8309301 -0.3976119 -0.196085 0.8963568 -0.3975672 -0.1960686 0.8963802 -0.2888934 -0.142464 0.9467021 -0.2888458 -0.1424462 0.9467192 -0.1752037 -0.0864029 0.9807335 -0.1752332 -0.08641394 0.9807272 -0.05876975 -0.02898247 0.9978507 -0.0587678 -0.02898174 0.997851 0.05876642 0.02898097 0.997851 0.05876757 0.02898139 0.9978509 0.1752387 0.08642186 0.9807256 0.1752297 0.08630574 0.9807374 0.1752549 0.08642784 0.9807222 0.17524 0.08641963 -0.9807255 0.1752391 0.08642006 -0.9807256 0.1751938 0.0863916 -0.9807363 0.05873749 0.02896656 -0.9978531 0.05873853 0.02896721 -0.997853 -0.05874065 -0.02896835 -0.9978529 -0.0587389 -0.02896726 -0.997853 -0.1752053 -0.08640017 -0.9807334 -0.1752321 -0.08641687 -0.9807272 -0.2888908 -0.1424684 -0.9467021 -0.2888478 -0.1424415 -0.9467193 -0.3976329 -0.1961009 -0.896344 -0.3975927 -0.1960755 -0.8963674 -0.4988357 -0.2459904 -0.8310546 -0.4989749 -0.2460799 -0.8309445 -0.5920211 -0.2919525 -0.7511823 -0.5919624 -0.2919138 -0.7512435 -0.6750365 -0.3328898 -0.6584147 -0.6750441 -0.3328949 -0.6584045 -0.7461953 -0.3679906 -0.5547752 -0.7461535 -0.3679606 -0.5548513 -0.8046784 -0.3968247 -0.4416138 -0.8047032 -0.3968442 -0.4415512 -0.8495225 -0.4189601 -0.3205993 -0.8494728 -0.4189149 -0.3207902 -0.8797039 -0.43383 -0.1947112 -0.8797234 -0.4338542 -0.1945697 -0.8949522 -0.4413107 -0.06561591 -0.8949593 -0.4413532 -0.0652318 -0.9449133 -0.3207553 0.06522977 -0.9448872 -0.320774 0.06551567 -0.9288406 -0.31528 0.1945603 -0.9287975 -0.3152847 0.194758 -0.8968872 -0.3044477 0.3207879 -0.8969347 -0.30445 0.3206527 -0.8496234 -0.2883917 0.4415543 -0.8495665 -0.2883847 0.4416685 -0.7877924 -0.2674376 0.5548515 -0.7879834 -0.2674689 0.5545651 -0.7127332 -0.241918 0.6583974 -0.7124752 -0.2418692 0.6586944 -0.6249841 -0.2121735 0.7512504 -0.6252809 -0.2122346 0.7509862 -0.5268607 -0.1788299 0.8309258 -0.5265989 -0.1787731 0.8311039 -0.4197589 -0.1424877 0.8963815 -0.4198531 -0.1425088 0.896334 -0.3049663 -0.1035234 0.9467199 -0.3049865 -0.1035281 0.9467129 -0.1850148 -0.06280413 0.9807268 -0.185008 -0.06280255 0.9807282 -0.06204811 -0.02106181 0.9978509 -0.06204147 -0.02106027 0.9978514 0.062047 0.02106341 0.997851 0.06206524 0.02106762 0.9978496 -0 0.4609591 0.8874214 0.1850407 0.0628085 0.9807217 0.1849866 0.06284714 0.9807294 0.1849673 0.06279179 0.9807366 0 0.4609612 -0.8874203 0.1850598 0.06276195 -0.980721 0.1849984 0.06280236 -0.9807301 0.1849986 0.06280246 -0.98073 0.0620171 0.02105128 -0.997853 0.06203414 0.02105905 -0.9978518 -0.06201725 -0.02105204 -0.997853 -0.06201102 -0.02104922 -0.9978535 -0.1850145 -0.06280477 -0.9807269 -0.1850082 -0.0628019 -0.9807283 -0.304967 -0.1035215 -0.9467198 -0.3049859 -0.1035301 -0.9467128 -0.4197873 -0.1424865 -0.8963684 -0.419875 -0.1425271 -0.8963208 -0.5268283 -0.178851 -0.8309417 -0.5265861 -0.1787368 -0.8311198 -0.6249975 -0.2121384 -0.7512492 -0.6252701 -0.2122706 -0.7509849 -0.7127203 -0.2419523 -0.6583985 -0.7124861 -0.2418341 -0.6586956 -0.7878032 -0.2674077 -0.5548505 -0.7879738 -0.2674992 -0.5545642 -0.8496196 -0.2884027 -0.4415547 -0.8495701 -0.2883736 -0.4416688 -0.8968916 -0.3044354 -0.3207877 -0.8969307 -0.3044624 -0.3206524 -0.9288347 -0.3152973 -0.1945605 -0.9288034 -0.3152674 -0.1947582 -0.9449049 -0.3207799 -0.06522987 -0.9448956 -0.3207493 -0.06551584 -0.9786764 -0.1946768 0.06552462 -0.9786878 -0.1946662 0.0653857 -0.9620032 -0.1913616 0.1947579 -0.9620062 -0.1913608 0.1947438 -0.9289995 -0.1847774 0.3206512 -0.9289313 -0.1847829 0.3208455 -0.8799372 -0.1750354 0.4416709 -0.880017 -0.1750348 0.4415121 -0.8161614 -0.1623233 0.5545555 -0.8160063 -0.1623184 0.554785 -0.737945 -0.1467939 0.6587024 -0.7381321 -0.1468044 0.6584902 -0.6476396 -0.1288115 0.7509797 -0.6474929 -0.1288009 0.7511081 -0.5454255 -0.1084922 0.8311079 -0.545516 -0.1084998 0.8310477 -0.4348636 -0.08649798 0.8963324 -0.4348449 -0.08649629 0.8963417 -0.3158886 -0.06283511 0.9467134 -0.31591 -0.06283714 0.9467061 -0.1916247 -0.03811318 0.980728 -0.1915862 -0.03810944 0.9807356 -0.06425923 -0.01278248 0.9978514 -0.0642755 -0.01278407 0.9978503 0.0642845 0.01278646 0.9978497 0.06427423 0.01278546 0.9978503 0.1916164 0.03810716 0.9807298 0.1916035 0.03819189 0.980729 0.1915583 0.03810174 0.9807414 0.1916221 0.03808576 -0.9807295 0.1915952 0.03810908 -0.9807339 0.1916139 0.03811487 -0.98073 0.06425251 0.01278114 -0.9978518 0.06424266 0.01277813 -0.9978526 -0.06422794 -0.01277461 -0.9978535 -0.06424358 -0.01277937 -0.9978524 -0.1916238 -0.03811691 -0.980728 -0.1915867 -0.03810561 -0.9807357 -0.3158892 -0.06283299 -0.9467133 -0.3159097 -0.06283931 -0.9467059 -0.4348886 -0.086505 -0.8963196 -0.4348707 -0.0864994 -0.8963287 -0.545406 -0.1084779 -0.8311226 -0.5454924 -0.1085055 -0.8310624 -0.6476354 -0.1288293 -0.7509802 -0.6474957 -0.1287829 -0.7511086 -0.7379508 -0.1467683 -0.6587015 -0.7381278 -0.1468302 -0.6584893 -0.8161559 -0.1623482 -0.5545563 -0.8160108 -0.1622934 -0.5547857 -0.8799406 -0.1750196 -0.4416705 -0.880014 -0.1750507 -0.4415118 -0.9289957 -0.1847957 -0.3206516 -0.9289349 -0.1847645 -0.320846 -0.9620034 -0.1913603 -0.1947578 -0.962006 -0.1913621 -0.1947438 -0.9786788 -0.1946644 -0.06552457 -0.9786853 -0.1946786 -0.06538574 -0.9957228 -0.06527495 0.06538489 -0.9957356 -0.06525943 0.06520562 -0.9787523 -0.06417478 0.1947449 -0.9787793 -0.06416422 0.1946123 -0.9451014 -0.06197519 0.3208462 -0.9451258 -0.06196996 0.3207757 -0.8953347 -0.0586771 0.441512 -0.8951664 -0.05870069 0.4418499 -0.8302116 -0.05442079 0.5547856 -0.830282 -0.05441377 0.5546809 -0.7509777 -0.04922141 0.6584904 -0.7509382 -0.04922437 0.6585354 -0.658768 -0.04317327 0.7511063 -0.6587324 -0.04317536 0.7511375 -0.5550081 -0.03638564 0.8310488 -0.5551175 -0.03638039 0.8309759 -0.4424154 -0.02900542 0.896341 -0.4424269 -0.02900495 0.8963354 -0.3214091 -0.02106269 0.9467061 -0.3213171 -0.02106603 0.9467373 -0.1949206 -0.01278041 0.9807358 -0.194989 -0.01277808 0.9807222 -0.06539457 -0.004286065 0.9978503 -0.06537765 -0.004286633 0.9978514 0.06539336 0.004284353 0.9978504 0.06537712 0.004284921 0.9978515 0.1949499 0.01277634 0.98073 0.1949841 0.01277001 0.9807233 0.1949874 0.01277492 0.9807225 0.1949511 0.01276719 -0.9807298 0.1949466 0.01277225 -0.9807307 0.1949841 0.01277863 -0.9807231 0.06536087 0.004283856 -0.9978524 0.06534487 0.004281176 -0.9978536 -0.0653621 -0.004285614 -0.9978524 -0.06534538 -0.004282841 -0.9978535 -0.1949214 -0.01277366 -0.9807357 -0.1949889 -0.01278489 -0.9807221 -0.321408 -0.02107199 -0.9467064 -0.3213172 -0.02105666 -0.9467374 -0.4424415 -0.02900591 -0.8963281 -0.4424528 -0.02900787 -0.8963224 -0.5549871 -0.03637184 -0.8310634 -0.5550949 -0.03639133 -0.8309906 -0.6587676 -0.04317768 -0.7511065 -0.6587325 -0.04317094 -0.7511377 -0.7509772 -0.04922692 -0.6584906 -0.7509384 -0.04921883 -0.6585355 -0.8302126 -0.05440921 -0.5547852 -0.8302815 -0.05442537 -0.5546806 -0.8953319 -0.05871155 -0.4415129 -0.8951682 -0.05866618 -0.4418508 -0.945102 -0.0619684 -0.3208461 -0.9451253 -0.06197675 -0.3207755 -0.9787531 -0.06416252 -0.1947448 -0.9787785 -0.0641765 -0.1946122 -0.9957239 -0.06525866 -0.06538483 -0.9957345 -0.06527573 -0.06520556</float_array>
          <technique_common>
            <accessor count="11356" source="#cubenormals-array0-array" stride="3">
              <param type="float" name="X"/>
              <param type="float" name="Y"/>
              <param type="float" name="Z"/>
            </accessor>
          </technique_common>
        </source>
        <vertices id="cubeverts-array0-vertices">
          <input semantic="POSITION" source="#cubeverts-array0"/>
        </vertices>
        <triangles count="11356" material="ref_Mesh">
          <input offset="0" semantic="VERTEX" source="#cubeverts-array0-vertices"/>
          <input offset="1" semantic="NORMAL" source="#cubenormals-array0"/>
          <p>0 0 1 0 2 0 3 1 4 1 5 1 6 2 7 2 8 2 9 3 10 3 11 3 12 4 13 4 14 4 15 5 16 5 17 5 18 6 19 6 20 6 21 7 22 7 23 7 24 8 25 8 26 8 27 9 28 9 29 9 28 10 27 10 30 10 31 11 32 11 33 11 34 12 35 12 36 12 37 13 38 13 39 13 40 14 41 14 42 14 43 15 44 15 45 15 46 16 47 16 48 16 49 17 50 17 51 17 52 18 53 18 54 18 55 19 56 19 57 19 58 20 59 20 60 20 61 21 62 21 63 21 64 22 65 22 66 22 33 23 67 23 68 23 69 24 70 24 71 24 72 25 73 25 74 25 75 26 76 26 77 26 78 27 15 27 79 27 80 28 81 28 82 28 83 29 84 29 85 29 86 30 87 30 88 30 89 31 90 31 91 31 92 32 93 32 94 32 95 33 96 33 34 33 97 34 98 34 99 34 100 35 101 35 102 35 103 36 104 36 105 36 106 37 107 37 108 37 109 38 110 38 111 38 112 39 113 39 114 39 115 40 116 40 117 40 118 41 119 41 120 41 121 42 112 42 122 42 123 43 124 43 125 43 124 44 123 44 126 44 127 45 128 45 129 45 130 46 131 46 132 46 111 47 110 47 133 47 134 48 135 48 136 48 110 49 137 49 133 49 136 50 138 50 139 50 140 51 141 51 142 51 143 52 144 52 145 52 102 53 146 53 147 53 148 54 149 54 150 54 147 55 151 55 152 55 145 56 153 56 154 56 155 57 156 57 157 57 158 58 159 58 160 58 161 59 162 59 163 59 164 60 165 60 166 60 167 61 168 61 169 61 170 62 171 62 172 62 173 63 174 63 175 63 108 64 176 64 177 64 178 65 179 65 180 65 181 66 182 66 183 66 182 67 181 67 184 67 38 68 185 68 186 68 187 69 188 69 141 69 189 70 190 70 191 70 192 71 193 71 194 71 195 72 196 72 197 72 198 73 199 73 200 73 201 74 202 74 40 74 203 75 204 75 205 75 206 76 207 76 208 76 209 77 210 77 211 77 210 78 209 78 212 78 46 79 213 79 214 79 215 80 216 80 217 80 218 81 219 81 220 81 221 82 222 82 223 82 224 83 225 83 226 83 227 84 228 84 229 84 13 85 230 85 14 85 231 86 232 86 233 86 234 87 235 87 236 87 237 88 238 88 239 88 240 89 241 89 242 89 57 90 95 90 198 90 56 91 35 91 96 91 243 92 44 92 244 92 245 93 136 93 139 93 246 94 247 94 248 94 249 95 250 95 251 95 252 96 253 96 254 96 255 97 256 97 257 97 258 98 259 98 260 98 261 99 262 99 263 99 264 100 265 100 266 100 267 101 268 101 269 101 100 102 102 102 270 102 271 103 272 103 273 103 274 104 275 104 276 104 250 105 277 105 278 105 279 106 280 106 281 106 282 107 283 107 284 107 285 108 286 108 287 108 288 109 289 109 286 109 264 110 266 110 153 110 153 111 266 111 290 111 282 112 284 112 272 112 291 113 292 113 293 113 6 114 294 114 7 114 295 115 296 115 221 115 297 116 298 116 299 116 300 117 301 117 302 117 303 118 304 118 305 118 104 119 2 119 306 119 157 120 307 120 308 120 309 121 310 121 311 121 312 122 313 122 314 122 315 123 316 123 317 123 318 124 319 124 320 124 108 125 321 125 176 125 108 126 107 126 321 126 322 127 323 127 324 127 325 128 326 128 58 128 327 129 328 129 329 129 330 130 331 130 332 130 333 131 334 131 149 131 84 132 335 132 333 132 83 133 85 133 148 133 336 134 337 134 338 134 269 135 268 135 339 135 340 136 341 136 342 136 343 137 344 137 345 137 144 138 36 138 264 138 36 139 144 139 268 139 190 140 231 140 346 140 233 141 347 141 348 141 349 142 350 142 351 142 350 143 349 143 352 143 353 144 178 144 180 144 354 145 355 145 356 145 357 146 184 146 358 146 359 147 360 147 361 147 357 148 358 148 362 148 363 149 364 149 365 149 366 150 367 150 368 150 362 151 358 151 353 151 369 152 370 152 371 152 372 153 373 153 374 153 375 154 376 154 377 154 378 155 379 155 380 155 381 156 382 156 383 156 384 157 221 157 223 157 385 158 386 158 387 158 388 159 389 159 390 159 391 160 392 160 393 160 394 161 395 161 396 161 9 162 11 162 397 162 398 163 399 163 400 163 401 164 402 164 403 164 404 165 236 165 405 165 406 166 407 166 408 166 409 167 410 167 411 167 191 168 190 168 412 168 413 169 414 169 415 169 223 170 130 170 132 170 416 171 417 171 418 171 76 172 419 172 43 172 420 173 170 173 234 173 413 174 415 174 135 174 421 175 422 175 423 175 241 176 424 176 425 176 426 177 427 177 428 177 327 178 429 178 328 178 430 179 431 179 432 179 238 180 433 180 434 180 71 181 435 181 436 181 437 182 438 182 439 182 2 183 15 183 306 183 440 184 441 184 442 184 443 185 126 185 444 185 445 186 253 186 446 186 447 187 448 187 449 187 448 188 447 188 450 188 149 189 451 189 452 189 453 190 254 190 92 190 454 191 455 191 456 191 330 192 332 192 457 192 331 193 458 193 459 193 460 194 303 194 461 194 462 195 463 195 294 195 464 196 465 196 323 196 466 197 467 197 282 197 468 198 469 198 437 198 15 199 17 199 470 199 471 200 472 200 473 200 100 201 472 201 101 201 474 202 100 202 275 202 438 203 147 203 475 203 466 204 282 204 291 204 476 205 160 205 477 205 257 206 256 206 478 206 479 207 68 207 480 207 266 208 265 208 481 208 482 209 266 209 481 209 154 210 290 210 288 210 483 211 268 211 144 211 268 212 483 212 339 212 144 213 153 213 145 213 144 214 264 214 153 214 467 215 158 215 283 215 162 216 484 216 67 216 485 217 104 217 486 217 441 218 487 218 488 218 489 219 200 219 490 219 491 220 492 220 493 220 494 221 495 221 496 221 495 222 494 222 497 222 498 223 18 223 20 223 24 224 499 224 25 224 500 225 461 225 501 225 502 226 503 226 504 226 15 227 470 227 79 227 486 228 104 228 103 228 505 229 506 229 507 229 508 230 509 230 213 230 510 231 511 231 512 231 513 232 512 232 498 232 514 233 515 233 24 233 516 234 517 234 518 234 519 235 520 235 521 235 522 236 523 236 524 236 495 237 525 237 526 237 527 238 528 238 529 238 196 239 530 239 531 239 532 240 343 240 110 240 533 241 534 241 535 241 536 242 537 242 538 242 336 243 338 243 539 243 540 244 483 244 541 244 451 245 334 245 542 245 264 246 35 246 265 246 35 247 264 247 36 247 543 248 544 248 545 248 546 249 547 249 97 249 541 250 143 250 548 250 269 251 339 251 260 251 549 252 267 252 269 252 550 253 190 253 189 253 135 254 415 254 551 254 344 255 231 255 348 255 444 256 552 256 553 256 554 257 555 257 556 257 351 258 540 258 557 258 260 259 558 259 350 259 351 260 558 260 540 260 558 261 351 261 350 261 258 262 260 262 334 262 559 263 560 263 561 263 562 264 563 264 564 264 565 265 566 265 523 265 317 266 567 266 568 266 569 267 570 267 571 267 361 268 572 268 573 268 574 269 575 269 576 269 577 270 578 270 89 270 579 271 580 271 581 271 582 272 583 272 584 272 585 273 586 273 587 273 588 274 589 274 590 274 591 275 592 275 593 275 594 276 595 276 596 276 597 277 598 277 599 277 504 278 27 278 600 278 601 279 602 279 603 279 376 280 128 280 127 280 495 281 526 281 496 281 604 282 605 282 606 282 607 283 389 283 388 283 608 284 609 284 610 284 611 285 302 285 612 285 613 286 86 286 88 286 614 287 12 287 615 287 616 288 617 288 618 288 619 289 620 289 621 289 622 290 623 290 624 290 625 291 416 291 626 291 627 292 628 292 584 292 218 293 220 293 629 293 630 294 223 294 631 294 632 295 633 295 634 295 280 296 490 296 635 296 636 297 234 297 637 297 638 298 639 298 640 298 221 299 296 299 222 299 631 300 132 300 219 300 164 301 166 301 641 301 642 302 643 302 644 302 643 303 642 303 645 303 646 304 232 304 190 304 647 305 414 305 648 305 415 306 649 306 530 306 222 307 650 307 638 307 651 308 640 308 433 308 652 309 653 309 654 309 70 310 655 310 435 310 98 311 656 311 99 311 131 312 640 312 651 312 405 313 657 313 44 313 658 314 659 314 170 314 660 315 661 315 662 315 663 316 404 316 664 316 434 317 665 317 13 317 433 318 665 318 434 318 666 319 335 319 84 319 667 320 666 320 84 320 244 321 657 321 428 321 421 322 668 322 422 322 669 323 536 323 670 323 655 324 671 324 672 324 657 325 426 325 428 325 673 326 674 326 429 326 329 327 328 327 675 327 676 328 677 328 678 328 215 329 679 329 216 329 654 330 680 330 681 330 682 331 683 331 0 331 2 332 684 332 15 332 306 333 15 333 78 333 47 334 685 334 508 334 105 335 306 335 78 335 104 336 306 336 105 336 90 337 686 337 91 337 578 338 90 338 89 338 687 339 263 339 206 339 447 340 688 340 689 340 439 341 140 341 142 341 690 342 486 342 103 342 1 343 691 343 684 343 692 344 453 344 693 344 37 345 39 345 107 345 578 346 694 346 90 346 695 347 444 347 696 347 697 348 698 348 699 348 97 349 547 349 98 349 700 350 66 350 701 350 702 351 703 351 704 351 705 352 56 352 706 352 482 353 481 353 707 353 708 354 709 354 710 354 438 355 475 355 187 355 468 356 102 356 469 356 140 357 187 357 141 357 438 358 187 358 140 358 691 359 276 359 16 359 684 360 16 360 15 360 146 361 711 361 147 361 548 362 712 362 713 362 277 363 471 363 473 363 102 364 714 364 146 364 715 365 455 365 716 365 717 366 713 366 718 366 275 367 100 367 270 367 275 368 270 368 276 368 250 369 278 369 251 369 454 370 719 370 455 370 720 371 152 371 291 371 326 372 721 372 58 372 291 373 282 373 292 373 160 374 33 374 479 374 67 375 285 375 68 375 484 376 286 376 285 376 722 377 462 377 723 377 154 378 153 378 290 378 287 379 289 379 724 379 725 380 726 380 727 380 108 381 177 381 728 381 22 382 729 382 702 382 730 383 731 383 441 383 732 384 407 384 406 384 733 385 734 385 735 385 736 386 737 386 738 386 739 387 740 387 741 387 742 388 743 388 744 388 745 389 746 389 747 389 497 390 525 390 495 390 525 391 497 391 748 391 749 392 297 392 750 392 751 393 752 393 753 393 754 394 755 394 756 394 121 395 122 395 757 395 758 396 759 396 515 396 760 397 503 397 502 397 761 398 601 398 762 398 748 399 29 399 525 399 29 400 748 400 27 400 494 401 763 401 497 401 764 402 725 402 727 402 323 403 765 403 766 403 767 404 768 404 769 404 770 405 771 405 772 405 773 406 774 406 775 406 319 407 776 407 320 407 496 408 526 408 777 408 778 409 496 409 779 409 20 410 780 410 781 410 782 411 783 411 784 411 785 412 786 412 787 412 526 413 788 413 789 413 211 414 790 414 524 414 790 415 211 415 210 415 150 416 452 416 791 416 792 417 793 417 794 417 795 418 197 418 796 418 538 419 674 419 673 419 403 420 402 420 797 420 798 421 799 421 800 421 801 422 535 422 802 422 535 423 539 423 803 423 667 424 84 424 83 424 84 425 333 425 149 425 149 426 334 426 451 426 804 427 542 427 805 427 542 428 350 428 352 428 542 429 352 429 805 429 806 430 258 430 334 430 231 431 233 431 348 431 550 432 646 432 190 432 489 433 198 433 200 433 807 434 340 434 808 434 341 435 199 435 342 435 56 436 95 436 57 436 342 437 809 437 810 437 199 438 95 438 809 438 111 439 133 439 533 439 811 440 110 440 109 440 812 441 349 441 688 441 349 442 805 442 352 442 805 443 349 443 812 443 459 444 813 444 814 444 815 445 350 445 542 445 334 446 815 446 542 446 46 447 214 447 816 447 817 448 818 448 819 448 248 449 820 449 821 449 822 450 46 450 816 450 368 451 367 451 823 451 824 452 825 452 826 452 827 453 828 453 829 453 830 454 831 454 832 454 575 455 362 455 576 455 362 456 575 456 357 456 576 457 833 457 834 457 833 458 576 458 362 458 358 459 835 459 178 459 182 460 357 460 575 460 357 461 182 461 184 461 208 462 836 462 837 462 838 463 839 463 751 463 840 464 180 464 841 464 842 465 440 465 442 465 485 466 843 466 104 466 844 467 0 467 485 467 845 468 846 468 847 468 848 469 849 469 850 469 371 470 851 470 852 470 853 471 183 471 182 471 854 472 855 472 856 472 857 473 858 473 859 473 860 474 861 474 862 474 863 475 864 475 519 475 865 476 866 476 867 476 30 477 868 477 28 477 868 478 30 478 869 478 525 479 749 479 870 479 871 480 747 480 872 480 873 481 874 481 875 481 876 482 877 482 878 482 879 483 880 483 881 483 882 484 883 484 884 484 885 485 886 485 887 485 888 486 889 486 890 486 377 487 885 487 883 487 891 488 892 488 893 488 894 489 895 489 382 489 896 490 897 490 898 490 899 491 900 491 901 491 524 492 314 492 522 492 314 493 524 493 790 493 902 494 903 494 904 494 370 495 905 495 851 495 906 496 907 496 554 496 908 497 909 497 910 497 911 498 912 498 592 498 363 499 913 499 364 499 914 500 915 500 363 500 916 501 917 501 918 501 919 502 920 502 921 502 922 503 923 503 924 503 925 504 175 504 926 504 927 505 928 505 929 505 930 506 931 506 734 506 932 507 933 507 396 507 934 508 935 508 632 508 936 509 937 509 938 509 939 510 99 510 420 510 64 511 66 511 700 511 61 512 63 512 743 512 223 513 222 513 130 513 296 514 650 514 222 514 131 515 651 515 416 515 640 516 75 516 940 516 223 517 132 517 631 517 941 518 409 518 411 518 942 519 943 519 944 519 218 520 631 520 219 520 189 521 191 521 414 521 635 522 200 522 807 522 656 523 135 523 134 523 649 524 191 524 530 524 547 525 413 525 945 525 945 526 135 526 656 526 946 527 613 527 582 527 947 528 416 528 418 528 132 529 625 529 948 529 948 530 625 530 949 530 418 531 417 531 238 531 417 532 433 532 238 532 640 533 940 533 433 533 130 534 638 534 950 534 639 535 75 535 640 535 664 536 419 536 76 536 234 537 170 537 235 537 99 538 656 538 658 538 951 539 668 539 952 539 405 540 953 540 657 540 236 541 172 541 953 541 951 542 427 542 668 542 195 543 530 543 196 543 531 544 954 544 343 544 954 545 344 545 343 545 954 546 231 546 344 546 422 547 955 547 423 547 956 548 136 548 668 548 957 549 958 549 959 549 424 550 423 550 425 550 959 551 240 551 242 551 960 552 961 552 962 552 673 553 429 553 963 553 537 554 425 554 538 554 432 555 671 555 655 555 432 556 431 556 671 556 537 557 241 557 425 557 240 558 958 558 241 558 964 559 965 559 966 559 430 560 432 560 655 560 670 561 967 561 968 561 967 562 538 562 969 562 680 563 653 563 960 563 86 564 970 564 87 564 971 565 972 565 10 565 681 566 680 566 119 566 174 567 973 567 9 567 974 568 733 568 735 568 975 569 464 569 323 569 16 570 437 570 439 570 976 571 977 571 112 571 978 572 155 572 979 572 980 573 443 573 444 573 458 574 981 574 813 574 331 575 459 575 332 575 332 576 445 576 446 576 332 577 446 577 262 577 176 578 690 578 982 578 690 579 103 579 982 579 263 580 692 580 693 580 262 581 252 581 692 581 1 582 684 582 2 582 485 583 0 583 843 583 206 584 38 584 207 584 38 585 693 585 185 585 208 586 37 586 836 586 836 587 37 587 983 587 980 588 81 588 80 588 695 589 984 589 985 589 986 590 987 590 179 590 988 591 978 591 979 591 989 592 861 592 990 592 991 593 74 593 992 593 993 594 646 594 994 594 995 595 996 595 997 595 998 596 5 596 999 596 1000 597 1001 597 1002 597 265 598 1003 598 481 598 1003 599 265 599 35 599 1003 600 35 600 56 600 1004 601 1005 601 1006 601 286 602 289 602 287 602 287 603 724 603 1007 603 1008 604 1009 604 1010 604 719 605 1011 605 455 605 716 606 1012 606 1013 606 101 607 714 607 102 607 711 608 1014 608 467 608 151 609 467 609 152 609 187 610 152 610 720 610 276 611 270 611 468 611 439 612 438 612 140 612 439 613 142 613 1015 613 470 614 439 614 1015 614 94 615 274 615 691 615 691 616 16 616 684 616 154 617 288 617 712 617 548 618 154 618 712 618 31 619 33 619 1016 619 257 620 478 620 714 620 1013 621 255 621 472 621 1011 622 548 622 713 622 478 623 31 623 1016 623 472 624 714 624 101 624 557 625 541 625 719 625 540 626 339 626 483 626 339 627 540 627 558 627 278 628 100 628 474 628 251 629 275 629 274 629 720 630 291 630 188 630 187 631 720 631 188 631 188 632 291 632 1017 632 1017 633 291 633 293 633 694 634 1018 634 90 634 722 635 477 635 462 635 293 636 292 636 271 636 467 637 283 637 282 637 160 638 479 638 463 638 292 639 282 639 271 639 1019 640 702 640 704 640 1020 641 482 641 707 641 284 642 158 642 476 642 1021 643 1007 643 1022 643 283 644 158 644 284 644 477 645 160 645 463 645 67 646 484 646 285 646 162 647 286 647 484 647 290 648 266 648 289 648 290 649 289 649 288 649 8 650 7 650 1023 650 1024 651 1025 651 322 651 1026 652 477 652 722 652 1027 653 1028 653 1029 653 725 654 819 654 726 654 1030 655 728 655 731 655 933 656 634 656 1031 656 1032 657 1033 657 1034 657 1035 658 1036 658 1037 658 1038 659 1039 659 1040 659 411 660 410 660 491 660 630 661 631 661 218 661 1041 662 1042 662 995 662 633 663 1043 663 1044 663 1045 664 380 664 1046 664 380 665 1047 665 1048 665 1049 666 1050 666 1051 666 1052 667 1053 667 1054 667 1055 668 299 668 1056 668 1057 669 298 669 297 669 297 670 299 670 1055 670 875 671 1058 671 1059 671 1060 672 167 672 1061 672 1062 673 1063 673 1064 673 759 674 1065 674 1066 674 768 675 757 675 1067 675 122 676 1068 676 757 676 771 677 1069 677 754 677 756 678 759 678 758 678 1070 679 30 679 504 679 601 680 1071 680 602 680 764 681 819 681 725 681 1065 682 1072 682 1066 682 19 683 24 683 26 683 754 684 1073 684 755 684 774 685 821 685 775 685 1074 686 1075 686 820 686 325 687 1076 687 326 687 560 688 1077 688 47 688 1078 689 513 689 1079 689 1080 690 1081 690 1063 690 1082 691 510 691 512 691 512 692 18 692 498 692 323 693 465 693 765 693 765 694 1083 694 766 694 1084 695 1049 695 1085 695 1086 696 1060 696 1087 696 781 697 780 697 1088 697 20 698 19 698 780 698 781 699 1088 699 494 699 1088 700 763 700 494 700 1089 701 115 701 1090 701 1091 702 315 702 1092 702 1093 703 923 703 922 703 117 704 1094 704 318 704 1079 705 513 705 1095 705 1096 706 1097 706 1098 706 1099 707 449 707 448 707 964 708 1100 708 965 708 1101 709 125 709 1097 709 800 710 1102 710 1103 710 1103 711 1104 711 1105 711 796 712 811 712 109 712 796 713 197 713 811 713 955 714 197 714 795 714 423 715 955 715 795 715 1106 716 1107 716 1108 716 792 717 969 717 793 717 534 718 539 718 535 718 133 719 534 719 533 719 803 720 539 720 83 720 535 721 803 721 802 721 539 722 667 722 83 722 344 723 348 723 337 723 85 724 84 724 149 724 85 725 149 725 148 725 666 726 1109 726 335 726 333 727 806 727 334 727 483 728 144 728 143 728 541 729 483 729 143 729 348 730 347 730 1110 730 335 731 806 731 333 731 190 732 232 732 231 732 346 733 231 733 954 733 1111 734 993 734 1112 734 232 735 808 735 233 735 807 736 808 736 1113 736 809 737 95 737 1114 737 56 738 96 738 95 738 259 739 549 739 269 739 809 740 1114 740 810 740 110 741 343 741 137 741 137 742 336 742 133 742 557 743 540 743 541 743 454 744 557 744 719 744 689 745 688 745 1115 745 813 746 1116 746 814 746 1009 747 767 747 1010 747 214 748 1117 748 816 748 506 749 322 749 1118 749 1119 750 1120 750 1121 750 355 751 838 751 356 751 442 752 441 752 488 752 212 753 320 753 210 753 318 754 320 754 1122 754 1123 755 1122 755 212 755 832 756 507 756 1124 756 773 757 775 757 1125 757 1124 758 1126 758 563 758 823 759 840 759 1127 759 834 760 574 760 576 760 211 761 1128 761 209 761 1129 762 318 762 1122 762 1130 763 573 763 574 763 362 764 353 764 833 764 1131 765 1132 765 1133 765 1134 766 1135 766 597 766 181 767 1136 767 184 767 1137 768 1138 768 1139 768 1140 769 1141 769 1142 769 839 770 1143 770 751 770 1144 771 1145 771 1146 771 1147 772 1141 772 1140 772 156 773 1148 773 307 773 1149 774 1136 774 835 774 1146 775 1150 775 354 775 985 776 984 776 1151 776 1152 777 577 777 1076 777 1153 778 1154 778 1155 778 1156 779 944 779 1157 779 1158 780 592 780 591 780 698 781 1159 781 1160 781 1161 782 679 782 215 782 520 783 989 783 1162 783 80 784 82 784 978 784 1160 785 1159 785 183 785 1163 786 1164 786 1165 786 912 787 1166 787 592 787 1167 788 594 788 596 788 1135 789 1168 789 597 789 1169 790 591 790 360 790 593 791 1170 791 697 791 572 792 1171 792 1172 792 1172 793 699 793 853 793 762 794 601 794 603 794 1173 795 600 795 763 795 1174 796 1175 796 869 796 1174 797 869 797 30 797 1176 798 604 798 1177 798 390 799 375 799 377 799 316 800 567 800 317 800 1128 801 1178 801 1179 801 874 802 1058 802 875 802 1180 803 875 803 1181 803 1061 804 169 804 1182 804 1182 805 169 805 1183 805 1184 806 607 806 880 806 390 807 1177 807 375 807 375 808 1177 808 376 808 606 809 605 809 1185 809 1186 810 609 810 608 810 1187 811 49 811 1188 811 889 812 927 812 1189 812 1190 813 1191 813 1192 813 1193 814 1194 814 1195 814 1092 815 315 815 317 815 1196 816 1190 816 1192 816 1197 817 1198 817 1199 817 1200 818 317 818 1201 818 1202 819 1203 819 1204 819 1183 820 1205 820 1180 820 1206 821 1182 821 1207 821 1208 822 1209 822 619 822 1210 823 1211 823 854 823 1212 824 858 824 857 824 1213 825 924 825 1214 825 1215 826 1216 826 907 826 621 827 1217 827 391 827 621 828 1218 828 1217 828 584 829 583 829 1219 829 1220 830 616 830 618 830 1221 831 1154 831 1220 831 1222 832 1223 832 1224 832 173 833 1225 833 174 833 973 834 971 834 9 834 220 835 948 835 949 835 1226 836 1227 836 931 836 949 837 625 837 626 837 1228 838 932 838 1229 838 394 839 1031 839 395 839 1230 840 1231 840 616 840 1232 841 128 841 376 841 1233 842 934 842 129 842 1234 843 1235 843 1236 843 1237 844 236 844 404 844 994 845 646 845 550 845 994 846 550 846 189 846 1238 847 1239 847 1240 847 637 848 1237 848 1241 848 1237 849 404 849 1242 849 1241 850 663 850 1235 850 650 851 664 851 1243 851 77 852 76 852 1244 852 1245 853 43 853 45 853 650 854 1243 854 639 854 1246 855 1247 855 1248 855 1034 856 164 856 1227 856 412 857 346 857 954 857 412 858 190 858 346 858 415 859 530 859 551 859 551 860 530 860 195 860 414 861 649 861 415 861 414 862 191 862 649 862 945 863 413 863 135 863 1249 864 414 864 413 864 170 865 659 865 171 865 99 866 658 866 170 866 625 867 131 867 416 867 132 868 131 868 625 868 626 869 416 869 947 869 219 870 948 870 220 870 219 871 132 871 948 871 416 872 433 872 417 872 651 873 433 873 416 873 239 874 238 874 1250 874 1251 875 397 875 1252 875 433 876 940 876 665 876 940 877 75 877 665 877 660 878 45 878 661 878 14 879 1253 879 653 879 99 880 170 880 420 880 62 881 546 881 97 881 658 882 656 882 659 882 656 883 134 883 659 883 235 884 170 884 172 884 235 885 172 885 236 885 958 886 951 886 952 886 953 887 172 887 657 887 236 888 953 888 405 888 657 889 172 889 426 889 138 890 551 890 139 890 135 891 551 891 138 891 197 892 196 892 1254 892 196 893 531 893 532 893 952 894 421 894 241 894 952 895 668 895 421 895 139 896 551 896 195 896 139 897 195 897 197 897 661 898 45 898 1255 898 243 899 244 899 1255 899 958 900 952 900 241 900 959 901 958 901 240 901 1245 902 45 902 660 902 1253 903 1245 903 660 903 1256 904 109 904 798 904 1256 905 798 905 1257 905 674 906 1258 906 429 906 674 907 795 907 1258 907 671 908 1259 908 669 908 669 909 242 909 536 909 967 910 969 910 968 910 435 911 655 911 1260 911 671 912 669 912 672 912 672 913 669 913 670 913 329 914 675 914 679 914 1261 915 1262 915 1263 915 120 916 119 916 69 916 87 917 118 917 677 917 654 918 653 918 680 918 681 919 119 919 118 919 913 920 1153 920 1155 920 613 921 88 921 583 921 321 922 690 922 176 922 107 923 690 923 321 923 444 924 126 924 552 924 126 925 123 925 552 925 1264 926 1265 926 1266 926 978 927 985 927 155 927 1267 928 72 928 74 928 458 929 813 929 459 929 332 930 459 930 445 930 984 931 203 931 1151 931 984 932 696 932 330 932 693 933 682 933 185 933 263 934 262 934 692 934 690 935 485 935 486 935 185 936 682 936 186 936 683 937 94 937 0 937 693 938 453 938 682 938 94 939 691 939 1 939 0 940 94 940 1 940 983 941 108 941 1030 941 37 942 107 942 106 942 440 943 837 943 441 943 694 944 271 944 1018 944 837 945 730 945 441 945 837 946 983 946 730 946 252 947 254 947 453 947 682 948 0 948 844 948 988 949 80 949 978 949 1268 950 1269 950 991 950 965 951 1100 951 1270 951 1271 952 1272 952 1273 952 1097 953 125 953 124 953 1274 954 1275 954 227 954 66 955 1276 955 280 955 998 956 1277 956 3 956 999 957 5 957 1278 957 1038 958 1048 958 1039 958 285 959 287 959 1279 959 1280 960 1279 960 1281 960 644 961 1282 961 703 961 1282 962 644 962 643 962 22 963 702 963 23 963 5 964 4 964 543 964 1283 965 1280 965 1281 965 473 966 472 966 100 966 278 967 473 967 100 967 270 968 102 968 468 968 102 969 147 969 469 969 256 970 31 970 478 970 711 971 1016 971 1014 971 475 972 152 972 187 972 147 973 152 973 475 973 16 974 439 974 17 974 17 975 439 975 470 975 92 976 94 976 683 976 274 977 276 977 691 977 478 978 1016 978 711 978 256 979 32 979 31 979 472 980 257 980 714 980 472 981 255 981 257 981 716 982 717 982 1012 982 32 983 162 983 67 983 717 984 718 984 1012 984 713 985 712 985 718 985 251 986 474 986 275 986 251 987 278 987 474 987 1284 988 722 988 723 988 271 989 282 989 272 989 1285 990 285 990 1280 990 33 991 68 991 479 991 294 992 463 992 1286 992 463 993 479 993 480 993 91 994 722 994 1284 994 1027 995 723 995 1028 995 477 996 463 996 462 996 90 997 273 997 686 997 158 998 160 998 476 998 159 999 33 999 160 999 1287 1000 772 1000 1288 1000 772 1001 754 1001 1288 1001 47 1002 1289 1002 685 1002 1290 1003 58 1003 818 1003 1291 1004 406 1004 935 1004 971 1005 10 1005 9 1005 1292 1006 1293 1006 1294 1006 633 1007 1044 1007 1295 1007 743 1008 939 1008 636 1008 408 1009 941 1009 1296 1009 1297 1010 223 1010 630 1010 1044 1011 1298 1011 1299 1011 166 1012 218 1012 629 1012 165 1013 218 1013 166 1013 1185 1014 605 1014 1300 1014 1301 1015 941 1015 407 1015 406 1016 408 1016 1043 1016 1300 1017 1301 1017 407 1017 604 1018 1038 1018 1302 1018 1038 1019 1040 1019 1302 1019 1059 1020 1303 1020 1304 1020 1305 1021 389 1021 607 1021 747 1022 1306 1022 872 1022 871 1023 872 1023 378 1023 300 1024 789 1024 301 1024 1307 1025 1055 1025 1049 1025 310 1026 1308 1026 1082 1026 820 1027 1062 1027 1309 1027 760 1028 502 1028 1310 1028 763 1029 600 1029 497 1029 771 1030 1311 1030 1069 1030 112 1031 1068 1031 122 1031 247 1032 767 1032 769 1032 1308 1033 820 1033 1309 1033 757 1034 1068 1034 1312 1034 1290 1035 818 1035 817 1035 47 1036 508 1036 48 1036 977 1037 113 1037 112 1037 1313 1038 1175 1038 1174 1038 1175 1039 1314 1039 869 1039 603 1040 602 1040 1313 1040 1073 1041 500 1041 1315 1041 817 1042 819 1042 764 1042 59 1043 1316 1043 1317 1043 497 1044 600 1044 748 1044 600 1045 27 1045 748 1045 780 1046 763 1046 1088 1046 25 1047 760 1047 1310 1047 487 1048 1318 1048 1319 1048 580 1049 1320 1049 581 1049 1321 1050 975 1050 1025 1050 1322 1051 112 1051 121 1051 781 1052 494 1052 1323 1052 1324 1053 20 1053 781 1053 498 1054 20 1054 1324 1054 314 1055 1325 1055 1326 1055 1325 1056 1327 1056 1326 1056 1095 1057 498 1057 1324 1057 1125 1058 310 1058 309 1058 311 1059 1079 1059 776 1059 775 1060 821 1060 1308 1060 1080 1061 1328 1061 1081 1061 1329 1062 1330 1062 1331 1062 1120 1063 1332 1063 1333 1063 1334 1064 1086 1064 1087 1064 777 1065 526 1065 300 1065 1335 1066 1123 1066 1336 1066 1123 1067 1335 1067 1337 1067 1338 1068 1339 1068 1089 1068 597 1069 599 1069 1340 1069 599 1070 1341 1070 1340 1070 1341 1071 599 1071 366 1071 827 1072 569 1072 828 1072 1342 1073 845 1073 847 1073 855 1074 1343 1074 1344 1074 1345 1075 519 1075 521 1075 312 1076 314 1076 790 1076 210 1077 312 1077 790 1077 1116 1078 1115 1078 1346 1078 451 1079 542 1079 452 1079 812 1080 449 1080 805 1080 449 1081 812 1081 447 1081 1347 1082 148 1082 1100 1082 1347 1083 1100 1083 964 1083 452 1084 804 1084 1099 1084 1348 1085 448 1085 125 1085 803 1086 83 1086 802 1086 802 1087 1349 1087 1347 1087 422 1088 139 1088 955 1088 955 1089 139 1089 197 1089 536 1090 538 1090 967 1090 538 1091 673 1091 963 1091 969 1092 538 1092 963 1092 1350 1093 968 1093 1351 1093 963 1094 429 1094 327 1094 963 1095 327 1095 329 1095 798 1096 111 1096 799 1096 109 1097 111 1097 798 1097 133 1098 336 1098 534 1098 534 1099 336 1099 539 1099 539 1100 666 1100 667 1100 338 1101 666 1101 539 1101 143 1102 145 1102 154 1102 143 1103 154 1103 548 1103 1352 1104 810 1104 259 1104 810 1105 549 1105 259 1105 259 1106 269 1106 260 1106 260 1107 339 1107 558 1107 489 1108 57 1108 198 1108 643 1109 645 1109 1353 1109 1354 1110 1355 1110 1356 1110 648 1111 414 1111 1249 1111 229 1112 53 1112 52 1112 544 1113 65 1113 64 1113 347 1114 342 1114 1110 1114 549 1115 34 1115 267 1115 233 1116 808 1116 347 1116 808 1117 340 1117 347 1117 200 1118 340 1118 807 1118 200 1119 199 1119 341 1119 1114 1120 34 1120 549 1120 1114 1121 95 1121 34 1121 688 1122 349 1122 1357 1122 202 1123 41 1123 40 1123 716 1124 1013 1124 471 1124 1115 1125 454 1125 1346 1125 688 1126 454 1126 1115 1126 1357 1127 557 1127 454 1127 249 1128 1358 1128 250 1128 249 1129 251 1129 93 1129 123 1130 450 1130 981 1130 688 1131 1357 1131 454 1131 1030 1132 108 1132 728 1132 559 1133 561 1133 46 1133 1359 1134 727 1134 113 1134 563 1135 1360 1135 564 1135 831 1136 507 1136 832 1136 465 1137 1361 1137 1083 1137 1330 1138 246 1138 1332 1138 1362 1139 1024 1139 1363 1139 1141 1140 1364 1140 1142 1140 1365 1141 1142 1141 1366 1141 1140 1142 1142 1142 1365 1142 465 1143 1083 1143 765 1143 1367 1144 58 1144 1290 1144 1368 1145 1369 1145 1370 1145 562 1146 564 1146 1371 1146 209 1147 1128 1147 1372 1147 1373 1148 1374 1148 1375 1148 320 1149 776 1149 312 1149 320 1150 312 1150 210 1150 1360 1151 773 1151 1125 1151 775 1152 1308 1152 310 1152 564 1153 1369 1153 1368 1153 564 1154 1360 1154 1369 1154 816 1155 505 1155 507 1155 507 1156 506 1156 1376 1156 823 1157 1127 1157 1338 1157 840 1158 841 1158 1127 1158 1338 1159 1127 1159 1339 1159 1339 1160 1377 1160 1378 1160 1379 1161 1380 1161 1381 1161 367 1162 353 1162 840 1162 367 1163 840 1163 823 1163 1132 1164 596 1164 1382 1164 1133 1165 1382 1165 1383 1165 1265 1166 837 1166 1266 1166 1384 1167 1385 1167 1386 1167 1387 1168 580 1168 579 1168 1388 1169 1389 1169 1390 1169 1147 1170 354 1170 1141 1170 1391 1171 308 1171 835 1171 178 1172 835 1172 179 1172 181 1173 1392 1173 1136 1173 1392 1174 979 1174 1136 1174 1393 1175 208 1175 1265 1175 766 1176 1083 1176 1008 1176 733 1177 930 1177 734 1177 1394 1178 627 1178 1395 1178 1209 1179 1396 1179 1218 1179 363 1180 365 1180 919 1180 372 1181 1397 1181 373 1181 1398 1182 1399 1182 1400 1182 592 1183 1401 1183 1170 1183 1402 1184 853 1184 575 1184 1403 1185 1404 1185 1405 1185 1406 1186 1407 1186 698 1186 855 1187 1344 1187 856 1187 1408 1188 1409 1188 585 1188 369 1189 371 1189 860 1189 862 1190 861 1190 989 1190 596 1191 1169 1191 360 1191 596 1192 595 1192 1169 1192 786 1193 1410 1193 787 1193 1411 1194 855 1194 1211 1194 1412 1195 863 1195 519 1195 1413 1196 860 1196 862 1196 575 1197 853 1197 182 1197 1172 1198 697 1198 699 1198 361 1199 573 1199 1130 1199 574 1200 1402 1200 575 1200 697 1201 1170 1201 1406 1201 1171 1202 697 1202 1172 1202 503 1203 1070 1203 504 1203 504 1204 30 1204 27 1204 1066 1205 760 1205 25 1205 1063 1206 1081 1206 514 1206 602 1207 1175 1207 1313 1207 298 1208 998 1208 299 1208 1066 1209 1414 1209 760 1209 1073 1210 1315 1210 755 1210 1176 1211 1177 1211 390 1211 1177 1212 1185 1212 1232 1212 389 1213 1046 1213 1415 1213 389 1214 1415 1214 604 1214 1179 1215 1178 1215 1379 1215 789 1216 1416 1216 301 1216 1180 1217 1181 1217 1417 1217 167 1218 169 1218 1061 1218 1187 1219 1188 1219 1418 1219 1419 1220 518 1220 1186 1220 1420 1221 1421 1221 1422 1221 516 1222 1423 1222 517 1222 169 1223 1424 1223 1425 1223 1181 1224 1426 1224 1427 1224 880 1225 1428 1225 1429 1225 1429 1226 1428 1226 1430 1226 51 1227 50 1227 1431 1227 973 1228 890 1228 971 1228 884 1229 1190 1229 1196 1229 1421 1230 1180 1230 1417 1230 1177 1231 606 1231 1185 1231 1177 1232 604 1232 606 1232 850 1233 1432 1233 1199 1233 1433 1234 925 1234 1434 1234 175 1235 1435 1235 926 1235 610 1236 609 1236 1436 1236 1437 1237 1434 1237 1438 1237 1439 1238 893 1238 1440 1238 566 1239 902 1239 904 1239 1441 1240 1442 1240 1443 1240 1133 1241 1132 1241 1382 1241 1419 1242 1444 1242 518 1242 1445 1243 1446 1243 1447 1243 1448 1244 1449 1244 1441 1244 1450 1245 1451 1245 1452 1245 1374 1246 1129 1246 1375 1246 1453 1247 1454 1247 1455 1247 1456 1248 1178 1248 1128 1248 777 1249 300 1249 779 1249 1408 1250 585 1250 587 1250 622 1251 624 1251 1457 1251 1221 1252 1220 1252 1458 1252 585 1253 1459 1253 586 1253 1155 1254 1154 1254 1221 1254 1460 1255 1461 1255 1462 1255 920 1256 1458 1256 1396 1256 1463 1257 676 1257 401 1257 1464 1258 1465 1258 1466 1258 794 1259 1467 1259 1106 1259 617 1260 1468 1260 527 1260 1469 1261 1470 1261 1471 1261 1220 1262 618 1262 529 1262 1189 1263 927 1263 929 1263 1192 1264 1472 1264 1473 1264 1225 1265 973 1265 174 1265 1225 1266 890 1266 973 1266 1228 1267 1229 1267 1474 1267 1475 1268 1476 1268 86 1268 1477 1269 614 1269 615 1269 396 1270 1478 1270 889 1270 396 1271 395 1271 1478 1271 1233 1272 935 1272 934 1272 934 1273 634 1273 933 1273 1232 1274 1185 1274 128 1274 128 1275 1185 1275 1291 1275 1479 1276 1236 1276 1480 1276 937 1277 61 1277 742 1277 1242 1278 404 1278 663 1278 1241 1279 1237 1279 1242 1279 937 1280 996 1280 61 1280 1356 1281 648 1281 1249 1281 1481 1282 1356 1282 1482 1282 1354 1283 1356 1283 1481 1283 54 1284 1112 1284 1239 1284 1239 1285 1355 1285 1354 1285 1301 1286 1483 1286 941 1286 168 1287 1424 1287 169 1287 663 1288 664 1288 650 1288 638 1289 650 1289 639 1289 532 1290 531 1290 343 1290 530 1291 191 1291 412 1291 950 1292 638 1292 640 1292 222 1293 638 1293 130 1293 230 1294 1484 1294 14 1294 1485 1295 1486 1295 970 1295 1485 1296 970 1296 86 1296 76 1297 43 1297 1244 1297 1244 1298 43 1298 1245 1298 77 1299 1244 1299 1245 1299 1487 1300 959 1300 431 1300 45 1301 243 1301 1255 1301 45 1302 44 1302 243 1302 636 1303 420 1303 234 1303 939 1304 420 1304 636 1304 428 1305 427 1305 951 1305 172 1306 427 1306 426 1306 428 1307 951 1307 958 1307 44 1308 657 1308 244 1308 172 1309 171 1309 427 1309 171 1310 659 1310 427 1310 668 1311 136 1311 245 1311 136 1312 135 1312 138 1312 1254 1313 532 1313 110 1313 1254 1314 196 1314 532 1314 241 1315 421 1315 424 1315 424 1316 421 1316 423 1316 245 1317 139 1317 422 1317 668 1318 245 1318 422 1318 1488 1319 1487 1319 431 1319 1484 1320 1245 1320 1253 1320 242 1321 537 1321 536 1321 242 1322 241 1322 537 1322 431 1323 1259 1323 671 1323 431 1324 959 1324 1259 1324 70 1325 430 1325 655 1325 69 1326 430 1326 70 1326 328 1327 1256 1327 1257 1327 1257 1328 798 1328 800 1328 1489 1329 109 1329 1256 1329 429 1330 1489 1330 1256 1330 402 1331 1490 1331 1491 1331 71 1332 70 1332 435 1332 1492 1333 1493 1333 1494 1333 589 1334 1495 1334 590 1334 791 1335 452 1335 1496 1335 73 1336 1097 1336 1096 1336 1106 1337 1467 1337 1107 1337 1497 1338 1106 1338 1108 1338 970 1339 654 1339 681 1339 680 1340 960 1340 119 1340 118 1341 120 1341 677 1341 88 1342 87 1342 677 1342 1476 1343 1486 1343 1485 1343 1486 1344 652 1344 654 1344 1033 1345 164 1345 1034 1345 1468 1346 401 1346 403 1346 1498 1347 529 1347 1499 1347 552 1348 1500 1348 458 1348 552 1349 123 1349 1500 1349 552 1350 458 1350 553 1350 553 1351 458 1351 331 1351 1385 1352 1266 1352 1501 1352 156 1353 1151 1353 1148 1353 985 1354 1151 1354 155 1354 82 1355 985 1355 978 1355 445 1356 201 1356 253 1356 459 1357 201 1357 445 1357 457 1358 332 1358 261 1358 261 1359 332 1359 262 1359 695 1360 696 1360 984 1360 980 1361 444 1361 81 1361 262 1362 446 1362 252 1362 446 1363 253 1363 252 1363 107 1364 186 1364 1502 1364 186 1365 485 1365 1502 1365 0 1366 2 1366 843 1366 843 1367 2 1367 104 1367 692 1368 252 1368 453 1368 92 1369 249 1369 93 1369 93 1370 251 1370 94 1370 94 1371 251 1371 274 1371 983 1372 1030 1372 731 1372 730 1373 983 1373 731 1373 488 1374 1319 1374 1503 1374 356 1375 1387 1375 1364 1375 37 1376 106 1376 983 1376 106 1377 108 1377 983 1377 38 1378 186 1378 39 1378 39 1379 186 1379 107 1379 207 1380 38 1380 37 1380 207 1381 37 1381 208 1381 206 1382 1504 1382 38 1382 206 1383 263 1383 1504 1383 393 1384 1505 1384 1506 1384 1491 1385 1492 1385 1507 1385 74 1386 1098 1386 992 1386 443 1387 992 1387 1098 1387 992 1388 443 1388 980 1388 980 1389 991 1389 992 1389 991 1390 980 1390 80 1390 81 1391 444 1391 695 1391 1508 1392 1506 1392 1509 1392 1509 1393 554 1393 1510 1393 1506 1394 1505 1394 906 1394 529 1395 528 1395 1499 1395 1511 1396 1512 1396 1513 1396 1506 1397 906 1397 1509 1397 1096 1398 1098 1398 74 1398 73 1399 1096 1399 74 1399 746 1400 1514 1400 747 1400 545 1401 700 1401 1515 1401 228 1402 279 1402 53 1402 1275 1403 228 1403 227 1403 1516 1404 1277 1404 998 1404 1517 1405 1518 1405 1277 1405 1518 1406 1517 1406 704 1406 1314 1407 1277 1407 1516 1407 1277 1408 1314 1408 1517 1408 1277 1409 1518 1409 4 1409 998 1410 3 1410 5 1410 736 1411 1274 1411 1519 1411 737 1412 545 1412 1515 1412 1000 1413 1002 1413 1520 1413 737 1414 1515 1414 1521 1414 1522 1415 1520 1415 1041 1415 1523 1416 937 1416 936 1416 1279 1417 287 1417 1007 1417 724 1418 482 1418 1007 1418 303 1419 305 1419 461 1419 1023 1420 304 1420 303 1420 1005 1421 8 1421 1524 1421 1311 1422 1525 1422 1069 1422 1020 1423 707 1423 1022 1423 1022 1424 707 1424 642 1424 703 1425 1518 1425 704 1425 1518 1426 703 1426 1282 1426 544 1427 1353 1427 1526 1427 437 1428 469 1428 438 1428 469 1429 147 1429 438 1429 16 1430 468 1430 437 1430 276 1431 468 1431 16 1431 152 1432 466 1432 291 1432 152 1433 467 1433 466 1433 1014 1434 1016 1434 158 1434 1014 1435 158 1435 467 1435 255 1436 161 1436 163 1436 288 1437 286 1437 162 1437 718 1438 712 1438 161 1438 718 1439 161 1439 255 1439 1012 1440 718 1440 1013 1440 1013 1441 718 1441 255 1441 1527 1442 271 1442 694 1442 293 1443 271 1443 1527 1443 284 1444 476 1444 477 1444 284 1445 477 1445 1026 1445 272 1446 284 1446 273 1446 273 1447 284 1447 1026 1447 304 1448 1528 1448 1529 1448 294 1449 1286 1449 7 1449 577 1450 89 1450 1076 1450 723 1451 6 1451 8 1451 686 1452 273 1452 722 1452 273 1453 1026 1453 722 1453 1016 1454 159 1454 158 1454 1016 1455 33 1455 159 1455 1028 1456 8 1456 1004 1456 164 1457 1530 1457 165 1457 1033 1458 1531 1458 164 1458 399 1459 1532 1459 1247 1459 395 1460 1533 1460 927 1460 1534 1461 1294 1461 733 1461 1043 1462 1535 1462 1298 1462 1298 1463 493 1463 1299 1463 1295 1464 1044 1464 1293 1464 406 1465 1043 1465 633 1465 1536 1466 636 1466 637 1466 1236 1467 1235 1467 296 1467 1537 1468 492 1468 1538 1468 1296 1469 491 1469 1535 1469 1479 1470 1234 1470 1236 1470 1480 1471 295 1471 221 1471 605 1472 1301 1472 1300 1472 1483 1473 409 1473 941 1473 1185 1474 1300 1474 1291 1474 1291 1475 732 1475 406 1475 872 1476 379 1476 378 1476 1305 1477 1046 1477 389 1477 605 1478 739 1478 1301 1478 604 1479 1302 1479 605 1479 1539 1480 1540 1480 1053 1480 1053 1481 1519 1481 1541 1481 1046 1482 1542 1482 1038 1482 872 1483 1306 1483 1543 1483 870 1484 749 1484 788 1484 788 1485 750 1485 1307 1485 511 1486 19 1486 18 1486 512 1487 511 1487 18 1487 821 1488 820 1488 1308 1488 1120 1489 1333 1489 774 1489 1328 1490 758 1490 1081 1490 1062 1491 1064 1491 1544 1491 768 1492 1328 1492 1080 1492 24 1493 515 1493 499 1493 1068 1494 1545 1494 1312 1494 1287 1495 1288 1495 1546 1495 1332 1496 246 1496 248 1496 1547 1497 757 1497 768 1497 767 1498 1547 1498 768 1498 820 1499 1548 1499 1062 1499 1548 1500 1063 1500 1062 1500 769 1501 768 1501 1080 1501 114 1502 727 1502 1068 1502 112 1503 114 1503 1068 1503 727 1504 1549 1504 1068 1504 727 1505 726 1505 1549 1505 1152 1506 1076 1506 325 1506 1143 1507 488 1507 752 1507 501 1508 761 1508 762 1508 761 1509 1550 1509 601 1509 819 1510 60 1510 1551 1510 500 1511 501 1511 1315 1511 1316 1512 1552 1512 1311 1512 819 1513 1551 1513 726 1513 780 1514 26 1514 1173 1514 19 1515 26 1515 780 1515 685 1516 509 1516 508 1516 1289 1517 509 1517 685 1517 1289 1518 1362 1518 509 1518 581 1519 1362 1519 1289 1519 581 1520 1321 1520 1362 1520 1320 1521 1321 1521 581 1521 1320 1522 975 1522 1321 1522 753 1523 975 1523 1320 1523 753 1524 464 1524 975 1524 752 1525 464 1525 753 1525 752 1526 465 1526 464 1526 1503 1527 465 1527 752 1527 1503 1528 1361 1528 465 1528 1319 1529 1361 1529 1503 1529 1319 1530 708 1530 1361 1530 1318 1531 708 1531 1319 1531 1318 1532 709 1532 708 1532 728 1533 709 1533 1318 1533 728 1534 976 1534 709 1534 177 1535 976 1535 728 1535 177 1536 977 1536 976 1536 176 1537 977 1537 177 1537 176 1538 113 1538 977 1538 982 1539 113 1539 176 1539 982 1540 1359 1540 113 1540 103 1541 1359 1541 982 1541 103 1542 764 1542 1359 1542 105 1543 764 1543 103 1543 105 1544 817 1544 764 1544 78 1545 817 1545 105 1545 78 1546 1290 1546 817 1546 79 1547 1290 1547 78 1547 79 1548 1367 1548 1290 1548 470 1549 1367 1549 79 1549 470 1550 325 1550 1367 1550 1015 1551 325 1551 470 1551 1015 1552 1152 1552 325 1552 142 1553 1152 1553 1015 1553 142 1554 577 1554 1152 1554 141 1555 577 1555 142 1555 141 1556 578 1556 577 1556 188 1557 578 1557 141 1557 188 1558 694 1558 578 1558 1017 1559 694 1559 188 1559 1017 1560 1527 1560 694 1560 1527 1561 1017 1561 293 1561 1324 1562 781 1562 1323 1562 1324 1563 1323 1563 1327 1563 1125 1564 775 1564 310 1564 513 1565 498 1565 1095 1565 1095 1566 1324 1566 1325 1566 1325 1567 1324 1567 1327 1567 776 1568 1079 1568 312 1568 311 1569 310 1569 1078 1569 310 1570 1082 1570 513 1570 1082 1571 512 1571 513 1571 774 1572 248 1572 821 1572 1331 1573 1332 1573 1120 1573 1553 1574 247 1574 246 1574 709 1575 976 1575 1554 1575 1119 1576 1329 1576 1331 1576 1331 1577 1330 1577 1332 1577 788 1578 749 1578 750 1578 526 1579 789 1579 300 1579 1084 1580 1085 1580 1086 1580 1555 1581 168 1581 167 1581 1556 1582 1427 1582 1557 1582 1334 1583 1087 1583 1558 1583 1559 1584 1560 1584 1373 1584 1561 1585 1338 1585 1089 1585 899 1586 1337 1586 1335 1586 1337 1587 899 1587 1562 1587 899 1588 597 1588 1340 1588 900 1589 1563 1589 1564 1589 922 1590 924 1590 1213 1590 373 1591 1565 1591 1210 1591 1566 1592 1567 1592 1568 1592 150 1593 149 1593 452 1593 801 1594 802 1594 1569 1594 1570 1595 1347 1595 964 1595 450 1596 125 1596 448 1596 125 1597 450 1597 123 1597 1262 1598 1105 1598 1571 1598 1567 1599 1572 1599 1573 1599 1102 1600 801 1600 1569 1600 1261 1601 1103 1601 1262 1601 968 1602 969 1602 792 1602 670 1603 536 1603 967 1603 1104 1604 1102 1604 1569 1604 800 1605 533 1605 1102 1605 137 1606 343 1606 336 1606 345 1607 344 1607 337 1607 1109 1608 1574 1608 1575 1608 338 1609 1109 1609 666 1609 815 1610 260 1610 350 1610 334 1611 260 1611 815 1611 1576 1612 706 1612 55 1612 706 1613 56 1613 55 1613 481 1614 705 1614 707 1614 705 1615 481 1615 1003 1615 705 1616 1003 1616 56 1616 1249 1617 413 1617 547 1617 1356 1618 1249 1618 547 1618 1113 1619 808 1619 232 1619 1113 1620 232 1620 646 1620 279 1621 281 1621 53 1621 228 1622 53 1622 229 1622 810 1623 1114 1623 549 1623 96 1624 35 1624 34 1624 342 1625 199 1625 809 1625 200 1626 341 1626 340 1626 1574 1627 810 1627 1575 1627 347 1628 340 1628 342 1628 34 1629 36 1629 268 1629 267 1630 34 1630 268 1630 349 1631 557 1631 1357 1631 349 1632 351 1632 557 1632 456 1633 455 1633 715 1633 1011 1634 713 1634 717 1634 471 1635 1013 1635 472 1635 277 1636 473 1636 278 1636 254 1637 249 1637 92 1637 253 1638 249 1638 254 1638 450 1639 447 1639 689 1639 447 1640 812 1640 688 1640 1346 1641 715 1641 41 1641 202 1642 1346 1642 41 1642 1116 1643 1346 1643 202 1643 814 1644 1116 1644 202 1644 1321 1645 1025 1645 1024 1645 213 1646 1362 1646 1363 1646 579 1647 581 1647 1289 1647 507 1648 1376 1648 1124 1648 1124 1649 1376 1649 1126 1649 324 1650 766 1650 1329 1650 323 1651 766 1651 324 1651 1362 1652 1321 1652 1024 1652 831 1653 816 1653 507 1653 816 1654 1117 1654 505 1654 1117 1655 506 1655 505 1655 488 1656 1503 1656 752 1656 1143 1657 752 1657 751 1657 115 1658 117 1658 1090 1658 1373 1659 1375 1659 1337 1659 1368 1660 1577 1660 1094 1660 1369 1661 309 1661 1370 1661 1122 1662 320 1662 212 1662 1090 1663 1129 1663 1374 1663 1368 1664 1370 1664 1577 1664 1370 1665 309 1665 1577 1665 1126 1666 1121 1666 1360 1666 1126 1667 1360 1667 563 1667 1578 1668 1364 1668 560 1668 1141 1669 354 1669 1364 1669 1559 1670 823 1670 1560 1670 1560 1671 823 1671 1338 1671 1579 1672 1365 1672 1580 1672 1378 1673 1377 1673 115 1673 522 1674 1581 1674 523 1674 211 1675 524 1675 1128 1675 1456 1676 523 1676 1178 1676 1582 1677 1145 1677 1144 1677 180 1678 179 1678 1388 1678 833 1679 367 1679 366 1679 833 1680 353 1680 367 1680 1345 1681 1583 1681 1584 1681 784 1682 1133 1682 782 1682 1210 1683 854 1683 1585 1683 1167 1684 596 1684 1132 1684 1384 1685 1386 1685 1146 1685 1144 1686 1146 1686 1586 1686 1501 1687 842 1687 1587 1687 1587 1688 839 1688 355 1688 184 1689 1136 1689 1149 1689 358 1690 178 1690 353 1690 986 1691 308 1691 987 1691 308 1692 307 1692 1588 1692 1149 1693 835 1693 358 1693 1136 1694 979 1694 1391 1694 442 1695 488 1695 839 1695 839 1696 488 1696 1143 1696 1589 1697 1460 1697 1590 1697 1591 1698 383 1698 1093 1698 193 1699 621 1699 391 1699 908 1700 1585 1700 909 1700 1246 1701 1248 1701 1461 1701 972 1702 1189 1702 1592 1702 924 1703 1593 1703 1214 1703 924 1704 1594 1704 1595 1704 905 1705 1596 1705 851 1705 1597 1706 1598 1706 1163 1706 574 1707 1172 1707 1402 1707 697 1708 1406 1708 698 1708 1599 1709 1166 1709 912 1709 911 1710 1599 1710 912 1710 592 1711 1166 1711 1401 1711 592 1712 1170 1712 593 1712 1600 1713 1601 1713 1409 1713 1602 1714 1506 1714 1603 1714 1343 1715 1408 1715 1344 1715 586 1716 1604 1716 905 1716 1344 1717 1408 1717 1605 1717 1606 1718 859 1718 1600 1718 864 1719 369 1719 860 1719 860 1720 371 1720 861 1720 1169 1721 1158 1721 591 1721 911 1722 592 1722 1158 1722 360 1723 591 1723 1171 1723 360 1724 1171 1724 572 1724 1607 1725 1608 1725 1131 1725 1131 1726 1167 1726 1132 1726 1383 1727 361 1727 1130 1727 596 1728 360 1728 359 1728 1583 1729 1162 1729 911 1729 1162 1730 1599 1730 911 1730 521 1731 520 1731 1583 1731 1583 1732 520 1732 1162 1732 834 1733 366 1733 599 1733 366 1734 834 1734 833 1734 1172 1735 853 1735 1402 1735 699 1736 698 1736 853 1736 591 1737 697 1737 1171 1737 591 1738 593 1738 697 1738 502 1739 504 1739 600 1739 1310 1740 502 1740 600 1740 1414 1741 1313 1741 503 1741 756 1742 755 1742 759 1742 1313 1743 1174 1743 503 1743 1414 1744 503 1744 760 1744 503 1745 1174 1745 1070 1745 1070 1746 1174 1746 30 1746 1177 1747 1232 1747 376 1747 128 1748 1291 1748 935 1748 1428 1749 377 1749 1430 1749 388 1750 390 1750 880 1750 1609 1751 1045 1751 1046 1751 1046 1752 380 1752 1542 1752 607 1753 388 1753 880 1753 1304 1754 607 1754 1184 1754 1609 1755 1305 1755 607 1755 1181 1756 875 1756 1426 1756 1058 1757 1609 1757 1059 1757 1415 1758 1038 1758 604 1758 1610 1759 1611 1759 567 1759 1444 1760 516 1760 518 1760 1612 1761 1539 1761 1052 1761 1425 1762 1424 1762 1205 1762 881 1763 880 1763 1429 1763 1613 1764 1444 1764 1614 1764 1418 1765 1188 1765 849 1765 1195 1766 1615 1766 1187 1766 1194 1767 1615 1767 1195 1767 1194 1768 1616 1768 1615 1768 1617 1769 566 1769 904 1769 1611 1770 1420 1770 1618 1770 886 1771 127 1771 1223 1771 887 1772 1222 1772 884 1772 877 1773 1304 1773 879 1773 877 1774 879 1774 878 1774 883 1775 887 1775 884 1775 884 1776 1222 1776 1190 1776 1423 1777 1619 1777 1616 1777 1429 1778 1430 1778 1423 1778 1620 1779 1431 1779 1621 1779 1621 1780 1622 1780 1433 1780 175 1781 174 1781 1435 1781 1623 1782 1624 1782 1625 1782 1188 1783 1431 1783 1620 1783 1622 1784 173 1784 175 1784 1626 1785 1397 1785 372 1785 1627 1786 1623 1786 1628 1786 1397 1787 1627 1787 1628 1787 1629 1788 1418 1788 1630 1788 1446 1789 387 1789 1450 1789 1447 1790 1450 1790 1452 1790 1206 1791 1207 1791 1420 1791 1631 1792 385 1792 1632 1792 1607 1793 1633 1793 785 1793 1380 1794 1200 1794 1634 1794 1439 1795 891 1795 893 1795 317 1796 568 1796 1635 1796 783 1797 1453 1797 1455 1797 568 1798 891 1798 1439 1798 1636 1799 1630 1799 1637 1799 1638 1800 1199 1800 1639 1800 1640 1801 1448 1801 1641 1801 1642 1802 1636 1802 1626 1802 1442 1803 1642 1803 1443 1803 1442 1804 1643 1804 1642 1804 1336 1805 212 1805 209 1805 212 1806 1336 1806 1123 1806 1644 1807 783 1807 782 1807 1092 1808 317 1808 1200 1808 1091 1809 1092 1809 1200 1809 909 1810 1645 1810 622 1810 854 1811 856 1811 1645 1811 1458 1812 1498 1812 1396 1812 919 1813 365 1813 920 1813 1471 1814 1470 1814 1466 1814 1471 1815 1466 1815 1505 1815 364 1816 1221 1816 365 1816 1646 1817 1486 1817 1476 1817 1647 1818 363 1818 1648 1818 1248 1819 1649 1819 1650 1819 1651 1820 1468 1820 617 1820 797 1821 1652 1821 917 1821 1653 1822 918 1822 1654 1822 1396 1823 1498 1823 1653 1823 1224 1824 1474 1824 1472 1824 1433 1825 1622 1825 925 1825 1191 1826 1224 1826 1472 1826 888 1827 890 1827 1225 1827 1227 1828 164 1828 641 1828 382 1829 1400 1829 1589 1829 628 1830 582 1830 584 1830 1532 1831 914 1831 1247 1831 1478 1832 395 1832 927 1832 1478 1833 927 1833 889 1833 933 1834 394 1834 396 1834 933 1835 1031 1835 394 1835 934 1836 933 1836 932 1836 128 1837 1233 1837 129 1837 1243 1838 664 1838 76 1838 296 1839 663 1839 650 1839 637 1840 234 1840 1237 1840 234 1841 236 1841 1237 1841 97 1842 99 1842 1655 1842 1655 1843 99 1843 939 1843 1356 1844 547 1844 546 1844 996 1845 1482 1845 62 1845 1240 1846 1354 1846 1481 1846 1112 1847 647 1847 1656 1847 1657 1848 995 1848 997 1848 1002 1849 1240 1849 1042 1849 1658 1850 1657 1850 1523 1850 1240 1851 1481 1851 1659 1851 1243 1852 76 1852 639 1852 639 1853 76 1853 75 1853 530 1854 412 1854 531 1854 531 1855 412 1855 954 1855 950 1856 640 1856 131 1856 130 1857 950 1857 131 1857 1250 1858 13 1858 12 1858 418 1859 238 1859 237 1859 614 1860 1250 1860 12 1860 1476 1861 1485 1861 86 1861 1660 1862 1661 1862 1438 1862 419 1863 405 1863 43 1863 43 1864 405 1864 44 1864 14 1865 1484 1865 1253 1865 665 1866 75 1866 77 1866 1255 1867 244 1867 957 1867 661 1868 1255 1868 1487 1868 427 1869 659 1869 956 1869 427 1870 956 1870 668 1870 957 1871 428 1871 958 1871 244 1872 428 1872 957 1872 659 1873 136 1873 956 1873 659 1874 134 1874 136 1874 811 1875 1254 1875 110 1875 197 1876 1254 1876 811 1876 665 1877 1484 1877 230 1877 961 1878 660 1878 1662 1878 662 1879 661 1879 1487 1879 662 1880 1487 1880 1488 1880 1259 1881 242 1881 669 1881 1259 1882 959 1882 242 1882 1488 1883 431 1883 430 1883 119 1884 1663 1884 69 1884 1103 1885 1102 1885 1104 1885 328 1886 1257 1886 675 1886 429 1887 1256 1887 328 1887 423 1888 795 1888 674 1888 1258 1889 795 1889 1489 1889 1258 1890 1489 1890 429 1890 582 1891 613 1891 583 1891 678 1892 1664 1892 1490 1892 655 1893 672 1893 1260 1893 672 1894 670 1894 1260 1894 1492 1895 435 1895 1493 1895 435 1896 1260 1896 1493 1896 1665 1897 1103 1897 1261 1897 675 1898 1257 1898 1665 1898 1105 1899 1569 1899 1666 1899 1104 1900 1569 1900 1105 1900 1105 1901 1666 1901 1667 1901 1668 1902 964 1902 1669 1902 1107 1903 215 1903 1108 1903 793 1904 329 1904 1161 1904 1663 1905 962 1905 430 1905 962 1906 662 1906 1488 1906 583 1907 676 1907 1219 1907 225 1908 398 1908 1398 1908 615 1909 652 1909 1486 1909 1486 1910 654 1910 970 1910 1226 1911 1034 1911 1227 1911 946 1912 86 1912 613 1912 1463 1913 401 1913 1468 1913 1219 1914 676 1914 1463 1914 1231 1915 1670 1915 616 1915 1651 1916 1219 1916 1468 1916 444 1917 553 1917 696 1917 696 1918 553 1918 331 1918 979 1919 155 1919 157 1919 155 1920 1151 1920 156 1920 205 1921 204 1921 1671 1921 205 1922 1671 1922 1672 1922 1501 1923 1266 1923 842 1923 836 1924 983 1924 837 1924 814 1925 202 1925 201 1925 459 1926 814 1926 201 1926 203 1927 457 1927 261 1927 204 1928 261 1928 263 1928 81 1929 695 1929 985 1929 82 1930 81 1930 985 1930 1504 1931 693 1931 38 1931 263 1932 693 1932 1504 1932 186 1933 844 1933 485 1933 186 1934 682 1934 844 1934 1502 1935 485 1935 690 1935 107 1936 1502 1936 690 1936 453 1937 92 1937 683 1937 453 1938 683 1938 682 1938 509 1939 1362 1939 213 1939 113 1940 727 1940 114 1940 441 1941 731 1941 487 1941 487 1942 1319 1942 488 1942 1263 1943 1262 1943 1571 1943 1673 1944 1674 1944 1675 1944 990 1945 1597 1945 1676 1945 371 1946 852 1946 1597 1946 1392 1947 988 1947 979 1947 1596 1948 1677 1948 1164 1948 370 1949 851 1949 371 1949 393 1950 1471 1950 1505 1950 392 1951 1471 1951 393 1951 1509 1952 906 1952 554 1952 1505 1953 1466 1953 1678 1953 1679 1954 1464 1954 1466 1954 917 1955 1680 1955 918 1955 1351 1956 794 1956 1106 1956 1493 1957 1350 1957 1681 1957 1682 1958 1669 1958 1683 1958 1684 1959 1571 1959 1685 1959 1567 1960 1573 1960 1568 1960 1097 1961 124 1961 1098 1961 737 1962 1521 1962 738 1962 1515 1963 700 1963 1521 1963 1240 1964 1239 1964 1354 1964 52 1965 1239 1965 1238 1965 1521 1966 228 1966 1275 1966 1686 1967 701 1967 228 1967 1518 1968 1282 1968 4 1968 1277 1969 4 1969 3 1969 461 1970 305 1970 1550 1970 1175 1971 1687 1971 1314 1971 1052 1972 1054 1972 1514 1972 1612 1973 746 1973 1688 1973 1274 1974 1521 1974 1275 1974 1052 1975 1514 1975 746 1975 1689 1976 1657 1976 1658 1976 1514 1977 1035 1977 1037 1977 1424 1978 1688 1978 745 1978 168 1979 1690 1979 1612 1979 1055 1980 1056 1980 1691 1980 1056 1981 1692 1981 1691 1981 1007 1982 1020 1982 1022 1982 1007 1983 482 1983 1020 1983 289 1984 266 1984 724 1984 724 1985 266 1985 482 1985 1524 1986 1023 1986 303 1986 1524 1987 303 1987 460 1987 305 1988 1693 1988 1071 1988 1694 1989 23 1989 1687 1989 304 1990 1529 1990 305 1990 8 1991 1023 1991 1524 1991 1695 1992 729 1992 22 1992 1528 1993 1696 1993 1529 1993 1280 1994 285 1994 1279 1994 545 1995 64 1995 700 1995 545 1996 544 1996 64 1996 151 1997 711 1997 467 1997 147 1998 711 1998 151 1998 163 1999 162 1999 32 1999 32 2000 67 2000 33 2000 1367 2001 325 2001 58 2001 271 2002 273 2002 1018 2002 1018 2003 273 2003 90 2003 1281 2004 1279 2004 1697 2004 463 2005 480 2005 1286 2005 1695 2006 1021 2006 729 2006 1286 2007 480 2007 1283 2007 1698 2008 1284 2008 1027 2008 1028 2009 723 2009 8 2009 1004 2010 8 2010 1005 2010 1029 2011 1004 2011 1552 2011 462 2012 294 2012 723 2012 723 2013 294 2013 6 2013 1076 2014 1698 2014 721 2014 686 2015 722 2015 91 2015 326 2016 1076 2016 721 2016 1284 2017 723 2017 1027 2017 721 2018 1029 2018 1316 2018 89 2019 91 2019 1076 2019 1537 2020 1538 2020 1531 2020 1531 2021 1530 2021 164 2021 1153 2022 1699 2022 1154 2022 1294 2023 1032 2023 930 2023 1700 2024 614 2024 1477 2024 930 2025 1226 2025 931 2025 1031 2026 1294 2026 1534 2026 1435 2027 1701 2027 1251 2027 913 2028 1155 2028 364 2028 935 2029 633 2029 632 2029 934 2030 632 2030 634 2030 1043 2031 1298 2031 1044 2031 935 2032 406 2032 633 2032 1043 2033 1296 2033 1535 2033 1483 2034 1702 2034 1703 2034 492 2035 384 2035 1297 2035 1299 2036 1531 2036 1033 2036 1480 2037 1236 2037 295 2037 1236 2038 296 2038 295 2038 1703 2039 1704 2039 1705 2039 1706 2040 636 2040 1536 2040 1241 2041 1242 2041 663 2041 1235 2042 663 2042 296 2042 61 2043 743 2043 742 2043 1538 2044 630 2044 1530 2044 1483 2045 1703 2045 409 2045 1702 2046 1704 2046 1703 2046 1707 2047 1234 2047 1479 2047 1480 2048 221 2048 384 2048 1708 2049 1480 2049 492 2049 491 2050 410 2050 1708 2050 1302 2051 739 2051 605 2051 1302 2052 1040 2052 739 2052 128 2053 935 2053 1233 2053 1223 2054 129 2054 1228 2054 1555 2055 1690 2055 168 2055 1087 2056 1060 2056 1061 2056 1690 2057 1539 2057 1612 2057 1205 2058 873 2058 875 2058 1086 2059 1709 2059 1060 2059 1555 2060 1051 2060 1690 2060 1046 2061 1038 2061 1415 2061 874 2062 871 2062 1058 2062 525 2063 29 2063 749 2063 29 2064 28 2064 749 2064 511 2065 1544 2065 19 2065 1062 2066 1544 2066 511 2066 1309 2067 1062 2067 511 2067 1309 2068 511 2068 510 2068 768 2069 1067 2069 1328 2069 1081 2070 758 2070 514 2070 1545 2071 1287 2071 1546 2071 1288 2072 756 2072 758 2072 1549 2073 1545 2073 1068 2073 1549 2074 726 2074 1545 2074 1710 2075 121 2075 767 2075 1010 2076 767 2076 247 2076 710 2077 709 2077 1554 2077 1554 2078 1322 2078 121 2078 820 2079 1075 2079 1548 2079 247 2080 1075 2080 1074 2080 975 2081 323 2081 1025 2081 818 2082 60 2082 819 2082 818 2083 58 2083 60 2083 731 2084 1318 2084 487 2084 731 2085 728 2085 1318 2085 60 2086 1317 2086 770 2086 1006 2087 460 2087 500 2087 1525 2088 500 2088 1069 2088 1315 2089 501 2089 762 2089 780 2090 1173 2090 763 2090 26 2091 25 2091 1310 2091 1361 2092 708 2092 1083 2092 1083 2093 708 2093 710 2093 310 2094 513 2094 1078 2094 311 2095 1078 2095 1079 2095 1079 2096 1095 2096 1325 2096 312 2097 1079 2097 313 2097 1308 2098 1309 2098 1082 2098 1082 2099 1309 2099 510 2099 1332 2100 248 2100 1333 2100 1333 2101 248 2101 774 2101 1119 2102 1331 2102 1120 2102 1121 2103 1120 2103 1360 2103 1360 2104 1120 2104 773 2104 1120 2105 774 2105 773 2105 1084 2106 1307 2106 1049 2106 788 2107 1307 2107 1084 2107 870 2108 788 2108 526 2108 525 2109 870 2109 526 2109 1709 2110 1555 2110 1060 2110 1060 2111 1555 2111 167 2111 789 2112 788 2112 1416 2112 788 2113 1084 2113 1416 2113 1711 2114 611 2114 1581 2114 1712 2115 1713 2115 1714 2115 1341 2116 1559 2116 1373 2116 1341 2117 366 2117 1559 2117 1715 2118 1383 2118 1135 2118 1340 2119 1562 2119 899 2119 1562 2120 1340 2120 1341 2120 1562 2121 1341 2121 1373 2121 1373 2122 1337 2122 1562 2122 1644 2123 1133 2123 1715 2123 1133 2124 1383 2124 1715 2124 1716 2125 1381 2125 1717 2125 1135 2126 1383 2126 1168 2126 1572 2127 1348 2127 1573 2127 148 2128 150 2128 1100 2128 1100 2129 150 2129 791 2129 452 2130 542 2130 804 2130 1496 2131 452 2131 1099 2131 1348 2132 1099 2132 448 2132 1570 2133 802 2133 1347 2133 1349 2134 148 2134 1347 2134 450 2135 689 2135 981 2135 981 2136 689 2136 813 2136 1270 2137 1572 2137 1567 2137 1718 2138 1271 2138 1273 2138 1270 2139 1496 2139 1572 2139 1573 2140 1101 2140 1097 2140 1102 2141 533 2141 801 2141 533 2142 535 2142 801 2142 799 2143 111 2143 533 2143 799 2144 533 2144 800 2144 337 2145 348 2145 1109 2145 337 2146 1109 2146 338 2146 1110 2147 1574 2147 1109 2147 348 2148 1110 2148 1109 2148 335 2149 1352 2149 806 2149 1575 2150 1352 2150 335 2150 707 2151 645 2151 642 2151 645 2152 707 2152 705 2152 198 2153 95 2153 199 2153 635 2154 807 2154 1719 2154 1112 2155 993 2155 994 2155 544 2156 1526 2156 65 2156 1576 2157 55 2157 1720 2157 547 2158 945 2158 656 2158 547 2159 656 2159 98 2159 1656 2160 648 2160 1355 2160 1112 2161 994 2161 647 2161 281 2162 993 2162 1111 2162 53 2163 1112 2163 54 2163 228 2164 701 2164 279 2164 700 2165 701 2165 1686 2165 719 2166 541 2166 1011 2166 541 2167 548 2167 1011 2167 455 2168 1011 2168 717 2168 455 2169 717 2169 716 2169 715 2170 471 2170 277 2170 715 2171 716 2171 471 2171 42 2172 41 2172 1358 2172 253 2173 42 2173 249 2173 1346 2174 456 2174 715 2174 1346 2175 454 2175 456 2175 689 2176 1115 2176 1116 2176 813 2177 689 2177 1116 2177 1025 2178 323 2178 322 2178 1359 2179 764 2179 727 2179 48 2180 508 2180 213 2180 48 2181 213 2181 46 2181 1366 2182 559 2182 830 2182 832 2183 1124 2183 1721 2183 1722 2184 1371 2184 115 2184 1721 2185 562 2185 1722 2185 766 2186 1553 2186 1330 2186 1329 2187 766 2187 1330 2187 1126 2188 1119 2188 1121 2188 1363 2189 1024 2189 1117 2189 1722 2190 562 2190 1371 2190 1124 2191 563 2191 562 2191 1561 2192 1374 2192 1373 2192 1723 2193 1122 2193 1123 2193 117 2194 1368 2194 1094 2194 1577 2195 309 2195 311 2195 1577 2196 311 2196 319 2196 319 2197 311 2197 776 2197 1094 2198 1577 2198 319 2198 1094 2199 319 2199 318 2199 1364 2200 1387 2200 1724 2200 354 2201 356 2201 1364 2201 1578 2202 560 2202 559 2202 356 2203 838 2203 1387 2203 180 2204 1388 2204 841 2204 1089 2205 1339 2205 1378 2205 841 2206 1725 2206 1127 2206 1726 2207 1147 2207 1140 2207 826 2208 825 2208 1579 2208 825 2209 1140 2209 1579 2209 523 2210 566 2210 1617 2210 1372 2211 1716 2211 1563 2211 841 2212 1388 2212 1725 2212 353 2213 180 2213 840 2213 1727 2214 1582 2214 1144 2214 1725 2215 1728 2215 1729 2215 368 2216 823 2216 1559 2216 366 2217 368 2217 1559 2217 1730 2218 1717 2218 783 2218 1717 2219 1731 2219 783 2219 1204 2220 1732 2220 845 2220 1733 2221 1734 2221 1410 2221 374 2222 373 2222 1735 2222 1397 2223 1736 2223 373 2223 1457 2224 864 2224 863 2224 1403 2225 1412 2225 1404 2225 1150 2226 1587 2226 355 2226 1150 2227 355 2227 354 2227 1136 2228 1391 2228 835 2228 184 2229 1149 2229 358 2229 355 2230 839 2230 838 2230 751 2231 753 2231 1320 2231 580 2232 751 2232 1320 2232 1587 2233 842 2233 839 2233 842 2234 442 2234 839 2234 1699 2235 1230 2235 616 2235 1737 2236 1738 2236 1739 2236 1157 2237 944 2237 1740 2237 1741 2238 226 2238 1400 2238 1623 2239 922 2239 1213 2239 926 2240 1435 2240 1251 2240 1605 2241 1408 2241 1742 2241 1743 2242 1606 2242 1744 2242 1745 2243 1746 2243 1411 2243 1747 2244 1746 2244 1745 2244 853 2245 698 2245 1160 2245 853 2246 1160 2246 183 2246 988 2247 1748 2247 1749 2247 1748 2248 988 2248 1392 2248 1159 2249 1749 2249 1748 2249 858 2250 194 2250 1750 2250 391 2251 393 2251 1602 2251 1751 2252 921 2252 1208 2252 1248 2253 1648 2253 1649 2253 1596 2254 1164 2254 1598 2254 1752 2255 587 2255 1753 2255 1742 2256 587 2256 1752 2256 1605 2257 1742 2257 1752 2257 622 2258 1605 2258 623 2258 1605 2259 1752 2259 623 2259 855 2260 1606 2260 1343 2260 1606 2261 1600 2261 1343 2261 1413 2262 862 2262 989 2262 1413 2263 989 2263 520 2263 1412 2264 519 2264 1404 2264 864 2265 860 2265 1413 2265 1734 2266 1345 2266 1754 2266 1403 2267 910 2267 1412 2267 1162 2268 989 2268 1599 2268 1599 2269 1755 2269 1166 2269 1169 2270 911 2270 1158 2270 595 2271 911 2271 1169 2271 1583 2272 911 2272 595 2272 594 2273 1583 2273 595 2273 597 2274 1168 2274 598 2274 1168 2275 1130 2275 1756 2275 573 2276 1172 2276 574 2276 572 2277 1172 2277 573 2277 755 2278 1315 2278 1065 2278 755 2279 1065 2279 759 2279 1072 2280 762 2280 1414 2280 1072 2281 1414 2281 1066 2281 759 2282 1066 2282 515 2282 514 2283 758 2283 515 2283 603 2284 1313 2284 1414 2284 762 2285 603 2285 1414 2285 880 2286 390 2286 1428 2286 1428 2287 390 2287 377 2287 389 2288 1176 2288 390 2288 389 2289 604 2289 1176 2289 1609 2290 1046 2290 1305 2290 1303 2291 607 2291 1304 2291 1184 2292 880 2292 879 2292 1304 2293 1184 2293 879 2293 1424 2294 745 2294 873 2294 745 2295 747 2295 871 2295 1058 2296 871 2296 1757 2296 1058 2297 1757 2297 1609 2297 1205 2298 875 2298 1180 2298 1424 2299 873 2299 1205 2299 1425 2300 1205 2300 1183 2300 169 2301 1425 2301 1183 2301 385 2302 1557 2302 386 2302 1614 2303 1444 2303 1419 2303 1614 2304 1419 2304 1186 2304 1557 2305 876 2305 386 2305 1622 2306 175 2306 925 2306 1758 2307 1423 2307 516 2307 1193 2308 1195 2308 1436 2308 1418 2309 849 2309 1759 2309 1436 2310 1629 2310 1630 2310 608 2311 610 2311 1760 2311 1472 2312 1474 2312 1225 2312 127 2313 129 2313 1223 2313 932 2314 396 2314 1229 2314 1229 2315 1761 2315 888 2315 881 2316 1429 2316 1423 2316 1758 2317 881 2317 1423 2317 1556 2318 1557 2318 385 2318 876 2319 878 2319 1444 2319 1417 2320 1181 2320 1762 2320 1557 2321 1427 2321 876 2321 377 2322 376 2322 885 2322 376 2323 127 2323 885 2323 518 2324 517 2324 1194 2324 1619 2325 882 2325 1616 2325 1430 2326 377 2326 883 2326 1430 2327 883 2327 882 2327 1472 2328 1225 2328 1473 2328 1473 2329 1225 2329 173 2329 1198 2330 1433 2330 1434 2330 1247 2331 914 2331 1647 2331 174 2332 9 2332 1435 2332 1188 2333 1620 2333 849 2333 1630 2334 1418 2334 1759 2334 1621 2335 1433 2335 1198 2335 1763 2336 1622 2336 1621 2336 1639 2337 1764 2337 1765 2337 1628 2338 1623 2338 1766 2338 1214 2339 1593 2339 1747 2339 1638 2340 1639 2340 1624 2340 374 2341 1626 2341 372 2341 1767 2342 1627 2342 1397 2342 849 2343 1620 2343 1432 2343 849 2344 1432 2344 850 2344 1632 2345 387 2345 1446 2345 893 2346 1632 2346 1446 2346 1635 2347 1768 2347 569 2347 567 2348 891 2348 568 2348 1768 2349 1439 2349 1440 2349 1768 2350 1440 2350 569 2350 568 2351 1439 2351 1635 2351 1635 2352 1439 2352 1768 2352 1381 2353 1380 2353 1769 2353 1372 2354 1128 2354 1716 2354 897 2355 1638 2355 898 2355 1630 2356 1759 2356 1637 2356 1441 2357 1643 2357 1442 2357 1443 2358 1642 2358 1770 2358 1204 2359 1443 2359 1771 2359 1397 2360 1766 2360 1736 2360 1772 2361 847 2361 1773 2361 828 2362 569 2362 571 2362 1449 2363 1452 2363 1774 2363 1643 2364 608 2364 1760 2364 571 2365 1640 2365 1641 2365 571 2366 570 2366 1640 2366 1774 2367 1643 2367 1441 2367 1446 2368 1450 2368 1447 2368 1436 2369 1195 2369 1629 2369 1760 2370 1775 2370 1642 2370 1178 2371 1776 2371 1379 2371 1178 2372 904 2372 1776 2372 1769 2373 1380 2373 1634 2373 1563 2374 1717 2374 1564 2374 1645 2375 1605 2375 622 2375 1408 2376 587 2376 1742 2376 920 2377 1221 2377 1458 2377 365 2378 1221 2378 920 2378 628 2379 946 2379 582 2379 1475 2380 86 2380 946 2380 1247 2381 1648 2381 1248 2381 1648 2382 363 2382 919 2382 1398 2383 398 2383 400 2383 1533 2384 974 2384 927 2384 1777 2385 69 2385 71 2385 678 2386 1490 2386 402 2386 528 2387 917 2387 1499 2387 1498 2388 1499 2388 1653 2388 528 2389 403 2389 917 2389 1219 2390 1463 2390 1468 2390 403 2391 797 2391 917 2391 797 2392 402 2392 1652 2392 882 2393 884 2393 50 2393 50 2394 884 2394 1196 2394 1224 2395 1228 2395 1474 2395 1191 2396 1472 2396 1192 2396 890 2397 972 2397 971 2397 889 2398 1189 2398 890 2398 395 2399 733 2399 1533 2399 239 2400 1250 2400 1700 2400 404 2401 405 2401 664 2401 664 2402 405 2402 419 2402 1482 2403 546 2403 62 2403 1482 2404 1356 2404 546 2404 1778 2405 229 2405 52 2405 52 2406 54 2406 1239 2406 1520 2407 1002 2407 1042 2407 1779 2408 1520 2408 1522 2408 1703 2409 1705 2409 409 2409 936 2410 938 2410 1702 2410 1659 2411 1481 2411 1482 2411 996 2412 62 2412 61 2412 665 2413 77 2413 1484 2413 77 2414 1245 2414 1484 2414 13 2415 665 2415 230 2415 12 2416 14 2416 653 2416 1255 2417 957 2417 1487 2417 1487 2418 957 2418 959 2418 1662 2419 660 2419 662 2419 653 2420 961 2420 960 2420 795 2421 796 2421 1489 2421 1489 2422 796 2422 109 2422 425 2423 674 2423 538 2423 425 2424 423 2424 674 2424 1664 2425 1777 2425 1490 2425 1777 2426 71 2426 1490 2426 1780 2427 670 2427 968 2427 1780 2428 968 2428 1350 2428 1493 2429 1260 2429 1350 2429 1350 2430 1351 2430 1781 2430 675 2431 1665 2431 679 2431 679 2432 1665 2432 1261 2432 1665 2433 1257 2433 1103 2433 1257 2434 800 2434 1103 2434 1262 2435 1103 2435 1105 2435 1667 2436 1668 2436 1669 2436 1569 2437 802 2437 1570 2437 1666 2438 1569 2438 1668 2438 1569 2439 1570 2439 1668 2439 1668 2440 1570 2440 964 2440 969 2441 963 2441 793 2441 793 2442 963 2442 329 2442 87 2443 681 2443 118 2443 970 2444 681 2444 87 2444 962 2445 1488 2445 430 2445 1663 2446 430 2446 69 2446 88 2447 677 2447 583 2447 583 2448 677 2448 676 2448 915 2449 913 2449 363 2449 584 2450 1219 2450 1395 2450 627 2451 584 2451 1395 2451 984 2452 330 2452 203 2452 696 2453 331 2453 330 2453 1782 2454 1783 2454 1784 2454 308 2455 1588 2455 987 2455 1785 2456 205 2456 1672 2456 1151 2457 1785 2457 1148 2457 1786 2458 1393 2458 1264 2458 1787 2459 1672 2459 1783 2459 1386 2460 1501 2460 1587 2460 1783 2461 1788 2461 1385 2461 1588 2462 1782 2462 987 2462 157 2463 156 2463 307 2463 201 2464 40 2464 42 2464 201 2465 42 2465 253 2465 1671 2466 687 2466 1393 2466 204 2467 263 2467 687 2467 1268 2468 1267 2468 1269 2468 1789 2469 1790 2469 1718 2469 1679 2470 1791 2470 1464 2470 217 2471 1684 2471 1792 2471 1793 2472 1273 2472 1512 2472 990 2473 1676 2473 1137 2473 1753 2474 905 2474 370 2474 851 2475 1596 2475 852 2475 586 2476 1510 2476 1794 2476 1510 2477 554 2477 1794 2477 1138 2478 1165 2478 588 2478 1677 2479 1673 2479 1164 2479 1505 2480 907 2480 906 2480 1505 2481 1678 2481 907 2481 917 2482 1652 2482 1680 2482 1464 2483 1791 2483 1465 2483 1507 2484 1494 2484 1795 2484 1494 2485 1493 2485 1681 2485 1351 2486 968 2486 794 2486 968 2487 792 2487 794 2487 679 2488 1261 2488 1263 2488 216 2489 679 2489 1263 2489 1215 2490 1796 2490 1216 2490 216 2491 1263 2491 1684 2491 126 2492 1098 2492 124 2492 1098 2493 126 2493 443 2493 1566 2494 1568 2494 73 2494 966 2495 1567 2495 1797 2495 1353 2496 1720 2496 1526 2496 4 2497 544 2497 543 2497 1694 2498 1687 2498 1175 2498 1019 2499 704 2499 1687 2499 299 2500 998 2500 999 2500 1056 2501 1278 2501 1692 2501 1540 2502 1692 2502 736 2502 1798 2503 545 2503 737 2503 1000 2504 1778 2504 1001 2504 1274 2505 227 2505 1799 2505 1519 2506 1274 2506 1541 2506 1541 2507 1274 2507 1799 2507 1542 2508 1048 2508 1038 2508 380 2509 1048 2509 1542 2509 1050 2510 1540 2510 1539 2510 1053 2511 1541 2511 1054 2511 1800 2512 1691 2512 1540 2512 1049 2513 1800 2513 1050 2513 729 2514 642 2514 644 2514 602 2515 1694 2515 1175 2515 23 2516 1019 2516 1687 2516 729 2517 644 2517 702 2517 1071 2518 1694 2518 602 2518 1071 2519 23 2519 1694 2519 1023 2520 7 2520 304 2520 7 2521 1283 2521 1528 2521 1696 2522 1281 2522 1801 2522 23 2523 702 2523 1019 2523 5 2524 545 2524 1798 2524 5 2525 543 2525 545 2525 146 2526 478 2526 711 2526 714 2527 478 2527 146 2527 163 2528 32 2528 256 2528 255 2529 163 2529 256 2529 712 2530 162 2530 161 2530 712 2531 288 2531 162 2531 480 2532 68 2532 1285 2532 68 2533 285 2533 1285 2533 1281 2534 1697 2534 1801 2534 1286 2535 1283 2535 7 2535 1697 2536 1279 2536 1021 2536 1279 2537 1007 2537 1021 2537 1029 2538 1028 2538 1004 2538 1316 2539 1029 2539 1552 2539 1530 2540 630 2540 218 2540 1530 2541 218 2541 165 2541 914 2542 363 2542 1647 2542 1477 2543 615 2543 1486 2543 1032 2544 1034 2544 1226 2544 1031 2545 1292 2545 1294 2545 733 2546 1294 2546 930 2546 1294 2547 1293 2547 1032 2547 395 2548 1534 2548 733 2548 395 2549 1031 2549 1534 2549 634 2550 1295 2550 1031 2550 634 2551 633 2551 1295 2551 1291 2552 1300 2552 732 2552 1300 2553 407 2553 732 2553 407 2554 941 2554 408 2554 408 2555 1296 2555 1043 2555 1044 2556 1299 2556 1293 2556 930 2557 1032 2557 1226 2557 1299 2558 1537 2558 1531 2558 1299 2559 493 2559 1537 2559 63 2560 1655 2560 743 2560 743 2561 1655 2561 939 2561 744 2562 1706 2562 1536 2562 1704 2563 744 2563 1802 2563 1707 2564 1536 2564 1234 2564 1536 2565 637 2565 1234 2565 739 2566 1483 2566 1301 2566 739 2567 741 2567 1483 2567 492 2568 1480 2568 384 2568 384 2569 223 2569 1297 2569 1296 2570 411 2570 491 2570 410 2571 1480 2571 1708 2571 1709 2572 1049 2572 1051 2572 1709 2573 1051 2573 1555 2573 1051 2574 1539 2574 1690 2574 1051 2575 1050 2575 1539 2575 873 2576 745 2576 871 2576 873 2577 871 2577 874 2577 749 2578 1057 2578 297 2578 749 2579 28 2579 1057 2579 1064 2580 24 2580 1544 2580 1544 2581 24 2581 19 2581 515 2582 1066 2582 499 2582 499 2583 1066 2583 25 2583 1064 2584 514 2584 24 2584 1063 2585 514 2585 1064 2585 1328 2586 1803 2586 758 2586 1803 2587 1288 2587 758 2587 1546 2588 1288 2588 1803 2588 1328 2589 1546 2589 1803 2589 1804 2590 772 2590 1545 2590 1288 2591 754 2591 756 2591 1545 2592 772 2592 1287 2592 726 2593 1804 2593 1545 2593 1330 2594 1553 2594 246 2594 766 2595 1008 2595 1553 2595 1083 2596 1009 2596 1008 2596 1083 2597 710 2597 1009 2597 767 2598 121 2598 1547 2598 121 2599 757 2599 1547 2599 1554 2600 121 2600 1710 2600 976 2601 112 2601 1322 2601 769 2602 1080 2602 1075 2602 247 2603 769 2603 1075 2603 1075 2604 1080 2604 1548 2604 1548 2605 1080 2605 1063 2605 248 2606 1074 2606 820 2606 248 2607 247 2607 1074 2607 1552 2608 1006 2608 1311 2608 460 2609 461 2609 500 2609 1551 2610 770 2610 726 2610 1525 2611 1006 2611 500 2611 1552 2612 1004 2612 1006 2612 1311 2613 1006 2613 1525 2613 26 2614 1310 2614 1173 2614 1173 2615 1310 2615 600 2615 1079 2616 1325 2616 313 2616 313 2617 1325 2617 314 2617 506 2618 1119 2618 1376 2618 1117 2619 1805 2619 506 2619 750 2620 1055 2620 1307 2620 750 2621 297 2621 1055 2621 1416 2622 1084 2622 1086 2622 1416 2623 1086 2623 301 2623 1323 2624 496 2624 778 2624 496 2625 1323 2625 494 2625 496 2626 777 2626 779 2626 779 2627 302 2627 611 2627 779 2628 300 2628 302 2628 314 2629 1581 2629 522 2629 1581 2630 314 2630 1326 2630 1326 2631 1711 2631 1581 2631 1711 2632 1326 2632 1327 2632 1560 2633 1338 2633 1561 2633 1373 2634 1560 2634 1561 2634 1335 2635 900 2635 899 2635 1134 2636 1730 2636 1644 2636 901 2637 900 2637 1134 2637 1134 2638 1715 2638 1135 2638 1644 2639 1715 2639 1134 2639 804 2640 805 2640 1099 2640 1099 2641 805 2641 449 2641 1496 2642 1099 2642 1572 2642 1572 2643 1099 2643 1348 2643 791 2644 1496 2644 1270 2644 1100 2645 791 2645 1270 2645 802 2646 83 2646 1349 2646 1349 2647 83 2647 148 2647 1573 2648 1348 2648 1101 2648 1101 2649 1348 2649 125 2649 1669 2650 1806 2650 1683 2650 1669 2651 964 2651 1806 2651 345 2652 337 2652 336 2652 343 2653 345 2653 336 2653 1110 2654 342 2654 1574 2654 1574 2655 342 2655 810 2655 1109 2656 1575 2656 335 2656 1575 2657 810 2657 1352 2657 1352 2658 259 2658 258 2658 806 2659 1352 2659 258 2659 1276 2660 489 2660 490 2660 1720 2661 489 2661 1807 2661 1719 2662 807 2662 1113 2662 1719 2663 1113 2663 646 2663 645 2664 705 2664 1576 2664 1576 2665 705 2665 706 2665 490 2666 200 2666 635 2666 701 2667 280 2667 279 2667 65 2668 1807 2668 66 2668 4 2669 1808 2669 544 2669 1656 2670 647 2670 648 2670 1355 2671 648 2671 1356 2671 994 2672 189 2672 647 2672 647 2673 189 2673 414 2673 53 2674 1111 2674 1112 2674 53 2675 281 2675 1111 2675 1521 2676 1686 2676 228 2676 1521 2677 700 2677 1686 2677 41 2678 715 2678 1358 2678 42 2679 1358 2679 249 2679 1500 2680 981 2680 458 2680 123 2681 981 2681 1500 2681 822 2682 816 2682 830 2682 830 2683 816 2683 831 2683 1142 2684 559 2684 1366 2684 1365 2685 1366 2685 830 2685 1724 2686 1387 2686 579 2686 560 2687 579 2687 1077 2687 1360 2688 1125 2688 1369 2688 1369 2689 1125 2689 309 2689 1024 2690 322 2690 1805 2690 1117 2691 1024 2691 1805 2691 1805 2692 322 2692 506 2692 1376 2693 1119 2693 1126 2693 214 2694 213 2694 1117 2694 213 2695 1363 2695 1117 2695 116 2696 564 2696 1368 2696 116 2697 1368 2697 117 2697 1561 2698 1090 2698 1374 2698 1089 2699 1090 2699 1561 2699 1090 2700 117 2700 1129 2700 117 2701 318 2701 1129 2701 1375 2702 1723 2702 1123 2702 1375 2703 1123 2703 1337 2703 838 2704 751 2704 1387 2704 1387 2705 751 2705 580 2705 1077 2706 579 2706 1289 2706 1077 2707 1289 2707 47 2707 826 2708 1579 2708 1580 2708 1378 2709 115 2709 1089 2709 1339 2710 824 2710 826 2710 1127 2711 1809 2711 1339 2711 1339 2712 826 2712 1377 2712 1579 2713 1140 2713 1365 2713 179 2714 1389 2714 1388 2714 1586 2715 1810 2715 1147 2715 179 2716 987 2716 1389 2716 1389 2717 1727 2717 1728 2717 1773 2718 1641 2718 1772 2718 784 2719 1131 2719 1133 2719 847 2720 1405 2720 1733 2720 846 2721 910 2721 1403 2721 1210 2722 1585 2722 1811 2722 1211 2723 855 2723 854 2723 908 2724 910 2724 846 2724 845 2725 908 2725 846 2725 1812 2726 1811 2726 908 2726 1771 2727 374 2727 1812 2727 909 2728 622 2728 910 2728 910 2729 622 2729 1457 2729 910 2730 863 2730 1412 2730 910 2731 1457 2731 863 2731 1386 2732 1587 2732 1150 2732 1146 2733 1386 2733 1150 2733 835 2734 308 2734 986 2734 835 2735 986 2735 179 2735 1399 2736 1813 2736 1246 2736 400 2737 1813 2737 1399 2737 1764 2738 1814 2738 381 2738 1741 2739 1400 2739 382 2739 1590 2740 1462 2740 923 2740 1461 2741 1248 2741 1650 2741 1591 2742 1093 2742 922 2742 1625 2743 1591 2743 922 2743 1628 2744 1766 2744 1397 2744 1815 2745 1740 2745 1212 2745 923 2746 1462 2746 1594 2746 1766 2747 1747 2747 1745 2747 1392 2748 183 2748 1748 2748 183 2749 1392 2749 181 2749 1406 2750 1816 2750 1407 2750 1170 2751 1816 2751 1406 2751 1212 2752 192 2752 1817 2752 391 2753 1217 2753 392 2753 1750 2754 1602 2754 1601 2754 1602 2755 393 2755 1506 2755 1508 2756 1509 2756 1510 2756 1459 2757 1510 2757 586 2757 1650 2758 1751 2758 943 2758 921 2759 920 2759 1208 2759 587 2760 905 2760 1753 2760 587 2761 586 2761 905 2761 1752 2762 1753 2762 370 2762 1752 2763 370 2763 369 2763 1645 2764 1344 2764 1605 2764 856 2765 1344 2765 1645 2765 1411 2766 1743 2766 1744 2766 857 2767 859 2767 1606 2767 1751 2768 1208 2768 619 2768 192 2769 194 2769 1817 2769 858 2770 1750 2770 859 2770 1600 2771 1409 2771 1408 2771 624 2772 369 2772 864 2772 1457 2773 624 2773 864 2773 787 2774 1167 2774 1608 2774 1608 2775 1167 2775 1131 2775 1404 2776 519 2776 1345 2776 1405 2777 1404 2777 1345 2777 1383 2778 1130 2778 1168 2778 1130 2779 574 2779 1756 2779 1383 2780 359 2780 361 2780 361 2781 360 2781 572 2781 1756 2782 574 2782 834 2782 599 2783 1756 2783 834 2783 1065 2784 1315 2784 1072 2784 1315 2785 762 2785 1072 2785 871 2786 378 2786 1757 2786 1757 2787 378 2787 380 2787 1303 2788 1609 2788 607 2788 1059 2789 1609 2789 1303 2789 1451 2790 1186 2790 1452 2790 387 2791 1614 2791 1450 2791 609 2792 1193 2792 1436 2792 1186 2793 518 2793 609 2793 1629 2794 1195 2794 1418 2794 1195 2795 1187 2795 1418 2795 1642 2796 1775 2796 1636 2796 610 2797 1436 2797 1760 2797 609 2798 518 2798 1193 2798 518 2799 1194 2799 1193 2799 129 2800 934 2800 1818 2800 1818 2801 934 2801 932 2801 1223 2802 1228 2802 1224 2802 1761 2803 889 2803 888 2803 129 2804 1818 2804 1228 2804 1818 2805 932 2805 1228 2805 879 2806 881 2806 878 2806 878 2807 881 2807 1758 2807 386 2808 1613 2808 1614 2808 387 2809 386 2809 1614 2809 1762 2810 1181 2810 1427 2810 1426 2811 1304 2811 1427 2811 883 2812 885 2812 887 2812 885 2813 127 2813 886 2813 50 2814 1196 2814 1431 2814 1615 2815 49 2815 1187 2815 1444 2816 878 2816 516 2816 878 2817 1758 2817 516 2817 1423 2818 1430 2818 1619 2818 1619 2819 1430 2819 882 2819 925 2820 926 2820 1434 2820 1661 2821 1251 2821 1819 2821 1739 2822 1820 2822 1821 2822 1435 2823 9 2823 1701 2823 1701 2824 9 2824 397 2824 1615 2825 1822 2825 49 2825 1196 2826 1192 2826 1431 2826 1620 2827 1621 2827 1432 2827 1432 2828 1197 2828 1199 2828 1763 2829 1192 2829 1622 2829 1434 2830 926 2830 1660 2830 1625 2831 922 2831 1623 2831 1624 2832 1639 2832 1765 2832 1623 2833 1213 2833 1766 2833 1736 2834 1745 2834 373 2834 1639 2835 1823 2835 1764 2835 1437 2836 1438 2836 1737 2836 1631 2837 1824 2837 385 2837 892 2838 1632 2838 893 2838 893 2839 1446 2839 1440 2839 1440 2840 1446 2840 1445 2840 1200 2841 1201 2841 1634 2841 1201 2842 317 2842 1635 2842 1453 2843 1634 2843 1454 2843 1634 2844 1201 2844 1825 2844 1128 2845 1179 2845 1716 2845 1731 2846 1453 2846 783 2846 1637 2847 896 2847 1627 2847 1770 2848 1626 2848 374 2848 1637 2849 1759 2849 896 2849 1759 2850 849 2850 848 2850 1641 2851 1342 2851 1772 2851 1772 2852 1342 2852 847 2852 1204 2853 1812 2853 1732 2853 1812 2854 1210 2854 1811 2854 829 2855 786 2855 785 2855 1826 2856 571 2856 1641 2856 828 2857 571 2857 1826 2857 1827 2858 1445 2858 1449 2858 1643 2859 1760 2859 1642 2859 1760 2860 1436 2860 1775 2860 1448 2861 1441 2861 1202 2861 1203 2862 1443 2862 1204 2862 1827 2863 1449 2863 1640 2863 1640 2864 1449 2864 1448 2864 1447 2865 1452 2865 1449 2865 1445 2866 1447 2866 1449 2866 1449 2867 1774 2867 1441 2867 1452 2868 1186 2868 608 2868 1452 2869 608 2869 1774 2869 1774 2870 608 2870 1643 2870 524 2871 1456 2871 1128 2871 524 2872 523 2872 1456 2872 1380 2873 1091 2873 1200 2873 1776 2874 904 2874 1091 2874 364 2875 1155 2875 1221 2875 1189 2876 929 2876 1592 2876 926 2877 1251 2877 1660 2877 1699 2878 616 2878 1154 2878 1154 2879 616 2879 1220 2879 1646 2880 1477 2880 1486 2880 1247 2881 1647 2881 1648 2881 1533 2882 733 2882 974 2882 927 2883 974 2883 928 2883 1490 2884 436 2884 1491 2884 1490 2885 71 2885 436 2885 392 2886 1654 2886 1469 2886 1653 2887 916 2887 918 2887 1458 2888 1828 2888 1498 2888 1458 2889 1220 2889 1828 2889 618 2890 617 2890 529 2890 617 2891 527 2891 529 2891 1468 2892 403 2892 528 2892 527 2893 1468 2893 528 2893 1616 2894 1822 2894 1615 2894 1616 2895 882 2895 1822 2895 890 2896 1189 2896 972 2896 1829 2897 1830 2897 1821 2897 1830 2898 1829 2898 224 2898 1821 2899 1831 2899 1829 2899 1820 2900 1831 2900 1821 2900 1820 2901 1832 2901 1831 2901 1833 2902 1832 2902 1820 2902 1833 2903 1834 2903 1832 2903 1819 2904 1834 2904 1833 2904 1819 2905 1835 2905 1834 2905 1252 2906 1835 2906 1819 2906 1252 2907 1836 2907 1835 2907 397 2908 1836 2908 1252 2908 397 2909 1837 2909 1836 2909 11 2910 1837 2910 397 2910 11 2911 1838 2911 1837 2911 10 2912 1838 2912 11 2912 10 2913 1839 2913 1838 2913 1592 2914 1839 2914 10 2914 1592 2915 1840 2915 1839 2915 929 2916 1840 2916 1592 2916 929 2917 1841 2917 1840 2917 928 2918 1841 2918 929 2918 928 2919 1842 2919 1841 2919 974 2920 1842 2920 928 2920 974 2921 1843 2921 1842 2921 974 2922 1844 2922 1843 2922 735 2923 1844 2923 974 2923 735 2924 1845 2924 1844 2924 734 2925 1845 2925 735 2925 734 2926 1846 2926 1845 2926 931 2927 1846 2927 734 2927 931 2928 1847 2928 1846 2928 1227 2929 1847 2929 931 2929 1227 2930 1848 2930 1847 2930 641 2931 1848 2931 1227 2931 641 2932 1849 2932 1848 2932 166 2933 1849 2933 641 2933 166 2934 1850 2934 1849 2934 629 2935 1850 2935 166 2935 629 2936 1851 2936 1850 2936 220 2937 1851 2937 629 2937 220 2938 1852 2938 1851 2938 949 2939 1852 2939 220 2939 949 2940 1853 2940 1852 2940 626 2941 1853 2941 949 2941 626 2942 1854 2942 1853 2942 947 2943 1854 2943 626 2943 1854 2944 947 2944 1855 2944 1856 2945 224 2945 1829 2945 1856 2946 225 2946 224 2946 1857 2947 225 2947 1856 2947 1857 2948 398 2948 225 2948 1858 2949 398 2949 1857 2949 1858 2950 399 2950 398 2950 1859 2951 399 2951 1858 2951 1859 2952 1532 2952 399 2952 1860 2953 1532 2953 1859 2953 1860 2954 914 2954 1532 2954 1861 2955 914 2955 1860 2955 1861 2956 915 2956 914 2956 1862 2957 915 2957 1861 2957 1862 2958 913 2958 915 2958 1863 2959 913 2959 1862 2959 1863 2960 1153 2960 913 2960 1864 2961 1153 2961 1863 2961 1864 2962 1699 2962 1153 2962 1865 2963 1699 2963 1864 2963 1865 2964 1230 2964 1699 2964 1866 2965 1230 2965 1865 2965 1867 2966 1230 2966 1866 2966 1867 2967 1231 2967 1230 2967 1868 2968 1231 2968 1867 2968 1868 2969 1394 2969 1231 2969 1869 2970 1394 2970 1868 2970 1869 2971 627 2971 1394 2971 1870 2972 627 2972 1869 2972 1870 2973 628 2973 627 2973 1871 2974 628 2974 1870 2974 1871 2975 946 2975 628 2975 1872 2976 946 2976 1871 2976 1872 2977 1475 2977 946 2977 1873 2978 1475 2978 1872 2978 1873 2979 1476 2979 1475 2979 1874 2980 1476 2980 1873 2980 1874 2981 1646 2981 1476 2981 1875 2982 1646 2982 1874 2982 1875 2983 1477 2983 1646 2983 1876 2984 1477 2984 1875 2984 1876 2985 1700 2985 1477 2985 1877 2986 1700 2986 1876 2986 1877 2987 239 2987 1700 2987 1878 2988 239 2988 1877 2988 237 2989 1878 2989 1855 2989 418 2990 1855 2990 947 2990 1878 2991 237 2991 239 2991 1855 2992 418 2992 237 2992 1002 2993 1238 2993 1240 2993 1001 2994 1238 2994 1002 2994 938 2995 744 2995 1704 2995 1702 2996 938 2996 1704 2996 741 2997 1702 2997 1483 2997 740 2998 936 2998 1702 2998 62 2999 97 2999 1655 2999 62 3000 1655 3000 63 3000 1879 3001 1482 3001 996 3001 997 3002 996 3002 937 3002 995 3003 1659 3003 1879 3003 1042 3004 1240 3004 1659 3004 1739 3005 1830 3005 1880 3005 1253 3006 660 3006 961 3006 653 3007 1253 3007 961 3007 615 3008 12 3008 652 3008 652 3009 12 3009 653 3009 238 3010 13 3010 1250 3010 238 3011 434 3011 13 3011 1662 3012 662 3012 962 3012 961 3013 1662 3013 962 3013 1260 3014 1780 3014 1350 3014 1260 3015 670 3015 1780 3015 217 3016 216 3016 1684 3016 1161 3017 329 3017 679 3017 1881 3018 1882 3018 1495 3018 1666 3019 1668 3019 1667 3019 1231 3020 1395 3020 1670 3020 1394 3021 1395 3021 1231 3021 1391 3022 157 3022 308 3022 979 3023 157 3023 1391 3023 203 3024 330 3024 457 3024 203 3025 261 3025 204 3025 1385 3026 1501 3026 1386 3026 1265 3027 208 3027 837 3027 1266 3028 837 3028 440 3028 1266 3029 440 3029 842 3029 1148 3030 1672 3030 1787 3030 1786 3031 1264 3031 1783 3031 1788 3032 1266 3032 1385 3032 1145 3033 1385 3033 1384 3033 698 3034 1883 3034 1159 3034 1272 3035 1797 3035 1884 3035 1797 3036 1566 3036 1884 3036 80 3037 1749 3037 991 3037 1749 3038 80 3038 988 3038 1682 3039 1683 3039 1790 3039 1683 3040 1806 3040 1797 3040 1885 3041 1886 3041 555 3041 1887 3042 1888 3042 1889 3042 371 3043 1597 3043 861 3043 861 3044 1597 3044 990 3044 989 3045 1755 3045 1599 3045 989 3046 990 3046 1755 3046 852 3047 1598 3047 1597 3047 586 3048 1794 3048 1604 3048 1794 3049 1887 3049 1604 3049 556 3050 555 3050 1887 3050 1216 3051 1885 3051 555 3051 905 3052 1604 3052 1596 3052 852 3053 1596 3053 1598 3053 1597 3054 1163 3054 1138 3054 554 3055 907 3055 1890 3055 907 3056 1216 3056 1890 3056 1791 3057 1681 3057 1891 3057 1507 3058 1492 3058 1494 3058 1494 3059 1681 3059 1791 3059 1681 3060 1350 3060 1781 3060 1678 3061 1465 3061 907 3061 1466 3062 1465 3062 1678 3062 794 3063 793 3063 1467 3063 1467 3064 793 3064 1161 3064 1892 3065 1674 3065 1673 3065 1571 3066 1105 3066 1893 3066 1889 3067 1792 3067 1673 3067 555 3068 1886 3068 1888 3068 1797 3069 1567 3069 1566 3069 1790 3070 1683 3070 1271 3070 1568 3071 1573 3071 1097 3071 1568 3072 1097 3072 73 3072 4 3073 1282 3073 1808 3073 1808 3074 1353 3074 544 3074 28 3075 298 3075 1057 3075 28 3076 868 3076 298 3076 738 3077 1521 3077 1274 3077 736 3078 738 3078 1274 3078 1692 3079 1798 3079 737 3079 1692 3080 737 3080 736 3080 1037 3081 1000 3081 1520 3081 1799 3082 227 3082 1778 3082 227 3083 229 3083 1778 3083 1799 3084 1778 3084 1036 3084 1691 3085 1692 3085 1540 3085 1054 3086 1541 3086 1514 3086 1036 3087 1778 3087 1000 3087 1541 3088 1799 3088 1036 3088 379 3089 1779 3089 1522 3089 1039 3090 1894 3090 740 3090 872 3091 1543 3091 379 3091 1037 3092 1036 3092 1000 3092 1657 3093 997 3093 937 3093 1520 3094 1042 3094 1041 3094 1894 3095 1523 3095 740 3095 740 3096 1523 3096 936 3096 1612 3097 1052 3097 746 3097 1688 3098 746 3098 745 3098 1687 3099 704 3099 1517 3099 1687 3100 1517 3100 1314 3100 1550 3101 1071 3101 601 3101 1550 3102 305 3102 1071 3102 1697 3103 1021 3103 1695 3103 702 3104 644 3104 703 3104 1693 3105 23 3105 1071 3105 1529 3106 21 3106 305 3106 1278 3107 1798 3107 1692 3107 1278 3108 5 3108 1798 3108 480 3109 1285 3109 1283 3109 1285 3110 1280 3110 1283 3110 21 3111 1695 3111 22 3111 7 3112 1528 3112 304 3112 59 3113 721 3113 1316 3113 58 3114 721 3114 59 3114 1295 3115 1293 3115 1292 3115 1031 3116 1295 3116 1292 3116 941 3117 411 3117 1296 3117 491 3118 1708 3118 492 3118 1293 3119 1299 3119 1032 3119 1032 3120 1299 3120 1033 3120 744 3121 743 3121 1706 3121 743 3122 636 3122 1706 3122 744 3123 1536 3123 1802 3123 1802 3124 1536 3124 1707 3124 1234 3125 1241 3125 1235 3125 1234 3126 637 3126 1241 3126 1705 3127 1707 3127 1895 3127 1895 3128 1707 3128 410 3128 1531 3129 1538 3129 1530 3129 493 3130 492 3130 1537 3130 1298 3131 491 3131 493 3131 1535 3132 491 3132 1298 3132 1085 3133 1709 3133 1086 3133 1085 3134 1049 3134 1709 3134 757 3135 1546 3135 1067 3135 1067 3136 1546 3136 1328 3136 1312 3137 1545 3137 1546 3137 757 3138 1312 3138 1546 3138 1008 3139 1010 3139 1553 3139 1553 3140 1010 3140 247 3140 1009 3141 1710 3141 767 3141 1554 3142 976 3142 1322 3142 1551 3143 60 3143 770 3143 60 3144 59 3144 1317 3144 1069 3145 500 3145 1073 3145 1069 3146 1073 3146 754 3146 770 3147 1311 3147 771 3147 772 3148 771 3148 754 3148 1005 3149 1524 3149 1006 3149 1006 3150 1524 3150 460 3150 1118 3151 1329 3151 1119 3151 506 3152 1118 3152 1119 3152 1055 3153 1691 3153 1800 3153 1049 3154 1055 3154 1800 3154 301 3155 1086 3155 1334 3155 1207 3156 1421 3156 1420 3156 1581 3157 565 3157 523 3157 1061 3158 1182 3158 1206 3158 1558 3159 1206 3159 1896 3159 1207 3160 1182 3160 1421 3160 1762 3161 1427 3161 1556 3161 567 3162 1611 3162 891 3162 316 3163 1610 3163 567 3163 1617 3164 904 3164 1178 3164 523 3165 1617 3165 1178 3165 1134 3166 597 3166 901 3166 901 3167 597 3167 899 3167 1769 3168 1634 3168 1731 3168 1730 3169 783 3169 1644 3169 1806 3170 966 3170 1797 3170 1806 3171 964 3171 966 3171 281 3172 1719 3172 993 3172 1719 3173 646 3173 993 3173 1353 3174 1576 3174 1720 3174 1353 3175 645 3175 1576 3175 1276 3176 490 3176 280 3176 66 3177 280 3177 701 3177 1720 3178 55 3178 489 3178 55 3179 57 3179 489 3179 1526 3180 1807 3180 65 3180 1526 3181 1720 3181 1807 3181 1239 3182 1656 3182 1355 3182 1239 3183 1112 3183 1656 3183 1358 3184 715 3184 277 3184 1358 3185 277 3185 250 3185 1897 3186 832 3186 1580 3186 1580 3187 1365 3187 1897 3187 830 3188 559 3188 822 3188 559 3189 46 3189 822 3189 560 3190 47 3190 561 3190 561 3191 47 3191 46 3191 1142 3192 1578 3192 559 3192 1142 3193 1364 3193 1578 3193 1371 3194 564 3194 116 3194 115 3195 1371 3195 116 3195 1375 3196 1129 3196 1723 3196 1129 3197 1122 3197 1723 3197 1724 3198 579 3198 560 3198 1364 3199 1724 3199 560 3199 826 3200 1580 3200 1377 3200 1721 3201 1124 3201 562 3201 1726 3202 1586 3202 1147 3202 1728 3203 1586 3203 1729 3203 1388 3204 1390 3204 1725 3204 1810 3205 354 3205 1147 3205 1727 3206 1144 3206 1586 3206 1728 3207 1727 3207 1586 3207 783 3208 1455 3208 784 3208 782 3209 1133 3209 1644 3209 1405 3210 1345 3210 1734 3210 1733 3211 1405 3211 1734 3211 1565 3212 1411 3212 1211 3212 1565 3213 1211 3213 1210 3213 854 3214 1645 3214 1585 3214 1585 3215 1645 3215 909 3215 373 3216 1210 3216 1735 3216 1443 3217 374 3217 1771 3217 1811 3218 1585 3218 908 3218 1812 3219 908 3219 1732 3219 519 3220 864 3220 1413 3220 519 3221 1413 3221 520 3221 1398 3222 400 3222 1399 3222 400 3223 399 3223 1813 3223 399 3224 1247 3224 1813 3224 1813 3225 1247 3225 1246 3225 381 3226 1814 3226 894 3226 1880 3227 226 3227 895 3227 1746 3228 1815 3228 1743 3228 381 3229 383 3229 1591 3229 1399 3230 1461 3230 1460 3230 1399 3231 1246 3231 1461 3231 944 3232 1898 3232 192 3232 944 3233 192 3233 1740 3233 850 3234 1199 3234 1638 3234 1624 3235 1591 3235 1625 3235 1591 3236 1764 3236 381 3236 383 3237 382 3237 1590 3237 1747 3238 1593 3238 1746 3238 1766 3239 1745 3239 1736 3239 1593 3240 1815 3240 1746 3240 1746 3241 1743 3241 1411 3241 924 3242 1595 3242 1593 3242 923 3243 1594 3243 924 3243 1816 3244 1513 3244 1407 3244 183 3245 1159 3245 1748 3245 1816 3246 1511 3246 1513 3246 1170 3247 867 3247 1816 3247 194 3248 391 3248 1602 3248 194 3249 1602 3249 1750 3249 1218 3250 1654 3250 1217 3250 1217 3251 1654 3251 392 3251 1508 3252 1510 3252 1459 3252 585 3253 1508 3253 1459 3253 1650 3254 1649 3254 1751 3254 1648 3255 919 3255 1649 3255 192 3256 619 3256 193 3256 1209 3257 1218 3257 620 3257 1343 3258 1600 3258 1408 3258 859 3259 1601 3259 1600 3259 1743 3260 857 3260 1606 3260 1743 3261 1212 3261 857 3261 1744 3262 1606 3262 855 3262 1411 3263 1744 3263 855 3263 623 3264 1752 3264 624 3264 624 3265 1752 3265 369 3265 785 3266 1608 3266 1607 3266 829 3267 828 3267 1899 3267 1345 3268 521 3268 1583 3268 1584 3269 1583 3269 594 3269 1168 3270 1756 3270 598 3270 598 3271 1756 3271 599 3271 1382 3272 359 3272 1383 3272 1382 3273 596 3273 359 3273 1609 3274 1757 3274 1045 3274 1757 3275 380 3275 1045 3275 1450 3276 1614 3276 1451 3276 1451 3277 1614 3277 1186 3277 1775 3278 1436 3278 1630 3278 1775 3279 1630 3279 1636 3279 1474 3280 1229 3280 888 3280 1474 3281 888 3281 1225 3281 1229 3282 396 3282 1761 3282 1761 3283 396 3283 889 3283 386 3284 876 3284 1613 3284 1613 3285 876 3285 1444 3285 1427 3286 877 3286 876 3286 1427 3287 1304 3287 877 3287 875 3288 1059 3288 1426 3288 1426 3289 1059 3289 1304 3289 886 3290 1223 3290 887 3290 887 3291 1223 3291 1222 3291 517 3292 1423 3292 1616 3292 517 3293 1616 3293 1194 3293 1900 3294 1434 3294 1437 3294 1639 3295 1900 3295 1823 3295 1660 3296 1251 3296 1661 3296 1431 3297 1763 3297 1621 3297 1431 3298 1192 3298 1763 3298 51 3299 1431 3299 1188 3299 49 3300 51 3300 1188 3300 1432 3301 1621 3301 1197 3301 1197 3302 1621 3302 1198 3302 1618 3303 1631 3303 891 3303 1632 3304 385 3304 387 3304 1731 3305 1634 3305 1453 3305 1201 3306 1635 3306 1825 3306 1825 3307 1901 3307 827 3307 1825 3308 1635 3308 1901 3308 1716 3309 1179 3309 1381 3309 1179 3310 1379 3310 1381 3310 1336 3311 1902 3311 900 3311 209 3312 1372 3312 1336 3312 1759 3313 848 3313 896 3313 896 3314 848 3314 897 3314 1202 3315 1204 3315 1342 3315 1342 3316 1204 3316 845 3316 1773 3317 847 3317 1733 3317 785 3318 787 3318 1608 3318 1771 3319 1812 3319 1204 3319 1732 3320 908 3320 845 3320 1443 3321 1770 3321 374 3321 1770 3322 1642 3322 1626 3322 1641 3323 1202 3323 1342 3323 1641 3324 1448 3324 1202 3324 569 3325 1440 3325 570 3325 570 3326 1827 3326 1640 3326 1776 3327 1091 3327 1380 3327 1379 3328 1776 3328 1380 3328 1700 3329 1250 3329 614 3329 972 3330 1592 3330 10 3330 401 3331 678 3331 402 3331 676 3332 678 3332 401 3332 436 3333 435 3333 1492 3333 436 3334 1492 3334 1491 3334 1218 3335 1653 3335 1654 3335 1396 3336 1653 3336 1218 3336 1654 3337 918 3337 1470 3337 392 3338 1469 3338 1471 3338 1828 3339 529 3339 1498 3339 1220 3340 529 3340 1828 3340 1680 3341 1679 3341 918 3341 1654 3342 1470 3342 1469 3342 1822 3343 50 3343 49 3343 1822 3344 882 3344 50 3344 1738 3345 1833 3345 1820 3345 938 3346 742 3346 744 3346 937 3347 742 3347 938 3347 995 3348 1879 3348 996 3348 1659 3349 1482 3349 1879 3349 1739 3350 1821 3350 1830 3350 119 3351 962 3351 1663 3351 960 3352 962 3352 119 3352 1395 3353 1651 3353 617 3353 1395 3354 1219 3354 1651 3354 1670 3355 1395 3355 617 3355 1670 3356 617 3356 616 3356 307 3357 1903 3357 1588 3357 307 3358 1148 3358 1903 3358 1785 3359 203 3359 205 3359 1151 3360 203 3360 1785 3360 687 3361 206 3361 1393 3361 1393 3362 206 3362 208 3362 1148 3363 1785 3363 1672 3363 1264 3364 1393 3364 1265 3364 204 3365 687 3365 1671 3365 1672 3366 1786 3366 1783 3366 987 3367 1782 3367 1582 3367 1782 3368 1784 3368 1582 3368 1145 3369 1384 3369 1146 3369 1784 3370 1783 3370 1385 3370 1582 3371 1784 3371 1145 3371 1784 3372 1385 3372 1145 3372 1269 3373 74 3373 991 3373 1904 3374 73 3374 72 3374 1884 3375 73 3375 1904 3375 1884 3376 1566 3376 73 3376 1905 3377 1906 3377 866 3377 1816 3378 866 3378 1511 3378 1667 3379 1669 3379 1882 3379 1907 3380 590 3380 1906 3380 1906 3381 1789 3381 1718 3381 590 3382 1908 3382 1789 3382 866 3383 1793 3383 1511 3383 1790 3384 1271 3384 1718 3384 1882 3385 1669 3385 1682 3385 1495 3386 1908 3386 590 3386 1755 3387 1137 3387 1166 3387 990 3388 1137 3388 1755 3388 1794 3389 556 3389 1887 3389 1794 3390 554 3390 556 3390 1674 3391 1495 3391 1675 3391 1164 3392 1673 3392 1165 3392 1887 3393 1889 3393 1677 3393 1677 3394 1889 3394 1673 3394 1887 3395 555 3395 1888 3395 1909 3396 215 3396 217 3396 1598 3397 1164 3397 1163 3397 1163 3398 1165 3398 1138 3398 1604 3399 1887 3399 1596 3399 1596 3400 1887 3400 1677 3400 1890 3401 1216 3401 555 3401 554 3402 1890 3402 555 3402 1497 3403 1108 3403 1216 3403 1680 3404 1652 3404 1679 3404 402 3405 1491 3405 1652 3405 1652 3406 1795 3406 1679 3406 1891 3407 1681 3407 1796 3407 1781 3408 1351 3408 1106 3408 1795 3409 1791 3409 1679 3409 1795 3410 1494 3410 1791 3410 1892 3411 1684 3411 1674 3411 1263 3412 1571 3412 1684 3412 1571 3413 1893 3413 1685 3413 1893 3414 1105 3414 1667 3414 1881 3415 1893 3415 1882 3415 1893 3416 1667 3416 1882 3416 1681 3417 1781 3417 1796 3417 1781 3418 1106 3418 1796 3418 1107 3419 1467 3419 215 3419 1467 3420 1161 3420 215 3420 1792 3421 1684 3421 1892 3421 1792 3422 1892 3422 1673 3422 299 3423 999 3423 1056 3423 1056 3424 999 3424 1278 3424 869 3425 1516 3425 868 3425 1516 3426 869 3426 1314 3426 1778 3427 52 3427 1238 3427 1778 3428 1238 3428 1001 3428 1037 3429 1520 3429 1779 3429 747 3430 1514 3430 1306 3430 1539 3431 1053 3431 1052 3431 1800 3432 1540 3432 1050 3432 1541 3433 1036 3433 1035 3433 1514 3434 1541 3434 1035 3434 1048 3435 1658 3435 1039 3435 740 3436 1702 3436 741 3436 379 3437 1689 3437 1047 3437 380 3438 379 3438 1047 3438 1306 3439 1037 3439 1543 3439 1514 3440 1037 3440 1306 3440 1042 3441 1659 3441 995 3441 379 3442 1522 3442 1689 3442 1689 3443 1041 3443 1910 3443 1522 3444 1041 3444 1689 3444 1657 3445 937 3445 1523 3445 1041 3446 995 3446 1910 3446 1689 3447 1910 3447 1657 3447 1910 3448 995 3448 1657 3448 1040 3449 740 3449 739 3449 1039 3450 740 3450 1040 3450 1424 3451 1612 3451 1688 3451 168 3452 1612 3452 1424 3452 501 3453 1550 3453 761 3453 461 3454 1550 3454 501 3454 305 3455 21 3455 1693 3455 1693 3456 21 3456 23 3456 1801 3457 1697 3457 1695 3457 1801 3458 1695 3458 21 3458 1021 3459 1022 3459 729 3459 1022 3460 642 3460 729 3460 1076 3461 91 3461 1698 3461 91 3462 1284 3462 1698 3462 410 3463 1479 3463 1480 3463 410 3464 1707 3464 1479 3464 1704 3465 1802 3465 1705 3465 1705 3466 1802 3466 1707 3466 492 3467 1297 3467 1538 3467 1538 3468 1297 3468 630 3468 1009 3469 1554 3469 1710 3469 710 3470 1554 3470 1009 3470 1804 3471 770 3471 772 3471 726 3472 770 3472 1804 3472 322 3473 324 3473 1118 3473 1118 3474 324 3474 1329 3474 891 3475 1631 3475 892 3475 1713 3476 1911 3476 1714 3476 778 3477 779 3477 611 3477 1711 3478 778 3478 611 3478 1558 3479 1061 3479 1206 3479 1087 3480 1061 3480 1558 3480 1182 3481 1183 3481 1421 3481 1183 3482 1180 3482 1421 3482 1611 3483 1618 3483 891 3483 1421 3484 1417 3484 1824 3484 1912 3485 1896 3485 1610 3485 1896 3486 1420 3486 1610 3486 1610 3487 1420 3487 1611 3487 1896 3488 1206 3488 1420 3488 1420 3489 1422 3489 1618 3489 892 3490 1631 3490 1632 3490 1335 3491 1336 3491 900 3491 1336 3492 1372 3492 1902 3492 966 3493 965 3493 1567 3493 965 3494 1270 3494 1567 3494 1282 3495 1353 3495 1808 3495 1282 3496 643 3496 1353 3496 280 3497 635 3497 1719 3497 280 3498 1719 3498 281 3498 1807 3499 489 3499 1276 3499 66 3500 1807 3500 1276 3500 1377 3501 1722 3501 115 3501 1580 3502 832 3502 1721 3502 1365 3503 830 3503 1897 3503 1897 3504 830 3504 832 3504 1729 3505 1586 3505 1726 3505 1127 3506 1725 3506 1809 3506 825 3507 1726 3507 1140 3507 1729 3508 1726 3508 825 3508 1586 3509 1146 3509 1810 3509 1810 3510 1146 3510 354 3510 1389 3511 987 3511 1727 3511 987 3512 1582 3512 1727 3512 784 3513 1455 3513 1607 3513 1607 3514 1131 3514 784 3514 1754 3515 594 3515 1167 3515 1410 3516 1734 3516 787 3516 847 3517 1403 3517 1405 3517 847 3518 846 3518 1403 3518 373 3519 1745 3519 1565 3519 1745 3520 1411 3520 1565 3520 382 3521 1589 3521 1590 3521 226 3522 225 3522 1398 3522 226 3523 1398 3523 1400 3523 894 3524 382 3524 381 3524 1823 3525 1814 3525 1764 3525 1738 3526 1820 3526 1739 3526 1913 3527 1737 3527 1814 3527 383 3528 1590 3528 923 3528 1093 3529 383 3529 923 3529 942 3530 944 3530 1156 3530 1157 3531 1740 3531 1815 3531 1461 3532 943 3532 942 3532 1461 3533 1650 3533 943 3533 1627 3534 896 3534 898 3534 1627 3535 898 3535 1623 3535 897 3536 848 3536 1638 3536 848 3537 850 3537 1638 3537 898 3538 1624 3538 1623 3538 898 3539 1638 3539 1624 3539 1213 3540 1747 3540 1766 3540 1213 3541 1214 3541 1747 3541 1590 3542 1460 3542 1462 3542 1594 3543 942 3543 1156 3543 698 3544 1407 3544 1883 3544 1407 3545 1513 3545 1883 3545 1166 3546 867 3546 1401 3546 1401 3547 867 3547 1170 3547 1817 3548 194 3548 858 3548 1212 3549 1817 3549 858 3549 859 3550 1750 3550 1601 3550 1409 3551 1508 3551 585 3551 944 3552 1751 3552 1898 3552 943 3553 1751 3553 944 3553 1208 3554 920 3554 1209 3554 920 3555 1396 3555 1209 3555 193 3556 391 3556 194 3556 620 3557 1218 3557 621 3557 1754 3558 1584 3558 594 3558 1754 3559 1345 3559 1584 3559 1190 3560 1224 3560 1191 3560 1222 3561 1224 3561 1190 3561 1434 3562 1660 3562 1438 3562 1199 3563 1900 3563 1639 3563 1199 3564 1198 3564 1900 3564 1198 3565 1434 3565 1900 3565 1701 3566 397 3566 1251 3566 1251 3567 1252 3567 1819 3567 1192 3568 1473 3568 1622 3568 1473 3569 173 3569 1622 3569 1634 3570 1825 3570 1454 3570 1454 3571 1825 3571 827 3571 1563 3572 1716 3572 1717 3572 1564 3573 1717 3573 1730 3573 1901 3574 1635 3574 569 3574 1901 3575 569 3575 827 3575 1902 3576 1372 3576 1563 3576 1902 3577 1563 3577 900 3577 1773 3578 1733 3578 786 3578 786 3579 1733 3579 1410 3579 374 3580 1735 3580 1812 3580 1735 3581 1210 3581 1812 3581 1202 3582 1441 3582 1203 3582 1203 3583 1441 3583 1443 3583 570 3584 1440 3584 1827 3584 1440 3585 1445 3585 1827 3585 677 3586 1664 3586 678 3586 677 3587 120 3587 1664 3587 918 3588 1679 3588 1470 3588 1470 3589 1679 3589 1466 3589 1653 3590 1499 3590 916 3590 1499 3591 917 3591 916 3591 1903 3592 1148 3592 1787 3592 1903 3593 1787 3593 1588 3593 1788 3594 1264 3594 1266 3594 1783 3595 1264 3595 1788 3595 1671 3596 1393 3596 1786 3596 1672 3597 1671 3597 1786 3597 1588 3598 1787 3598 1782 3598 1787 3599 1783 3599 1782 3599 1513 3600 1512 3600 1914 3600 1267 3601 74 3601 1269 3601 1273 3602 1884 3602 1904 3602 1272 3603 1884 3603 1273 3603 1683 3604 1797 3604 1271 3604 1271 3605 1797 3605 1272 3605 1159 3606 1268 3606 1749 3606 1268 3607 991 3607 1749 3607 1512 3608 72 3608 1267 3608 1914 3609 1267 3609 1268 3609 1906 3610 590 3610 1789 3610 588 3611 590 3611 1907 3611 1597 3612 1138 3612 1676 3612 1676 3613 1138 3613 1137 3613 1675 3614 1495 3614 589 3614 588 3615 1675 3615 589 3615 1165 3616 1673 3616 1675 3616 1165 3617 1675 3617 588 3617 1652 3618 1491 3618 1795 3618 1491 3619 1507 3619 1795 3619 1882 3620 1682 3620 1908 3620 1495 3621 1882 3621 1908 3621 1685 3622 1893 3622 1881 3622 1685 3623 1881 3623 1495 3623 1796 3624 1497 3624 1216 3624 1796 3625 1106 3625 1497 3625 1465 3626 1215 3626 907 3626 1465 3627 1796 3627 1215 3627 1891 3628 1796 3628 1465 3628 1791 3629 1891 3629 1465 3629 1886 3630 217 3630 1792 3630 1909 3631 217 3631 1886 3631 1886 3632 1792 3632 1889 3632 1888 3633 1886 3633 1889 3633 868 3634 1516 3634 998 3634 868 3635 998 3635 298 3635 1540 3636 736 3636 1519 3636 1540 3637 1519 3637 1053 3637 1047 3638 1658 3638 1048 3638 1047 3639 1689 3639 1658 3639 1543 3640 1037 3640 1779 3640 1543 3641 1779 3641 379 3641 1283 3642 1281 3642 1528 3642 1528 3643 1281 3643 1696 3643 1529 3644 1801 3644 21 3644 1696 3645 1801 3645 1529 3645 721 3646 1027 3646 1029 3646 1698 3647 1027 3647 721 3647 409 3648 1895 3648 410 3648 409 3649 1705 3649 1895 3649 1317 3650 1316 3650 1311 3650 1317 3651 1311 3651 770 3651 1327 3652 778 3652 1711 3652 778 3653 1327 3653 1323 3653 302 3654 1713 3654 612 3654 301 3655 1334 3655 1911 3655 1417 3656 1762 3656 1824 3656 1824 3657 1762 3657 1556 3657 1915 3658 903 3658 315 3658 1915 3659 315 3659 1091 3659 611 3660 612 3660 566 3660 612 3661 1712 3661 566 3661 1714 3662 1912 3662 903 3662 1912 3663 1558 3663 1896 3663 315 3664 1610 3664 316 3664 1714 3665 1558 3665 1912 3665 1618 3666 1824 3666 1631 3666 1824 3667 1556 3667 385 3667 1564 3668 1730 3668 1134 3668 900 3669 1564 3669 1134 3669 1377 3670 1580 3670 1722 3670 1580 3671 1721 3671 1722 3671 1390 3672 1389 3672 1728 3672 1390 3673 1728 3673 1725 3673 1809 3674 824 3674 1339 3674 824 3675 1729 3675 825 3675 1809 3676 1729 3676 824 3676 1725 3677 1729 3677 1809 3677 1400 3678 1399 3678 1460 3678 1400 3679 1460 3679 1589 3679 895 3680 1739 3680 1880 3680 1814 3681 895 3681 894 3681 1438 3682 1916 3682 1738 3682 1737 3683 1438 3683 1738 3683 1594 3684 1157 3684 1595 3684 1594 3685 1156 3685 1157 3685 1636 3686 1637 3686 1626 3686 1626 3687 1767 3687 1397 3687 1765 3688 1764 3688 1591 3688 1624 3689 1765 3689 1591 3689 1462 3690 1461 3690 942 3690 1462 3691 942 3691 1594 3691 1601 3692 1602 3692 1603 3692 1601 3693 1508 3693 1409 3693 1649 3694 919 3694 921 3694 1649 3695 921 3695 1751 3695 619 3696 1209 3696 620 3696 619 3697 621 3697 193 3697 787 3698 1754 3698 1167 3698 787 3699 1734 3699 1754 3699 1438 3700 1661 3700 1916 3700 1661 3701 1819 3701 1916 3701 1381 3702 1769 3702 1717 3702 1717 3703 1769 3703 1731 3703 1454 3704 827 3704 829 3704 829 3705 1899 3705 786 3705 1826 3706 1641 3706 1773 3706 786 3707 1826 3707 1773 3707 120 3708 69 3708 1664 3708 1664 3709 69 3709 1777 3709 1880 3710 1830 3710 226 3710 1511 3711 1793 3711 1512 3711 1917 3712 1273 3712 1793 3712 867 3713 866 3713 1816 3713 1905 3714 1907 3714 1906 3714 1908 3715 1682 3715 1790 3715 1908 3716 1790 3716 1789 3716 1138 3717 1907 3717 1139 3717 1138 3718 588 3718 1907 3718 1684 3719 1685 3719 1674 3719 1674 3720 1685 3720 1495 3720 1216 3721 1108 3721 1885 3721 1885 3722 1108 3722 1886 3722 1108 3723 1909 3723 1886 3723 1108 3724 215 3724 1909 3724 1658 3725 1523 3725 1894 3725 1039 3726 1658 3726 1894 3726 1911 3727 1558 3727 1714 3727 1911 3728 1334 3728 1558 3728 1422 3729 1824 3729 1618 3729 1422 3730 1421 3730 1824 3730 904 3731 1915 3731 1091 3731 904 3732 903 3732 1915 3732 612 3733 1713 3733 1712 3733 902 3734 1714 3734 903 3734 1581 3735 611 3735 565 3735 565 3736 611 3736 566 3736 302 3737 301 3737 1713 3737 1713 3738 301 3738 1911 3738 1918 3739 1610 3739 315 3739 903 3740 1918 3740 315 3740 895 3741 1741 3741 382 3741 895 3742 226 3742 1741 3742 1737 3743 1739 3743 1919 3743 1919 3744 1739 3744 895 3744 1900 3745 1437 3745 1823 3745 1823 3746 1913 3746 1814 3746 1740 3747 192 3747 1212 3747 1815 3748 1212 3748 1743 3748 1595 3749 1815 3749 1593 3749 1595 3750 1157 3750 1815 3750 1626 3751 1637 3751 1767 3751 1767 3752 1637 3752 1627 3752 1603 3753 1506 3753 1508 3753 1601 3754 1603 3754 1508 3754 1898 3755 619 3755 192 3755 1751 3756 619 3756 1898 3756 1916 3757 1833 3757 1738 3757 1916 3758 1819 3758 1833 3758 1455 3759 1633 3759 1607 3759 1455 3760 1454 3760 1633 3760 1159 3761 1914 3761 1268 3761 1914 3762 1512 3762 1267 3762 1512 3763 1273 3763 1904 3763 1512 3764 1904 3764 72 3764 1137 3765 1905 3765 865 3765 865 3766 1905 3766 866 3766 1918 3767 1912 3767 1610 3767 903 3768 1912 3768 1918 3768 1712 3769 1714 3769 902 3769 566 3770 1712 3770 902 3770 1814 3771 1919 3771 895 3771 1814 3772 1737 3772 1919 3772 1823 3773 1437 3773 1913 3773 1913 3774 1437 3774 1737 3774 1633 3775 829 3775 785 3775 1633 3776 1454 3776 829 3776 1883 3777 1914 3777 1159 3777 1883 3778 1513 3778 1914 3778 866 3779 1917 3779 1793 3779 866 3780 1906 3780 1917 3780 1139 3781 1907 3781 1905 3781 1137 3782 1139 3782 1905 3782 1166 3783 865 3783 867 3783 1166 3784 1137 3784 865 3784 1830 3785 224 3785 226 3785 1899 3786 828 3786 1826 3786 1899 3787 1826 3787 786 3787 1906 3788 1718 3788 1917 3788 1917 3789 1718 3789 1273 3789 1920 3790 1921 3790 1922 3790 1921 3791 1920 3791 1923 3791 1924 3792 1925 3792 1926 3792 1925 3793 1924 3793 1927 3793 1928 3794 1929 3794 1930 3794 1929 3795 1928 3795 1931 3795 1932 3796 1933 3796 1934 3796 1933 3797 1932 3797 1935 3797 1936 3798 1937 3798 1938 3798 1939 3799 1936 3799 1940 3799 1936 3800 1939 3800 1937 3800 1941 3801 1942 3801 1943 3801 1942 3802 1941 3802 1944 3802 1944 3803 1941 3803 1945 3803 1946 3804 1931 3804 1928 3804 1946 3805 1928 3805 1947 3805 1931 3806 1946 3806 1948 3806 1949 3807 1948 3807 1946 3807 1948 3808 1949 3808 1950 3808 1939 3809 1951 3809 1937 3809 1951 3810 1939 3810 1952 3810 1953 3811 1954 3811 1955 3811 1954 3812 1953 3812 1956 3812 1957 3813 1955 3813 1958 3813 1953 3814 1957 3814 1959 3814 1957 3815 1953 3815 1955 3815 1960 3816 1961 3816 1962 3816 1963 3817 1961 3817 1960 3817 1961 3818 1963 3818 1964 3818 1965 3819 1966 3819 1967 3819 1968 3820 1966 3820 1965 3820 1966 3821 1968 3821 1969 3821 1970 3822 1971 3822 1972 3822 1971 3823 1970 3823 1973 3823 1930 3824 1963 3824 1960 3824 1963 3825 1930 3825 1929 3825 1974 3826 1975 3826 1976 3826 1975 3827 1974 3827 1977 3827 1933 3828 1978 3828 1979 3828 1935 3829 1978 3829 1933 3829 1978 3830 1935 3830 1980 3830 1972 3831 1981 3831 1982 3831 1971 3832 1981 3832 1972 3832 1981 3833 1971 3833 1983 3833 1984 3834 1946 3834 1947 3834 1946 3835 1985 3835 1949 3835 1949 3836 1985 3836 1986 3836 1946 3837 1984 3837 1987 3837 1946 3838 1987 3838 1985 3838 1961 3839 1924 3839 1962 3839 1924 3840 1961 3840 1927 3840 1927 3841 1961 3841 1964 3841 1988 3842 1934 3842 1989 3842 1934 3843 1988 3843 1932 3843 1990 3844 1991 3844 1992 3844 1991 3845 1990 3845 1993 3845 1991 3846 1994 3846 1995 3846 1993 3847 1994 3847 1991 3847 1994 3848 1993 3848 1996 3848 1997 3849 1998 3849 1999 3849 1998 3850 2000 3850 2001 3850 1998 3851 1997 3851 2000 3851 2002 3852 1997 3852 1999 3852 1997 3853 2002 3853 2003 3853 2004 3854 1925 3854 2005 3854 1925 3855 2004 3855 1926 3855 2006 3856 2007 3856 2008 3856 2007 3857 2006 3857 2009 3857 2010 3858 2011 3858 2012 3858 2013 3859 2011 3859 2010 3859 2011 3860 2013 3860 2014 3860 2015 3861 2016 3861 2017 3861 2016 3862 2015 3862 2018 3862 1952 3863 1965 3863 1951 3863 1965 3864 1952 3864 1968 3864 2019 3865 1957 3865 1958 3865 2020 3866 1957 3866 2019 3866 1957 3867 2020 3867 1959 3867 1994 3868 2005 3868 1995 3868 2004 3869 1994 3869 1996 3869 1994 3870 2004 3870 2005 3870 1966 3871 2021 3871 1967 3871 2022 3872 1966 3872 1969 3872 1966 3873 2022 3873 2021 3873 1970 3874 2023 3874 1973 3874 2023 3875 1970 3875 2024 3875 2025 3876 1989 3876 2026 3876 1988 3877 2025 3877 2027 3877 2025 3878 1988 3878 1989 3878 2028 3879 2006 3879 2029 3879 2006 3880 2028 3880 2009 3880 2009 3881 2028 3881 2030 3881 2031 3882 1987 3882 1984 3882 1987 3883 2031 3883 2032 3883 2032 3884 2031 3884 2033 3884 1998 3885 1984 3885 1999 3885 1984 3886 1998 3886 2031 3886 2023 3887 2025 3887 2026 3887 2024 3888 2025 3888 2023 3888 2025 3889 2024 3889 2027 3889 2017 3890 1941 3890 1943 3890 2016 3891 1941 3891 2017 3891 1941 3892 2016 3892 1945 3892 1923 3893 2019 3893 1921 3893 2019 3894 1923 3894 2020 3894 2011 3895 2034 3895 2012 3895 2034 3896 2011 3896 2035 3896 2035 3897 2011 3897 2014 3897 2034 3898 2018 3898 2015 3898 2018 3899 2034 3899 2035 3899 2022 3900 1992 3900 2021 3900 1992 3901 2022 3901 1990 3901 1978 3902 1922 3902 1979 3902 1920 3903 1978 3903 1980 3903 1978 3904 1920 3904 1922 3904 1975 3905 1936 3905 1938 3905 1977 3906 1936 3906 1975 3906 1936 3907 1977 3907 1940 3907 2036 3908 2028 3908 2029 3908 2037 3909 2028 3909 2036 3909 2028 3910 2037 3910 2030 3910 1954 3911 2037 3911 2036 3911 2037 3912 1954 3912 1956 3912 1981 3913 2002 3913 1982 3913 2002 3914 1981 3914 2003 3914 2003 3915 1981 3915 1983 3915 2008 3916 2013 3916 2010 3916 2013 3917 2008 3917 2007 3917 1942 3918 1974 3918 1976 3918 1974 3919 1942 3919 1944 3919 2038 3920 2039 3920 2040 3920 2041 3921 2042 3921 2043 3921 2044 3922 2045 3922 2046 3922 2047 3923 2048 3923 2049 3923 2050 3924 2051 3924 2052 3924 2053 3925 2054 3925 2055 3925 2056 3926 2057 3926 2058 3926 2059 3927 2060 3927 2061 3927 2060 3928 2059 3928 2062 3928 2063 3929 2064 3929 2065 3929 2066 3930 2067 3930 2068 3930 2069 3931 2070 3931 2058 3931 2051 3932 2071 3932 2072 3932 2073 3933 2074 3933 2075 3933 2076 3934 2077 3934 2078 3934 2079 3935 2080 3935 2081 3935 2080 3936 2079 3936 2082 3936 2083 3937 2084 3937 2085 3937 2086 3938 2087 3938 2088 3938 2085 3939 2089 3939 2090 3939 2091 3940 2092 3940 2093 3940 2094 3941 2095 3941 2096 3941 2097 3942 2098 3942 2099 3942 2100 3943 2101 3943 2102 3943 2103 3944 2104 3944 2105 3944 2106 3945 2107 3945 2108 3945 2109 3946 2110 3946 2111 3946 2112 3947 2113 3947 2114 3947 2115 3948 2116 3948 2117 3948 2118 3949 2119 3949 2120 3949 2121 3950 2122 3950 2123 3950 2090 3951 2124 3951 2125 3951 2079 3952 2126 3952 2127 3952 2128 3953 2129 3953 2130 3953 2061 3954 2129 3954 2131 3954 2129 3955 2061 3955 2060 3955 2132 3956 2133 3956 2130 3956 2134 3957 2135 3957 2136 3957 2137 3958 2138 3958 2139 3958 2140 3959 2141 3959 2142 3959 2141 3960 2140 3960 2143 3960 2066 3961 2068 3961 2144 3961 2145 3962 2146 3962 2147 3962 2114 3963 2148 3963 2149 3963 2150 3964 2151 3964 2152 3964 2153 3965 2154 3965 2155 3965 2156 3966 2157 3966 2158 3966 2159 3967 2160 3967 2161 3967 2162 3968 2163 3968 2164 3968 2165 3969 2109 3969 2166 3969 2167 3970 2168 3970 2125 3970 2169 3971 2125 3971 2170 3971 2171 3972 2172 3972 2173 3972 2042 3973 2174 3973 2043 3973 2175 3974 2176 3974 2050 3974 2177 3975 2178 3975 2179 3975 2180 3976 2181 3976 2182 3976 2181 3977 2180 3977 2183 3977 2181 3978 2184 3978 2185 3978 2186 3979 2187 3979 2188 3979 2189 3980 2190 3980 2191 3980 2192 3981 2128 3981 2130 3981 2193 3982 2194 3982 2195 3982 2196 3983 2197 3983 2198 3983 2199 3984 2136 3984 2200 3984 2201 3985 2202 3985 2203 3985 2204 3986 2205 3986 2206 3986 2207 3987 2053 3987 2189 3987 2208 3988 2209 3988 2210 3988 2211 3989 2212 3989 2167 3989 2213 3990 2214 3990 2215 3990 2131 3991 2216 3991 2217 3991 2216 3992 2131 3992 2129 3992 2077 3993 2218 3993 2219 3993 2220 3994 2108 3994 2076 3994 2221 3995 2222 3995 2223 3995 2224 3996 2225 3996 2213 3996 2226 3997 2227 3997 2228 3997 2229 3998 2230 3998 2231 3998 2232 3999 2233 3999 2154 3999 2234 4000 2041 4000 2127 4000 2232 4001 2235 4001 2233 4001 2236 4002 2237 4002 2238 4002 2239 4003 2240 4003 2241 4003 2242 4004 2243 4004 2244 4004 2171 4005 2245 4005 2172 4005 2246 4006 2247 4006 2248 4006 2249 4007 2164 4007 2250 4007 2251 4008 2252 4008 2253 4008 2254 4009 2255 4009 2256 4009 2257 4010 2258 4010 2165 4010 2138 4011 2166 4011 2111 4011 2259 4012 2083 4012 2085 4012 2259 4013 2085 4013 2260 4013 2261 4014 2243 4014 2242 4014 2262 4015 2263 4015 2264 4015 2039 4016 2264 4016 2265 4016 2264 4017 2039 4017 2262 4017 2266 4018 2267 4018 2268 4018 2055 4019 2054 4019 2269 4019 2179 4020 2270 4020 2271 4020 2184 4021 2272 4021 2273 4021 2156 4022 2274 4022 2275 4022 2276 4023 2277 4023 2278 4023 2127 4024 2279 4024 2280 4024 2271 4025 2281 4025 2282 4025 2281 4026 2283 4026 2282 4026 2284 4027 2285 4027 2057 4027 2214 4028 2286 4028 2141 4028 2087 4029 2287 4029 2288 4029 2062 4030 2130 4030 2060 4030 2130 4031 2129 4031 2060 4031 2273 4032 2272 4032 2187 4032 2289 4033 2290 4033 2086 4033 2291 4034 2292 4034 2293 4034 2294 4035 2295 4035 2296 4035 2297 4036 2298 4036 2299 4036 2071 4037 2300 4037 2301 4037 2302 4038 2303 4038 2304 4038 2305 4039 2306 4039 2307 4039 2308 4040 2224 4040 2309 4040 2310 4041 2311 4041 2312 4041 2313 4042 2206 4042 2314 4042 2106 4043 2108 4043 2220 4043 2315 4044 2316 4044 2317 4044 2106 4045 2318 4045 2107 4045 2319 4046 2320 4046 2321 4046 2322 4047 2323 4047 2324 4047 2325 4048 2326 4048 2327 4048 2208 4049 2210 4049 2328 4049 2329 4050 2330 4050 2331 4050 2332 4051 2171 4051 2333 4051 2334 4052 2335 4052 2336 4052 2337 4053 2338 4053 2339 4053 2340 4054 2341 4054 2342 4054 2343 4055 2344 4055 2345 4055 2346 4056 2347 4056 2348 4056 2349 4057 2350 4057 2351 4057 2148 4058 2182 4058 2352 4058 2353 4059 2354 4059 2355 4059 2356 4060 2357 4060 2358 4060 2359 4061 2360 4061 2361 4061 2362 4062 2081 4062 2363 4062 2364 4063 2365 4063 2366 4063 2367 4064 2368 4064 2369 4064 2370 4065 2371 4065 2372 4065 2373 4066 2365 4066 2364 4066 2374 4067 2375 4067 2376 4067 2220 4068 2377 4068 2378 4068 2379 4069 2380 4069 2381 4069 2245 4070 2382 4070 2172 4070 2383 4071 2384 4071 2385 4071 2384 4072 2383 4072 2386 4072 2387 4073 2388 4073 2389 4073 2387 4074 2390 4074 2388 4074 2391 4075 2392 4075 2393 4075 2392 4076 2391 4076 2247 4076 2394 4077 2038 4077 2395 4077 2231 4078 2396 4078 2397 4078 2398 4079 2399 4079 2400 4079 2154 4080 2401 4080 2402 4080 2401 4081 2403 4081 2404 4081 2405 4082 2039 4082 2265 4082 2039 4083 2405 4083 2260 4083 2056 4084 2256 4084 2284 4084 2170 4085 2125 4085 2406 4085 2092 4086 2169 4086 2170 4086 2407 4087 2408 4087 2409 4087 2131 4088 2139 4088 2061 4088 2410 4089 2062 4089 2059 4089 2062 4090 2410 4090 2411 4090 2149 4091 2148 4091 2412 4091 2165 4092 2413 4092 2109 4092 2255 4093 2414 4093 2285 4093 2415 4094 2258 4094 2257 4094 2170 4095 2406 4095 2093 4095 2040 4096 2261 4096 2242 4096 2092 4097 2170 4097 2093 4097 2261 4098 2260 4098 2243 4098 2260 4099 2085 4099 2243 4099 2089 4100 2084 4100 2416 4100 2084 4101 2089 4101 2085 4101 2417 4102 2418 4102 2419 4102 2420 4103 2421 4103 2422 4103 2195 4104 2423 4104 2424 4104 2055 4105 2266 4105 2190 4105 2266 4106 2268 4106 2425 4106 2426 4107 2427 4107 2428 4107 2429 4108 2430 4108 2431 4108 2432 4109 2433 4109 2434 4109 2202 4110 2094 4110 2096 4110 2435 4111 2436 4111 2334 4111 2052 4112 2051 4112 2437 4112 2378 4113 2377 4113 2438 4113 2439 4114 2440 4114 2441 4114 2082 4115 2127 4115 2280 4115 2442 4116 2043 4116 2443 4116 2444 4117 2445 4117 2446 4117 2447 4118 2446 4118 2448 4118 2449 4119 2432 4119 2450 4119 2451 4120 2452 4120 2414 4120 2182 4121 2185 4121 2352 4121 2185 4122 2182 4122 2181 4122 2186 4123 2188 4123 2411 4123 2453 4124 2179 4124 2183 4124 2177 4125 2454 4125 2455 4125 2454 4126 2177 4126 2453 4126 2187 4127 2456 4127 2202 4127 2352 4128 2457 4128 2458 4128 2457 4129 2352 4129 2185 4129 2452 4130 2149 4130 2459 4130 2460 4131 2461 4131 2462 4131 2288 4132 2192 4132 2463 4132 2304 4133 2464 4133 2465 4133 2411 4134 2132 4134 2062 4134 2062 4135 2132 4135 2130 4135 2095 4136 2199 4136 2200 4136 2096 4137 2088 4137 2466 4137 2467 4138 2468 4138 2469 4138 2470 4139 2263 4139 2262 4139 2286 4140 2471 4140 2141 4140 2472 4141 2473 4141 2474 4141 2475 4142 2476 4142 2477 4142 2478 4143 2479 4143 2311 4143 2192 4144 2480 4144 2128 4144 2046 4145 2045 4145 2481 4145 2482 4146 2305 4146 2483 4146 2484 4147 2485 4147 2486 4147 2296 4148 2487 4148 2488 4148 2044 4149 2489 4149 2045 4149 2067 4150 2478 4150 2311 4150 2142 4151 2490 4151 2140 4151 2491 4152 2214 4152 2143 4152 2214 4153 2141 4153 2143 4153 2049 4154 2492 4154 2493 4154 2494 4155 2495 4155 2496 4155 2497 4156 2498 4156 2499 4156 2078 4157 2219 4157 2445 4157 2053 4158 2500 4158 2054 4158 2501 4159 2502 4159 2503 4159 2504 4160 2309 4160 2287 4160 2289 4161 2465 4161 2290 4161 2505 4162 2506 4162 2507 4162 2508 4163 2509 4163 2510 4163 2511 4164 2512 4164 2513 4164 2514 4165 2342 4165 2316 4165 2515 4166 2516 4166 2517 4166 2518 4167 2385 4167 2519 4167 2385 4168 2518 4168 2383 4168 2520 4169 2521 4169 2298 4169 2522 4170 2523 4170 2524 4170 2525 4171 2526 4171 2527 4171 2528 4172 2529 4172 2530 4172 2531 4173 2532 4173 2533 4173 2534 4174 2535 4174 2536 4174 2537 4175 2235 4175 2538 4175 2539 4176 2540 4176 2541 4176 2542 4177 2543 4177 2544 4177 2545 4178 2546 4178 2547 4178 2548 4179 2362 4179 2549 4179 2362 4180 2548 4180 2550 4180 2396 4181 2551 4181 2552 4181 2553 4182 2554 4182 2555 4182 2556 4183 2557 4183 2558 4183 2559 4184 2455 4184 2454 4184 2560 4185 2455 4185 2561 4185 2455 4186 2560 4186 2177 4186 2368 4187 2562 4187 2563 4187 2564 4188 2565 4188 2566 4188 2241 4189 2567 4189 2239 4189 2567 4190 2241 4190 2568 4190 2569 4191 2570 4191 2571 4191 2324 4192 2572 4192 2573 4192 2574 4193 2575 4193 2506 4193 2241 4194 2576 4194 2568 4194 2576 4195 2241 4195 2577 4195 2333 4196 2171 4196 2578 4196 2579 4197 2580 4197 2581 4197 2582 4198 2583 4198 2116 4198 2049 4199 2048 4199 2492 4199 2150 4200 2581 4200 2151 4200 2584 4201 2581 4201 2150 4201 2585 4202 2586 4202 2246 4202 2251 4203 2587 4203 2345 4203 2587 4204 2251 4204 2588 4204 2589 4205 2590 4205 2156 4205 2356 4206 2591 4206 2357 4206 2592 4207 2593 4207 2594 4207 2298 4208 2595 4208 2596 4208 2089 4209 2211 4209 2090 4209 2597 4210 2256 4210 2056 4210 2598 4211 2599 4211 2597 4211 2452 4212 2114 4212 2149 4212 2254 4213 2462 4213 2255 4213 2600 4214 2113 4214 2461 4214 2361 4215 2360 4215 2556 4215 2405 4216 2601 4216 2260 4216 2602 4217 2538 4217 2153 4217 2603 4218 2604 4218 2167 4218 2602 4219 2153 4219 2155 4219 2257 4220 2165 4220 2138 4220 2605 4221 2606 4221 2069 4221 2166 4222 2109 4222 2111 4222 2138 4223 2165 4223 2166 4223 2139 4224 2111 4224 2061 4224 2607 4225 2459 4225 2608 4225 2451 4226 2461 4226 2452 4226 2168 4227 2609 4227 2598 4227 2413 4228 2608 4228 2109 4228 2093 4229 2610 4229 2070 4229 2296 4230 2611 4230 2612 4230 2606 4231 2070 4231 2069 4231 2610 4232 2056 4232 2613 4232 2614 4233 2469 4233 2092 4233 2091 4234 2093 4234 2070 4234 2615 4235 2538 4235 2602 4235 2616 4236 2260 4236 2601 4236 2260 4237 2616 4237 2259 4237 2617 4238 2618 4238 2619 4238 2039 4239 2260 4239 2261 4239 2433 4240 2620 4240 2434 4240 2621 4241 2622 4241 2135 4241 2189 4242 2055 4242 2190 4242 2623 4243 2189 4243 2191 4243 2199 4244 2134 4244 2136 4244 2206 4245 2624 4245 2314 4245 2190 4246 2266 4246 2425 4246 2625 4247 2432 4247 2449 4247 2204 4248 2626 4248 2205 4248 2627 4249 2497 4249 2628 4249 2629 4250 2441 4250 2630 4250 2446 4251 2631 4251 2429 4251 2440 4252 2632 4252 2633 4252 2632 4253 2444 4253 2633 4253 2634 4254 2635 4254 2276 4254 2636 4255 2637 4255 2638 4255 2639 4256 2640 4256 2641 4256 2279 4257 2442 4257 2443 4257 2642 4258 2643 4258 2560 4258 2644 4259 2645 4259 2646 4259 2647 4260 2145 4260 2113 4260 2559 4261 2454 4261 2648 4261 2113 4262 2147 4262 2649 4262 2273 4263 2187 4263 2186 4263 2650 4264 2651 4264 2652 4264 2459 4265 2653 4265 2608 4265 2412 4266 2352 4266 2458 4266 2458 4267 2411 4267 2410 4267 2411 4268 2458 4268 2457 4268 2434 4269 2207 4269 2654 4269 2655 4270 2456 4270 2187 4270 2654 4271 2189 4271 2623 4271 2654 4272 2207 4272 2189 4272 2283 4273 2656 4273 2282 4273 2560 4274 2178 4274 2177 4274 2088 4275 2087 4275 2466 4275 2463 4276 2192 4276 2130 4276 2096 4277 2086 4277 2088 4277 2288 4278 2480 4278 2192 4278 2095 4279 2200 4279 2096 4279 2466 4280 2288 4280 2463 4280 2188 4281 2201 4281 2132 4281 2411 4282 2188 4282 2132 4282 2187 4283 2202 4283 2201 4283 2187 4284 2201 4284 2188 4284 2087 4285 2288 4285 2466 4285 2135 4286 2657 4286 2289 4286 2658 4287 2659 4287 2660 4287 2469 4288 2242 4288 2092 4288 2040 4289 2039 4289 2261 4289 2661 4290 2394 4290 2468 4290 2662 4291 2663 4291 2664 4291 2665 4292 2666 4292 2664 4292 2667 4293 2386 4293 2383 4293 2115 4294 2117 4294 2668 4294 2669 4295 2144 4295 2286 4295 2065 4296 2670 4296 2476 4296 2671 4297 2216 4297 2128 4297 2128 4298 2216 4298 2129 4298 2213 4299 2286 4299 2214 4299 2224 4300 2213 4300 2215 4300 2480 4301 2671 4301 2128 4301 2672 4302 2673 4302 2309 4302 2674 4303 2675 4303 2676 4303 2677 4304 2044 4304 2046 4304 2142 4305 2471 4305 2678 4305 2471 4306 2142 4306 2141 4306 2614 4307 2091 4307 2660 4307 2679 4308 2144 4308 2225 4308 2068 4309 2311 4309 2144 4309 2220 4310 2076 4310 2377 4310 2078 4311 2077 4311 2219 4311 2377 4312 2076 4312 2438 4312 2378 4313 2680 4313 2499 4313 2219 4314 2631 4314 2446 4314 2445 4315 2219 4315 2446 4315 2320 4316 2681 4316 2682 4316 2219 4317 2218 4317 2683 4317 2684 4318 2685 4318 2686 4318 2687 4319 2486 4319 2622 4319 2206 4320 2205 4320 2624 4320 2316 4321 2236 4321 2688 4321 2267 4322 2689 4322 2690 4322 2268 4323 2267 4323 2690 4323 2691 4324 2692 4324 2075 4324 2692 4325 2691 4325 2693 4325 2073 4326 2694 4326 2695 4326 2694 4327 2073 4327 2696 4327 2697 4328 2698 4328 2699 4328 2700 4329 2701 4329 2702 4329 2626 4330 2703 4330 2704 4330 2320 4331 2705 4331 2681 4331 2706 4332 2707 4332 2708 4332 2050 4333 2176 4333 2051 4333 2709 4334 2710 4334 2711 4334 2710 4335 2709 4335 2712 4335 2524 4336 2713 4336 2714 4336 2715 4337 2716 4337 2514 4337 2717 4338 2718 4338 2719 4338 2720 4339 2322 4339 2721 4339 2722 4340 2228 4340 2723 4340 2724 4341 2700 4341 2725 4341 2710 4342 2726 4342 2727 4342 2728 4343 2729 4343 2515 4343 2716 4344 2730 4344 2514 4344 2535 4345 2709 4345 2536 4345 2710 4346 2712 4346 2726 4346 2255 4347 2462 4347 2414 4347 2731 4348 2647 4348 2600 4348 2344 4349 2732 4349 2733 4349 2375 4350 2349 4350 2354 4350 2734 4351 2735 4351 2736 4351 2737 4352 2738 4352 2120 4352 2739 4353 2576 4353 2740 4353 2350 4354 2741 4354 2742 4354 2743 4355 2644 4355 2744 4355 2600 4356 2647 4356 2113 4356 2744 4357 2646 4357 2745 4357 2648 4358 2180 4358 2182 4358 2560 4359 2643 4359 2178 4359 2127 4360 2442 4360 2279 4360 2735 4361 2746 4361 2747 4361 2373 4362 2364 4362 2748 4362 2241 4363 2097 4363 2099 4363 2749 4364 2103 4364 2750 4364 2751 4365 2752 4365 2370 4365 2753 4366 2574 4366 2505 4366 2754 4367 2510 4367 2240 4367 2755 4368 2756 4368 2757 4368 2758 4369 2277 4369 2106 4369 2758 4370 2106 4370 2220 4370 2759 4371 2428 4371 2760 4371 2047 4372 2761 4372 2048 4372 2584 4373 2762 4373 2763 4373 2763 4374 2762 4374 2764 4374 2385 4375 2520 4375 2519 4375 2382 4376 2765 4376 2617 4376 2584 4377 2152 4377 2762 4377 2766 4378 2767 4378 2768 4378 2381 4379 2769 4379 2770 4379 2771 4380 2387 4380 2389 4380 2387 4381 2771 4381 2772 4381 2773 4382 2774 4382 2775 4382 2774 4383 2519 4383 2776 4383 2519 4384 2774 4384 2518 4384 2768 4385 2777 4385 2778 4385 2779 4386 2064 4386 2063 4386 2780 4387 2781 4387 2666 4387 2782 4388 2783 4388 2784 4388 2784 4389 2394 4389 2661 4389 2152 4390 2333 4390 2785 4390 2417 4391 2786 4391 2787 4391 2292 4392 2788 4392 2784 4392 2789 4393 2392 4393 2250 4393 2392 4394 2789 4394 2393 4394 2790 4395 2791 4395 2585 4395 2119 4396 2118 4396 2792 4396 2793 4397 2794 4397 2356 4397 2162 4398 2795 4398 2163 4398 2249 4399 2250 4399 2392 4399 2796 4400 2797 4400 2359 4400 2798 4401 2799 4401 2231 4401 2800 4402 2801 4402 2235 4402 2802 4403 2803 4403 2804 4403 2805 4404 2733 4404 2589 4404 2599 4405 2254 4405 2256 4405 2256 4406 2255 4406 2284 4406 2154 4407 2233 4407 2401 4407 2806 4408 2807 4408 2808 4408 2809 4409 2810 4409 2811 4409 2801 4410 2812 4410 2813 4410 2538 4411 2232 4411 2153 4411 2153 4412 2232 4412 2154 4412 2765 4413 2814 4413 2815 4413 2402 4414 2599 4414 2598 4414 2155 4415 2154 4415 2402 4415 2816 4416 2817 4416 2211 4416 2244 4417 2090 4417 2169 4417 2167 4418 2604 4418 2609 4418 2243 4419 2085 4419 2090 4419 2139 4420 2138 4420 2111 4420 2818 4421 2819 4421 2820 4421 2111 4422 2110 4422 2061 4422 2110 4423 2410 4423 2059 4423 2056 4424 2284 4424 2057 4424 2285 4425 2607 4425 2821 4425 2110 4426 2059 4426 2061 4426 2653 4427 2412 4427 2458 4427 2653 4428 2458 4428 2410 4428 2462 4429 2451 4429 2414 4429 2462 4430 2461 4430 2451 4430 2613 4431 2056 4431 2058 4431 2285 4432 2821 4432 2413 4432 2406 4433 2822 4433 2610 4433 2093 4434 2406 4434 2610 4434 2217 4435 2137 4435 2139 4435 2137 4436 2481 4436 2138 4436 2823 4437 2824 4437 2825 4437 2764 4438 2826 4438 2827 4438 2666 4439 2612 4439 2828 4439 2792 4440 2829 4440 2830 4440 2620 4441 2831 4441 2053 4441 2620 4442 2053 4442 2207 4442 2448 4443 2429 4443 2433 4443 2832 4444 2448 4444 2433 4444 2833 4445 2195 4445 2834 4445 2434 4446 2620 4446 2207 4446 2425 4447 2687 4447 2622 4447 2423 4448 2623 4448 2134 4448 2835 4449 2313 4449 2314 4449 2054 4450 2836 4450 2269 4450 2571 4451 2570 4451 2497 4451 2627 4452 2628 4452 2837 4452 2628 4453 2497 4453 2439 4453 2629 4454 2439 4454 2441 4454 2566 4455 2565 4455 2838 4455 2839 4456 2840 4456 2841 4456 2041 4457 2043 4457 2442 4457 2842 4458 2837 4458 2174 4458 2842 4459 2627 4459 2837 4459 2843 4460 2844 4460 2630 4460 2174 4461 2844 4461 2843 4461 2845 4462 2552 4462 2846 4462 2082 4463 2847 4463 2080 4463 2847 4464 2082 4464 2280 4464 2848 4465 2849 4465 2850 4465 2744 4466 2644 4466 2646 4466 2648 4467 2454 4467 2180 4467 2113 4468 2649 4468 2114 4468 2649 4469 2147 4469 2648 4469 2649 4470 2648 4470 2114 4470 2851 4471 2270 4471 2179 4471 2412 4472 2148 4472 2352 4472 2852 4473 2653 4473 2410 4473 2184 4474 2273 4474 2185 4474 2457 4475 2186 4475 2411 4475 2271 4476 2282 4476 2853 4476 2282 4477 2655 4477 2272 4477 2424 4478 2134 4478 2199 4478 2656 4479 2854 4479 2833 4479 2625 4480 2449 4480 2855 4480 2422 4481 2193 4481 2854 4481 2856 4482 2834 4482 2094 4482 2834 4483 2199 4483 2095 4483 2424 4484 2423 4484 2134 4484 2654 4485 2623 4485 2423 4485 2133 4486 2203 4486 2463 4486 2133 4487 2463 4487 2130 4487 2304 4488 2857 4488 2464 4488 2858 4489 2302 4489 2859 4489 2201 4490 2133 4490 2132 4490 2201 4491 2203 4491 2133 4491 2456 4492 2856 4492 2202 4492 2202 4493 2096 4493 2203 4493 2468 4494 2242 4494 2469 4494 2467 4495 2469 4495 2614 4495 2244 4496 2169 4496 2092 4496 2242 4497 2244 4497 2092 4497 2860 4498 2661 4498 2824 4498 2661 4499 2468 4499 2467 4499 2038 4500 2262 4500 2039 4500 2293 4501 2292 4501 2860 4501 2390 4502 2861 4502 2049 4502 2389 4503 2388 4503 2472 4503 2862 4504 2662 4504 2863 4504 2662 4505 2862 4505 2479 4505 2864 4506 2769 4506 2865 4506 2335 4507 2674 4507 2336 4507 2864 4508 2865 4508 2866 4508 2477 4509 2379 4509 2867 4509 2307 4510 2306 4510 2868 4510 2869 4511 2870 4511 2871 4511 2481 4512 2257 4512 2138 4512 2818 4513 2872 4513 2044 4513 2408 4514 2044 4514 2677 4514 2679 4515 2066 4515 2144 4515 2225 4516 2144 4516 2669 4516 2669 4517 2286 4517 2213 4517 2464 4518 2672 4518 2873 4518 2504 4519 2287 4519 2087 4519 2287 4520 2215 4520 2480 4520 2287 4521 2480 4521 2288 4521 2122 4522 2874 4522 2305 4522 2675 4523 2483 4523 2209 4523 2488 4524 2823 4524 2825 4524 2875 4525 2295 4525 2294 4525 2863 4526 2664 4526 2407 4526 2662 4527 2664 4527 2863 4527 2876 4528 2877 4528 2878 4528 2878 4529 2067 4529 2066 4529 2076 4530 2879 4530 2077 4530 2108 4531 2107 4531 2076 4531 2880 4532 2220 4532 2378 4532 2498 4533 2378 4533 2499 4533 2438 4534 2078 4534 2445 4534 2076 4535 2078 4535 2438 4535 2444 4536 2447 4536 2633 4536 2628 4537 2439 4537 2629 4537 2832 4538 2433 4538 2432 4538 2446 4539 2429 4539 2448 4539 2881 4540 2882 4540 2883 4540 2884 4541 2676 4541 2208 4541 2885 4542 2328 4542 2686 4542 2884 4543 2208 4543 2328 4543 2857 4544 2672 4544 2464 4544 2886 4545 2209 4545 2208 4545 2887 4546 2320 4546 2319 4546 2888 4547 2889 4547 2890 4547 2891 4548 2435 4548 2334 4548 2336 4549 2674 4549 2676 4549 2267 4550 2835 4550 2689 4550 2268 4551 2690 4551 2425 4551 2892 4552 2893 4552 2894 4552 2698 4553 2367 4553 2369 4553 2895 4554 2896 4554 2897 4554 2239 4555 2754 4555 2240 4555 2694 4556 2898 4556 2899 4556 2747 4557 2748 4557 2900 4557 2901 4558 2567 4558 2902 4558 2548 4559 2903 4559 2904 4559 2905 4560 2906 4560 2907 4560 2513 4561 2908 4561 2909 4561 2910 4562 2911 4562 2635 4562 2911 4563 2426 4563 2912 4563 2913 4564 2719 4564 2914 4564 2719 4565 2915 4565 2914 4565 2916 4566 2917 4566 2582 4566 2908 4567 2918 4567 2919 4567 2511 4568 2527 4568 2512 4568 2316 4569 2342 4569 2236 4569 2237 4570 2708 4570 2175 4570 2703 4571 2336 4571 2920 4571 2921 4572 2522 4572 2524 4572 2922 4573 2923 4573 2320 4573 2533 4574 2924 4574 2925 4574 2924 4575 2533 4575 2926 4575 2927 4576 2924 4576 2346 4576 2532 4577 2926 4577 2533 4577 2926 4578 2532 4578 2928 4578 2929 4579 2726 4579 2794 4579 2930 4580 2542 4580 2544 4580 2535 4581 2712 4581 2709 4581 2712 4582 2535 4582 2927 4582 2523 4583 2723 4583 2931 4583 2932 4584 2897 4584 2340 4584 2897 4585 2933 4585 2340 4585 2145 4586 2147 4586 2113 4586 2552 4587 2934 4587 2935 4587 2746 4588 2369 4588 2747 4588 2735 4589 2747 4589 2936 4589 2937 4590 2938 4590 2939 4590 2940 4591 2366 4591 2741 4591 2805 4592 2589 4592 2252 4592 2737 4593 2528 4593 2738 4593 2557 4594 2158 4594 2553 4594 2646 4595 2645 4595 2849 4595 2556 4596 2558 4596 2799 4596 2231 4597 2230 4597 2396 4597 2812 4598 2397 4598 2813 4598 2941 4599 2846 4599 2731 4599 2798 4600 2231 4600 2397 4600 2647 4601 2146 4601 2145 4601 2453 4602 2180 4602 2454 4602 2180 4603 2453 4603 2183 4603 2942 4604 2271 4604 2184 4604 2147 4605 2943 4605 2559 4605 2147 4606 2559 4606 2648 4606 2365 4607 2568 4607 2576 4607 2567 4608 2568 4608 2365 4608 2577 4609 2740 4609 2576 4609 2740 4610 2577 4610 2944 4610 2945 4611 2946 4611 2752 4611 2241 4612 2240 4612 2097 4612 2754 4613 2693 4613 2691 4613 2693 4614 2754 4614 2901 4614 2240 4615 2947 4615 2948 4615 2946 4616 2505 4616 2949 4616 2501 4617 2573 4617 2502 4617 2631 4618 2683 4618 2429 4618 2323 4619 2319 4619 2950 4619 2951 4620 2952 4620 2506 4620 2635 4621 2911 4621 2953 4621 2507 4622 2506 4622 2954 4622 2222 4623 2955 4623 2956 4623 2957 4624 2634 4624 2569 4624 2492 4625 2958 4625 2959 4625 2958 4626 2764 4626 2959 4626 2400 4627 2399 4627 2960 4627 2581 4628 2961 4628 2151 4628 2387 4629 2962 4629 2390 4629 2390 4630 2299 4630 2861 4630 2519 4631 2297 4631 2962 4631 2116 4632 2767 4632 2117 4632 2963 4633 2773 4633 2775 4633 2964 4634 2919 4634 2965 4634 2437 4635 2072 4635 2197 4635 2966 4636 2967 4636 2581 4636 2151 4637 2961 4637 2968 4637 2172 4638 2617 4638 2619 4638 2171 4639 2173 4639 2578 4639 2618 4640 2815 4640 2969 4640 2815 4641 2618 4641 2765 4641 2970 4642 2971 4642 2972 4642 2470 4643 2973 4643 2974 4643 2973 4644 2470 4644 2262 4644 2975 4645 2786 4645 2976 4645 2786 4646 2975 4646 2977 4646 2787 4647 2786 4647 2977 4647 2975 4648 2978 4648 2977 4648 2979 4649 2250 4649 2980 4649 2604 4650 2155 4650 2609 4650 2981 4651 2982 4651 2983 4651 2984 4652 2585 4652 2985 4652 2586 4653 2392 4653 2247 4653 2985 4654 2246 4654 2399 4654 2591 4655 2102 4655 2986 4655 2802 4656 2732 4656 2344 4656 2987 4657 2988 4657 2989 4657 2990 4658 2991 4658 2992 4658 2991 4659 2990 4659 2993 4659 2118 4660 2120 4660 2829 4660 2994 4661 2799 4661 2798 4661 2799 4662 2229 4662 2231 4662 2995 4663 2374 4663 2996 4663 2997 4664 2530 4664 2545 4664 2528 4665 2998 4665 2529 4665 2530 4666 2546 4666 2545 4666 2802 4667 2804 4667 2732 4667 2402 4668 2401 4668 2599 4668 2609 4669 2155 4669 2598 4669 2610 4670 2822 4670 2056 4670 2822 4671 2597 4671 2056 4671 2599 4672 2401 4672 2254 4672 2597 4673 2599 4673 2256 4673 2846 4674 2999 4674 2731 4674 2999 4675 2647 4675 2731 4675 2810 4676 2800 4676 2537 4676 2538 4677 2235 4677 2232 4677 2603 4678 3000 4678 2972 4678 3001 4679 3000 4679 2603 4679 2603 4680 2972 4680 2604 4680 2167 4681 2609 4681 2168 4681 2155 4682 2402 4682 2598 4682 3002 4683 2765 4683 3003 4683 2765 4684 3002 4684 2814 4684 2417 4685 3004 4685 2418 4685 2169 4686 2090 4686 2125 4686 2243 4687 2090 4687 2244 4687 2090 4688 2211 4688 2124 4688 2821 4689 2607 4689 2608 4689 2414 4690 2607 4690 2285 4690 2109 4691 2852 4691 2110 4691 2852 4692 2410 4692 2110 4692 2284 4693 2255 4693 2285 4693 2461 4694 2113 4694 2112 4694 2414 4695 2452 4695 2607 4695 2607 4696 2452 4696 2459 4696 2660 4697 2091 4697 2070 4697 2821 4698 2608 4698 2413 4698 2058 4699 3005 4699 2258 4699 2058 4700 2057 4700 3005 4700 2406 4701 3006 4701 2822 4701 2125 4702 3006 4702 2406 4702 2070 4703 2613 4703 2058 4703 2070 4704 2610 4704 2613 4704 2415 4705 2058 4705 2258 4705 2069 4706 2058 4706 2415 4706 3007 4707 2467 4707 2659 4707 2824 4708 2661 4708 2467 4708 2605 4709 2415 4709 2257 4709 2605 4710 2069 4710 2415 4710 2831 4711 3008 4711 3009 4711 2431 4712 3010 4712 3008 4712 2053 4713 2055 4713 2189 4713 2055 4714 2269 4714 2266 4714 3011 4715 3012 4715 3013 4715 2431 4716 3008 4716 2831 4716 2430 4717 3010 4717 2431 4717 2136 4718 2289 4718 2200 4718 2136 4719 2135 4719 2289 4719 2690 4720 2486 4720 2687 4720 2425 4721 2690 4721 2687 4721 2190 4722 2425 4722 2191 4722 2621 4723 2425 4723 2622 4723 2134 4724 2191 4724 2135 4724 2623 4725 2191 4725 2134 4725 2837 4726 2628 4726 2629 4726 2439 4727 2632 4727 2440 4727 2569 4728 2571 4728 2627 4728 2627 4729 2571 4729 2497 4729 2421 4730 3014 4730 2422 4730 2440 4731 3015 4731 3016 4731 2439 4732 2499 4732 2632 4732 2497 4733 2499 4733 2439 4733 2079 4734 2127 4734 2082 4734 2079 4735 2550 4735 2126 4735 3017 4736 3018 4736 2042 4736 2443 4737 2650 4737 3019 4737 2280 4738 2279 4738 2642 4738 2127 4739 2041 4739 2442 4739 2638 4740 2637 4740 3020 4740 2638 4741 3020 4741 3021 4741 2844 4742 2629 4742 2630 4742 2043 4743 2650 4743 2443 4743 2643 4744 3019 4744 2178 4744 2642 4745 3022 4745 2643 4745 2851 4746 3023 4746 3024 4746 2043 4747 2174 4747 2650 4747 3025 4748 2838 4748 3026 4748 2938 4749 3027 4749 2554 4749 2646 4750 2849 4750 2745 4750 2461 4751 2112 4751 2452 4751 2112 4752 2114 4752 2452 4752 2183 4753 2942 4753 2184 4753 2183 4754 2184 4754 2181 4754 2149 4755 2412 4755 2653 4755 2459 4756 2149 4756 2653 4756 2148 4757 2648 4757 2182 4757 2114 4758 2648 4758 2148 4758 2185 4759 2273 4759 2457 4759 2273 4760 2186 4760 2457 4760 2656 4761 2833 4761 3028 4761 2283 4762 2854 4762 2656 4762 2651 4763 3029 4763 3023 4763 2652 4764 2651 4764 3023 4764 2855 4765 2449 4765 2450 4765 2855 4766 2194 4766 2193 4766 2833 4767 2834 4767 2856 4767 2282 4768 2656 4768 3028 4768 2282 4769 3028 4769 2655 4769 3028 4770 2833 4770 2856 4770 3014 4771 2855 4771 2193 4771 2194 4772 2654 4772 3030 4772 2194 4773 3030 4773 2195 4773 2854 4774 2195 4774 2833 4774 2203 4775 2096 4775 2466 4775 2203 4776 2466 4776 2463 4776 2464 4777 2873 4777 2290 4777 2465 4778 2464 4778 2290 4778 2486 4779 2858 4779 2622 4779 2859 4780 2304 4780 2465 4780 2834 4781 2095 4781 2094 4781 2856 4782 2094 4782 2202 4782 2784 4783 2038 4783 2394 4783 2764 4784 2827 4784 2875 4784 2973 4785 3031 4785 2974 4785 3031 4786 2973 4786 3032 4786 2782 4787 3032 4787 2783 4787 2394 4788 2395 4788 2468 4788 2468 4789 2395 4789 2242 4789 2492 4790 3033 4790 2473 4790 3033 4791 2780 4791 2665 4791 2579 4792 2581 4792 2584 4792 2764 4793 2875 4793 2959 4793 3034 4794 2291 4794 3035 4794 2770 4795 2769 4795 2864 4795 2867 4796 2381 4796 2770 4796 2836 4797 3036 4797 2267 4797 2064 4798 2380 4798 2670 4798 2051 4799 2072 4799 2437 4799 2300 4800 2065 4800 2301 4800 2768 4801 2775 4801 2777 4801 3037 4802 2777 4802 2495 4802 2867 4803 2770 4803 3038 4803 2888 4804 2301 4804 2889 4804 2769 4805 2117 4805 2766 4805 2140 4806 3039 4806 2217 4806 2217 4807 2143 4807 2140 4807 2143 4808 2217 4808 2216 4808 2215 4809 2491 4809 2671 4809 3040 4810 2215 4810 2287 4810 3040 4811 2224 4811 2215 4811 2870 4812 2673 4812 2672 4812 2672 4813 2309 4813 2504 4813 2310 4814 2312 4814 2286 4814 2225 4815 2669 4815 2213 4815 2215 4816 2214 4816 2491 4816 2480 4817 2215 4817 2671 4817 3041 4818 2307 4818 2882 4818 3041 4819 2305 4819 2307 4819 2292 4820 2784 4820 2860 4820 2295 4821 2487 4821 2296 4821 2664 4822 2666 4822 2407 4822 2780 4823 2294 4823 2296 4823 2612 4824 2611 4824 2818 4824 2296 4825 2488 4825 2611 4825 2312 4826 2863 4826 3042 4826 2863 4827 2312 4827 2862 4827 2286 4828 2312 4828 2471 4828 2407 4829 2409 4829 2678 4829 3039 4830 2046 4830 2481 4830 3042 4831 2407 4831 2678 4831 2863 4832 2407 4832 3042 4832 2311 4833 2862 4833 2312 4833 2311 4834 2479 4834 2862 4834 3043 4835 2866 4835 2878 4835 2307 4836 2868 4836 3044 4836 2342 4837 2913 4837 2706 4837 2107 4838 2879 4838 2076 4838 2570 4839 2378 4839 2498 4839 2570 4840 2498 4840 2497 4840 3045 4841 3046 4841 2957 4841 2570 4842 2880 4842 2378 4842 2680 4843 2438 4843 2445 4843 2378 4844 2438 4844 2680 4844 2680 4845 2445 4845 2444 4845 2444 4846 2446 4846 2447 4846 2686 4847 2328 4847 2303 4847 2209 4848 3047 4848 2881 4848 2871 4849 2857 4849 2304 4849 2920 4850 2884 4850 2885 4850 2857 4851 2870 4851 2672 4851 2871 4852 2870 4852 2857 4852 2328 4853 2869 4853 2871 4853 2885 4854 2884 4854 2328 4854 2573 4855 2572 4855 3048 4855 2314 4856 2624 4856 2485 4856 2624 4857 2684 4857 2485 4857 2205 4858 2684 4858 2624 4858 2324 4859 2323 4859 2572 4859 2500 4860 3009 4860 2054 4860 2486 4861 2302 4861 2858 4861 2689 4862 2314 4862 2690 4862 2119 4863 3049 4863 2737 4863 3050 4864 2697 4864 2699 4864 2562 4865 2693 4865 3051 4865 2593 4866 2892 4866 2594 4866 3052 4867 3053 4867 2525 4867 2948 4868 2947 4868 3054 4868 2695 4869 2928 4869 2532 4869 2928 4870 2695 4870 2694 4870 2073 4871 3055 4871 2074 4871 2563 4872 2902 4872 2373 4872 2373 4873 2902 4873 2365 4873 2902 4874 2567 4874 2365 4874 2693 4875 2901 4875 3051 4875 2505 4876 2507 4876 2949 4876 2161 4877 2160 4877 2221 4877 2708 4878 2707 4878 3056 4878 2176 4879 2325 4879 2051 4879 2682 4880 2840 4880 2839 4880 3057 4881 2175 4881 2050 4881 2683 4882 2430 4882 2429 4882 2219 4883 2683 4883 2631 4883 2706 4884 2913 4884 2707 4884 2707 4885 2914 4885 3056 4885 2723 4886 2228 4886 2931 4886 3058 4887 3059 4887 2718 4887 3060 4888 3061 4888 3062 4888 2330 4889 2667 4889 2331 4889 3063 4890 3060 4890 2917 4890 2667 4891 2383 4891 3061 4891 3064 4892 2330 4892 2329 4892 3065 4893 2711 4893 2330 4893 3059 4894 3066 4894 2718 4894 2341 4895 2717 4895 2719 4895 3067 4896 3068 4896 2516 4896 2923 4897 2515 4897 2705 4897 2840 4898 2715 4898 2841 4898 2891 4899 2334 4899 3069 4899 2695 4900 3055 4900 2073 4900 2722 4901 2226 4901 2228 4901 2924 4902 2926 4902 3070 4902 2924 4903 3070 4903 2346 4903 2712 4904 2927 4904 2348 4904 2925 4905 2535 4905 2534 4905 2925 4906 2927 4906 2535 4906 2927 4907 2925 4907 2924 4907 3071 4908 3072 4908 2102 4908 2385 4909 3073 4909 2520 4909 3074 4910 2710 4910 2727 4910 2710 4911 3074 4911 2711 4911 2384 4912 3073 4912 2385 4912 2521 4913 2356 4913 3075 4913 3075 4914 2356 4914 2358 4914 3076 4915 2895 4915 2897 4915 2681 4916 2705 4916 3077 4916 3078 4917 2524 4917 2714 4917 2757 4918 2921 4918 2524 4918 3079 4919 2516 4919 2515 4919 2515 4920 2517 4920 2705 4920 2146 4921 2943 4921 2147 4921 2943 4922 3080 4922 2559 4922 2747 4923 2900 4923 2349 4923 2988 4924 3081 4924 3082 4924 3081 4925 2562 4925 2368 4925 3083 4926 3084 4926 2724 4926 2736 4927 2936 4927 2349 4927 2529 4928 2998 4928 2995 4928 2735 4929 2936 4929 2736 4929 2995 4930 2734 4930 2736 4930 2565 4931 2363 4931 2838 4931 2736 4932 2349 4932 2375 4932 2748 4933 2364 4933 2366 4933 2349 4934 2900 4934 2350 4934 2738 4935 2528 4935 2530 4935 2997 4936 2545 4936 3085 4936 2748 4937 2366 4937 2940 4937 3086 4938 2939 4938 2157 4938 2555 4939 2644 4939 2743 4939 2555 4940 2554 4940 2644 4940 2743 4941 2744 4941 3087 4941 2229 4942 2743 4942 2230 4942 2845 4943 2396 4943 2552 4943 3088 4944 2846 4944 2941 4944 2233 4945 2808 4945 2401 4945 2808 4946 2403 4946 2401 4946 2934 4947 3089 4947 2146 4947 2230 4948 3087 4948 2551 4948 3090 4949 2994 4949 3091 4949 3088 4950 2397 4950 2846 4950 3019 4951 2851 4951 2178 4951 2177 4952 2179 4952 2453 4952 3092 4953 2945 4953 3093 4953 2550 4954 2904 4954 2636 4954 2366 4955 2739 4955 3094 4955 2944 4956 2549 4956 2740 4956 2549 4957 2944 4957 2548 4957 2097 4958 2240 4958 2098 4958 3054 4959 2753 4959 2946 4959 2955 4960 3095 4960 2426 4960 2906 4961 3096 4961 2955 4961 2905 4962 3097 4962 2906 4962 2322 4963 2324 4963 2721 4963 3098 4964 3099 4964 3100 4964 2635 4965 2953 4965 2276 4965 2371 4966 2161 4966 3101 4966 3102 4967 2759 4967 3103 4967 2907 4968 2955 4968 2222 4968 3104 4969 2159 4969 2371 4969 2159 4970 2161 4970 2371 4970 3102 4971 3103 4971 2106 4971 2106 4972 3103 4972 2318 4972 2503 4973 3105 4973 3095 4973 2426 4974 3095 4974 2427 4974 3034 4975 2578 4975 2291 4975 2826 4976 2785 4976 2827 4976 2761 4977 2763 4977 2048 4977 2048 4978 2763 4978 2764 4978 2584 4979 2150 4979 2152 4979 2580 4980 2966 4980 2581 4980 2332 4981 3106 4981 2171 4981 2968 4982 3107 4982 2400 4982 2962 4983 2297 4983 2299 4983 2861 4984 2299 4984 2047 4984 2390 4985 2049 4985 2388 4985 2473 4986 2665 4986 2663 4986 2047 4987 2596 4987 2761 4987 2861 4988 2047 4988 2049 4988 2776 4989 2962 4989 2387 4989 2776 4990 2519 4990 2962 4990 3060 4991 2583 4991 2582 4991 2518 4992 2774 4992 2773 4992 2774 4993 2772 4993 2775 4993 2583 4994 2773 4994 2963 4994 2965 4995 3108 4995 2380 4995 2582 4996 2116 4996 2115 4996 2916 4997 2582 4997 3109 4997 2513 4998 2918 4998 2908 4998 3110 4999 2787 4999 2245 4999 2400 5000 2960 5000 2787 5000 2960 5001 2417 5001 2787 5001 2960 5002 2399 5002 2417 5002 3111 5003 2860 5003 2824 5003 2382 5004 2617 5004 2172 5004 2978 5005 3003 5005 2977 5005 2977 5006 3003 5006 2765 5006 3112 5007 2359 5007 3113 5007 2382 5008 2977 5008 2765 5008 2617 5009 2765 5009 2618 5009 2786 5010 2419 5010 2976 5010 2419 5011 2786 5011 2417 5011 3114 5012 3115 5012 3116 5012 2996 5013 2803 5013 2802 5013 2250 5014 2979 5014 2789 5014 3117 5015 2249 5015 2790 5015 2985 5016 2585 5016 2246 5016 2585 5017 2791 5017 2586 5017 2791 5018 2392 5018 2586 5018 2829 5019 3118 5019 3119 5019 3120 5020 3117 5020 2790 5020 2990 5021 2997 5021 3085 5021 3049 5022 3121 5022 2528 5022 3122 5023 2697 5023 3050 5023 2119 5024 2737 5024 2120 5024 3123 5025 3124 5025 2162 5025 3125 5026 2981 5026 2795 5026 2537 5027 2800 5027 2235 5027 2796 5028 3126 5028 2797 5028 3127 5029 2247 5029 3128 5029 2247 5030 3127 5030 3129 5030 2360 5031 2557 5031 2556 5031 2275 5032 2274 5032 2360 5032 2157 5033 2554 5033 2158 5033 2251 5034 3130 5034 2588 5034 3130 5035 2251 5035 2253 5035 3131 5036 2590 5036 2589 5036 3132 5037 2972 5037 3000 5037 2972 5038 3132 5038 2970 5038 3130 5039 2253 5039 3133 5039 2345 5040 2344 5040 2251 5040 3134 5041 3135 5041 3136 5041 3135 5042 3134 5042 3137 5042 2343 5043 2802 5043 2344 5043 2829 5044 2120 5044 3135 5044 3135 5045 3138 5045 2829 5045 3135 5046 3137 5046 3138 5046 2547 5047 2802 5047 2343 5047 2344 5048 2733 5048 2805 5048 2403 5049 2460 5049 2462 5049 2401 5050 2404 5050 2254 5050 2404 5051 2403 5051 2462 5051 2404 5052 2462 5052 2254 5052 2403 5053 2731 5053 2460 5053 2806 5054 3088 5054 2807 5054 2235 5055 2806 5055 2233 5055 2233 5056 2806 5056 2808 5056 3139 5057 2994 5057 2812 5057 3140 5058 2795 5058 3141 5058 2795 5059 3140 5059 2163 5059 3142 5060 2816 5060 2211 5060 3142 5061 2089 5061 2416 5061 2089 5062 3142 5062 2211 5062 3143 5063 2602 5063 2155 5063 3144 5064 3145 5064 3146 5064 3145 5065 3144 5065 2810 5065 3006 5066 2598 5066 2822 5066 2598 5067 2597 5067 2822 5067 2125 5068 2168 5068 3006 5068 2168 5069 2598 5069 3006 5069 2124 5070 2167 5070 2125 5070 2211 5071 2167 5071 2124 5071 2608 5072 2653 5072 2852 5072 2608 5073 2852 5073 2109 5073 2258 5074 3005 5074 2413 5074 2258 5075 2413 5075 2165 5075 2057 5076 2285 5076 3005 5076 3005 5077 2285 5077 2413 5077 2818 5078 2820 5078 2872 5078 2660 5079 2070 5079 2606 5079 2820 5080 3007 5080 2659 5080 2614 5081 2092 5081 2091 5081 2293 5082 2860 5082 3111 5082 2825 5083 2824 5083 2467 5083 3147 5084 3069 5084 3148 5084 2433 5085 2831 5085 2620 5085 2198 5086 3149 5086 3150 5086 2831 5087 2500 5087 2053 5087 2831 5088 3009 5088 2500 5088 2302 5089 2304 5089 2859 5089 2135 5090 2622 5090 2657 5090 2191 5091 2425 5091 2621 5091 2191 5092 2621 5092 2135 5092 2630 5093 2441 5093 3016 5093 2441 5094 2440 5094 3016 5094 2550 5095 2081 5095 2362 5095 2081 5096 2550 5096 2079 5096 3017 5097 2842 5097 3018 5097 2640 5098 3151 5098 2957 5098 3152 5099 2957 5099 2569 5099 2042 5100 3018 5100 2174 5100 3152 5101 2569 5101 2627 5101 3018 5102 2842 5102 2174 5102 3153 5103 2370 5103 2372 5103 2637 5104 3093 5104 3154 5104 3154 5105 3153 5105 3020 5105 2126 5106 2638 5106 2234 5106 2837 5107 2629 5107 2844 5107 2174 5108 2837 5108 2844 5108 2279 5109 3022 5109 2642 5109 2279 5110 2443 5110 3022 5110 2650 5111 2652 5111 3019 5111 2651 5112 3155 5112 3029 5112 3023 5113 3029 5113 3024 5113 2174 5114 2843 5114 2650 5114 2565 5115 2362 5115 2363 5115 2739 5116 3156 5116 3094 5116 2838 5117 2363 5117 3157 5117 3158 5118 2847 5118 2540 5118 2642 5119 2561 5119 2540 5119 2561 5120 2642 5120 2560 5120 2280 5121 2540 5121 2847 5121 2540 5122 2280 5122 2642 5122 2272 5123 2655 5123 2187 5123 2271 5124 2853 5124 2184 5124 2853 5125 2282 5125 2272 5125 2184 5126 2853 5126 2272 5126 3024 5127 2283 5127 2281 5127 3155 5128 3016 5128 2420 5128 2854 5129 2193 5129 2195 5129 2422 5130 3014 5130 2193 5130 2178 5131 2851 5131 2179 5131 2421 5132 2855 5132 3014 5132 2625 5133 2832 5133 2432 5133 2447 5134 2448 5134 2832 5134 3015 5135 2633 5135 3159 5135 3159 5136 2625 5136 2855 5136 2195 5137 2424 5137 2834 5137 2834 5138 2424 5138 2199 5138 2432 5139 2434 5139 2450 5139 2450 5140 2434 5140 2654 5140 2195 5141 3030 5141 2423 5141 3030 5142 2654 5142 2423 5142 2200 5143 2289 5143 2086 5143 2200 5144 2086 5144 2096 5144 2290 5145 2873 5145 2087 5145 2086 5146 2290 5146 2087 5146 2686 5147 2303 5147 2302 5147 2657 5148 2859 5148 2289 5148 2655 5149 3028 5149 2856 5149 2655 5150 2856 5150 2456 5150 3160 5151 3161 5151 2788 5151 2172 5152 3161 5152 3160 5152 3161 5153 2619 5153 2782 5153 2619 5154 2618 5154 2782 5154 3161 5155 2782 5155 2788 5155 2860 5156 2784 5156 2661 5156 3162 5157 2618 5157 2969 5157 2618 5158 3162 5158 3032 5158 2038 5159 2040 5159 2395 5159 2395 5160 2040 5160 2242 5160 2479 5161 2474 5161 2662 5161 2474 5162 2479 5162 2496 5162 2474 5163 2473 5163 2663 5163 2663 5164 2665 5164 2664 5164 2478 5165 2496 5165 2479 5165 2780 5166 2296 5166 2781 5166 2492 5167 2959 5167 3033 5167 2048 5168 2764 5168 2958 5168 2048 5169 2958 5169 2492 5169 2335 5170 3100 5170 2674 5170 2675 5171 2123 5171 2483 5171 2115 5172 2668 5172 3163 5172 2379 5173 2381 5173 2867 5173 2064 5174 2670 5174 2065 5174 2718 5175 2915 5175 2719 5175 2198 5176 2197 5176 3149 5176 3036 5177 2835 5177 2267 5177 3150 5178 3149 5178 2890 5178 2670 5179 2380 5179 2476 5179 3109 5180 2582 5180 2115 5180 2778 5181 2777 5181 3037 5181 2874 5182 2867 5182 3038 5182 2874 5183 3038 5183 2305 5183 2876 5184 2865 5184 2877 5184 2494 5185 2496 5185 2478 5185 3037 5186 2495 5186 2494 5186 2777 5187 2771 5187 2495 5187 2481 5188 3164 5188 2257 5188 3164 5189 2605 5189 2257 5189 2217 5190 2139 5190 2131 5190 2671 5191 2491 5191 2216 5191 2491 5192 2143 5192 2216 5192 2309 5193 3040 5193 2287 5193 2309 5194 2224 5194 3040 5194 2870 5195 2883 5195 2673 5195 2881 5196 2883 5196 2870 5196 2882 5197 3044 5197 2883 5197 2308 5198 2225 5198 2224 5198 2144 5199 2311 5199 2310 5199 2144 5200 2310 5200 2286 5200 3047 5201 2882 5201 2881 5201 2483 5202 2305 5202 3041 5202 2291 5203 2293 5203 3165 5203 3035 5204 2291 5204 3165 5204 2665 5205 2780 5205 2666 5205 2666 5206 2781 5206 2612 5206 2781 5207 2296 5207 2612 5207 2875 5208 2294 5208 2780 5208 2611 5209 2488 5209 2818 5209 2488 5210 2819 5210 2818 5210 2828 5211 2612 5211 2408 5211 2409 5212 2490 5212 2142 5212 2677 5213 2046 5213 3039 5213 2678 5214 2409 5214 2142 5214 2678 5215 2312 5215 3042 5215 2312 5216 2678 5216 2471 5216 2305 5217 3038 5217 2306 5217 2306 5218 2866 5218 3043 5218 2868 5219 3043 5219 2066 5219 2306 5220 3043 5220 2868 5220 2866 5221 2865 5221 2876 5221 3043 5222 2878 5222 2066 5222 2499 5223 2680 5223 2444 5223 2499 5224 2444 5224 2632 5224 2626 5225 2704 5225 2205 5225 3148 5226 2703 5226 2626 5226 2835 5227 2314 5227 2689 5227 2690 5228 2484 5228 2486 5228 2210 5229 2209 5229 2881 5229 2210 5230 2881 5230 2870 5230 3166 5231 2198 5231 3150 5231 3095 5232 3105 5232 3167 5232 2314 5233 2484 5233 2690 5233 2314 5234 2485 5234 2484 5234 2238 5235 2175 5235 3057 5235 2321 5236 2950 5236 2319 5236 2682 5237 2950 5237 2321 5237 2682 5238 2572 5238 2950 5238 2839 5239 2572 5239 2682 5239 2839 5240 3048 5240 2572 5240 2841 5241 3048 5241 2839 5241 2841 5242 2502 5242 3048 5242 2315 5243 2502 5243 2841 5243 2315 5244 3105 5244 2502 5244 2317 5245 3105 5245 2315 5245 2317 5246 3167 5246 3105 5246 2688 5247 3167 5247 2317 5247 2688 5248 2427 5248 3167 5248 2238 5249 2427 5249 2688 5249 2238 5250 2428 5250 2427 5250 3057 5251 2428 5251 2238 5251 3057 5252 2760 5252 2428 5252 2050 5253 2760 5253 3057 5253 2050 5254 3103 5254 2760 5254 2052 5255 3103 5255 2050 5255 2052 5256 2318 5256 3103 5256 2437 5257 2318 5257 2052 5257 2437 5258 2107 5258 2318 5258 2196 5259 2107 5259 2437 5259 2196 5260 2879 5260 2107 5260 2198 5261 2879 5261 2196 5261 2198 5262 2077 5262 2879 5262 3166 5263 2077 5263 2198 5263 3166 5264 2218 5264 2077 5264 2435 5265 2218 5265 3166 5265 2435 5266 2683 5266 2218 5266 2891 5267 2683 5267 2435 5267 2891 5268 2430 5268 2683 5268 3147 5269 2430 5269 2891 5269 3147 5270 3010 5270 2430 5270 3148 5271 3010 5271 3147 5271 3148 5272 3008 5272 3010 5272 2626 5273 3008 5273 3148 5273 2626 5274 3009 5274 3008 5274 2204 5275 3009 5275 2626 5275 2204 5276 3168 5276 3009 5276 2206 5277 3168 5277 2204 5277 2206 5278 2836 5278 3168 5278 2313 5279 2836 5279 2206 5279 2313 5280 3036 5280 2836 5280 3036 5281 2313 5281 2835 5281 2692 5282 2693 5282 2562 5282 2562 5283 3051 5283 2563 5283 2239 5284 2901 5284 2754 5284 2901 5285 2239 5285 2567 5285 2750 5286 2105 5286 3169 5286 3170 5287 3011 5287 3171 5287 3097 5288 3172 5288 3173 5288 3068 5289 2896 5289 2895 5289 3174 5290 2531 5290 2226 5290 3175 5291 3176 5291 3177 5291 3051 5292 2901 5292 2902 5292 2563 5293 3051 5293 2902 5293 3096 5294 3178 5294 2503 5294 3178 5295 2501 5295 2503 5295 2327 5296 2063 5296 2065 5296 2909 5297 2908 5297 2964 5297 2051 5298 3179 5298 2071 5298 2325 5299 3179 5299 2051 5299 2688 5300 2236 5300 2238 5300 3095 5301 3167 5301 2427 5301 2705 5302 2517 5302 3077 5302 2841 5303 2715 5303 2514 5303 2321 5304 2320 5304 2682 5304 2514 5305 2730 5305 2342 5305 2238 5306 2237 5306 2175 5306 3180 5307 2326 5307 2325 5307 2713 5308 3181 5308 3182 5308 2714 5309 2713 5309 3183 5309 3061 5310 2383 5310 2518 5310 2330 5311 2386 5311 2667 5311 2330 5312 3074 5312 2386 5312 2536 5313 2709 5313 2711 5313 2331 5314 2667 5314 3060 5314 2667 5315 3061 5315 3060 5315 2524 5316 2523 5316 2713 5316 3184 5317 2534 5317 2536 5317 2730 5318 2340 5318 2342 5318 2716 5319 2932 5319 2730 5319 2933 5320 3058 5320 2718 5320 2714 5321 3059 5321 3058 5321 2682 5322 2681 5322 2840 5322 2932 5323 2340 5323 2730 5323 2681 5324 3077 5324 2840 5324 3077 5325 3076 5325 2716 5325 2323 5326 2950 5326 2572 5326 2923 5327 2705 5327 2320 5327 2435 5328 3150 5328 2436 5328 3185 5329 2722 5329 2522 5329 2757 5330 2524 5330 3078 5330 2533 5331 2925 5331 3186 5331 2227 5332 2533 5332 3186 5332 2928 5333 2899 5333 2926 5333 3187 5334 2592 5334 3188 5334 2227 5335 3186 5335 2228 5335 3186 5336 2925 5336 2534 5336 3189 5337 3190 5337 3191 5337 2927 5338 2346 5338 2348 5338 2794 5339 3192 5339 3193 5339 2100 5340 2102 5340 2591 5340 3194 5341 3195 5341 2984 5341 3196 5342 3197 5342 3198 5342 2386 5343 2727 5343 2384 5343 2727 5344 2386 5344 3074 5344 2298 5345 3075 5345 2595 5345 2581 5346 2967 5346 2961 5346 2962 5347 2299 5347 2390 5347 3199 5348 2580 5348 2579 5348 3068 5349 2757 5349 3078 5349 3185 5350 2522 5350 2921 5350 3080 5351 2455 5351 2559 5351 3200 5352 2850 5352 2541 5352 2369 5353 2563 5353 2373 5353 2368 5354 2563 5354 2369 5354 2698 5355 2746 5355 2735 5355 2698 5356 2369 5356 2746 5356 3122 5357 2989 5357 2697 5357 3201 5358 3202 5358 3190 5358 3203 5359 3204 5359 2998 5359 3204 5360 2699 5360 2735 5360 2530 5361 3205 5361 2546 5361 2996 5362 2374 5362 2803 5362 2369 5363 3206 5363 2747 5363 2747 5364 3206 5364 2748 5364 2803 5365 2353 5365 2804 5365 2936 5366 2747 5366 2349 5366 2804 5367 2353 5367 2355 5367 3131 5368 2355 5368 2590 5368 3207 5369 3208 5369 2566 5369 2739 5370 2740 5370 3156 5370 3205 5371 2996 5371 3209 5371 3205 5372 2995 5372 2996 5372 2799 5373 2558 5373 2229 5373 2361 5374 2556 5374 2799 5374 3087 5375 2745 5375 2551 5375 2230 5376 2743 5376 3087 5376 2807 5377 3088 5377 2941 5377 2941 5378 2731 5378 2403 5378 2935 5379 2934 5379 2146 5379 2850 5380 2539 5380 2541 5380 2397 5381 2396 5381 2845 5381 2397 5382 2845 5382 2846 5382 2812 5383 2798 5383 2397 5383 2994 5384 2798 5384 2812 5384 2179 5385 2942 5385 2183 5385 2179 5386 2271 5386 2942 5386 2099 5387 2098 5387 3210 5387 2904 5388 2903 5388 2637 5388 3210 5389 2945 5389 3092 5389 2904 5390 2637 5390 2636 5390 2365 5391 2576 5391 2739 5391 2365 5392 2739 5392 2366 5392 2753 5393 2505 5393 2946 5393 3104 5394 2949 5394 2159 5394 3211 5395 3212 5395 2574 5395 2075 5396 2074 5396 3213 5396 2098 5397 3054 5397 3214 5397 2098 5398 3214 5398 2945 5398 2907 5399 2906 5399 2955 5399 3096 5400 2503 5400 2955 5400 2721 5401 2324 5401 2573 5401 3215 5402 2952 5402 3097 5402 2721 5403 2573 5403 3178 5403 3178 5404 2573 5404 2501 5404 2317 5405 2316 5405 2688 5405 2946 5406 2949 5406 3104 5406 2752 5407 3104 5407 2370 5407 2161 5408 2221 5408 2223 5408 2221 5409 2907 5409 2222 5409 3216 5410 2160 5410 2159 5410 3216 5411 2507 5411 2160 5411 2752 5412 2946 5412 3104 5412 2370 5413 3104 5413 2371 5413 2956 5414 2426 5414 2911 5414 2956 5415 2955 5415 2426 5415 2911 5416 2912 5416 2759 5416 2277 5417 2953 5417 3102 5417 2759 5418 2760 5418 3103 5418 2152 5419 2332 5419 2333 5419 2785 5420 2333 5420 2578 5420 3217 5421 2579 5421 2584 5421 2152 5422 2785 5422 2826 5422 2762 5423 2152 5423 2826 5423 2762 5424 2826 5424 2764 5424 2761 5425 3217 5425 2584 5425 2761 5426 2584 5426 2763 5426 2398 5427 2985 5427 2399 5427 3196 5428 3198 5428 3218 5428 2596 5429 3217 5429 2761 5429 3217 5430 3199 5430 2579 5430 2299 5431 2596 5431 2047 5431 2299 5432 2298 5432 2596 5432 2772 5433 2776 5433 2387 5433 2776 5434 2772 5434 2774 5434 2583 5435 3062 5435 2773 5435 3060 5436 3062 5436 2583 5436 2668 5437 2117 5437 2769 5437 2117 5438 2767 5438 2766 5438 2583 5439 2963 5439 2116 5439 2116 5440 2963 5440 2767 5440 2908 5441 2919 5441 2964 5441 2919 5442 3108 5442 2965 5442 2919 5443 3219 5443 3108 5443 3163 5444 2668 5444 2769 5444 3063 5445 2917 5445 2916 5445 2917 5446 3060 5446 2582 5446 2787 5447 2977 5447 2382 5447 2787 5448 2382 5448 2245 5448 2968 5449 3106 5449 2332 5449 2400 5450 2787 5450 3110 5450 3129 5451 2248 5451 2247 5451 3129 5452 3220 5452 2248 5452 2586 5453 2247 5453 2246 5453 2173 5454 3160 5454 2291 5454 2172 5455 2619 5455 3161 5455 3162 5456 3221 5456 3032 5456 3222 5457 3223 5457 3224 5457 2212 5458 2603 5458 2167 5458 2246 5459 2248 5459 2399 5459 2399 5460 3225 5460 2417 5460 2791 5461 2249 5461 2392 5461 2790 5462 2249 5462 2791 5462 2163 5463 3226 5463 3227 5463 3190 5464 2792 5464 3191 5464 3124 5465 2795 5465 2162 5465 3228 5466 3229 5466 3198 5466 3230 5467 3231 5467 3232 5467 2247 5468 2391 5468 3128 5468 3049 5469 2528 5469 2737 5469 3083 5470 3233 5470 3234 5470 2702 5471 2701 5471 2119 5471 3123 5472 3189 5472 3124 5472 2360 5473 2274 5473 2557 5473 3235 5474 3126 5474 2796 5474 3236 5475 2811 5475 2810 5475 2811 5476 3236 5476 3237 5476 3238 5477 2799 5477 2994 5477 3238 5478 2361 5478 2799 5478 3239 5479 3240 5479 3113 5479 3239 5480 3113 5480 3241 5480 2797 5481 2360 5481 2359 5481 2558 5482 2743 5482 2229 5482 2158 5483 2554 5483 2553 5483 2557 5484 2553 5484 2558 5484 2564 5485 2362 5485 2565 5485 2350 5486 2742 5486 3242 5486 2157 5487 2939 5487 2554 5487 2589 5488 2156 5488 3243 5488 3244 5489 3243 5489 3126 5489 3245 5490 3001 5490 2603 5490 3246 5491 2345 5491 2587 5491 3247 5492 3248 5492 3249 5492 3236 5493 2810 5493 2537 5493 3115 5494 2343 5494 3250 5494 3115 5495 3251 5495 3116 5495 3115 5496 2547 5496 2343 5496 3250 5497 2343 5497 2345 5497 3134 5498 3136 5498 3252 5498 3085 5499 3253 5499 2990 5499 3253 5500 3085 5500 3254 5500 2460 5501 2731 5501 2461 5501 2731 5502 2600 5502 2461 5502 3248 5503 2538 5503 2615 5503 3248 5504 2537 5504 2538 5504 3091 5505 2994 5505 3139 5505 3241 5506 3090 5506 3144 5506 3118 5507 2829 5507 3138 5507 2212 5508 3245 5508 2603 5508 3245 5509 2212 5509 3255 5509 2212 5510 2817 5510 3255 5510 2817 5511 2212 5511 2211 5511 2972 5512 3143 5512 2604 5512 2604 5513 3143 5513 2155 5513 3256 5514 2981 5514 3257 5514 2981 5515 3256 5515 2982 5515 2820 5516 2659 5516 2658 5516 2044 5517 2872 5517 2489 5517 2045 5518 2489 5518 2605 5518 2872 5519 2820 5519 2489 5519 2488 5520 2825 5520 2819 5520 2819 5521 2825 5521 2820 5521 2429 5522 2431 5522 2433 5522 2433 5523 2431 5523 2831 5523 3158 5524 2080 5524 2847 5524 2363 5525 2081 5525 2080 5525 2126 5526 2234 5526 2127 5526 3021 5527 2042 5527 2041 5527 2550 5528 2636 5528 2126 5528 2636 5529 2638 5529 2126 5529 2372 5530 3151 5530 2640 5530 2641 5531 2627 5531 2842 5531 2953 5532 2759 5532 3102 5532 2634 5533 2276 5533 2278 5533 2372 5534 2371 5534 3151 5534 3020 5535 3258 5535 3017 5535 3022 5536 2443 5536 3019 5536 3022 5537 3019 5537 2643 5537 3026 5538 2838 5538 3157 5538 3025 5539 3026 5539 3259 5539 3157 5540 2363 5540 2080 5540 2850 5541 3259 5541 2539 5541 2745 5542 2849 5542 2848 5542 2943 5543 2541 5543 3080 5543 2270 5544 3024 5544 2271 5544 3024 5545 2281 5545 2271 5545 2420 5546 2422 5546 2283 5546 2283 5547 2422 5547 2854 5547 2440 5548 2633 5548 3015 5548 3016 5549 2421 5549 2420 5549 2194 5550 2450 5550 2654 5550 2855 5551 2450 5551 2194 5551 2633 5552 2447 5552 2832 5552 2633 5553 2832 5553 2625 5553 3016 5554 3015 5554 3159 5554 2633 5555 2625 5555 3159 5555 2873 5556 2672 5556 2504 5556 2873 5557 2504 5557 2087 5557 2303 5558 2328 5558 2871 5558 2303 5559 2871 5559 2304 5559 3260 5560 2686 5560 2302 5560 2859 5561 2465 5561 2289 5561 2622 5562 2858 5562 2859 5562 2622 5563 2859 5563 2657 5563 2293 5564 3111 5564 2823 5564 2823 5565 3111 5565 2824 5565 2578 5566 2173 5566 2291 5566 2173 5567 2172 5567 3160 5567 3032 5568 2973 5568 2783 5568 2788 5569 2782 5569 2784 5569 2618 5570 3032 5570 2782 5570 2784 5571 2783 5571 2038 5571 2388 5572 2049 5572 2493 5572 2388 5573 2493 5573 2472 5573 2495 5574 2389 5574 2472 5574 2389 5575 2495 5575 2771 5575 2473 5576 3033 5576 2665 5576 2474 5577 2663 5577 2662 5577 3099 5578 2121 5578 2123 5578 3100 5579 3099 5579 2123 5579 2674 5580 2123 5580 2675 5580 3100 5581 2123 5581 2674 5581 3108 5582 2115 5582 3163 5582 3108 5583 3163 5583 2380 5583 2890 5584 2889 5584 3099 5584 2301 5585 3261 5585 2475 5585 2301 5586 2065 5586 3261 5586 2777 5587 2775 5587 2771 5587 2775 5588 2772 5588 2771 5588 2866 5589 2876 5589 2878 5589 2770 5590 2864 5590 3038 5590 2496 5591 2472 5591 2474 5591 2472 5592 2496 5592 2495 5592 2865 5593 2778 5593 2877 5593 2769 5594 2766 5594 2865 5594 2068 5595 2067 5595 2311 5595 2877 5596 2494 5596 2478 5596 2778 5597 3037 5597 2877 5597 2877 5598 3037 5598 2494 5598 2490 5599 2677 5599 3039 5599 2490 5600 3039 5600 2140 5600 2045 5601 2605 5601 3164 5601 2045 5602 3164 5602 2481 5602 2883 5603 3262 5603 2673 5603 2673 5604 2308 5604 2309 5604 2673 5605 3262 5605 2308 5605 3262 5606 2225 5606 2308 5606 3044 5607 2679 5607 2225 5607 3044 5608 2066 5608 2679 5608 3047 5609 3041 5609 2882 5609 2886 5610 2675 5610 2209 5610 2785 5611 3034 5611 2827 5611 2295 5612 3165 5612 2487 5612 2487 5613 3165 5613 2488 5613 2295 5614 3035 5614 3165 5614 2959 5615 2875 5615 2780 5615 3033 5616 2959 5616 2780 5616 2612 5617 2818 5617 3263 5617 2612 5618 3263 5618 2408 5618 2666 5619 2828 5619 2407 5619 2407 5620 2828 5620 2408 5620 2409 5621 2677 5621 2490 5621 2409 5622 2408 5622 2677 5622 2067 5623 2877 5623 2478 5623 2878 5624 2877 5624 2067 5624 3069 5625 2334 5625 2336 5625 3147 5626 2891 5626 3069 5626 2336 5627 2676 5627 2884 5627 2920 5628 2336 5628 2884 5628 2704 5629 2685 5629 2205 5629 2205 5630 2685 5630 2684 5630 2054 5631 3168 5631 2836 5631 3009 5632 3168 5632 2054 5632 2912 5633 2428 5633 2759 5633 2912 5634 2426 5634 2428 5634 2894 5635 2692 5635 2562 5635 2694 5636 2696 5636 2893 5636 2075 5637 2696 5637 2073 5637 2696 5638 2075 5638 2692 5638 3213 5639 2749 5639 2509 5639 3264 5640 2103 5640 2749 5640 2509 5641 2750 5641 3265 5641 2574 5642 2506 5642 2505 5642 2906 5643 3173 5643 3096 5643 3173 5644 3178 5644 3096 5644 2104 5645 3266 5645 3267 5645 3268 5646 3269 5646 3170 5646 3215 5647 3097 5647 2954 5647 2954 5648 3097 5648 2905 5648 2327 5649 2300 5649 2071 5649 2327 5650 2065 5650 2300 5650 2841 5651 2514 5651 2315 5651 2315 5652 2514 5652 2316 5652 2175 5653 3180 5653 2176 5653 3180 5654 2325 5654 2176 5654 2228 5655 3184 5655 2931 5655 3064 5656 3065 5656 2330 5656 2527 5657 2526 5657 3270 5657 3059 5658 3271 5658 3066 5658 3183 5659 2525 5659 3271 5659 2525 5660 3053 5660 2526 5660 2711 5661 3074 5661 2330 5661 2931 5662 3184 5662 3052 5662 2342 5663 2706 5663 2236 5663 2708 5664 3180 5664 2175 5664 2340 5665 2933 5665 2341 5665 2933 5666 2717 5666 2341 5666 2897 5667 3058 5667 2933 5667 2933 5668 2718 5668 2717 5668 2840 5669 3077 5669 2716 5669 2840 5670 2716 5670 2715 5670 2887 5671 2922 5671 2320 5671 3175 5672 3177 5672 2720 5672 3055 5673 2695 5673 2532 5673 3173 5674 3172 5674 3178 5674 2523 5675 3181 5675 2713 5675 2523 5676 2931 5676 3181 5676 2347 5677 2337 5677 2339 5677 3192 5678 2101 5678 2100 5678 2531 5679 2533 5679 2227 5679 2531 5680 2227 5680 2226 5680 3071 5681 3272 5681 3072 5681 2101 5682 3071 5682 2102 5682 3273 5683 2162 5683 2164 5683 2543 5684 3123 5684 3274 5684 2348 5685 3275 5685 2726 5685 2712 5686 2348 5686 2726 5686 2793 5687 2356 5687 2521 5687 2794 5688 3193 5688 2356 5688 3197 5689 3276 5689 3228 5689 3192 5690 2100 5690 2591 5690 3197 5691 3228 5691 3198 5691 3228 5692 3277 5692 3229 5692 3195 5693 2585 5693 2984 5693 3120 5694 2790 5694 2585 5694 3073 5695 2929 5695 2793 5695 2929 5696 2794 5696 2793 5696 2358 5697 3278 5697 3279 5697 3279 5698 3218 5698 2966 5698 2521 5699 3075 5699 2298 5699 3075 5700 2358 5700 3199 5700 2580 5701 3279 5701 2966 5701 2596 5702 3199 5702 3217 5702 3269 5703 3012 5703 3011 5703 3280 5704 3012 5704 3067 5704 2516 5705 2895 5705 3076 5705 2516 5706 3068 5706 2895 5706 2896 5707 3078 5707 2714 5707 3068 5708 3078 5708 2896 5708 2755 5709 2757 5709 3068 5709 3012 5710 2756 5710 2755 5710 3080 5711 2561 5711 2455 5711 3200 5712 2541 5712 2943 5712 2724 5713 3281 5713 2700 5713 3081 5714 2894 5714 2562 5714 2697 5715 2367 5715 2698 5715 2893 5716 2696 5716 2692 5716 2998 5717 3204 5717 2995 5717 3282 5718 3050 5718 3203 5718 2699 5719 2698 5719 2735 5719 2697 5720 3082 5720 2367 5720 3206 5721 2373 5721 2748 5721 2369 5722 2373 5722 3206 5722 2349 5723 2351 5723 2354 5723 2937 5724 3283 5724 3284 5724 3204 5725 2735 5725 2734 5725 3204 5726 2734 5726 2995 5726 2374 5727 2736 5727 2375 5727 2995 5728 2736 5728 2374 5728 2354 5729 3285 5729 2355 5729 3086 5730 2157 5730 2156 5730 2350 5731 2940 5731 2741 5731 2939 5732 2938 5732 2554 5732 2748 5733 2940 5733 2350 5733 2900 5734 2748 5734 2350 5734 2396 5735 2230 5735 2551 5735 3087 5736 2744 5736 2745 5736 2934 5737 2745 5737 3089 5737 2146 5738 3200 5738 2943 5738 2552 5739 2935 5739 2647 5739 2935 5740 2146 5740 2647 5740 2813 5741 3088 5741 2806 5741 2813 5742 2397 5742 3088 5742 3210 5743 2098 5743 2945 5743 2903 5744 2099 5744 3092 5744 2577 5745 2241 5745 2099 5745 2577 5746 2099 5746 2944 5746 2637 5747 3154 5747 3020 5747 2751 5748 2370 5748 3153 5748 2099 5749 3210 5749 3092 5749 2548 5750 2904 5750 2550 5750 3054 5751 3211 5751 2753 5751 3211 5752 2574 5752 2753 5752 2509 5753 3265 5753 3286 5753 3265 5754 2750 5754 3212 5754 3213 5755 2074 5755 2749 5755 2240 5756 2948 5756 2098 5756 2948 5757 3054 5757 2098 5757 2573 5758 3048 5758 2502 5758 2955 5759 2503 5759 3095 5759 2503 5760 2502 5760 3105 5760 2371 5761 3101 5761 3045 5761 2223 5762 2910 5762 2635 5762 2160 5763 2905 5763 3287 5763 2160 5764 3287 5764 2221 5764 2949 5765 3216 5765 2159 5765 2949 5766 2507 5766 3216 5766 3093 5767 2751 5767 3153 5767 3154 5768 3093 5768 3153 5768 2875 5769 2827 5769 2295 5769 2785 5770 2578 5770 3034 5770 2967 5771 3194 5771 2984 5771 2966 5772 3194 5772 2967 5772 2151 5773 2332 5773 2152 5773 2151 5774 2968 5774 2332 5774 2967 5775 2984 5775 2961 5775 2984 5776 2985 5776 2398 5776 3062 5777 2518 5777 2773 5777 3061 5778 2518 5778 3062 5778 2865 5779 2766 5779 2778 5779 2766 5780 2768 5780 2778 5780 2718 5781 3288 5781 2915 5781 2779 5782 2964 5782 2064 5782 2964 5783 2965 5783 2064 5783 2064 5784 2965 5784 2380 5784 3219 5785 2115 5785 3108 5785 3219 5786 3109 5786 2115 5786 2913 5787 2914 5787 2707 5787 2914 5788 3289 5788 2909 5788 3063 5789 2331 5789 3060 5789 2527 5790 3270 5790 2512 5790 3106 5791 3110 5791 2171 5791 3110 5792 2245 5792 2171 5792 3107 5793 2984 5793 2398 5793 3107 5794 2398 5794 2400 5794 2983 5795 2795 5795 2981 5795 2795 5796 2983 5796 3141 5796 3004 5797 3225 5797 3290 5797 3225 5798 3004 5798 2417 5798 2248 5799 3220 5799 3291 5799 3273 5800 2164 5800 2249 5800 3117 5801 3273 5801 2249 5801 3190 5802 3202 5802 2792 5802 3202 5803 2119 5803 2792 5803 3125 5804 3191 5804 2981 5804 3189 5805 3191 5805 3125 5805 3227 5806 3292 5806 2163 5806 3292 5807 3227 5807 3293 5807 2164 5808 2163 5808 3292 5808 3294 5809 3233 5809 3295 5809 3272 5810 3294 5810 3296 5810 2992 5811 3252 5811 3136 5811 2992 5812 3136 5812 2990 5812 3085 5813 2545 5813 2547 5813 3121 5814 3282 5814 3297 5814 3281 5815 3282 5815 3121 5815 3189 5816 3125 5816 3124 5816 3124 5817 3125 5817 2795 5817 3298 5818 3189 5818 2543 5818 3295 5819 3201 5819 3298 5819 3299 5820 3241 5820 3300 5820 3241 5821 3299 5821 3239 5821 2797 5822 3126 5822 2360 5822 3236 5823 3301 5823 3237 5823 3301 5824 3236 5824 3248 5824 2359 5825 2361 5825 3238 5825 2558 5826 2553 5826 2743 5826 2553 5827 2555 5827 2743 5827 2274 5828 2158 5828 2557 5828 2156 5829 2158 5829 2274 5829 2355 5830 3285 5830 3302 5830 2355 5831 3302 5831 3086 5831 2645 5832 3303 5832 3025 5832 2741 5833 3207 5833 3283 5833 2804 5834 2355 5834 3131 5834 2732 5835 2804 5835 3131 5835 2344 5836 2805 5836 2251 5836 2251 5837 2805 5837 2252 5837 3243 5838 2156 5838 2275 5838 3032 5839 3221 5839 3031 5839 3235 5840 3232 5840 3231 5840 3232 5841 3235 5841 3304 5841 3224 5842 3257 5842 3222 5842 3222 5843 3257 5843 2981 5843 2547 5844 3209 5844 2802 5844 3209 5845 2996 5845 2802 5845 3250 5846 3251 5846 3115 5846 3251 5847 3250 5847 3305 5847 3250 5848 3306 5848 3305 5848 3306 5849 3250 5849 2345 5849 3307 5850 2997 5850 2990 5850 2993 5851 2990 5851 3253 5851 2999 5852 2552 5852 2647 5852 2846 5853 2552 5853 2999 5853 2807 5854 2941 5854 2808 5854 2808 5855 2941 5855 2403 5855 3240 5856 3308 5856 3113 5856 2163 5857 3140 5857 3226 5857 2615 5858 3249 5858 3248 5858 3249 5859 2615 5859 3309 5859 2615 5860 2971 5860 3309 5860 2971 5861 2615 5861 2972 5861 2800 5862 3139 5862 2801 5862 3139 5863 2812 5863 2801 5863 3090 5864 3310 5864 2994 5864 3310 5865 3238 5865 2994 5865 3144 5866 3311 5866 3241 5866 3311 5867 3144 5867 3146 5867 2615 5868 2602 5868 3143 5868 2972 5869 2615 5869 3143 5869 2467 5870 2614 5870 2659 5870 2659 5871 2614 5871 2660 5871 2825 5872 2467 5872 3007 5872 2825 5873 3007 5873 2820 5873 2658 5874 2606 5874 2605 5874 2658 5875 2660 5875 2606 5875 3156 5876 2549 5876 2564 5876 3094 5877 3156 5877 2564 5877 3021 5878 3020 5878 3017 5878 3021 5879 3017 5879 2042 5879 2234 5880 3021 5880 2041 5880 2234 5881 2638 5881 3021 5881 2569 5882 3312 5882 2570 5882 2278 5883 2220 5883 2880 5883 2641 5884 3152 5884 2627 5884 2639 5885 2372 5885 2640 5885 2277 5886 3102 5886 2106 5886 2278 5887 2758 5887 2220 5887 2953 5888 2911 5888 2759 5888 3101 5889 2161 5889 2223 5889 3151 5890 2371 5890 3045 5890 3151 5891 3045 5891 2957 5891 2851 5892 3024 5892 2270 5892 2630 5893 3016 5893 3155 5893 3259 5894 3157 5894 3158 5894 2539 5895 3158 5895 2540 5895 3259 5896 3158 5896 2539 5896 2645 5897 3025 5897 2849 5897 3024 5898 3313 5898 2283 5898 3313 5899 2420 5899 2283 5899 3016 5900 3159 5900 2421 5900 2421 5901 3159 5901 2855 5901 2684 5902 2686 5902 3260 5902 2485 5903 2684 5903 3260 5903 2291 5904 3160 5904 2292 5904 3160 5905 2788 5905 2292 5905 2783 5906 2262 5906 2038 5906 2783 5907 2973 5907 2262 5907 2493 5908 2492 5908 2473 5908 2472 5909 2493 5909 2473 5909 2122 5910 2477 5910 2874 5910 2123 5911 2482 5911 2483 5911 2381 5912 3163 5912 2769 5912 2380 5913 3163 5913 2381 5913 2436 5914 3098 5914 2334 5914 3166 5915 3150 5915 2435 5915 3149 5916 2197 5916 2888 5916 3314 5917 2301 5917 2888 5917 3314 5918 2071 5918 2301 5918 2197 5919 3314 5919 2888 5919 2889 5920 2475 5920 3099 5920 2889 5921 2301 5921 2475 5921 2121 5922 2477 5922 2122 5922 2477 5923 2867 5923 2874 5923 3261 5924 2065 5924 2476 5924 3261 5925 2476 5925 2475 5925 2963 5926 2775 5926 2767 5926 2767 5927 2775 5927 2768 5927 3038 5928 2864 5928 2866 5928 3038 5929 2866 5929 2306 5929 3039 5930 2137 5930 2217 5930 3039 5931 2481 5931 2137 5931 2868 5932 2066 5932 3044 5932 2882 5933 2307 5933 3044 5933 2209 5934 3041 5934 3047 5934 2483 5935 3041 5935 2209 5935 3165 5936 2823 5936 2488 5936 3165 5937 2293 5937 2823 5937 3263 5938 2818 5938 2044 5938 2408 5939 3263 5939 2044 5939 3148 5940 3069 5940 2703 5940 3069 5941 2336 5941 2703 5941 2685 5942 2885 5942 2686 5942 2685 5943 2920 5943 2885 5943 2269 5944 2267 5944 2266 5944 2269 5945 2836 5945 2267 5945 2074 5946 3055 5946 3264 5946 2074 5947 3264 5947 2749 5947 3266 5948 3055 5948 3174 5948 3266 5949 2104 5949 2103 5949 2506 5950 3215 5950 2954 5950 2506 5951 2952 5951 3215 5951 2507 5952 2954 5952 2160 5952 2954 5953 2905 5953 2160 5953 3012 5954 3280 5954 3013 5954 3315 5955 3172 5955 3097 5955 3171 5956 3013 5956 3175 5956 3269 5957 3011 5957 3170 5957 3315 5958 3175 5958 3172 5958 3175 5959 2720 5959 3172 5959 3179 5960 2327 5960 2071 5960 2325 5961 2327 5961 3179 5961 2228 5962 3186 5962 2534 5962 2228 5963 2534 5963 3184 5963 3052 5964 3064 5964 3053 5964 3052 5965 3316 5965 3064 5965 3184 5966 3316 5966 3052 5966 3181 5967 2931 5967 3052 5967 2526 5968 2331 5968 3063 5968 2526 5969 2329 5969 2331 5969 3053 5970 3064 5970 2526 5970 3064 5971 2329 5971 2526 5971 2236 5972 2706 5972 2708 5972 2236 5973 2708 5973 2237 5973 2341 5974 2719 5974 2913 5974 2342 5975 2341 5975 2913 5975 2896 5976 2714 5976 3317 5976 2896 5977 3317 5977 2897 5977 3317 5978 2714 5978 3058 5978 2897 5979 3317 5979 3058 5979 3076 5980 2897 5980 2932 5980 3076 5981 2932 5981 2716 5981 2922 5982 2515 5982 2923 5982 2728 5983 2515 5983 2922 5983 3185 5984 3267 5984 2722 5984 3267 5985 2226 5985 2722 5985 2722 5986 2723 5986 2523 5986 2522 5987 2722 5987 2523 5987 2338 5988 3318 5988 2339 5988 3319 5989 3272 5989 2101 5989 3072 5990 2930 5990 3276 5990 2102 5991 3072 5991 3276 5991 2384 5992 2929 5992 3073 5992 2347 5993 2339 5993 3275 5993 3193 5994 2591 5994 2356 5994 3193 5995 3192 5995 2591 5995 2357 5996 3278 5996 2358 5996 2357 5997 2591 5997 3278 5997 2101 5998 3272 5998 3071 5998 3275 5999 3320 5999 3192 5999 2102 6000 3276 6000 3197 6000 2591 6001 2986 6001 3278 6001 2930 6002 2544 6002 3277 6002 3277 6003 2544 6003 3273 6003 3229 6004 3273 6004 3117 6004 3194 6005 3198 6005 3195 6005 2519 6006 2520 6006 2297 6006 2297 6007 2520 6007 2298 6007 3073 6008 2793 6008 2520 6008 2520 6009 2793 6009 2521 6009 3218 6010 3194 6010 2966 6010 3198 6011 3120 6011 3195 6011 2595 6012 3199 6012 2596 6012 2595 6013 3075 6013 3199 6013 3079 6014 3067 6014 2516 6014 2729 6015 3079 6015 2515 6015 2104 6016 3267 6016 3185 6016 3013 6017 3280 6017 2729 6017 2756 6018 2921 6018 2757 6018 2756 6019 3185 6019 2921 6019 2702 6020 2119 6020 3202 6020 3318 6021 3234 6021 3272 6021 2928 6022 2694 6022 2899 6022 3188 6023 3321 6023 2338 6023 3082 6024 3081 6024 2367 6024 3081 6025 2368 6025 2367 6025 3322 6026 2989 6026 3122 6026 3084 6027 3322 6027 2724 6027 2530 6028 2529 6028 3205 6028 2529 6029 2995 6029 3205 6029 2376 6030 2375 6030 2353 6030 2375 6031 2354 6031 2353 6031 2354 6032 3242 6032 3285 6032 3242 6033 3283 6033 2937 6033 2741 6034 3208 6034 3207 6034 3283 6035 3207 6035 3284 6035 2564 6036 2549 6036 2362 6036 3156 6037 2740 6037 2549 6037 2741 6038 3094 6038 3208 6038 2366 6039 3094 6039 2741 6039 2551 6040 2934 6040 2552 6040 2551 6041 2745 6041 2934 6041 2541 6042 2561 6042 3080 6042 2541 6043 2540 6043 2561 6043 3089 6044 3200 6044 2146 6044 3089 6045 2850 6045 3200 6045 2801 6046 2813 6046 2235 6046 2235 6047 2813 6047 2806 6047 3214 6048 2946 6048 2945 6048 3214 6049 3054 6049 2946 6049 2944 6050 2099 6050 2903 6050 2944 6051 2903 6051 2548 6051 3153 6052 2372 6052 3258 6052 3020 6053 3153 6053 3258 6053 2947 6054 2509 6054 3286 6054 2947 6055 3286 6055 3054 6055 2691 6056 2075 6056 2508 6056 2749 6057 2750 6057 2509 6057 2691 6058 2508 6058 2510 6058 2754 6059 2691 6059 2510 6059 2575 6060 2951 6060 2506 6060 3169 6061 3268 6061 2575 6061 2510 6062 2947 6062 2240 6062 2510 6063 2509 6063 2947 6063 3101 6064 2223 6064 3045 6064 3045 6065 2223 6065 3046 6065 3287 6066 2907 6066 2221 6066 3287 6067 2905 6067 2907 6067 2945 6068 2752 6068 2751 6068 3093 6069 2945 6069 2751 6069 2827 6070 3034 6070 2295 6070 3034 6071 3035 6071 2295 6071 3195 6072 3120 6072 2585 6072 3218 6073 3198 6073 3194 6073 2326 6074 2779 6074 2327 6074 2779 6075 2063 6075 2327 6075 3056 6076 2779 6076 2326 6076 3323 6077 2964 6077 2779 6077 2526 6078 3063 6078 3270 6078 2718 6079 3066 6079 3288 6079 2400 6080 3110 6080 3106 6080 2968 6081 2400 6081 3106 6081 2961 6082 2984 6082 3107 6082 2961 6083 3107 6083 2968 6083 3291 6084 3225 6084 2248 6084 3225 6085 3291 6085 3290 6085 2399 6086 2248 6086 3225 6086 3119 6087 2830 6087 2829 6087 3324 6088 2830 6088 3119 6088 2792 6089 2118 6089 2829 6089 3298 6090 3201 6090 3189 6090 3201 6091 3190 6091 3189 6091 3235 6092 3325 6092 3304 6092 3325 6093 3235 6093 2796 6093 2164 6094 3292 6094 2250 6094 2980 6095 3292 6095 3293 6095 3292 6096 2980 6096 2250 6096 2543 6097 3189 6097 3123 6097 3274 6098 2162 6098 3273 6098 2792 6099 2830 6099 3222 6099 3223 6100 2830 6100 3324 6100 2830 6101 3223 6101 3222 6101 3248 6102 3247 6102 3301 6102 3121 6103 3297 6103 2528 6103 2528 6104 3297 6104 2998 6104 3297 6105 3203 6105 2998 6105 3282 6106 3203 6106 3297 6106 2253 6107 2252 6107 3244 6107 3126 6108 2275 6108 2360 6108 3243 6109 2275 6109 3126 6109 3231 6110 3244 6110 3126 6110 3086 6111 3302 6111 2939 6111 3302 6112 2937 6112 2939 6112 2938 6113 3284 6113 3027 6113 2937 6114 3284 6114 2938 6114 2554 6115 3027 6115 2644 6115 2644 6116 3326 6116 2645 6116 2733 6117 3131 6117 2589 6117 2732 6118 3131 6118 2733 6118 2345 6119 3246 6119 3306 6119 2803 6120 2376 6120 2353 6120 2374 6121 2376 6121 2803 6121 2546 6122 3205 6122 3209 6122 2546 6123 3209 6123 2547 6123 3307 6124 2530 6124 2997 6124 2738 6125 2530 6125 3307 6125 2120 6126 2738 6126 3307 6126 3136 6127 3307 6127 2990 6127 3310 6128 2359 6128 3238 6128 3113 6129 2359 6129 3310 6129 2810 6130 3144 6130 2800 6130 3091 6131 3139 6131 2800 6131 3241 6132 3310 6132 3090 6132 3113 6133 3310 6133 3241 6133 3327 6134 3325 6134 2796 6134 2489 6135 2658 6135 2605 6135 2820 6136 2658 6136 2489 6136 3017 6137 2639 6137 2641 6137 3017 6138 2641 6138 2842 6138 2278 6139 2277 6139 2758 6139 2569 6140 2634 6140 3312 6140 2641 6141 2640 6141 3152 6141 2640 6142 2957 6142 3152 6142 2276 6143 2953 6143 2277 6143 3312 6144 2634 6144 2278 6144 2223 6145 2222 6145 2910 6145 3046 6146 2223 6146 2635 6146 2843 6147 2630 6147 2651 6147 2650 6148 2843 6148 2651 6148 3026 6149 3157 6149 3259 6149 3157 6150 2080 6150 3158 6150 2745 6151 2848 6151 3089 6151 2848 6152 2850 6152 3089 6152 2849 6153 3025 6153 3259 6153 2849 6154 3259 6154 2850 6154 3328 6155 2566 6155 3303 6155 3284 6156 3328 6156 3303 6156 3029 6157 3313 6157 3024 6157 2651 6158 2630 6158 3155 6158 2486 6159 3260 6159 2302 6159 2485 6160 3260 6160 2486 6160 2123 6161 2122 6161 2482 6161 2482 6162 2122 6162 2305 6162 2334 6163 3098 6163 2335 6163 3098 6164 3100 6164 2335 6164 2197 6165 2071 6165 3314 6165 2072 6166 2071 6166 2197 6166 2436 6167 3150 6167 3098 6167 3149 6168 2888 6168 2890 6168 2476 6169 2379 6169 2477 6169 2476 6170 2380 6170 2379 6170 2883 6171 3044 6171 3262 6171 3262 6172 3044 6172 2225 6172 2676 6173 2675 6173 2886 6173 2676 6174 2886 6174 2208 6174 2328 6175 2210 6175 2869 6175 2869 6176 2210 6176 2870 6176 2704 6177 2703 6177 2685 6177 2703 6178 2920 6178 2685 6178 3269 6179 3329 6179 3012 6179 2103 6180 2105 6180 2750 6180 3013 6181 3176 6181 3175 6181 3330 6182 2922 6182 2323 6182 2575 6183 3170 6183 2951 6183 3011 6184 3013 6184 3171 6184 3097 6185 3173 6185 2906 6185 2952 6186 3315 6186 3097 6186 3181 6187 3052 6187 3182 6187 3182 6188 3052 6188 2525 6188 2536 6189 2711 6189 3065 6189 2536 6190 3065 6190 3064 6190 2517 6191 2516 6191 3076 6191 2517 6192 3076 6192 3077 6192 2922 6193 2887 6193 2323 6193 2323 6194 2887 6194 2319 6194 3266 6195 3174 6195 3267 6195 3267 6196 3174 6196 2226 6196 3070 6197 2337 6197 2347 6197 2346 6198 3070 6198 2347 6198 3275 6199 2339 6199 3320 6199 2348 6200 2347 6200 3275 6200 3331 6201 3083 6201 3234 6201 2339 6202 3319 6202 2101 6202 3272 6203 3296 6203 3072 6203 2542 6204 3298 6204 2543 6204 3276 6205 2930 6205 3332 6205 3276 6206 3332 6206 3228 6206 2726 6207 3333 6207 2794 6207 3333 6208 3192 6208 2794 6208 2727 6209 2726 6209 2929 6209 2727 6210 2929 6210 2384 6210 3279 6211 3278 6211 3218 6211 3278 6212 3196 6212 3218 6212 3274 6213 3123 6213 2162 6213 3295 6214 3298 6214 2542 6214 3277 6215 3273 6215 3229 6215 2986 6216 2102 6216 3197 6216 3198 6217 3229 6217 3120 6217 3229 6218 3117 6218 3120 6218 3199 6219 3279 6219 2580 6219 2358 6220 3279 6220 3199 6220 3012 6221 2755 6221 3067 6221 3067 6222 2755 6222 3068 6222 2899 6223 2898 6223 2592 6223 3187 6224 3188 6224 3070 6224 2593 6225 2898 6225 2892 6225 2893 6226 2692 6226 2894 6226 3094 6227 2564 6227 3208 6227 3208 6228 2564 6228 2566 6228 3284 6229 3303 6229 3326 6229 3326 6230 3303 6230 2645 6230 3285 6231 3242 6231 3302 6231 3242 6232 2937 6232 3302 6232 2903 6233 3092 6233 2637 6233 3092 6234 3093 6234 2637 6234 3258 6235 2639 6235 3017 6235 3258 6236 2372 6236 2639 6236 3265 6237 3212 6237 3286 6237 3286 6238 3211 6238 3054 6238 2075 6239 3213 6239 2508 6239 2508 6240 3213 6240 2509 6240 3286 6241 3212 6241 3211 6241 3212 6242 2575 6242 2574 6242 2196 6243 2437 6243 2197 6243 2918 6244 3219 6244 2919 6244 2918 6245 3109 6245 3219 6245 2914 6246 3323 6246 3056 6246 3056 6247 3323 6247 2779 6247 3334 6248 3322 6248 3282 6248 3294 6249 3295 6249 2542 6249 3191 6250 2792 6250 3222 6250 3191 6251 3222 6251 2981 6251 3322 6252 3334 6252 2724 6252 3122 6253 3050 6253 3282 6253 3203 6254 2699 6254 3204 6254 3203 6255 3050 6255 2699 6255 3231 6256 3126 6256 3235 6256 2253 6257 3244 6257 3231 6257 2253 6258 3335 6258 3133 6258 3335 6259 2253 6259 3336 6259 3231 6260 3336 6260 2253 6260 3230 6261 3336 6261 3231 6261 3327 6262 2796 6262 3337 6262 3112 6263 2796 6263 2359 6263 3300 6264 3241 6264 3311 6264 2355 6265 3086 6265 2590 6265 2590 6266 3086 6266 2156 6266 3027 6267 3326 6267 2644 6267 3284 6268 3326 6268 3027 6268 2120 6269 3307 6269 3136 6269 3135 6270 2120 6270 3136 6270 3085 6271 3114 6271 3254 6271 3114 6272 3085 6272 3115 6272 3085 6273 2547 6273 3115 6273 3144 6274 3091 6274 2800 6274 3144 6275 3090 6275 3091 6275 3236 6276 2537 6276 3248 6276 3046 6277 2635 6277 2634 6277 2957 6278 3046 6278 2634 6278 3312 6279 2278 6279 2570 6279 2278 6280 2880 6280 2570 6280 2910 6281 2956 6281 2911 6281 2222 6282 2956 6282 2910 6282 3303 6283 2838 6283 3025 6283 2566 6284 2838 6284 3303 6284 3029 6285 3155 6285 3313 6285 3155 6286 2420 6286 3313 6286 3019 6287 2652 6287 3023 6287 3019 6288 3023 6288 2851 6288 2475 6289 2477 6289 2121 6289 3099 6290 2475 6290 2121 6290 3150 6291 2890 6291 3098 6291 2890 6292 3099 6292 3098 6292 3329 6293 2756 6293 3012 6293 3329 6294 3185 6294 2756 6294 3176 6295 2729 6295 3177 6295 3013 6296 2729 6296 3176 6296 3170 6297 3171 6297 2951 6297 2951 6298 3171 6298 2952 6298 2105 6299 3329 6299 3269 6299 3268 6300 3170 6300 2575 6300 3171 6301 3175 6301 3315 6301 2952 6302 3171 6302 3315 6302 2713 6303 3182 6303 3183 6303 3183 6304 3182 6304 2525 6304 3316 6305 2536 6305 3064 6305 3184 6306 2536 6306 3316 6306 3055 6307 2531 6307 3174 6307 3055 6308 2532 6308 2531 6308 3320 6309 2339 6309 2101 6309 3320 6310 2101 6310 3192 6310 2726 6311 3275 6311 3333 6311 3333 6312 3275 6312 3192 6312 2338 6313 3331 6313 3318 6313 3318 6314 3331 6314 3234 6314 3296 6315 2542 6315 3072 6315 3072 6316 2542 6316 2930 6316 2986 6317 3197 6317 3278 6317 3278 6318 3197 6318 3196 6318 3332 6319 3277 6319 3228 6319 3332 6320 2930 6320 3277 6320 2544 6321 2543 6321 3274 6321 2544 6322 3274 6322 3273 6322 3331 6323 3084 6323 3083 6323 3338 6324 3084 6324 3331 6324 2898 6325 2593 6325 2592 6325 3321 6326 3339 6326 3331 6326 2898 6327 2893 6327 2892 6327 2899 6328 2592 6328 3187 6328 2989 6329 2988 6329 2697 6329 2988 6330 3082 6330 2697 6330 2742 6331 2741 6331 3283 6331 3242 6332 2742 6332 3283 6332 2351 6333 2350 6333 3242 6333 2354 6334 2351 6334 3242 6334 3212 6335 3169 6335 2575 6335 2750 6336 3169 6336 3212 6336 2512 6337 2916 6337 2918 6337 2918 6338 2916 6338 3109 6338 3066 6339 3271 6339 3288 6339 2513 6340 2512 6340 2918 6340 2708 6341 3056 6341 3180 6341 3180 6342 3056 6342 2326 6342 2914 6343 2909 6343 3323 6343 3323 6344 2909 6344 2964 6344 2594 6345 2988 6345 2987 6345 2987 6346 2989 6346 3322 6346 2700 6347 2702 6347 3201 6347 3201 6348 2702 6348 3202 6348 3339 6349 3338 6349 3331 6349 3322 6350 3122 6350 3282 6350 2589 6351 3243 6351 3244 6351 2252 6352 2589 6352 3244 6352 2809 6353 3145 6353 2810 6353 3112 6354 3337 6354 2796 6354 3337 6355 3112 6355 3340 6355 3112 6356 3308 6356 3340 6356 3308 6357 3112 6357 3113 6357 3341 6358 2104 6358 3185 6358 2104 6359 3341 6359 2105 6359 2729 6360 3067 6360 3079 6360 3280 6361 3067 6361 2729 6361 2720 6362 3177 6362 2322 6362 3177 6363 2922 6363 3330 6363 2105 6364 3269 6364 3268 6364 3169 6365 2105 6365 3268 6365 3172 6366 2721 6366 3178 6366 3172 6367 2720 6367 2721 6367 2714 6368 3183 6368 3059 6368 3059 6369 3183 6369 3271 6369 3319 6370 3318 6370 3272 6370 2339 6371 3318 6371 3319 6371 3296 6372 3294 6372 2542 6372 2725 6373 2700 6373 3201 6373 3188 6374 3339 6374 3321 6374 3321 6375 3331 6375 2338 6375 3070 6376 3188 6376 2337 6376 2337 6377 3188 6377 2338 6377 3339 6378 2987 6378 3338 6378 3339 6379 2594 6379 2987 6379 2594 6380 2892 6380 2988 6380 2898 6381 2694 6381 2893 6381 2988 6382 2892 6382 3081 6382 2892 6383 2894 6383 3081 6383 3207 6384 3328 6384 3284 6384 3207 6385 2566 6385 3328 6385 2512 6386 3270 6386 2916 6386 3270 6387 3063 6387 2916 6387 3271 6388 2511 6388 3288 6388 3288 6389 2511 6389 2513 6389 2915 6390 3288 6390 2513 6390 3289 6391 2513 6391 2909 6391 3233 6392 2724 6392 2725 6392 3083 6393 2724 6393 3233 6393 2701 6394 3049 6394 2119 6394 2701 6395 3121 6395 3049 6395 3338 6396 2987 6396 3322 6396 3338 6397 3322 6397 3084 6397 3055 6398 3266 6398 3264 6398 3264 6399 3266 6399 2103 6399 2105 6400 3341 6400 3329 6400 3341 6401 3185 6401 3329 6401 3177 6402 3330 6402 2322 6402 2322 6403 3330 6403 2323 6403 2729 6404 2728 6404 3177 6404 3177 6405 2728 6405 2922 6405 3234 6406 3233 6406 3294 6406 3234 6407 3294 6407 3272 6407 2926 6408 2899 6408 3187 6408 2926 6409 3187 6409 3070 6409 2592 6410 3339 6410 3188 6410 2592 6411 2594 6411 3339 6411 2525 6412 2527 6412 2511 6412 3271 6413 2525 6413 2511 6413 2915 6414 2513 6414 3289 6414 2915 6415 3289 6415 2914 6415 3233 6416 2725 6416 3295 6416 2725 6417 3201 6417 3295 6417 2700 6418 3281 6418 2701 6418 3281 6419 3121 6419 2701 6419 2724 6420 3334 6420 3281 6420 3334 6421 3282 6421 3281 6421 3342 6422 3343 6422 3344 6422 3345 6423 3343 6423 3342 6423 3343 6424 3345 6424 3346 6424 3347 6425 3344 6425 3348 6425 3344 6426 3347 6426 3342 6426 3349 6427 3350 6427 3351 6427 3350 6428 3349 6428 3343 6428 3348 6429 3343 6429 3349 6429 3343 6430 3348 6430 3344 6430 3351 6431 3352 6431 3349 6431 3351 6432 3353 6432 3352 6432 3353 6433 3351 6433 3354 6433 3350 6434 3355 6434 3356 6434 3357 6435 3343 6435 3346 6435 3343 6436 3357 6436 3350 6436 3358 6437 3350 6437 3357 6437 3350 6438 3358 6438 3355 6438 3351 6439 3356 6439 3359 6439 3356 6440 3351 6440 3350 6440 3355 6441 3360 6441 3356 6441 3349 6442 3352 6442 3361 6442 3361 6443 3348 6443 3349 6443 3362 6444 3348 6444 3361 6444 3348 6445 3362 6445 3347 6445 3359 6446 3363 6446 3364 6446 3363 6447 3359 6447 3356 6447 3364 6448 3365 6448 3366 6448 3365 6449 3364 6449 3363 6449 3359 6450 3367 6450 3351 6450 3351 6451 3367 6451 3354 6451 3356 6452 3365 6452 3363 6452 3366 6453 3368 6453 3364 6453 3368 6454 3366 6454 3369 6454 3370 6455 3359 6455 3364 6455 3359 6456 3370 6456 3367 6456 3370 6457 3364 6457 3368 6457 3371 6458 3372 6458 3365 6458 3373 6459 3356 6459 3360 6459 3356 6460 3373 6460 3365 6460 3365 6461 3373 6461 3371 6461 3374 6462 3365 6462 3372 6462 3375 6463 3365 6463 3374 6463 3365 6464 3375 6464 3376 6464 3377 6465 3378 6465 3366 6465 3378 6466 3377 6466 3379 6466 3380 6467 3376 6467 3375 6467 3366 6468 3381 6468 3369 6468 3381 6469 3366 6469 3378 6469 3366 6470 3376 6470 3377 6470 3376 6471 3366 6471 3365 6471 3382 6472 3383 6472 3377 6472 3382 6473 3384 6473 3383 6473 3384 6474 3382 6474 3385 6474 3377 6475 3386 6475 3382 6475 3386 6476 3377 6476 3376 6476 3387 6477 3376 6477 3380 6477 3376 6478 3387 6478 3386 6478 3377 6479 3383 6479 3379 6479 3388 6480 3386 6480 3387 6480 3386 6481 3388 6481 3389 6481 3382 6482 3390 6482 3385 6482 3382 6483 3391 6483 3392 6483 3391 6484 3382 6484 3386 6484 3393 6485 3394 6485 3391 6485 3395 6486 3386 6486 3389 6486 3386 6487 3395 6487 3391 6487 3391 6488 3395 6488 3393 6488 3396 6489 3382 6489 3392 6489 3382 6490 3396 6490 3390 6490 3396 6491 3392 6491 3397 6491 3398 6492 3399 6492 3392 6492 3399 6493 3398 6493 3400 6493 3392 6494 3401 6494 3398 6494 3401 6495 3392 6495 3391 6495 3402 6496 3391 6496 3394 6496 3403 6497 3391 6497 3402 6497 3391 6498 3403 6498 3401 6498 3392 6499 3404 6499 3397 6499 3404 6500 3392 6500 3399 6500 3403 6501 3405 6501 3401 6501 3398 6502 3406 6502 3407 6502 3406 6503 3398 6503 3401 6503 3406 6504 3408 6504 3407 6504 3408 6505 3406 6505 3409 6505 3407 6506 3410 6506 3398 6506 3410 6507 3407 6507 3411 6507 3411 6508 3407 6508 3412 6508 3400 6509 3398 6509 3410 6509 3413 6510 3401 6510 3405 6510 3401 6511 3413 6511 3406 6511 3414 6512 3406 6512 3415 6512 3406 6513 3414 6513 3409 6513 3416 6514 3406 6514 3413 6514 3406 6515 3416 6515 3415 6515 3407 6516 3417 6516 3412 6516 3408 6517 3418 6517 3419 6517 3418 6518 3408 6518 3409 6518 3419 6519 3420 6519 3421 6519 3407 6520 3422 6520 3417 6520 3419 6521 3422 6521 3407 6521 3422 6522 3419 6522 3421 6522 3423 6523 3420 6523 3419 6523 3418 6524 3423 6524 3419 6524 3423 6525 3418 6525 3424 6525 3425 6526 3409 6526 3414 6526 3418 6527 3425 6527 3426 6527 3425 6528 3418 6528 3409 6528 3408 6529 3419 6529 3407 6529 3418 6530 3426 6530 3424 6530 3426 6531 3427 6531 3424 6531 3428 6532 3429 6532 3430 6532 3431 6533 3429 6533 3428 6533 3429 6534 3431 6534 3432 6534 3423 6535 3429 6535 3433 6535 3429 6536 3423 6536 3424 6536 3433 6537 3434 6537 3423 6537 3434 6538 3433 6538 3435 6538 3429 6539 3436 6539 3433 6539 3436 6540 3429 6540 3432 6540 3437 6541 3424 6541 3427 6541 3438 6542 3424 6542 3437 6542 3424 6543 3438 6543 3429 6543 3438 6544 3430 6544 3429 6544 3423 6545 3439 6545 3420 6545 3439 6546 3423 6546 3434 6546 3433 6547 3440 6547 3435 6547 3436 6548 3440 6548 3433 6548 3440 6549 3436 6549 3441 6549 3442 6550 3432 6550 3431 6550 3432 6551 3442 6551 3443 6551 3444 6552 3445 6552 3436 6552 3445 6553 3444 6553 3446 6553 3446 6554 3444 6554 3447 6554 3443 6555 3448 6555 3444 6555 3448 6556 3443 6556 3449 6556 3450 6557 3443 6557 3442 6557 3443 6558 3450 6558 3451 6558 3443 6559 3451 6559 3449 6559 3452 6560 3449 6560 3451 6560 3436 6561 3445 6561 3441 6561 3436 6562 3443 6562 3444 6562 3443 6563 3436 6563 3432 6563 3453 6564 3454 6564 3455 6564 3454 6565 3453 6565 3456 6565 3448 6566 3457 6566 3444 6566 3444 6567 3457 6567 3447 6567 3449 6568 3456 6568 3453 6568 3454 6569 3458 6569 3455 6569 3458 6570 3454 6570 3459 6570 3448 6571 3460 6571 3457 6571 3455 6572 3460 6572 3448 6572 3460 6573 3455 6573 3458 6573 3461 6574 3456 6574 3462 6574 3463 6575 3449 6575 3452 6575 3456 6576 3463 6576 3462 6576 3463 6577 3456 6577 3449 6577 3448 6578 3453 6578 3455 6578 3453 6579 3448 6579 3449 6579 3464 6580 3456 6580 3461 6580 3465 6581 3456 6581 3464 6581 3456 6582 3465 6582 3466 6582 3467 6583 3468 6583 3454 6583 3468 6584 3467 6584 3469 6584 3470 6585 3466 6585 3465 6585 3454 6586 3471 6586 3459 6586 3471 6587 3454 6587 3468 6587 3454 6588 3466 6588 3467 6588 3466 6589 3454 6589 3456 6589 3472 6590 3473 6590 3467 6590 3473 6591 3472 6591 3474 6591 3474 6592 3472 6592 3475 6592 3467 6593 3476 6593 3472 6593 3476 6594 3467 6594 3466 6594 3477 6595 3466 6595 3470 6595 3466 6596 3477 6596 3476 6596 3467 6597 3473 6597 3469 6597 3478 6598 3476 6598 3477 6598 3476 6599 3478 6599 3479 6599 3475 6600 3472 6600 3480 6600 3481 6601 3472 6601 3476 6601 3472 6602 3481 6602 3482 6602 3483 6603 3481 6603 3484 6603 3485 6604 3476 6604 3479 6604 3481 6605 3485 6605 3484 6605 3485 6606 3481 6606 3476 6606 3472 6607 3486 6607 3480 6607 3482 6608 3486 6608 3472 6608 3486 6609 3482 6609 3487 6609 3488 6610 3489 6610 3482 6610 3489 6611 3488 6611 3490 6611 3491 6612 3482 6612 3481 6612 3482 6613 3491 6613 3488 6613 3492 6614 3481 6614 3483 6614 3493 6615 3481 6615 3492 6615 3481 6616 3493 6616 3491 6616 3494 6617 3482 6617 3489 6617 3482 6618 3494 6618 3487 6618 3495 6619 3491 6619 3493 6619 3496 6620 3488 6620 3491 6620 3488 6621 3496 6621 3497 6621 3497 6622 3498 6622 3488 6622 3498 6623 3497 6623 3499 6623 3499 6624 3497 6624 3500 6624 3490 6625 3488 6625 3498 6625 3501 6626 3491 6626 3495 6626 3491 6627 3501 6627 3496 6627 3502 6628 3497 6628 3496 6628 3497 6629 3502 6629 3503 6629 3504 6630 3496 6630 3505 6630 3496 6631 3504 6631 3502 6631 3506 6632 3496 6632 3501 6632 3496 6633 3506 6633 3505 6633 3500 6634 3497 6634 3507 6634 3508 6635 3503 6635 3502 6635 3503 6636 3508 6636 3509 6636 3510 6637 3509 6637 3511 6637 3497 6638 3512 6638 3507 6638 3509 6639 3512 6639 3497 6639 3512 6640 3509 6640 3510 6640 3513 6641 3511 6641 3509 6641 3514 6642 3509 6642 3508 6642 3509 6643 3514 6643 3513 6643 3515 6644 3502 6644 3504 6644 3508 6645 3515 6645 3516 6645 3515 6646 3508 6646 3502 6646 3503 6647 3509 6647 3497 6647 3508 6648 3516 6648 3514 6648 3517 6649 3514 6649 3516 6649 3518 6650 3519 6650 3520 6650 3521 6651 3519 6651 3518 6651 3519 6652 3521 6652 3522 6652 3522 6653 3513 6653 3514 6653 3513 6654 3522 6654 3523 6654 3523 6655 3524 6655 3513 6655 3524 6656 3523 6656 3525 6656 3521 6657 3523 6657 3522 6657 3523 6658 3521 6658 3526 6658 3527 6659 3514 6659 3517 6659 3528 6660 3514 6660 3527 6660 3514 6661 3528 6661 3522 6661 3519 6662 3522 6662 3528 6662 3529 6663 3513 6663 3524 6663 3513 6664 3529 6664 3511 6664 3525 6665 3530 6665 3531 6665 3523 6666 3530 6666 3525 6666 3530 6667 3523 6667 3526 6667 3521 6668 3532 6668 3533 6668 3532 6669 3521 6669 3518 6669 3534 6670 3535 6670 3536 6670 3537 6671 3535 6671 3534 6671 3535 6672 3537 6672 3526 6672 3538 6673 3535 6673 3533 6673 3535 6674 3538 6674 3539 6674 3540 6675 3533 6675 3532 6675 3533 6676 3540 6676 3541 6676 3533 6677 3541 6677 3538 6677 3542 6678 3538 6678 3541 6678 3530 6679 3526 6679 3537 6679 3533 6680 3526 6680 3521 6680 3526 6681 3533 6681 3535 6681 3543 6682 3539 6682 3538 6682 3539 6683 3543 6683 3544 6683 3545 6684 3544 6684 3543 6684 3544 6685 3545 6685 3546 6685 3539 6686 3547 6686 3535 6686 3536 6687 3535 6687 3547 6687 3543 6688 3538 6688 3545 6688 3548 6689 3546 6689 3549 6689 3546 6690 3548 6690 3544 6690 3550 6691 3544 6691 3548 6691 3539 6692 3550 6692 3547 6692 3550 6693 3539 6693 3544 6693 3551 6694 3545 6694 3552 6694 3545 6695 3553 6695 3552 6695 3538 6696 3553 6696 3545 6696 3553 6697 3538 6697 3542 6697 3545 6698 3554 6698 3555 6698 3554 6699 3545 6699 3556 6699 3556 6700 3545 6700 3551 6700 3557 6701 3558 6701 3559 6701 3558 6702 3557 6702 3546 6702 3560 6703 3555 6703 3554 6703 3561 6704 3546 6704 3557 6704 3546 6705 3561 6705 3549 6705 3555 6706 3546 6706 3545 6706 3546 6707 3555 6707 3558 6707 3562 6708 3563 6708 3564 6708 3565 6709 3563 6709 3562 6709 3563 6710 3565 6710 3558 6710 3566 6711 3558 6711 3555 6711 3558 6712 3566 6712 3563 6712 3555 6713 3567 6713 3566 6713 3567 6714 3555 6714 3560 6714 3559 6715 3558 6715 3565 6715 3568 6716 3566 6716 3567 6716 3566 6717 3568 6717 3569 6717 3564 6718 3563 6718 3570 6718 3571 6719 3563 6719 3566 6719 3563 6720 3571 6720 3572 6720 3573 6721 3571 6721 3574 6721 3571 6722 3575 6722 3574 6722 3566 6723 3575 6723 3571 6723 3575 6724 3566 6724 3569 6724 3576 6725 3572 6725 3577 6725 3563 6726 3576 6726 3570 6726 3576 6727 3563 6727 3572 6727 3578 6728 3579 6728 3580 6728 3579 6729 3578 6729 3572 6729 3572 6730 3581 6730 3579 6730 3581 6731 3572 6731 3571 6731 3571 6732 3582 6732 3581 6732 3582 6733 3571 6733 3583 6733 3583 6734 3571 6734 3573 6734 3584 6735 3572 6735 3578 6735 3572 6736 3584 6736 3577 6736 3581 6737 3582 6737 3585 6737 3579 6738 3586 6738 3587 6738 3586 6739 3579 6739 3581 6739 3588 6740 3587 6740 3589 6740 3590 6741 3587 6741 3588 6741 3587 6742 3590 6742 3579 6742 3580 6743 3579 6743 3590 6743 3581 6744 3591 6744 3586 6744 3591 6745 3581 6745 3585 6745 3586 6746 3592 6746 3587 6746 3592 6747 3586 6747 3593 6747 3586 6748 3594 6748 3593 6748 3594 6749 3586 6749 3595 6749 3586 6750 3596 6750 3595 6750 3596 6751 3586 6751 3591 6751 3589 6752 3587 6752 3597 6752 3598 6753 3599 6753 3600 6753 3601 6754 3599 6754 3598 6754 3587 6755 3601 6755 3597 6755 3601 6756 3587 6756 3599 6756 3602 6757 3600 6757 3599 6757 3603 6758 3602 6758 3599 6758 3602 6759 3603 6759 3604 6759 3603 6760 3605 6760 3606 6760 3593 6761 3605 6761 3603 6761 3605 6762 3593 6762 3594 6762 3599 6763 3587 6763 3592 6763 3603 6764 3606 6764 3604 6764 3604 6765 3606 6765 3607 6765 3592 6766 3603 6766 3599 6766 3603 6767 3592 6767 3593 6767 3608 6768 3609 6768 3610 6768 3611 6769 3609 6769 3608 6769 3609 6770 3611 6770 3612 6770 3613 6771 3614 6771 3615 6771 3614 6772 3613 6772 3602 6772 3611 6773 3616 6773 3614 6773 3616 6774 3611 6774 3608 6774 3604 6775 3617 6775 3611 6775 3617 6776 3604 6776 3618 6776 3618 6777 3604 6777 3607 6777 3611 6778 3617 6778 3612 6778 3602 6779 3611 6779 3614 6779 3611 6780 3602 6780 3604 6780 3619 6781 3602 6781 3613 6781 3602 6782 3619 6782 3600 6782 3620 6783 3616 6783 3621 6783 3615 6784 3616 6784 3620 6784 3616 6785 3615 6785 3614 6785 3608 6786 3622 6786 3623 6786 3622 6787 3608 6787 3610 6787 3624 6788 3625 6788 3626 6788 3627 6789 3625 6789 3624 6789 3625 6790 3627 6790 3616 6790 3623 6791 3628 6791 3629 6791 3628 6792 3623 6792 3622 6792 3623 6793 3629 6793 3630 6793 3623 6794 3631 6794 3625 6794 3631 6795 3623 6795 3630 6795 3630 6796 3629 6796 3632 6796 3621 6797 3616 6797 3627 6797 3616 6798 3623 6798 3625 6798 3623 6799 3616 6799 3608 6799 3631 6800 3633 6800 3634 6800 3633 6801 3631 6801 3630 6801 3633 6802 3635 6802 3634 6802 3635 6803 3633 6803 3636 6803 3631 6804 3637 6804 3625 6804 3637 6805 3626 6805 3625 6805 3633 6806 3630 6806 3636 6806 3638 6807 3635 6807 3639 6807 3635 6808 3638 6808 3634 6808 3640 6809 3634 6809 3638 6809 3631 6810 3640 6810 3637 6810 3640 6811 3631 6811 3634 6811 3636 6812 3641 6812 3642 6812 3636 6813 3643 6813 3641 6813 3630 6814 3643 6814 3636 6814 3643 6815 3630 6815 3632 6815 3636 6816 3644 6816 3645 6816 3644 6817 3636 6817 3646 6817 3646 6818 3636 6818 3642 6818 3647 6819 3648 6819 3649 6819 3648 6820 3647 6820 3635 6820 3650 6821 3645 6821 3644 6821 3651 6822 3635 6822 3647 6822 3635 6823 3651 6823 3639 6823 3635 6824 3645 6824 3648 6824 3645 6825 3635 6825 3636 6825 3652 6826 3653 6826 3654 6826 3655 6827 3653 6827 3652 6827 3653 6828 3655 6828 3648 6828 3648 6829 3656 6829 3653 6829 3656 6830 3648 6830 3645 6830 3645 6831 3657 6831 3656 6831 3657 6832 3645 6832 3650 6832 3655 6833 3649 6833 3648 6833 3656 6834 3658 6834 3659 6834 3658 6835 3656 6835 3657 6835 3660 6836 3654 6836 3653 6836 3653 6837 3661 6837 3662 6837 3661 6838 3653 6838 3656 6838 3661 6839 3663 6839 3664 6839 3665 6840 3661 6840 3656 6840 3661 6841 3665 6841 3663 6841 3665 6842 3656 6842 3659 6842 3666 6843 3662 6843 3667 6843 3662 6844 3666 6844 3653 6844 3653 6845 3666 6845 3660 6845 3668 6846 3669 6846 3670 6846 3669 6847 3668 6847 3662 6847 3662 6848 3671 6848 3669 6848 3671 6849 3662 6849 3661 6849 3661 6850 3672 6850 3671 6850 3661 6851 3673 6851 3672 6851 3673 6852 3661 6852 3664 6852 3674 6853 3662 6853 3668 6853 3662 6854 3674 6854 3667 6854 3671 6855 3672 6855 3675 6855 3669 6856 3676 6856 3677 6856 3676 6857 3669 6857 3671 6857 3678 6858 3677 6858 3679 6858 3680 6859 3677 6859 3678 6859 3677 6860 3680 6860 3669 6860 3670 6861 3669 6861 3680 6861 3671 6862 3681 6862 3676 6862 3681 6863 3671 6863 3675 6863 3677 6864 3682 6864 3683 6864 3682 6865 3677 6865 3676 6865 3676 6866 3684 6866 3682 6866 3684 6867 3676 6867 3685 6867 3676 6868 3686 6868 3685 6868 3686 6869 3676 6869 3681 6869 3687 6870 3679 6870 3677 6870 3683 6871 3688 6871 3689 6871 3688 6872 3683 6872 3682 6872 3690 6873 3691 6873 3689 6873 3692 6874 3689 6874 3691 6874 3689 6875 3692 6875 3677 6875 3677 6876 3692 6876 3687 6876 3693 6877 3690 6877 3689 6877 3689 6878 3694 6878 3693 6878 3694 6879 3689 6879 3688 6879 3695 6880 3688 6880 3682 6880 3688 6881 3695 6881 3696 6881 3695 6882 3682 6882 3684 6882 3689 6883 3677 6883 3683 6883 3688 6884 3696 6884 3694 6884 3694 6885 3696 6885 3697 6885 3698 6886 3699 6886 3700 6886 3699 6887 3698 6887 3693 6887 3699 6888 3701 6888 3702 6888 3701 6889 3699 6889 3703 6889 3694 6890 3704 6890 3703 6890 3694 6891 3705 6891 3704 6891 3705 6892 3694 6892 3697 6892 3703 6893 3704 6893 3706 6893 3706 6894 3701 6894 3703 6894 3707 6895 3701 6895 3706 6895 3701 6896 3707 6896 3708 6896 3693 6897 3703 6897 3699 6897 3703 6898 3693 6898 3694 6898 3709 6899 3693 6899 3698 6899 3693 6900 3709 6900 3690 6900 3710 6901 3699 6901 3702 6901 3711 6902 3699 6902 3710 6902 3699 6903 3711 6903 3700 6903 3702 6904 3712 6904 3713 6904 3712 6905 3702 6905 3701 6905 3713 6906 3714 6906 3702 6906 3713 6907 3715 6907 3714 6907 3715 6908 3713 6908 3716 6908 3712 6909 3717 6909 3718 6909 3719 6910 3701 6910 3708 6910 3701 6911 3719 6911 3712 6911 3720 6912 3712 6912 3719 6912 3712 6913 3720 6913 3717 6913 3713 6914 3718 6914 3721 6914 3718 6915 3713 6915 3712 6915 3717 6916 3722 6916 3718 6916 3702 6917 3714 6917 3710 6917 3721 6918 3723 6918 3724 6918 3723 6919 3721 6919 3718 6919 3724 6920 3725 6920 3726 6920 3725 6921 3724 6921 3723 6921 3721 6922 3727 6922 3713 6922 3713 6923 3727 6923 3716 6923 3718 6924 3725 6924 3723 6924 3726 6925 3728 6925 3724 6925 3728 6926 3726 6926 3729 6926 3730 6927 3721 6927 3724 6927 3721 6928 3730 6928 3727 6928 3730 6929 3724 6929 3728 6929 3731 6930 3732 6930 3725 6930 3733 6931 3718 6931 3722 6931 3718 6932 3733 6932 3725 6932 3725 6933 3733 6933 3731 6933 3734 6934 3725 6934 3732 6934 3735 6935 3725 6935 3734 6935 3725 6936 3735 6936 3736 6936 3737 6937 3738 6937 3726 6937 3738 6938 3737 6938 3739 6938 3740 6939 3736 6939 3735 6939 3726 6940 3741 6940 3729 6940 3741 6941 3726 6941 3738 6941 3726 6942 3736 6942 3737 6942 3736 6943 3726 6943 3725 6943 3742 6944 3743 6944 3737 6944 3742 6945 3744 6945 3743 6945 3744 6946 3742 6946 3745 6946 3737 6947 3746 6947 3742 6947 3746 6948 3737 6948 3736 6948 3747 6949 3736 6949 3740 6949 3736 6950 3747 6950 3746 6950 3737 6951 3743 6951 3739 6951 3748 6952 3746 6952 3747 6952 3746 6953 3748 6953 3749 6953 3742 6954 3750 6954 3745 6954 3742 6955 3751 6955 3752 6955 3751 6956 3742 6956 3746 6956 3753 6957 3754 6957 3751 6957 3755 6958 3746 6958 3749 6958 3746 6959 3755 6959 3751 6959 3751 6960 3755 6960 3753 6960 3756 6961 3742 6961 3752 6961 3742 6962 3756 6962 3750 6962 3756 6963 3752 6963 3757 6963 3758 6964 3759 6964 3752 6964 3759 6965 3758 6965 3760 6965 3752 6966 3761 6966 3758 6966 3761 6967 3752 6967 3751 6967 3762 6968 3751 6968 3754 6968 3763 6969 3751 6969 3762 6969 3751 6970 3763 6970 3761 6970 3752 6971 3764 6971 3757 6971 3764 6972 3752 6972 3759 6972 3763 6973 3765 6973 3761 6973 3758 6974 3766 6974 3767 6974 3766 6975 3758 6975 3761 6975 3766 6976 3768 6976 3767 6976 3768 6977 3766 6977 3769 6977 3767 6978 3770 6978 3758 6978 3770 6979 3767 6979 3771 6979 3771 6980 3767 6980 3772 6980 3760 6981 3758 6981 3770 6981 3773 6982 3761 6982 3765 6982 3761 6983 3773 6983 3766 6983 3774 6984 3766 6984 3775 6984 3766 6985 3774 6985 3769 6985 3776 6986 3766 6986 3773 6986 3766 6987 3776 6987 3775 6987 3767 6988 3777 6988 3772 6988 3768 6989 3778 6989 3779 6989 3778 6990 3768 6990 3769 6990 3779 6991 3780 6991 3781 6991 3767 6992 3782 6992 3777 6992 3779 6993 3782 6993 3767 6993 3782 6994 3779 6994 3781 6994 3783 6995 3780 6995 3779 6995 3778 6996 3783 6996 3779 6996 3783 6997 3778 6997 3784 6997 3785 6998 3769 6998 3774 6998 3778 6999 3785 6999 3786 6999 3785 7000 3778 7000 3769 7000 3768 7001 3779 7001 3767 7001 3778 7002 3786 7002 3784 7002 3786 7003 3787 7003 3784 7003 3788 7004 3789 7004 3790 7004 3791 7005 3789 7005 3788 7005 3789 7006 3791 7006 3792 7006 3783 7007 3789 7007 3793 7007 3789 7008 3783 7008 3784 7008 3793 7009 3794 7009 3783 7009 3794 7010 3793 7010 3795 7010 3789 7011 3796 7011 3793 7011 3796 7012 3789 7012 3792 7012 3797 7013 3784 7013 3787 7013 3798 7014 3784 7014 3797 7014 3784 7015 3798 7015 3789 7015 3798 7016 3790 7016 3789 7016 3783 7017 3799 7017 3780 7017 3799 7018 3783 7018 3794 7018 3793 7019 3800 7019 3795 7019 3796 7020 3800 7020 3793 7020 3800 7021 3796 7021 3801 7021 3802 7022 3792 7022 3791 7022 3792 7023 3802 7023 3803 7023 3804 7024 3805 7024 3796 7024 3805 7025 3804 7025 3806 7025 3806 7026 3804 7026 3807 7026 3803 7027 3808 7027 3804 7027 3808 7028 3803 7028 3809 7028 3810 7029 3803 7029 3802 7029 3803 7030 3810 7030 3811 7030 3803 7031 3811 7031 3809 7031 3812 7032 3809 7032 3811 7032 3796 7033 3805 7033 3801 7033 3796 7034 3803 7034 3804 7034 3803 7035 3796 7035 3792 7035 3813 7036 3814 7036 3815 7036 3814 7037 3813 7037 3816 7037 3808 7038 3817 7038 3804 7038 3804 7039 3817 7039 3807 7039 3809 7040 3816 7040 3813 7040 3814 7041 3818 7041 3815 7041 3818 7042 3814 7042 3819 7042 3808 7043 3820 7043 3817 7043 3815 7044 3820 7044 3808 7044 3820 7045 3815 7045 3818 7045 3821 7046 3816 7046 3822 7046 3823 7047 3809 7047 3812 7047 3816 7048 3823 7048 3822 7048 3823 7049 3816 7049 3809 7049 3808 7050 3813 7050 3815 7050 3813 7051 3808 7051 3809 7051 3824 7052 3816 7052 3821 7052 3825 7053 3816 7053 3824 7053 3816 7054 3825 7054 3826 7054 3827 7055 3828 7055 3814 7055 3828 7056 3827 7056 3829 7056 3830 7057 3826 7057 3825 7057 3814 7058 3831 7058 3819 7058 3831 7059 3814 7059 3828 7059 3814 7060 3826 7060 3827 7060 3826 7061 3814 7061 3816 7061 3832 7062 3833 7062 3827 7062 3833 7063 3832 7063 3834 7063 3834 7064 3832 7064 3835 7064 3827 7065 3836 7065 3832 7065 3836 7066 3827 7066 3826 7066 3837 7067 3826 7067 3830 7067 3826 7068 3837 7068 3836 7068 3827 7069 3833 7069 3829 7069 3838 7070 3836 7070 3837 7070 3836 7071 3838 7071 3839 7071 3835 7072 3832 7072 3840 7072 3841 7073 3832 7073 3836 7073 3832 7074 3841 7074 3842 7074 3843 7075 3841 7075 3844 7075 3845 7076 3836 7076 3839 7076 3841 7077 3845 7077 3844 7077 3845 7078 3841 7078 3836 7078 3832 7079 3846 7079 3840 7079 3842 7080 3846 7080 3832 7080 3846 7081 3842 7081 3847 7081 3848 7082 3849 7082 3842 7082 3849 7083 3848 7083 3850 7083 3851 7084 3842 7084 3841 7084 3842 7085 3851 7085 3848 7085 3852 7086 3841 7086 3843 7086 3853 7087 3841 7087 3852 7087 3841 7088 3853 7088 3851 7088 3854 7089 3842 7089 3849 7089 3842 7090 3854 7090 3847 7090 3855 7091 3851 7091 3853 7091 3856 7092 3848 7092 3851 7092 3848 7093 3856 7093 3857 7093 3857 7094 3858 7094 3848 7094 3858 7095 3857 7095 3859 7095 3859 7096 3857 7096 3860 7096 3850 7097 3848 7097 3858 7097 3861 7098 3851 7098 3855 7098 3851 7099 3861 7099 3856 7099 3862 7100 3857 7100 3856 7100 3857 7101 3862 7101 3863 7101 3864 7102 3856 7102 3865 7102 3856 7103 3864 7103 3862 7103 3866 7104 3856 7104 3861 7104 3856 7105 3866 7105 3865 7105 3860 7106 3857 7106 3867 7106 3868 7107 3863 7107 3862 7107 3863 7108 3868 7108 3869 7108 3870 7109 3869 7109 3871 7109 3857 7110 3872 7110 3867 7110 3869 7111 3872 7111 3857 7111 3872 7112 3869 7112 3870 7112 3873 7113 3871 7113 3869 7113 3874 7114 3869 7114 3868 7114 3869 7115 3874 7115 3873 7115 3875 7116 3862 7116 3864 7116 3868 7117 3875 7117 3876 7117 3875 7118 3868 7118 3862 7118 3863 7119 3869 7119 3857 7119 3868 7120 3876 7120 3874 7120 3877 7121 3874 7121 3876 7121 3878 7122 3879 7122 3880 7122 3881 7123 3879 7123 3878 7123 3879 7124 3881 7124 3882 7124 3882 7125 3873 7125 3874 7125 3873 7126 3882 7126 3883 7126 3883 7127 3884 7127 3873 7127 3884 7128 3883 7128 3885 7128 3881 7129 3883 7129 3882 7129 3883 7130 3881 7130 3886 7130 3887 7131 3874 7131 3877 7131 3888 7132 3874 7132 3887 7132 3874 7133 3888 7133 3882 7133 3879 7134 3882 7134 3888 7134 3889 7135 3873 7135 3884 7135 3873 7136 3889 7136 3871 7136 3885 7137 3890 7137 3891 7137 3883 7138 3890 7138 3885 7138 3890 7139 3883 7139 3886 7139 3881 7140 3892 7140 3893 7140 3892 7141 3881 7141 3878 7141 3894 7142 3895 7142 3896 7142 3897 7143 3895 7143 3894 7143 3895 7144 3897 7144 3886 7144 3898 7145 3895 7145 3893 7145 3895 7146 3898 7146 3899 7146 3900 7147 3893 7147 3892 7147 3893 7148 3900 7148 3901 7148 3893 7149 3901 7149 3898 7149 3902 7150 3898 7150 3901 7150 3890 7151 3886 7151 3897 7151 3893 7152 3886 7152 3881 7152 3886 7153 3893 7153 3895 7153 3903 7154 3899 7154 3898 7154 3899 7155 3903 7155 3904 7155 3905 7156 3904 7156 3903 7156 3904 7157 3905 7157 3906 7157 3899 7158 3907 7158 3895 7158 3896 7159 3895 7159 3907 7159 3903 7160 3898 7160 3905 7160 3908 7161 3906 7161 3909 7161 3906 7162 3908 7162 3904 7162 3910 7163 3904 7163 3908 7163 3899 7164 3910 7164 3907 7164 3910 7165 3899 7165 3904 7165 3911 7166 3905 7166 3912 7166 3905 7167 3913 7167 3912 7167 3898 7168 3913 7168 3905 7168 3913 7169 3898 7169 3902 7169 3905 7170 3914 7170 3915 7170 3914 7171 3905 7171 3916 7171 3916 7172 3905 7172 3911 7172 3917 7173 3918 7173 3919 7173 3918 7174 3917 7174 3906 7174 3920 7175 3915 7175 3914 7175 3921 7176 3906 7176 3917 7176 3906 7177 3921 7177 3909 7177 3915 7178 3906 7178 3905 7178 3906 7179 3915 7179 3918 7179 3922 7180 3923 7180 3924 7180 3925 7181 3923 7181 3922 7181 3923 7182 3925 7182 3918 7182 3926 7183 3918 7183 3915 7183 3918 7184 3926 7184 3923 7184 3915 7185 3927 7185 3926 7185 3927 7186 3915 7186 3920 7186 3919 7187 3918 7187 3925 7187 3928 7188 3926 7188 3927 7188 3926 7189 3928 7189 3929 7189 3924 7190 3923 7190 3930 7190 3931 7191 3923 7191 3926 7191 3923 7192 3931 7192 3932 7192 3933 7193 3931 7193 3934 7193 3931 7194 3935 7194 3934 7194 3926 7195 3935 7195 3931 7195 3935 7196 3926 7196 3929 7196 3936 7197 3932 7197 3937 7197 3923 7198 3936 7198 3930 7198 3936 7199 3923 7199 3932 7199 3938 7200 3939 7200 3940 7200 3939 7201 3938 7201 3932 7201 3932 7202 3941 7202 3939 7202 3941 7203 3932 7203 3931 7203 3931 7204 3942 7204 3941 7204 3942 7205 3931 7205 3943 7205 3943 7206 3931 7206 3933 7206 3944 7207 3932 7207 3938 7207 3932 7208 3944 7208 3937 7208 3941 7209 3942 7209 3945 7209 3939 7210 3946 7210 3947 7210 3946 7211 3939 7211 3941 7211 3948 7212 3947 7212 3949 7212 3950 7213 3947 7213 3948 7213 3947 7214 3950 7214 3939 7214 3940 7215 3939 7215 3950 7215 3941 7216 3951 7216 3946 7216 3951 7217 3941 7217 3945 7217 3946 7218 3952 7218 3947 7218 3952 7219 3946 7219 3953 7219 3946 7220 3954 7220 3953 7220 3954 7221 3946 7221 3955 7221 3946 7222 3956 7222 3955 7222 3956 7223 3946 7223 3951 7223 3949 7224 3947 7224 3957 7224 3958 7225 3959 7225 3960 7225 3961 7226 3959 7226 3958 7226 3947 7227 3961 7227 3957 7227 3961 7228 3947 7228 3959 7228 3962 7229 3960 7229 3959 7229 3963 7230 3962 7230 3959 7230 3962 7231 3963 7231 3964 7231 3963 7232 3965 7232 3966 7232 3953 7233 3965 7233 3963 7233 3965 7234 3953 7234 3954 7234 3959 7235 3947 7235 3952 7235 3963 7236 3966 7236 3964 7236 3964 7237 3966 7237 3967 7237 3952 7238 3963 7238 3959 7238 3963 7239 3952 7239 3953 7239 3968 7240 3969 7240 3970 7240 3971 7241 3969 7241 3968 7241 3969 7242 3971 7242 3972 7242 3973 7243 3974 7243 3975 7243 3974 7244 3973 7244 3962 7244 3971 7245 3976 7245 3974 7245 3976 7246 3971 7246 3968 7246 3964 7247 3977 7247 3971 7247 3977 7248 3964 7248 3978 7248 3978 7249 3964 7249 3967 7249 3971 7250 3977 7250 3972 7250 3962 7251 3971 7251 3974 7251 3971 7252 3962 7252 3964 7252 3979 7253 3962 7253 3973 7253 3962 7254 3979 7254 3960 7254 3980 7255 3976 7255 3981 7255 3975 7256 3976 7256 3980 7256 3976 7257 3975 7257 3974 7257 3968 7258 3982 7258 3983 7258 3982 7259 3968 7259 3970 7259 3984 7260 3985 7260 3986 7260 3987 7261 3985 7261 3984 7261 3985 7262 3987 7262 3976 7262 3983 7263 3988 7263 3989 7263 3988 7264 3983 7264 3982 7264 3983 7265 3989 7265 3990 7265 3983 7266 3991 7266 3985 7266 3991 7267 3983 7267 3990 7267 3990 7268 3989 7268 3992 7268 3981 7269 3976 7269 3987 7269 3976 7270 3983 7270 3985 7270 3983 7271 3976 7271 3968 7271 3991 7272 3993 7272 3994 7272 3993 7273 3991 7273 3990 7273 3993 7274 3995 7274 3994 7274 3995 7275 3993 7275 3996 7275 3991 7276 3997 7276 3985 7276 3997 7277 3986 7277 3985 7277 3993 7278 3990 7278 3996 7278 3998 7279 3995 7279 3999 7279 3995 7280 3998 7280 3994 7280 4000 7281 3994 7281 3998 7281 3991 7282 4000 7282 3997 7282 4000 7283 3991 7283 3994 7283 3996 7284 4001 7284 4002 7284 3996 7285 4003 7285 4001 7285 3990 7286 4003 7286 3996 7286 4003 7287 3990 7287 3992 7287 3996 7288 4004 7288 4005 7288 4004 7289 3996 7289 4006 7289 4006 7290 3996 7290 4002 7290 4007 7291 4008 7291 4009 7291 4008 7292 4007 7292 3995 7292 4010 7293 4005 7293 4004 7293 4011 7294 3995 7294 4007 7294 3995 7295 4011 7295 3999 7295 3995 7296 4005 7296 4008 7296 4005 7297 3995 7297 3996 7297 4012 7298 4013 7298 4014 7298 4015 7299 4013 7299 4012 7299 4013 7300 4015 7300 4008 7300 4008 7301 4016 7301 4013 7301 4016 7302 4008 7302 4005 7302 4005 7303 4017 7303 4016 7303 4017 7304 4005 7304 4010 7304 4015 7305 4009 7305 4008 7305 4016 7306 4018 7306 4019 7306 4018 7307 4016 7307 4017 7307 4020 7308 4014 7308 4013 7308 4013 7309 4021 7309 4022 7309 4021 7310 4013 7310 4016 7310 4021 7311 4023 7311 4024 7311 4025 7312 4021 7312 4016 7312 4021 7313 4025 7313 4023 7313 4025 7314 4016 7314 4019 7314 4026 7315 4022 7315 4027 7315 4022 7316 4026 7316 4013 7316 4013 7317 4026 7317 4020 7317 4028 7318 4029 7318 4030 7318 4029 7319 4028 7319 4022 7319 4022 7320 4031 7320 4029 7320 4031 7321 4022 7321 4021 7321 4021 7322 4032 7322 4031 7322 4021 7323 4033 7323 4032 7323 4033 7324 4021 7324 4024 7324 4034 7325 4022 7325 4028 7325 4022 7326 4034 7326 4027 7326 4031 7327 4032 7327 4035 7327 4029 7328 4036 7328 4037 7328 4036 7329 4029 7329 4031 7329 4038 7330 4037 7330 4039 7330 4040 7331 4037 7331 4038 7331 4037 7332 4040 7332 4029 7332 2000 7333 4041 7333 2001 7333 4041 7334 2000 7334 4042 7334 4030 7335 4029 7335 4040 7335 2000 7336 1997 7336 4042 7336 4031 7337 4043 7337 4036 7337 4043 7338 4031 7338 4035 7338 4037 7339 4044 7339 4045 7339 4044 7340 4037 7340 4036 7340 4036 7341 4046 7341 4044 7341 4046 7342 4036 7342 4047 7342 4036 7343 4048 7343 4047 7343 4048 7344 4036 7344 4043 7344 4049 7345 4039 7345 4037 7345 1998 7346 4050 7346 2031 7346 1998 7347 4041 7347 4050 7347 4041 7348 1998 7348 2001 7348 4045 7349 4051 7349 4052 7349 4051 7350 4045 7350 4044 7350 4053 7351 4054 7351 4052 7351 2033 7352 4055 7352 2032 7352 4055 7353 2033 7353 4056 7353 4057 7354 4052 7354 4054 7354 4052 7355 4057 7355 4037 7355 4037 7356 4057 7356 4049 7356 2031 7357 4056 7357 2033 7357 4056 7358 2031 7358 4050 7358 4058 7359 4053 7359 4052 7359 4052 7360 4059 7360 4058 7360 4059 7361 4052 7361 4051 7361 4060 7362 4051 7362 4044 7362 4051 7363 4060 7363 4061 7363 4060 7364 4044 7364 4046 7364 4052 7365 4037 7365 4045 7365 4051 7366 4061 7366 4059 7366 4059 7367 4061 7367 4062 7367 4063 7368 4064 7368 4065 7368 4064 7369 4063 7369 4066 7369 4067 7370 1948 7370 1950 7370 4068 7371 4069 7371 4070 7371 4069 7372 4068 7372 4058 7372 1985 7373 4071 7373 1986 7373 4071 7374 1985 7374 4072 7374 4069 7375 4063 7375 4065 7375 4063 7376 4069 7376 4073 7376 4059 7377 4074 7377 4073 7377 4059 7378 4075 7378 4074 7378 4075 7379 4059 7379 4062 7379 4073 7380 4074 7380 4076 7380 4076 7381 4063 7381 4073 7381 4077 7382 4063 7382 4076 7382 4063 7383 4077 7383 4066 7383 4058 7384 4073 7384 4069 7384 4073 7385 4058 7385 4059 7385 4078 7386 4058 7386 4068 7386 4058 7387 4078 7387 4053 7387 1987 7388 4072 7388 1985 7388 4072 7389 1987 7389 4055 7389 4055 7390 1987 7390 2032 7390 4064 7391 4069 7391 4065 7391 4079 7392 4069 7392 4064 7392 4069 7393 4079 7393 4070 7393 1950 7394 4071 7394 4067 7394 1949 7395 4071 7395 1950 7395 4071 7396 1949 7396 1986 7396 3987 7397 4080 7397 4081 7397 4080 7398 3987 7398 3984 7398 3981 7399 4081 7399 3980 7399 4081 7400 3981 7400 3987 7400 4082 7401 3325 7401 3327 7401 4083 7402 3325 7402 4082 7402 3325 7403 4083 7403 3304 7403 3609 7404 4084 7404 3610 7404 4085 7405 3610 7405 4084 7405 3610 7406 4085 7406 3622 7406 4086 7407 3622 7407 4085 7407 3622 7408 4086 7408 3628 7408 1867 7409 4087 7409 4088 7409 1866 7410 4087 7410 1867 7410 4087 7411 1866 7411 4089 7411 3621 7412 3970 7412 3969 7412 3970 7413 3627 7413 3624 7413 3621 7414 3969 7414 3620 7414 3970 7415 3621 7415 3627 7415 3982 7416 3624 7416 3988 7416 3624 7417 3982 7417 3970 7417 3223 7418 4090 7418 3224 7418 4091 7419 3223 7419 3324 7419 3223 7420 4091 7420 4090 7420 3360 7421 4092 7421 3373 7421 4093 7422 3360 7422 3355 7422 3360 7423 4093 7423 4092 7423 3358 7424 4093 7424 3355 7424 4093 7425 3358 7425 4094 7425 4095 7426 1832 7426 4096 7426 1831 7427 4095 7427 4097 7427 4095 7428 1831 7428 1832 7428 4098 7429 3727 7429 3730 7429 4098 7430 3716 7430 3727 7430 4099 7431 3716 7431 4098 7431 3716 7432 4099 7432 3715 7432 3733 7433 3367 7433 3370 7433 3722 7434 3367 7434 3733 7434 3354 7435 3722 7435 3717 7435 3722 7436 3354 7436 3367 7436 3720 7437 3354 7437 3717 7437 3354 7438 3720 7438 3353 7438 3119 7439 4091 7439 3324 7439 4100 7440 3119 7440 3118 7440 3119 7441 4100 7441 4091 7441 3357 7442 4094 7442 3358 7442 3357 7443 4101 7443 4094 7443 3346 7444 4101 7444 3357 7444 4102 7445 3346 7445 3345 7445 3346 7446 4102 7446 4101 7446 4103 7447 1831 7447 4097 7447 1829 7448 4103 7448 4104 7448 4103 7449 1829 7449 1831 7449 4066 7450 3715 7450 4099 7450 4066 7451 4099 7451 4064 7451 4105 7452 4064 7452 4099 7452 4064 7453 4105 7453 4079 7453 3715 7454 4066 7454 3714 7454 4066 7455 3710 7455 3714 7455 4077 7456 3710 7456 4066 7456 3710 7457 4077 7457 3711 7457 3719 7458 3353 7458 3720 7458 3719 7459 3352 7459 3353 7459 3708 7460 3352 7460 3719 7460 3708 7461 3361 7461 3352 7461 3707 7462 3361 7462 3708 7462 3361 7463 3707 7463 3362 7463 3257 7464 4106 7464 3256 7464 4090 7465 3257 7465 3224 7465 3257 7466 4090 7466 4106 7466 3372 7467 4107 7467 3374 7467 3372 7468 4108 7468 4107 7468 3371 7469 4108 7469 3372 7469 4092 7470 3371 7470 3373 7470 3371 7471 4092 7471 4108 7471 4109 7472 1834 7472 4110 7472 1832 7473 4109 7473 4096 7473 4109 7474 1832 7474 1834 7474 4111 7475 3729 7475 3741 7475 4111 7476 3728 7476 3729 7476 4098 7477 3728 7477 4111 7477 3728 7478 4098 7478 3730 7478 3732 7479 3381 7479 3734 7479 3732 7480 3369 7480 3381 7480 3732 7481 3368 7481 3369 7481 3731 7482 3368 7482 3732 7482 3370 7483 3731 7483 3733 7483 3731 7484 3370 7484 3368 7484 4112 7485 3004 7485 3290 7485 4113 7486 3004 7486 4112 7486 3004 7487 4113 7487 2418 7487 4114 7488 3430 7488 3438 7488 4115 7489 3437 7489 4116 7489 3437 7490 4115 7490 3438 7490 4114 7491 3438 7491 4115 7491 3430 7492 4114 7492 3428 7492 1842 7493 4117 7493 4118 7493 1843 7494 4117 7494 1842 7494 4117 7495 1843 7495 4119 7495 3794 7496 4120 7496 4121 7496 4120 7497 3794 7497 3795 7497 3794 7498 4121 7498 3799 7498 4120 7499 3795 7499 3800 7499 3798 7500 3434 7500 3435 7500 3434 7501 3797 7501 3439 7501 3435 7502 3790 7502 3798 7502 3434 7503 3798 7503 3797 7503 3790 7504 3435 7504 3788 7504 3788 7505 3435 7505 3440 7505 4122 7506 3937 7506 4123 7506 3937 7507 4122 7507 3936 7507 4123 7508 3937 7508 3944 7508 4124 7509 2811 7509 3237 7509 4125 7510 2811 7510 4124 7510 2811 7511 4125 7511 2809 7511 4126 7512 3574 7512 4127 7512 4127 7513 3574 7513 3575 7513 3574 7514 4126 7514 3573 7514 4128 7515 3573 7515 4126 7515 3573 7516 4128 7516 3583 7516 1873 7517 4129 7517 4130 7517 1872 7518 4129 7518 1873 7518 4129 7519 1872 7519 4131 7519 3576 7520 3934 7520 3935 7520 3934 7521 3576 7521 3577 7521 3577 7522 3933 7522 3934 7522 3584 7523 3933 7523 3577 7523 3933 7524 3584 7524 3943 7524 4132 7525 2817 7525 2816 7525 4133 7526 2817 7526 4132 7526 2817 7527 4133 7527 3255 7527 4134 7528 3518 7528 3520 7528 4135 7529 3518 7529 4134 7529 4135 7530 3532 7530 3518 7530 4136 7531 3532 7531 4135 7531 3532 7532 4136 7532 3540 7532 1855 7533 4137 7533 4138 7533 1878 7534 4137 7534 1855 7534 4137 7535 1878 7535 4139 7535 3890 7536 4140 7536 3891 7536 3897 7537 4140 7537 3890 7537 4141 7538 3897 7538 3894 7538 3897 7539 4141 7539 4140 7539 3530 7540 3880 7540 3531 7540 3530 7541 3878 7541 3880 7541 3537 7542 3878 7542 3530 7542 3537 7543 3892 7543 3878 7543 3534 7544 3892 7544 3537 7544 3892 7545 3534 7545 3900 7545 4142 7546 3031 7546 3221 7546 4143 7547 3031 7547 4142 7547 3031 7548 4143 7548 2974 7548 3478 7549 4144 7549 3479 7549 4144 7550 3478 7550 4145 7550 4146 7551 3479 7551 4144 7551 3479 7552 4146 7552 3485 7552 1848 7553 4147 7553 4148 7553 1849 7554 4147 7554 1848 7554 4147 7555 1849 7555 4149 7555 3835 7556 4150 7556 4151 7556 4150 7557 3835 7557 3840 7557 3835 7558 4151 7558 3834 7558 4150 7559 3840 7559 3846 7559 3475 7560 3839 7560 3838 7560 3839 7561 3475 7561 3480 7561 3475 7562 3838 7562 3474 7562 3480 7563 3845 7563 3839 7563 3845 7564 3480 7564 3486 7564 3227 7565 4152 7565 3293 7565 4153 7566 3227 7566 3226 7566 3227 7567 4153 7567 4152 7567 3389 7568 4154 7568 3395 7568 3389 7569 4155 7569 4154 7569 3388 7570 4155 7570 3389 7570 4155 7571 3388 7571 4156 7571 4157 7572 1837 7572 4158 7572 1836 7573 4157 7573 4159 7573 4157 7574 1836 7574 1837 7574 4160 7575 3750 7575 3756 7575 4160 7576 3745 7576 3750 7576 4161 7577 3745 7577 4160 7577 3745 7578 4161 7578 3744 7578 3755 7579 3390 7579 3396 7579 3749 7580 3390 7580 3755 7580 3749 7581 3385 7581 3390 7581 3748 7582 3385 7582 3749 7582 3385 7583 3748 7583 3384 7583 4105 7584 4070 7584 4079 7584 4105 7585 4068 7585 4070 7585 4162 7586 4068 7586 4105 7586 4068 7587 4162 7587 4078 7587 3138 7588 4100 7588 3118 7588 4163 7589 3138 7589 3137 7589 3138 7590 4163 7590 4100 7590 3706 7591 3362 7591 3707 7591 3706 7592 3347 7592 3362 7592 3704 7593 3347 7593 3706 7593 3705 7594 3347 7594 3704 7594 3342 7595 4102 7595 3345 7595 3347 7596 4164 7596 3342 7596 3342 7597 4164 7597 4102 7597 4165 7598 3347 7598 3705 7598 3347 7599 4165 7599 4164 7599 4166 7600 1829 7600 4104 7600 1856 7601 4166 7601 4167 7601 4166 7602 1856 7602 1829 7602 4076 7603 3711 7603 4077 7603 4076 7604 3700 7604 3711 7604 4074 7605 3700 7605 4076 7605 4074 7606 3698 7606 3700 7606 4075 7607 3698 7607 4074 7607 3698 7608 4075 7608 3709 7608 4168 7609 2391 7609 2393 7609 4169 7610 2391 7610 4168 7610 2391 7611 4169 7611 3128 7611 3128 7612 4169 7612 3127 7612 4170 7613 3405 7613 4171 7613 3405 7614 4170 7614 3413 7614 4172 7615 3413 7615 4170 7615 3413 7616 4172 7616 3416 7616 3416 7617 4172 7617 4173 7617 1839 7618 4174 7618 4175 7618 1840 7619 4174 7619 1839 7619 4174 7620 1840 7620 4176 7620 4176 7621 1840 7621 4177 7621 3770 7622 4178 7622 4179 7622 3770 7623 4179 7623 3760 7623 4178 7624 3770 7624 3771 7624 3765 7625 3400 7625 3410 7625 3773 7626 3411 7626 3776 7626 3411 7627 3773 7627 3765 7627 3765 7628 3410 7628 3411 7628 4180 7629 4040 7629 4038 7629 4181 7630 4040 7630 4180 7630 4040 7631 4181 7631 4030 7631 2993 7632 4182 7632 2991 7632 3253 7633 4182 7633 2993 7633 4183 7634 3253 7634 3254 7634 3253 7635 4183 7635 4182 7635 3686 7636 4184 7636 4185 7636 3681 7637 4184 7637 3686 7637 3681 7638 4186 7638 4184 7638 3675 7639 4186 7639 3681 7639 3675 7640 4187 7640 4186 7640 4188 7641 1858 7641 4189 7641 4190 7642 1858 7642 4188 7642 1859 7643 4190 7643 4191 7643 4190 7644 1859 7644 1858 7644 4043 7645 3678 7645 4048 7645 4043 7646 3680 7646 3678 7646 4035 7647 3680 7647 4043 7647 4035 7648 3670 7648 3680 7648 3949 7649 4192 7649 4193 7649 4192 7650 3949 7650 3957 7650 3949 7651 4193 7651 3948 7651 4192 7652 3957 7652 3961 7652 4194 7653 3239 7653 3299 7653 4195 7654 3239 7654 4194 7654 3239 7655 4195 7655 3240 7655 3596 7656 4196 7656 3595 7656 4196 7657 3596 7657 4197 7657 3595 7658 4196 7658 3594 7658 4198 7659 3594 7659 4196 7659 3594 7660 4198 7660 3605 7660 1870 7661 4199 7661 4200 7661 1869 7662 4199 7662 1870 7662 4199 7663 1869 7663 4201 7663 3589 7664 3954 7664 3955 7664 3589 7665 3955 7665 3956 7665 3954 7666 3589 7666 3597 7666 3589 7667 3956 7667 3588 7667 3597 7668 3965 7668 3954 7668 3965 7669 3597 7669 3601 7669 3140 7670 4153 7670 3226 7670 4202 7671 3140 7671 3141 7671 3140 7672 4202 7672 4153 7672 3387 7673 4156 7673 3388 7673 3387 7674 4203 7674 4156 7674 3380 7675 4203 7675 3387 7675 3380 7676 4204 7676 4203 7676 4205 7677 1836 7677 4159 7677 1835 7678 4205 7678 4206 7678 4205 7679 1835 7679 1836 7679 4161 7680 3743 7680 3744 7680 4207 7681 3743 7681 4161 7681 3743 7682 4207 7682 3739 7682 3747 7683 3384 7683 3748 7683 3747 7684 3383 7684 3384 7684 3740 7685 3383 7685 3747 7685 3740 7686 3379 7686 3383 7686 2983 7687 4202 7687 3141 7687 4106 7688 2983 7688 2982 7688 4106 7689 2982 7689 3256 7689 2983 7690 4106 7690 4202 7690 3375 7691 4204 7691 3380 7691 3375 7692 4208 7692 4204 7692 3374 7693 4208 7693 3375 7693 4208 7694 3374 7694 4209 7694 4209 7695 3374 7695 4107 7695 4210 7696 1835 7696 4206 7696 1834 7697 4210 7697 4211 7697 1834 7698 4211 7698 4110 7698 4210 7699 1834 7699 1835 7699 4207 7700 3738 7700 3739 7700 4111 7701 3738 7701 4207 7701 3738 7702 4111 7702 3741 7702 3735 7703 3379 7703 3740 7703 3735 7704 3378 7704 3379 7704 3734 7705 3378 7705 3735 7705 3378 7706 3734 7706 3381 7706 3925 7707 4212 7707 3919 7707 4213 7708 3925 7708 3922 7708 3925 7709 4213 7709 4212 7709 4214 7710 3249 7710 3309 7710 4215 7711 3249 7711 4214 7711 3249 7712 4215 7712 3247 7712 4216 7713 3560 7713 4217 7713 4216 7714 3567 7714 3560 7714 4218 7715 3567 7715 4216 7715 4218 7716 3568 7716 3567 7716 1875 7717 4219 7717 4220 7717 1874 7718 4219 7718 1875 7718 4219 7719 1874 7719 4221 7719 3565 7720 3920 7720 3559 7720 3565 7721 3927 7721 3920 7721 3562 7722 3927 7722 3565 7722 3927 7723 3562 7723 3928 7723 4222 7724 3133 7724 3335 7724 3133 7725 4222 7725 3130 7725 4223 7726 3130 7726 4222 7726 3130 7727 4223 7727 2588 7727 4224 7728 3644 7728 3646 7728 4225 7729 3646 7729 4226 7729 4224 7730 3646 7730 4225 7730 4227 7731 3644 7731 4224 7731 3644 7732 4227 7732 3650 7732 1864 7733 4228 7733 4229 7733 4228 7734 1864 7734 4230 7734 1863 7735 4230 7735 1864 7735 4230 7736 1863 7736 4231 7736 4007 7737 4232 7737 4233 7737 4232 7738 4007 7738 4009 7738 4007 7739 4233 7739 4011 7739 3647 7740 4004 7740 4006 7740 3649 7741 4010 7741 4004 7741 4004 7742 3647 7742 3649 7742 3647 7743 4006 7743 3651 7743 3884 7744 4234 7744 3889 7744 4140 7745 3884 7745 3885 7745 4140 7746 3885 7746 3891 7746 3884 7747 4140 7747 4234 7747 4235 7748 3142 7748 2416 7748 4132 7749 3142 7749 4235 7749 3142 7750 4132 7750 2816 7750 4236 7751 3527 7751 4237 7751 4236 7752 3528 7752 3527 7752 4134 7753 3528 7753 4236 7753 3528 7754 4134 7754 3519 7754 3519 7755 4134 7755 3520 7755 1854 7756 4238 7756 4239 7756 1855 7757 4238 7757 1854 7757 4238 7758 1855 7758 4138 7758 3524 7759 3887 7759 3529 7759 3524 7760 3888 7760 3887 7760 3525 7761 3888 7761 3524 7761 3525 7762 3879 7762 3888 7762 3531 7763 3879 7763 3525 7763 3879 7764 3531 7764 3880 7764 4067 7765 4105 7765 4099 7765 1931 7766 4099 7766 4098 7766 4071 7767 4105 7767 4067 7767 4072 7768 4105 7768 4071 7768 1929 7769 4098 7769 4111 7769 4099 7770 1931 7770 4067 7770 4067 7771 1931 7771 1948 7771 4098 7772 1929 7772 1931 7772 1963 7773 4111 7773 4207 7773 4111 7774 1963 7774 1929 7774 4207 7775 1964 7775 1963 7775 4161 7776 1964 7776 4207 7776 4161 7777 1927 7777 1964 7777 4160 7778 1927 7778 4161 7778 4160 7779 1925 7779 1927 7779 4240 7780 1925 7780 4160 7780 4240 7781 2005 7781 1925 7781 4179 7782 2005 7782 4240 7782 4179 7783 1995 7783 2005 7783 4178 7784 1995 7784 4179 7784 4178 7785 1991 7785 1995 7785 4241 7786 1991 7786 4178 7786 4241 7787 1992 7787 1991 7787 4121 7788 1992 7788 4241 7788 4121 7789 2021 7789 1992 7789 4120 7790 2021 7790 4121 7790 4120 7791 1967 7791 2021 7791 4120 7792 1965 7792 1967 7792 4242 7793 1965 7793 4120 7793 4242 7794 1951 7794 1965 7794 4243 7795 1951 7795 4242 7795 4243 7796 1937 7796 1951 7796 4244 7797 1937 7797 4243 7797 4244 7798 1938 7798 1937 7798 4245 7799 1938 7799 4244 7799 4245 7800 1975 7800 1938 7800 4151 7801 1975 7801 4245 7801 4151 7802 1976 7802 1975 7802 4150 7803 1976 7803 4151 7803 4150 7804 1942 7804 1976 7804 4246 7805 1942 7805 4150 7805 4246 7806 1943 7806 1942 7806 4247 7807 1943 7807 4246 7807 1943 7808 4247 7808 2017 7808 4248 7809 2017 7809 4247 7809 2017 7810 4248 7810 2015 7810 2015 7811 4249 7811 2034 7811 4249 7812 2015 7812 4248 7812 4105 7813 4072 7813 4162 7813 4055 7814 4162 7814 4072 7814 4056 7815 4162 7815 4055 7815 4162 7816 4056 7816 4250 7816 4050 7817 4250 7817 4056 7817 4041 7818 4250 7818 4050 7818 4250 7819 4041 7819 4180 7819 4042 7820 4180 7820 4041 7820 1997 7821 4180 7821 4042 7821 4180 7822 1997 7822 2003 7822 4180 7823 2003 7823 4181 7823 1983 7824 4181 7824 2003 7824 1983 7825 4251 7825 4181 7825 1971 7826 4251 7826 1983 7826 1971 7827 4252 7827 4251 7827 1973 7828 4252 7828 1971 7828 1973 7829 4253 7829 4252 7829 2023 7830 4253 7830 1973 7830 2023 7831 4232 7831 4253 7831 2026 7832 4232 7832 2023 7832 2026 7833 4233 7833 4232 7833 1989 7834 4233 7834 2026 7834 1989 7835 4254 7835 4233 7835 1934 7836 4254 7836 1989 7836 1934 7837 4080 7837 4254 7837 1933 7838 4080 7838 1934 7838 1979 7839 4080 7839 1933 7839 1979 7840 4081 7840 4080 7840 1922 7841 4081 7841 1979 7841 1922 7842 4255 7842 4081 7842 1921 7843 4255 7843 1922 7843 1921 7844 4192 7844 4255 7844 2019 7845 4192 7845 1921 7845 2019 7846 4193 7846 4192 7846 1958 7847 4193 7847 2019 7847 1958 7848 4256 7848 4193 7848 1955 7849 4256 7849 1958 7849 1955 7850 4123 7850 4256 7850 1954 7851 4123 7851 1955 7851 1954 7852 4122 7852 4123 7852 2036 7853 4122 7853 1954 7853 2036 7854 4213 7854 4122 7854 2029 7855 4213 7855 2036 7855 4212 7856 2029 7856 2006 7856 2029 7857 4212 7857 4213 7857 4257 7858 2006 7858 2008 7858 4258 7859 2008 7859 2010 7859 2006 7860 4257 7860 4212 7860 4141 7861 2010 7861 2012 7861 4234 7862 2034 7862 4249 7862 2034 7863 4234 7863 2012 7863 2008 7864 4258 7864 4257 7864 4140 7865 2012 7865 4234 7865 2010 7866 4141 7866 4258 7866 2012 7867 4140 7867 4141 7867 4259 7868 2814 7868 3002 7868 2814 7869 4259 7869 2815 7869 4260 7870 2815 7870 4259 7870 2815 7871 4260 7871 2969 7871 4261 7872 3465 7872 3464 7872 4262 7873 3464 7873 4263 7873 4261 7874 3464 7874 4262 7874 4264 7875 3465 7875 4261 7875 3465 7876 4264 7876 3470 7876 1846 7877 4265 7877 4266 7877 4265 7878 1846 7878 4267 7878 1847 7879 4267 7879 1846 7879 4267 7880 1847 7880 4268 7880 3828 7881 4245 7881 4244 7881 4245 7882 3828 7882 3829 7882 3828 7883 4244 7883 3831 7883 3468 7884 3825 7884 3824 7884 3469 7885 3830 7885 3825 7885 3825 7886 3468 7886 3469 7886 3468 7887 3824 7887 3471 7887 4241 7888 3781 7888 4121 7888 3781 7889 4241 7889 3782 7889 3780 7890 4121 7890 3781 7890 4121 7891 3780 7891 3799 7891 3220 7892 4269 7892 3291 7892 4112 7893 3291 7893 4269 7893 3291 7894 4112 7894 3290 7894 4270 7895 3426 7895 4271 7895 4271 7896 3426 7896 3425 7896 3426 7897 4270 7897 3427 7897 4116 7898 3427 7898 4270 7898 3427 7899 4116 7899 3437 7899 1841 7900 4272 7900 4273 7900 1842 7901 4272 7901 1841 7901 4272 7902 1842 7902 4118 7902 3422 7903 3786 7903 3785 7903 3786 7904 3422 7904 3421 7904 3421 7905 3787 7905 3786 7905 3420 7906 3787 7906 3421 7906 3439 7907 3787 7907 3420 7907 3787 7908 3439 7908 3797 7908 4143 7909 2470 7909 2974 7909 4274 7910 2470 7910 4143 7910 2470 7911 4274 7911 2263 7911 4146 7912 3484 7912 3485 7912 4275 7913 3484 7913 4146 7913 4275 7914 3483 7914 3484 7914 4276 7915 3483 7915 4275 7915 3483 7916 4276 7916 3492 7916 1849 7917 4277 7917 4149 7917 1850 7918 4277 7918 1849 7918 4277 7919 1850 7919 4278 7919 3847 7920 4150 7920 3846 7920 4246 7921 3847 7921 3854 7921 3847 7922 4246 7922 4150 7922 3486 7923 3844 7923 3845 7923 3487 7924 3844 7924 3486 7924 3487 7925 3843 7925 3844 7925 3494 7926 3843 7926 3487 7926 3843 7927 3494 7927 3852 7927 4250 7928 4049 7928 4057 7928 4250 7929 4039 7929 4049 7929 4180 7930 4039 7930 4250 7930 4039 7931 4180 7931 4038 7931 2992 7932 4279 7932 3252 7932 4182 7933 2992 7933 2991 7933 2992 7934 4182 7934 4279 7934 3684 7935 4280 7935 3695 7935 4281 7936 3684 7936 3685 7936 3684 7937 4281 7937 4280 7937 3686 7938 4281 7938 3685 7938 4281 7939 3686 7939 4185 7939 4282 7940 1857 7940 4283 7940 1858 7941 4282 7941 4189 7941 4282 7942 1858 7942 1857 7942 4060 7943 3687 7943 3692 7943 4046 7944 3687 7944 4060 7944 3679 7945 4046 7945 4047 7945 4046 7946 3679 7946 3687 7946 4048 7947 3679 7947 4047 7947 3679 7948 4048 7948 3678 7948 3870 7949 4249 7949 3872 7949 4234 7950 3870 7950 3871 7950 4234 7951 3871 7951 3889 7951 3870 7952 4234 7952 4249 7952 4284 7953 2084 7953 2083 7953 4235 7954 2084 7954 4284 7954 2084 7955 4235 7955 2416 7955 4285 7956 3516 7956 3515 7956 4286 7957 3516 7957 4285 7957 4286 7958 3517 7958 3516 7958 4237 7959 3517 7959 4286 7959 3517 7960 4237 7960 3527 7960 1853 7961 4287 7961 4288 7961 1854 7962 4287 7962 1853 7962 4287 7963 1854 7963 4239 7963 3512 7964 3876 7964 3875 7964 3510 7965 3876 7965 3512 7965 3877 7966 3510 7966 3511 7966 3510 7967 3877 7967 3876 7967 3529 7968 3877 7968 3511 7968 3877 7969 3529 7969 3887 7969 3950 7970 4193 7970 4256 7970 3950 7971 4256 7971 3940 7971 4193 7972 3950 7972 3948 7972 4289 7973 3311 7973 3146 7973 4194 7974 3311 7974 4289 7974 3311 7975 4194 7975 3300 7975 3300 7976 4194 7976 3299 7976 4290 7977 3585 7977 4291 7977 3585 7978 4290 7978 3591 7978 4292 7979 3591 7979 4290 7979 3591 7980 4292 7980 3596 7980 3596 7981 4292 7981 4197 7981 1871 7982 4293 7982 4294 7982 1870 7983 4293 7983 1871 7983 4293 7984 1870 7984 4295 7984 4295 7985 1870 7985 4200 7985 3945 7986 3580 7986 3590 7986 3951 7987 3588 7987 3956 7987 3588 7988 3951 7988 3945 7988 3945 7989 3590 7989 3588 7989 3833 7990 4151 7990 4245 7990 4151 7991 3833 7991 3834 7991 4245 7992 3829 7992 3833 7992 4260 7993 3162 7993 2969 7993 4142 7994 3162 7994 4260 7994 3162 7995 4142 7995 3221 7995 4296 7996 3470 7996 4264 7996 3470 7997 4296 7997 3477 7997 4145 7998 3477 7998 4296 7998 3477 7999 4145 7999 3478 7999 1847 8000 4297 8000 4268 8000 1848 8001 4297 8001 1847 8001 4297 8002 1848 8002 4148 8002 3830 8003 3473 8003 3474 8003 3830 8004 3469 8004 3473 8004 3837 8005 3474 8005 3838 8005 3474 8006 3837 8006 3830 8006 4014 8007 4252 8007 4253 8007 4252 8008 4014 8008 4020 8008 4014 8009 4253 8009 4012 8009 4252 8010 4020 8010 4026 8010 4298 8011 3306 8011 3246 8011 4299 8012 3306 8012 4298 8012 3306 8013 4299 8013 3305 8013 3658 8014 4300 8014 3659 8014 4300 8015 3658 8015 4301 8015 4302 8016 3659 8016 4300 8016 3659 8017 4302 8017 3665 8017 1862 8018 4303 8018 4304 8018 1861 8019 4303 8019 1862 8019 4303 8020 1861 8020 4305 8020 3654 8021 4019 8021 4018 8021 4019 8022 3654 8022 3660 8022 3654 8023 4018 8023 3652 8023 3660 8024 4025 8024 4019 8024 4025 8025 3660 8025 3666 8025 4243 8026 3818 8026 4244 8026 3818 8027 4243 8027 3820 8027 3819 8028 4244 8028 3818 8028 4244 8029 3819 8029 3831 8029 4306 8030 3003 8030 2978 8030 4259 8031 3003 8031 4306 8031 3003 8032 4259 8032 3002 8032 3463 8033 4307 8033 3462 8033 4308 8034 3462 8034 4307 8034 3462 8035 4308 8035 3461 8035 4263 8036 3461 8036 4308 8036 3461 8037 4263 8037 3464 8037 1845 8038 4309 8038 4310 8038 1846 8039 4309 8039 1845 8039 4309 8040 1846 8040 4266 8040 3460 8041 3822 8041 3823 8041 3822 8042 3460 8042 3458 8042 3458 8043 3821 8043 3822 8043 3459 8044 3821 8044 3458 8044 3471 8045 3821 8045 3459 8045 3821 8046 3471 8046 3824 8046 4181 8047 4028 8047 4030 8047 4251 8048 4028 8048 4181 8048 4028 8049 4251 8049 4034 8049 3114 8050 4183 8050 3254 8050 4311 8051 3114 8051 3116 8051 3114 8052 4311 8052 4183 8052 3672 8053 4187 8053 3675 8053 3672 8054 4312 8054 4187 8054 3673 8055 4312 8055 3672 8055 4312 8056 3673 8056 4313 8056 4314 8057 1859 8057 4191 8057 1860 8058 4314 8058 4315 8058 4314 8059 1860 8059 1859 8059 4032 8060 3670 8060 4035 8060 4032 8061 3668 8061 3670 8061 4033 8062 3668 8062 4032 8062 3668 8063 4033 8063 3674 8063 4015 8064 4253 8064 4232 8064 4253 8065 4015 8065 4012 8065 4232 8066 4009 8066 4015 8066 4223 8067 2587 8067 2588 8067 4298 8068 2587 8068 4223 8068 2587 8069 4298 8069 3246 8069 4316 8070 3650 8070 4227 8070 3650 8071 4316 8071 3657 8071 4301 8072 3657 8072 4316 8072 3657 8073 4301 8073 3658 8073 1863 8074 4317 8074 4231 8074 1862 8075 4317 8075 1863 8075 4317 8076 1862 8076 4304 8076 4010 8077 3655 8077 3652 8077 4010 8078 3649 8078 3655 8078 4017 8079 3652 8079 4018 8079 3652 8080 4017 8080 4010 8080 3251 8081 4311 8081 3116 8081 4299 8082 3251 8082 3305 8082 3251 8083 4299 8083 4311 8083 3664 8084 4313 8084 3673 8084 3664 8085 4318 8085 4313 8085 3663 8086 4318 8086 3664 8086 3665 8087 4318 8087 3663 8087 4318 8088 3665 8088 4302 8088 4319 8089 1860 8089 4315 8089 1861 8090 4319 8090 4305 8090 4319 8091 1861 8091 1860 8091 4251 8092 4027 8092 4034 8092 4252 8093 4027 8093 4251 8093 4027 8094 4252 8094 4026 8094 4024 8095 3674 8095 4033 8095 4024 8096 3667 8096 3674 8096 4023 8097 3667 8097 4024 8097 3666 8098 4023 8098 4025 8098 4023 8099 3666 8099 3667 8099 4162 8100 4053 8100 4078 8100 4162 8101 4054 8101 4053 8101 4250 8102 4054 8102 4162 8102 4054 8103 4250 8103 4057 8103 3134 8104 4163 8104 3137 8104 4279 8105 3134 8105 3252 8105 3134 8106 4279 8106 4163 8106 3697 8107 4165 8107 3705 8107 3697 8108 4320 8108 4165 8108 3696 8109 4320 8109 3697 8109 3695 8110 4320 8110 3696 8110 4320 8111 3695 8111 4280 8111 4321 8112 1856 8112 4167 8112 1857 8113 4321 8113 4283 8113 4321 8114 1857 8114 1856 8114 4062 8115 3709 8115 4075 8115 4062 8116 3690 8116 3709 8116 4062 8117 3691 8117 3690 8117 4061 8118 3691 8118 4062 8118 3692 8119 4061 8119 4060 8119 4061 8120 3692 8120 3691 8120 4113 8121 2419 8121 2418 8121 4322 8122 2419 8122 4113 8122 2419 8123 4322 8123 2976 8123 3428 8124 4114 8124 3431 8124 4323 8125 3431 8125 4114 8125 3431 8126 4323 8126 3442 8126 4324 8127 3442 8127 4323 8127 3442 8128 4324 8128 3450 8128 1843 8129 4325 8129 4119 8129 1844 8130 4325 8130 1843 8130 4325 8131 1844 8131 4326 8131 3805 8132 4242 8132 4120 8132 4242 8133 3805 8133 3806 8133 3801 8134 4120 8134 3800 8134 4120 8135 3801 8135 3805 8135 3441 8136 3791 8136 3788 8136 3791 8137 3445 8137 3446 8137 3441 8138 3788 8138 3440 8138 3791 8139 3441 8139 3445 8139 3802 8140 3446 8140 3810 8140 3446 8141 3802 8141 3791 8141 3917 8142 4257 8142 3921 8142 4212 8143 3917 8143 3919 8143 3917 8144 4212 8144 4257 8144 4327 8145 2970 8145 3132 8145 4327 8146 2971 8146 2970 8146 4214 8147 2971 8147 4327 8147 2971 8148 4214 8148 3309 8148 4328 8149 3556 8149 4329 8149 4330 8150 3556 8150 4328 8150 4330 8151 3554 8151 3556 8151 4217 8152 3554 8152 4330 8152 3554 8153 4217 8153 3560 8153 1876 8154 4331 8154 4332 8154 1876 8155 4333 8155 4331 8155 1875 8156 4333 8156 1876 8156 4333 8157 1875 8157 4220 8157 3557 8158 3916 8158 3561 8158 3557 8159 3914 8159 3916 8159 3559 8160 3914 8160 3557 8160 3559 8161 3920 8161 3914 8161 3858 8162 4247 8162 3850 8162 4248 8163 3858 8163 3859 8163 3858 8164 4248 8164 4247 8164 4334 8165 2405 8165 2265 8165 4335 8166 2405 8166 4334 8166 2405 8167 4335 8167 2601 8167 2601 8168 4335 8168 2616 8168 4336 8169 3495 8169 4337 8169 4336 8170 3501 8170 3495 8170 4338 8171 3501 8171 4336 8171 3506 8172 4338 8172 4339 8172 4338 8173 3506 8173 3501 8173 1851 8174 4340 8174 4341 8174 1852 8175 4340 8175 1851 8175 4340 8176 1852 8176 4342 8176 4342 8177 1852 8177 4343 8177 3498 8178 3855 8178 3490 8178 3498 8179 3861 8179 3855 8179 3499 8180 3861 8180 3498 8180 3861 8181 3499 8181 3866 8181 3759 8182 4179 8182 4240 8182 4179 8183 3759 8183 3760 8183 3759 8184 4240 8184 3764 8184 2979 8185 4344 8185 2789 8185 4168 8186 2789 8186 4344 8186 2789 8187 4168 8187 2393 8187 4171 8188 3405 8188 3403 8188 4345 8189 3402 8189 4346 8189 3402 8190 4345 8190 3403 8190 4171 8191 3403 8191 4345 8191 4347 8192 1838 8192 4348 8192 1839 8193 4348 8193 1838 8193 4348 8194 1839 8194 4175 8194 3763 8195 3399 8195 3400 8195 3399 8196 3762 8196 3404 8196 3400 8197 3765 8197 3763 8197 3399 8198 3763 8198 3762 8198 4133 8199 3245 8199 3255 8199 4349 8200 3245 8200 4133 8200 3245 8201 4349 8201 3001 8201 4350 8202 3540 8202 4136 8202 4350 8203 3541 8203 3540 8203 4350 8204 3542 8204 3541 8204 4351 8205 3542 8205 4350 8205 3542 8206 4351 8206 3553 8206 1878 8207 4352 8207 4139 8207 1877 8208 4352 8208 1878 8208 4352 8209 1877 8209 4353 8209 3896 8210 4141 8210 3894 8210 4258 8211 3896 8211 3907 8211 4258 8212 3907 8212 3910 8212 3896 8213 4258 8213 4141 8213 3536 8214 3900 8214 3534 8214 3536 8215 3901 8215 3900 8215 3536 8216 3902 8216 3901 8216 3547 8217 3902 8217 3536 8217 3913 8218 3547 8218 3550 8218 3547 8219 3913 8219 3902 8219 4354 8220 3336 8220 3230 8220 4222 8221 3336 8221 4354 8221 3336 8222 4222 8222 3335 8222 3643 8223 4355 8223 3641 8223 4356 8224 3641 8224 4355 8224 3641 8225 4356 8225 3642 8225 4226 8226 3642 8226 4356 8226 3642 8227 4226 8227 3646 8227 1865 8228 4357 8228 4358 8228 1864 8229 4357 8229 1865 8229 4357 8230 1864 8230 4229 8230 4254 8231 3998 8231 4233 8231 3998 8232 4254 8232 4000 8232 3999 8233 4233 8233 3998 8233 4233 8234 3999 8234 4011 8234 3640 8235 4001 8235 4003 8235 4001 8236 3640 8236 3638 8236 3638 8237 4002 8237 4001 8237 3639 8238 4002 8238 3638 8238 3651 8239 4002 8239 3639 8239 4002 8240 3651 8240 4006 8240 1947 8241 4100 8241 4163 8241 1984 8242 4163 8242 4279 8242 4100 8243 1947 8243 4091 8243 1999 8244 4279 8244 4182 8244 1928 8245 4091 8245 1947 8245 4091 8246 1928 8246 4090 8246 4163 8247 1984 8247 1947 8247 4279 8248 1999 8248 1984 8248 2002 8249 4182 8249 4183 8249 4182 8250 2002 8250 1999 8250 4183 8251 1982 8251 2002 8251 4311 8252 1982 8252 4183 8252 4311 8253 1972 8253 1982 8253 4299 8254 1972 8254 4311 8254 4299 8255 1970 8255 1972 8255 4298 8256 1970 8256 4299 8256 4298 8257 2024 8257 1970 8257 4223 8258 2024 8258 4298 8258 4223 8259 2027 8259 2024 8259 4222 8260 2027 8260 4223 8260 4222 8261 1988 8261 2027 8261 4354 8262 1988 8262 4222 8262 4354 8263 1932 8263 1988 8263 4083 8264 1932 8264 4354 8264 4083 8265 1935 8265 1932 8265 4082 8266 1935 8266 4083 8266 4082 8267 1980 8267 1935 8267 4082 8268 1920 8268 1980 8268 4359 8269 1920 8269 4082 8269 4359 8270 1923 8270 1920 8270 4195 8271 1923 8271 4359 8271 4195 8272 2020 8272 1923 8272 4194 8273 2020 8273 4195 8273 4194 8274 1959 8274 2020 8274 4289 8275 1959 8275 4194 8275 4289 8276 1953 8276 1959 8276 4125 8277 1953 8277 4289 8277 4125 8278 1956 8278 1953 8278 4124 8279 1956 8279 4125 8279 4124 8280 2037 8280 1956 8280 4215 8281 2037 8281 4124 8281 4215 8282 2030 8282 2037 8282 4214 8283 2030 8283 4215 8283 2030 8284 4214 8284 2009 8284 4327 8285 2009 8285 4214 8285 2009 8286 4327 8286 2007 8286 2007 8287 4349 8287 2013 8287 4349 8288 2007 8288 4327 8288 1930 8289 4090 8289 1928 8289 4090 8290 1930 8290 4106 8290 1960 8291 4106 8291 1930 8291 4106 8292 1960 8292 4202 8292 1962 8293 4202 8293 1960 8293 1962 8294 4153 8294 4202 8294 1924 8295 4153 8295 1962 8295 1924 8296 4152 8296 4153 8296 1926 8297 4152 8297 1924 8297 1926 8298 4344 8298 4152 8298 2004 8299 4344 8299 1926 8299 2004 8300 4168 8300 4344 8300 1996 8301 4168 8301 2004 8301 1996 8302 4169 8302 4168 8302 1993 8303 4169 8303 1996 8303 1993 8304 4269 8304 4169 8304 1990 8305 4269 8305 1993 8305 1990 8306 4112 8306 4269 8306 2022 8307 4112 8307 1990 8307 1969 8308 4112 8308 2022 8308 1969 8309 4113 8309 4112 8309 1968 8310 4113 8310 1969 8310 1968 8311 4322 8311 4113 8311 1952 8312 4322 8312 1968 8312 1952 8313 4306 8313 4322 8313 1939 8314 4306 8314 1952 8314 1939 8315 4259 8315 4306 8315 1940 8316 4259 8316 1939 8316 1940 8317 4260 8317 4259 8317 1977 8318 4260 8318 1940 8318 1977 8319 4142 8319 4260 8319 1974 8320 4142 8320 1977 8320 1974 8321 4143 8321 4142 8321 1944 8322 4143 8322 1974 8322 1944 8323 4274 8323 4143 8323 1945 8324 4274 8324 1944 8324 4334 8325 1945 8325 2016 8325 1945 8326 4334 8326 4274 8326 4335 8327 2016 8327 2018 8327 4284 8328 2018 8328 2035 8328 2016 8329 4335 8329 4334 8329 4235 8330 2035 8330 2014 8330 4133 8331 2013 8331 4349 8331 2013 8332 4133 8332 2014 8332 2018 8333 4284 8333 4335 8333 4132 8334 2014 8334 4133 8334 2035 8335 4235 8335 4284 8335 2014 8336 4132 8336 4235 8336 4152 8337 2980 8337 3293 8337 4344 8338 2980 8338 4152 8338 2980 8339 4344 8339 2979 8339 4360 8340 3393 8340 4154 8340 4154 8341 3393 8341 3395 8341 3393 8342 4360 8342 3394 8342 4346 8343 3394 8343 4360 8343 3394 8344 4346 8344 3402 8344 1837 8345 4361 8345 4158 8345 1838 8346 4361 8346 1837 8346 4361 8347 1838 8347 4347 8347 4160 8348 3757 8348 4240 8348 3757 8349 4160 8349 3756 8349 4240 8350 3757 8350 3764 8350 3396 8351 3753 8351 3755 8351 3753 8352 3396 8352 3397 8352 3397 8353 3754 8353 3753 8353 3404 8354 3754 8354 3397 8354 3754 8355 3404 8355 3762 8355 3304 8356 4083 8356 3232 8356 4354 8357 3232 8357 4083 8357 3232 8358 4354 8358 3230 8358 3628 8359 4362 8359 3629 8359 4362 8360 3628 8360 4086 8360 3629 8361 4362 8361 3632 8361 4355 8362 3632 8362 4362 8362 3632 8363 4355 8363 3643 8363 1866 8364 4363 8364 4089 8364 1865 8365 4363 8365 1866 8365 4363 8366 1865 8366 4358 8366 3986 8367 4254 8367 4080 8367 4254 8368 3986 8368 3997 8368 3986 8369 4080 8369 3984 8369 4254 8370 3997 8370 4000 8370 3626 8371 3992 8371 3989 8371 3626 8372 3989 8372 3988 8372 3992 8373 3626 8373 3637 8373 3626 8374 3988 8374 3624 8374 3637 8375 4003 8375 3992 8375 4003 8376 3637 8376 3640 8376 3860 8377 4248 8377 3859 8377 4249 8378 3860 8378 3867 8378 4249 8379 3867 8379 3872 8379 3860 8380 4249 8380 4248 8380 4335 8381 2259 8381 2616 8381 4284 8382 2259 8382 4335 8382 2259 8383 4284 8383 2083 8383 4364 8384 3506 8384 4339 8384 4364 8385 3505 8385 3506 8385 4364 8386 3504 8386 3505 8386 4285 8387 3504 8387 4364 8387 3504 8388 4285 8388 3515 8388 1852 8389 4365 8389 4343 8389 1853 8390 4365 8390 1852 8390 4365 8391 1853 8391 4288 8391 3500 8392 3866 8392 3499 8392 3500 8393 3865 8393 3866 8393 3500 8394 3864 8394 3865 8394 3507 8395 3864 8395 3500 8395 3875 8396 3507 8396 3512 8396 3507 8397 3875 8397 3864 8397 3807 8398 4243 8398 4242 8398 4243 8399 3807 8399 3817 8399 3807 8400 4242 8400 3806 8400 4243 8401 3817 8401 3820 8401 2976 8402 4322 8402 2975 8402 4306 8403 2975 8403 4322 8403 2975 8404 4306 8404 2978 8404 3450 8405 4366 8405 3451 8405 4366 8406 3450 8406 4324 8406 3451 8407 4366 8407 3452 8407 4307 8408 3452 8408 4366 8408 3452 8409 4307 8409 3463 8409 1844 8410 4367 8410 4326 8410 1845 8411 4367 8411 1844 8411 4367 8412 1845 8412 4310 8412 3447 8413 3812 8413 3811 8413 3447 8414 3811 8414 3810 8414 3812 8415 3447 8415 3457 8415 3447 8416 3810 8416 3446 8416 3457 8417 3823 8417 3812 8417 3823 8418 3457 8418 3460 8418 3973 8419 4081 8419 4255 8419 4081 8420 3973 8420 3975 8420 3973 8421 4255 8421 3979 8421 4081 8422 3975 8422 3980 8422 4359 8423 3337 8423 3340 8423 4082 8424 3337 8424 4359 8424 3337 8425 4082 8425 3327 8425 4084 8426 3612 8426 3617 8426 4368 8427 3618 8427 4369 8427 3618 8428 4368 8428 3617 8428 4084 8429 3617 8429 4368 8429 3612 8430 4084 8430 3609 8430 1868 8431 4370 8431 4371 8431 1867 8432 4370 8432 1868 8432 4370 8433 1867 8433 4088 8433 3977 8434 3613 8434 3615 8434 3613 8435 3978 8435 3619 8435 3615 8436 3972 8436 3977 8436 3613 8437 3977 8437 3978 8437 3972 8438 3615 8438 3969 8438 3969 8439 3615 8439 3620 8439 4349 8440 3000 8440 3001 8440 4327 8441 3000 8441 4349 8441 3000 8442 4327 8442 3132 8442 4351 8443 3552 8443 3553 8443 4372 8444 3552 8444 4351 8444 4372 8445 3551 8445 3552 8445 4329 8446 3551 8446 4372 8446 3551 8447 4329 8447 3556 8447 1877 8448 4373 8448 4353 8448 1876 8449 4373 8449 1877 8449 4373 8450 1876 8450 4332 8450 3908 8451 4258 8451 3910 8451 4257 8452 3908 8452 3909 8452 4257 8453 3909 8453 3921 8453 3908 8454 4257 8454 4258 8454 3550 8455 3912 8455 3913 8455 3548 8456 3912 8456 3550 8456 3911 8457 3548 8457 3549 8457 3548 8458 3911 8458 3912 8458 3561 8459 3911 8459 3549 8459 3911 8460 3561 8460 3916 8460 3924 8461 4213 8461 3922 8461 4122 8462 3924 8462 3930 8462 4122 8463 3930 8463 3936 8463 3924 8464 4122 8464 4213 8464 4215 8465 3301 8465 3247 8465 4124 8466 3301 8466 4215 8466 3301 8467 4124 8467 3237 8467 4374 8468 3568 8468 4218 8468 4374 8469 3569 8469 3568 8469 4127 8470 3569 8470 4374 8470 3569 8471 4127 8471 3575 8471 1874 8472 4375 8472 4221 8472 1873 8473 4375 8473 1874 8473 4375 8474 1873 8474 4130 8474 3564 8475 3928 8475 3562 8475 3564 8476 3929 8476 3928 8476 3570 8477 3929 8477 3564 8477 3935 8478 3570 8478 3576 8478 3570 8479 3935 8479 3929 8479 3240 8480 4195 8480 3308 8480 4359 8481 3308 8481 4195 8481 3308 8482 4359 8482 3340 8482 4376 8483 3606 8483 4198 8483 4198 8484 3606 8484 3605 8484 3606 8485 4376 8485 3607 8485 4369 8486 3607 8486 4376 8486 3607 8487 4369 8487 3618 8487 1869 8488 4377 8488 4201 8488 1868 8489 4377 8489 1869 8489 4377 8490 1868 8490 4371 8490 4192 8491 3958 8491 4255 8491 3958 8492 4192 8492 3961 8492 3960 8493 4255 8493 3958 8493 4255 8494 3960 8494 3979 8494 3601 8495 3966 8495 3965 8495 3966 8496 3601 8496 3598 8496 3598 8497 3967 8497 3966 8497 3600 8498 3967 8498 3598 8498 3619 8499 3967 8499 3600 8499 3967 8500 3619 8500 3978 8500 2809 8501 4125 8501 3145 8501 4289 8502 3145 8502 4125 8502 3145 8503 4289 8503 3146 8503 4291 8504 3585 8504 3582 8504 4378 8505 3583 8505 4128 8505 3583 8506 4378 8506 3582 8506 4291 8507 3582 8507 4378 8507 4131 8508 1872 8508 4379 8508 1871 8509 4379 8509 1872 8509 4379 8510 1871 8510 4294 8510 3938 8511 4256 8511 4123 8511 4256 8512 3938 8512 3940 8512 3938 8513 4123 8513 3944 8513 3942 8514 3578 8514 3580 8514 3578 8515 3943 8515 3584 8515 3580 8516 3945 8516 3942 8516 3578 8517 3942 8517 3943 8517 3772 8518 4241 8518 4178 8518 4241 8519 3772 8519 3777 8519 3772 8520 4178 8520 3771 8520 4241 8521 3777 8521 3782 8521 4169 8522 3129 8522 3127 8522 4269 8523 3129 8523 4169 8523 3129 8524 4269 8524 3220 8524 3416 8525 4380 8525 3415 8525 4380 8526 3416 8526 4173 8526 3415 8527 4380 8527 3414 8527 4271 8528 3414 8528 4380 8528 3414 8529 4271 8529 3425 8529 1840 8530 4381 8530 4177 8530 1841 8531 4381 8531 1840 8531 4381 8532 1841 8532 4273 8532 3412 8533 3774 8533 3775 8533 3412 8534 3775 8534 3776 8534 3774 8535 3412 8535 3417 8535 3412 8536 3776 8536 3411 8536 3417 8537 3785 8537 3774 8537 3785 8538 3417 8538 3422 8538 3849 8539 4246 8539 3854 8539 4247 8540 3849 8540 3850 8540 3849 8541 4247 8541 4246 8541 4274 8542 2264 8542 2263 8542 4334 8543 2264 8543 4274 8543 2264 8544 4334 8544 2265 8544 4382 8545 3492 8545 4276 8545 4382 8546 3493 8546 3492 8546 4337 8547 3493 8547 4382 8547 3493 8548 4337 8548 3495 8548 1850 8549 4383 8549 4278 8549 1851 8550 4383 8550 1850 8550 4383 8551 1851 8551 4341 8551 3489 8552 3852 8552 3494 8552 3489 8553 3853 8553 3852 8553 3490 8554 3853 8554 3489 8554 3490 8555 3855 8555 3853 8555 4384 8556 4385 8556 4386 8556 4385 8557 4387 8557 4386 8557 4388 8558 4389 8558 4384 8558 4389 8559 4385 8559 4384 8559 4390 8560 4391 8560 4388 8560 4391 8561 4389 8561 4388 8561 4392 8562 4393 8562 4390 8562 4393 8563 4391 8563 4390 8563 4394 8564 4395 8564 4392 8564 4395 8565 4393 8565 4392 8565 4396 8566 4397 8566 4394 8566 4397 8567 4395 8567 4394 8567 4398 8568 4399 8568 4396 8568 4399 8569 4397 8569 4396 8569 4400 8570 4401 8570 4398 8570 4401 8571 4399 8571 4398 8571 4402 8572 4403 8572 4400 8572 4403 8573 4401 8573 4400 8573 4404 8574 4405 8574 4402 8574 4405 8575 4403 8575 4402 8575 4406 8576 4407 8576 4404 8576 4407 8577 4405 8577 4404 8577 4408 8578 4409 8578 4406 8578 4409 8579 4407 8579 4406 8579 4410 8580 4411 8580 4408 8580 4411 8581 4409 8581 4408 8581 4134 8582 4236 8582 4410 8582 4411 8583 4236 8583 4237 8583 4236 8584 4411 8584 4410 8584 4412 8585 4238 8585 4138 8585 4238 8586 4412 8586 4413 8586 4413 8587 4239 8587 4238 8587 4414 8588 4412 8588 4415 8588 4413 8589 4412 8589 4414 8589 4416 8590 4415 8590 4417 8590 4414 8591 4415 8591 4416 8591 4418 8592 4417 8592 4419 8592 4416 8593 4417 8593 4418 8593 4420 8594 4419 8594 4421 8594 4418 8595 4419 8595 4420 8595 4422 8596 4421 8596 4423 8596 4420 8597 4421 8597 4422 8597 4424 8598 4423 8598 4425 8598 4422 8599 4423 8599 4424 8599 4426 8600 4425 8600 4427 8600 4424 8601 4425 8601 4426 8601 4428 8602 4427 8602 4429 8602 4428 8603 4426 8603 4427 8603 4430 8604 4429 8604 4431 8604 4430 8605 4428 8605 4429 8605 4432 8606 4431 8606 4433 8606 4432 8607 4430 8607 4431 8607 4434 8608 4433 8608 4435 8608 4434 8609 4432 8609 4433 8609 4436 8610 4435 8610 4437 8610 4436 8611 4434 8611 4435 8611 4387 8612 4437 8612 4386 8612 4387 8613 4436 8613 4437 8613 4385 8614 4438 8614 4387 8614 4438 8615 4439 8615 4387 8615 4389 8616 4440 8616 4385 8616 4440 8617 4438 8617 4385 8617 4391 8618 4441 8618 4389 8618 4441 8619 4440 8619 4389 8619 4393 8620 4442 8620 4391 8620 4442 8621 4441 8621 4391 8621 4395 8622 4443 8622 4393 8622 4443 8623 4442 8623 4393 8623 4397 8624 4444 8624 4395 8624 4444 8625 4443 8625 4395 8625 4399 8626 4445 8626 4397 8626 4445 8627 4444 8627 4397 8627 4401 8628 4446 8628 4399 8628 4446 8629 4445 8629 4399 8629 4403 8630 4447 8630 4401 8630 4447 8631 4446 8631 4401 8631 4405 8632 4448 8632 4403 8632 4448 8633 4447 8633 4403 8633 4407 8634 4449 8634 4405 8634 4449 8635 4448 8635 4405 8635 4409 8636 4450 8636 4407 8636 4450 8637 4449 8637 4407 8637 4411 8638 4451 8638 4409 8638 4451 8639 4450 8639 4409 8639 4237 8640 4286 8640 4411 8640 4451 8641 4286 8641 4285 8641 4286 8642 4451 8642 4411 8642 4413 8643 4287 8643 4239 8643 4287 8644 4413 8644 4452 8644 4452 8645 4288 8645 4287 8645 4453 8646 4413 8646 4414 8646 4453 8647 4452 8647 4413 8647 4454 8648 4414 8648 4416 8648 4454 8649 4453 8649 4414 8649 4455 8650 4416 8650 4418 8650 4455 8651 4454 8651 4416 8651 4456 8652 4418 8652 4420 8652 4456 8653 4455 8653 4418 8653 4457 8654 4420 8654 4422 8654 4457 8655 4456 8655 4420 8655 4458 8656 4422 8656 4424 8656 4458 8657 4457 8657 4422 8657 4459 8658 4424 8658 4426 8658 4459 8659 4458 8659 4424 8659 4460 8660 4426 8660 4428 8660 4460 8661 4459 8661 4426 8661 4461 8662 4428 8662 4430 8662 4461 8663 4460 8663 4428 8663 4462 8664 4430 8664 4432 8664 4462 8665 4461 8665 4430 8665 4463 8666 4432 8666 4434 8666 4463 8667 4462 8667 4432 8667 4464 8668 4434 8668 4436 8668 4464 8669 4463 8669 4434 8669 4439 8670 4436 8670 4387 8670 4439 8671 4464 8671 4436 8671 4438 8672 4465 8672 4439 8672 4465 8673 4466 8673 4439 8673 4440 8674 4467 8674 4438 8674 4467 8675 4465 8675 4438 8675 4441 8676 4468 8676 4440 8676 4468 8677 4467 8677 4440 8677 4442 8678 4469 8678 4441 8678 4469 8679 4468 8679 4441 8679 4443 8680 4470 8680 4442 8680 4470 8681 4469 8681 4442 8681 4444 8682 4471 8682 4443 8682 4471 8683 4470 8683 4443 8683 4445 8684 4472 8684 4444 8684 4472 8685 4471 8685 4444 8685 4446 8686 4473 8686 4445 8686 4473 8687 4472 8687 4445 8687 4447 8688 4474 8688 4446 8688 4474 8689 4473 8689 4446 8689 4448 8690 4475 8690 4447 8690 4475 8691 4474 8691 4447 8691 4449 8692 4476 8692 4448 8692 4476 8693 4475 8693 4448 8693 4450 8694 4477 8694 4449 8694 4477 8695 4476 8695 4449 8695 4451 8696 4478 8696 4450 8696 4478 8697 4477 8697 4450 8697 4451 8698 4285 8698 4364 8698 4478 8699 4339 8699 4338 8699 4478 8700 4364 8700 4339 8700 4364 8701 4478 8701 4451 8701 4365 8702 4288 8702 4452 8702 4365 8703 4452 8703 4479 8703 4343 8704 4479 8704 4342 8704 4479 8705 4343 8705 4365 8705 4480 8706 4452 8706 4453 8706 4480 8707 4479 8707 4452 8707 4481 8708 4453 8708 4454 8708 4481 8709 4480 8709 4453 8709 4482 8710 4454 8710 4455 8710 4482 8711 4481 8711 4454 8711 4483 8712 4455 8712 4456 8712 4483 8713 4482 8713 4455 8713 4484 8714 4456 8714 4457 8714 4484 8715 4483 8715 4456 8715 4485 8716 4457 8716 4458 8716 4485 8717 4484 8717 4457 8717 4486 8718 4458 8718 4459 8718 4486 8719 4485 8719 4458 8719 4487 8720 4459 8720 4460 8720 4487 8721 4486 8721 4459 8721 4488 8722 4460 8722 4461 8722 4488 8723 4487 8723 4460 8723 4489 8724 4461 8724 4462 8724 4489 8725 4488 8725 4461 8725 4490 8726 4462 8726 4463 8726 4490 8727 4489 8727 4462 8727 4491 8728 4463 8728 4464 8728 4491 8729 4490 8729 4463 8729 4466 8730 4464 8730 4439 8730 4466 8731 4491 8731 4464 8731 4465 8732 4492 8732 4466 8732 4492 8733 4493 8733 4466 8733 4467 8734 4494 8734 4465 8734 4494 8735 4492 8735 4465 8735 4468 8736 4495 8736 4467 8736 4495 8737 4494 8737 4467 8737 4469 8738 4496 8738 4468 8738 4496 8739 4495 8739 4468 8739 4470 8740 4497 8740 4469 8740 4497 8741 4496 8741 4469 8741 4471 8742 4498 8742 4470 8742 4498 8743 4497 8743 4470 8743 4472 8744 4499 8744 4471 8744 4499 8745 4498 8745 4471 8745 4473 8746 4500 8746 4472 8746 4500 8747 4499 8747 4472 8747 4474 8748 4501 8748 4473 8748 4501 8749 4500 8749 4473 8749 4475 8750 4502 8750 4474 8750 4502 8751 4501 8751 4474 8751 4476 8752 4503 8752 4475 8752 4503 8753 4502 8753 4475 8753 4477 8754 4504 8754 4476 8754 4504 8755 4503 8755 4476 8755 4478 8756 4505 8756 4477 8756 4505 8757 4504 8757 4477 8757 4338 8758 4336 8758 4478 8758 4505 8759 4336 8759 4337 8759 4336 8760 4505 8760 4478 8760 4479 8761 4340 8761 4342 8761 4340 8762 4479 8762 4506 8762 4506 8763 4341 8763 4340 8763 4507 8764 4479 8764 4480 8764 4507 8765 4506 8765 4479 8765 4508 8766 4480 8766 4481 8766 4508 8767 4507 8767 4480 8767 4509 8768 4481 8768 4482 8768 4509 8769 4508 8769 4481 8769 4510 8770 4482 8770 4483 8770 4510 8771 4509 8771 4482 8771 4511 8772 4483 8772 4484 8772 4511 8773 4510 8773 4483 8773 4512 8774 4484 8774 4485 8774 4512 8775 4511 8775 4484 8775 4513 8776 4485 8776 4486 8776 4513 8777 4512 8777 4485 8777 4514 8778 4486 8778 4487 8778 4514 8779 4513 8779 4486 8779 4515 8780 4487 8780 4488 8780 4515 8781 4514 8781 4487 8781 4516 8782 4488 8782 4489 8782 4516 8783 4515 8783 4488 8783 4517 8784 4489 8784 4490 8784 4517 8785 4516 8785 4489 8785 4518 8786 4490 8786 4491 8786 4518 8787 4517 8787 4490 8787 4493 8788 4491 8788 4466 8788 4493 8789 4518 8789 4491 8789 4492 8790 4519 8790 4493 8790 4519 8791 4520 8791 4493 8791 4494 8792 4521 8792 4492 8792 4521 8793 4519 8793 4492 8793 4495 8794 4522 8794 4494 8794 4522 8795 4521 8795 4494 8795 4496 8796 4523 8796 4495 8796 4523 8797 4522 8797 4495 8797 4497 8798 4524 8798 4496 8798 4524 8799 4523 8799 4496 8799 4498 8800 4525 8800 4497 8800 4525 8801 4524 8801 4497 8801 4499 8802 4526 8802 4498 8802 4526 8803 4525 8803 4498 8803 4500 8804 4527 8804 4499 8804 4527 8805 4526 8805 4499 8805 4501 8806 4528 8806 4500 8806 4528 8807 4527 8807 4500 8807 4502 8808 4529 8808 4501 8808 4529 8809 4528 8809 4501 8809 4503 8810 4530 8810 4502 8810 4530 8811 4529 8811 4502 8811 4504 8812 4531 8812 4503 8812 4531 8813 4530 8813 4503 8813 4505 8814 4532 8814 4504 8814 4532 8815 4531 8815 4504 8815 4337 8816 4382 8816 4505 8816 4532 8817 4382 8817 4276 8817 4382 8818 4532 8818 4505 8818 4506 8819 4383 8819 4341 8819 4383 8820 4506 8820 4533 8820 4533 8821 4278 8821 4383 8821 4534 8822 4506 8822 4507 8822 4534 8823 4533 8823 4506 8823 4535 8824 4507 8824 4508 8824 4535 8825 4534 8825 4507 8825 4536 8826 4508 8826 4509 8826 4536 8827 4535 8827 4508 8827 4537 8828 4509 8828 4510 8828 4537 8829 4536 8829 4509 8829 4538 8830 4510 8830 4511 8830 4538 8831 4537 8831 4510 8831 4539 8832 4511 8832 4512 8832 4539 8833 4538 8833 4511 8833 4540 8834 4512 8834 4513 8834 4540 8835 4539 8835 4512 8835 4541 8836 4513 8836 4514 8836 4541 8837 4540 8837 4513 8837 4542 8838 4514 8838 4515 8838 4542 8839 4541 8839 4514 8839 4543 8840 4515 8840 4516 8840 4543 8841 4542 8841 4515 8841 4544 8842 4516 8842 4517 8842 4544 8843 4543 8843 4516 8843 4545 8844 4517 8844 4518 8844 4545 8845 4544 8845 4517 8845 4520 8846 4518 8846 4493 8846 4520 8847 4545 8847 4518 8847 4519 8848 4546 8848 4520 8848 4546 8849 4547 8849 4520 8849 4521 8850 4548 8850 4519 8850 4548 8851 4546 8851 4519 8851 4522 8852 4549 8852 4521 8852 4549 8853 4548 8853 4521 8853 4523 8854 4550 8854 4522 8854 4550 8855 4549 8855 4522 8855 4524 8856 4551 8856 4523 8856 4551 8857 4550 8857 4523 8857 4525 8858 4552 8858 4524 8858 4552 8859 4551 8859 4524 8859 4526 8860 4553 8860 4525 8860 4553 8861 4552 8861 4525 8861 4527 8862 4554 8862 4526 8862 4554 8863 4553 8863 4526 8863 4528 8864 4555 8864 4527 8864 4555 8865 4554 8865 4527 8865 4529 8866 4556 8866 4528 8866 4556 8867 4555 8867 4528 8867 4530 8868 4557 8868 4529 8868 4557 8869 4556 8869 4529 8869 4531 8870 4558 8870 4530 8870 4558 8871 4557 8871 4530 8871 4532 8872 4559 8872 4531 8872 4559 8873 4558 8873 4531 8873 4532 8874 4276 8874 4275 8874 4559 8875 4275 8875 4146 8875 4275 8876 4559 8876 4532 8876 4533 8877 4277 8877 4278 8877 4277 8878 4533 8878 4560 8878 4560 8879 4149 8879 4277 8879 4561 8880 4533 8880 4534 8880 4561 8881 4560 8881 4533 8881 4562 8882 4534 8882 4535 8882 4562 8883 4561 8883 4534 8883 4563 8884 4535 8884 4536 8884 4563 8885 4562 8885 4535 8885 4564 8886 4536 8886 4537 8886 4564 8887 4563 8887 4536 8887 4565 8888 4537 8888 4538 8888 4565 8889 4564 8889 4537 8889 4566 8890 4538 8890 4539 8890 4566 8891 4565 8891 4538 8891 4567 8892 4539 8892 4540 8892 4567 8893 4566 8893 4539 8893 4568 8894 4540 8894 4541 8894 4568 8895 4567 8895 4540 8895 4569 8896 4541 8896 4542 8896 4569 8897 4568 8897 4541 8897 4570 8898 4542 8898 4543 8898 4570 8899 4569 8899 4542 8899 4571 8900 4543 8900 4544 8900 4571 8901 4570 8901 4543 8901 4572 8902 4544 8902 4545 8902 4572 8903 4571 8903 4544 8903 4547 8904 4545 8904 4520 8904 4547 8905 4572 8905 4545 8905 4546 8906 4573 8906 4547 8906 4573 8907 4574 8907 4547 8907 4548 8908 4575 8908 4546 8908 4575 8909 4573 8909 4546 8909 4549 8910 4576 8910 4548 8910 4576 8911 4575 8911 4548 8911 4550 8912 4577 8912 4549 8912 4577 8913 4576 8913 4549 8913 4551 8914 4578 8914 4550 8914 4578 8915 4577 8915 4550 8915 4552 8916 4579 8916 4551 8916 4579 8917 4578 8917 4551 8917 4553 8918 4580 8918 4552 8918 4580 8919 4579 8919 4552 8919 4554 8920 4581 8920 4553 8920 4581 8921 4580 8921 4553 8921 4555 8922 4582 8922 4554 8922 4582 8923 4581 8923 4554 8923 4556 8924 4583 8924 4555 8924 4583 8925 4582 8925 4555 8925 4557 8926 4584 8926 4556 8926 4584 8927 4583 8927 4556 8927 4558 8928 4585 8928 4557 8928 4585 8929 4584 8929 4557 8929 4559 8930 4586 8930 4558 8930 4586 8931 4585 8931 4558 8931 4146 8932 4144 8932 4559 8932 4586 8933 4144 8933 4145 8933 4144 8934 4586 8934 4559 8934 4560 8935 4147 8935 4149 8935 4147 8936 4560 8936 4587 8936 4587 8937 4148 8937 4147 8937 4588 8938 4560 8938 4561 8938 4588 8939 4587 8939 4560 8939 4589 8940 4561 8940 4562 8940 4589 8941 4588 8941 4561 8941 4590 8942 4562 8942 4563 8942 4590 8943 4589 8943 4562 8943 4591 8944 4563 8944 4564 8944 4591 8945 4590 8945 4563 8945 4592 8946 4564 8946 4565 8946 4592 8947 4591 8947 4564 8947 4593 8948 4565 8948 4566 8948 4593 8949 4592 8949 4565 8949 4594 8950 4566 8950 4567 8950 4594 8951 4593 8951 4566 8951 4595 8952 4567 8952 4568 8952 4595 8953 4594 8953 4567 8953 4596 8954 4568 8954 4569 8954 4596 8955 4595 8955 4568 8955 4597 8956 4569 8956 4570 8956 4597 8957 4596 8957 4569 8957 4598 8958 4570 8958 4571 8958 4598 8959 4597 8959 4570 8959 4599 8960 4571 8960 4572 8960 4599 8961 4598 8961 4571 8961 4574 8962 4572 8962 4547 8962 4574 8963 4599 8963 4572 8963 4573 8964 4600 8964 4574 8964 4600 8965 4601 8965 4574 8965 4575 8966 4602 8966 4573 8966 4602 8967 4600 8967 4573 8967 4576 8968 4603 8968 4575 8968 4603 8969 4602 8969 4575 8969 4577 8970 4604 8970 4576 8970 4604 8971 4603 8971 4576 8971 4578 8972 4605 8972 4577 8972 4605 8973 4604 8973 4577 8973 4579 8974 4606 8974 4578 8974 4606 8975 4605 8975 4578 8975 4580 8976 4607 8976 4579 8976 4607 8977 4606 8977 4579 8977 4581 8978 4608 8978 4580 8978 4608 8979 4607 8979 4580 8979 4582 8980 4609 8980 4581 8980 4609 8981 4608 8981 4581 8981 4583 8982 4610 8982 4582 8982 4610 8983 4609 8983 4582 8983 4584 8984 4611 8984 4583 8984 4611 8985 4610 8985 4583 8985 4585 8986 4612 8986 4584 8986 4612 8987 4611 8987 4584 8987 4586 8988 4613 8988 4585 8988 4613 8989 4612 8989 4585 8989 4145 8990 4296 8990 4586 8990 4613 8991 4296 8991 4264 8991 4296 8992 4613 8992 4586 8992 4587 8993 4297 8993 4148 8993 4297 8994 4587 8994 4614 8994 4614 8995 4268 8995 4297 8995 4615 8996 4587 8996 4588 8996 4615 8997 4614 8997 4587 8997 4616 8998 4588 8998 4589 8998 4616 8999 4615 8999 4588 8999 4617 9000 4589 9000 4590 9000 4617 9001 4616 9001 4589 9001 4618 9002 4590 9002 4591 9002 4618 9003 4617 9003 4590 9003 4619 9004 4591 9004 4592 9004 4619 9005 4618 9005 4591 9005 4620 9006 4592 9006 4593 9006 4620 9007 4619 9007 4592 9007 4621 9008 4593 9008 4594 9008 4621 9009 4620 9009 4593 9009 4622 9010 4594 9010 4595 9010 4622 9011 4621 9011 4594 9011 4623 9012 4595 9012 4596 9012 4623 9013 4622 9013 4595 9013 4624 9014 4596 9014 4597 9014 4624 9015 4623 9015 4596 9015 4625 9016 4597 9016 4598 9016 4625 9017 4624 9017 4597 9017 4626 9018 4598 9018 4599 9018 4626 9019 4625 9019 4598 9019 4601 9020 4599 9020 4574 9020 4601 9021 4626 9021 4599 9021 4600 9022 4627 9022 4601 9022 4627 9023 4628 9023 4601 9023 4602 9024 4629 9024 4600 9024 4629 9025 4627 9025 4600 9025 4603 9026 4630 9026 4602 9026 4630 9027 4629 9027 4602 9027 4604 9028 4631 9028 4603 9028 4631 9029 4630 9029 4603 9029 4605 9030 4632 9030 4604 9030 4632 9031 4631 9031 4604 9031 4606 9032 4633 9032 4605 9032 4633 9033 4632 9033 4605 9033 4607 9034 4634 9034 4606 9034 4634 9035 4633 9035 4606 9035 4608 9036 4635 9036 4607 9036 4635 9037 4634 9037 4607 9037 4609 9038 4636 9038 4608 9038 4636 9039 4635 9039 4608 9039 4610 9040 4637 9040 4609 9040 4637 9041 4636 9041 4609 9041 4611 9042 4638 9042 4610 9042 4638 9043 4637 9043 4610 9043 4612 9044 4639 9044 4611 9044 4639 9045 4638 9045 4611 9045 4613 9046 4640 9046 4612 9046 4640 9047 4639 9047 4612 9047 4264 9048 4261 9048 4613 9048 4640 9049 4261 9049 4262 9049 4261 9050 4640 9050 4613 9050 4614 9051 4267 9051 4268 9051 4267 9052 4614 9052 4641 9052 4641 9053 4265 9053 4267 9053 4642 9054 4614 9054 4615 9054 4642 9055 4641 9055 4614 9055 4643 9056 4615 9056 4616 9056 4643 9057 4642 9057 4615 9057 4644 9058 4616 9058 4617 9058 4644 9059 4643 9059 4616 9059 4645 9060 4617 9060 4618 9060 4645 9061 4644 9061 4617 9061 4646 9062 4618 9062 4619 9062 4646 9063 4645 9063 4618 9063 4647 9064 4619 9064 4620 9064 4647 9065 4646 9065 4619 9065 4648 9066 4620 9066 4621 9066 4648 9067 4647 9067 4620 9067 4649 9068 4621 9068 4622 9068 4649 9069 4648 9069 4621 9069 4650 9070 4622 9070 4623 9070 4650 9071 4649 9071 4622 9071 4651 9072 4623 9072 4624 9072 4651 9073 4650 9073 4623 9073 4652 9074 4624 9074 4625 9074 4652 9075 4651 9075 4624 9075 4653 9076 4625 9076 4626 9076 4653 9077 4652 9077 4625 9077 4628 9078 4626 9078 4601 9078 4628 9079 4653 9079 4626 9079 4627 9080 4654 9080 4628 9080 4654 9081 4655 9081 4628 9081 4629 9082 4656 9082 4627 9082 4656 9083 4654 9083 4627 9083 4630 9084 4657 9084 4629 9084 4657 9085 4656 9085 4629 9085 4631 9086 4658 9086 4630 9086 4658 9087 4657 9087 4630 9087 4632 9088 4659 9088 4631 9088 4659 9089 4658 9089 4631 9089 4633 9090 4660 9090 4632 9090 4660 9091 4659 9091 4632 9091 4634 9092 4661 9092 4633 9092 4661 9093 4660 9093 4633 9093 4635 9094 4662 9094 4634 9094 4662 9095 4661 9095 4634 9095 4636 9096 4663 9096 4635 9096 4663 9097 4662 9097 4635 9097 4637 9098 4664 9098 4636 9098 4664 9099 4663 9099 4636 9099 4638 9100 4665 9100 4637 9100 4665 9101 4664 9101 4637 9101 4639 9102 4666 9102 4638 9102 4666 9103 4665 9103 4638 9103 4640 9104 4667 9104 4639 9104 4667 9105 4666 9105 4639 9105 4263 9106 4640 9106 4262 9106 4640 9107 4263 9107 4308 9107 4308 9108 4307 9108 4667 9108 4308 9109 4667 9109 4640 9109 4641 9110 4309 9110 4266 9110 4309 9111 4641 9111 4668 9111 4641 9112 4266 9112 4265 9112 4668 9113 4310 9113 4309 9113 4669 9114 4641 9114 4642 9114 4669 9115 4668 9115 4641 9115 4670 9116 4642 9116 4643 9116 4670 9117 4669 9117 4642 9117 4671 9118 4643 9118 4644 9118 4671 9119 4670 9119 4643 9119 4672 9120 4644 9120 4645 9120 4672 9121 4671 9121 4644 9121 4673 9122 4645 9122 4646 9122 4673 9123 4672 9123 4645 9123 4674 9124 4646 9124 4647 9124 4674 9125 4673 9125 4646 9125 4675 9126 4647 9126 4648 9126 4675 9127 4674 9127 4647 9127 4676 9128 4648 9128 4649 9128 4676 9129 4675 9129 4648 9129 4677 9130 4649 9130 4650 9130 4677 9131 4676 9131 4649 9131 4678 9132 4650 9132 4651 9132 4678 9133 4677 9133 4650 9133 4679 9134 4651 9134 4652 9134 4679 9135 4678 9135 4651 9135 4680 9136 4652 9136 4653 9136 4680 9137 4679 9137 4652 9137 4655 9138 4653 9138 4628 9138 4655 9139 4680 9139 4653 9139 4654 9140 4681 9140 4655 9140 4681 9141 4682 9141 4655 9141 4656 9142 4683 9142 4654 9142 4683 9143 4681 9143 4654 9143 4657 9144 4684 9144 4656 9144 4684 9145 4683 9145 4656 9145 4658 9146 4685 9146 4657 9146 4685 9147 4684 9147 4657 9147 4659 9148 4686 9148 4658 9148 4686 9149 4685 9149 4658 9149 4660 9150 4687 9150 4659 9150 4687 9151 4686 9151 4659 9151 4661 9152 4688 9152 4660 9152 4688 9153 4687 9153 4660 9153 4662 9154 4689 9154 4661 9154 4689 9155 4688 9155 4661 9155 4663 9156 4690 9156 4662 9156 4690 9157 4689 9157 4662 9157 4664 9158 4691 9158 4663 9158 4691 9159 4690 9159 4663 9159 4665 9160 4692 9160 4664 9160 4692 9161 4691 9161 4664 9161 4666 9162 4693 9162 4665 9162 4693 9163 4692 9163 4665 9163 4667 9164 4694 9164 4666 9164 4694 9165 4693 9165 4666 9165 4307 9166 4366 9166 4667 9166 4694 9167 4366 9167 4324 9167 4366 9168 4694 9168 4667 9168 4668 9169 4367 9169 4310 9169 4367 9170 4668 9170 4695 9170 4695 9171 4326 9171 4367 9171 4696 9172 4668 9172 4669 9172 4696 9173 4695 9173 4668 9173 4697 9174 4669 9174 4670 9174 4697 9175 4696 9175 4669 9175 4698 9176 4670 9176 4671 9176 4698 9177 4697 9177 4670 9177 4699 9178 4671 9178 4672 9178 4699 9179 4698 9179 4671 9179 4700 9180 4672 9180 4673 9180 4700 9181 4699 9181 4672 9181 4701 9182 4673 9182 4674 9182 4701 9183 4700 9183 4673 9183 4702 9184 4674 9184 4675 9184 4702 9185 4701 9185 4674 9185 4703 9186 4675 9186 4676 9186 4703 9187 4702 9187 4675 9187 4704 9188 4676 9188 4677 9188 4704 9189 4703 9189 4676 9189 4705 9190 4677 9190 4678 9190 4705 9191 4704 9191 4677 9191 4706 9192 4678 9192 4679 9192 4706 9193 4705 9193 4678 9193 4707 9194 4679 9194 4680 9194 4707 9195 4706 9195 4679 9195 4682 9196 4680 9196 4655 9196 4682 9197 4707 9197 4680 9197 4681 9198 4708 9198 4682 9198 4708 9199 4709 9199 4682 9199 4683 9200 4710 9200 4681 9200 4710 9201 4708 9201 4681 9201 4684 9202 4711 9202 4683 9202 4711 9203 4710 9203 4683 9203 4685 9204 4712 9204 4684 9204 4712 9205 4711 9205 4684 9205 4686 9206 4713 9206 4685 9206 4713 9207 4712 9207 4685 9207 4687 9208 4714 9208 4686 9208 4714 9209 4713 9209 4686 9209 4688 9210 4715 9210 4687 9210 4715 9211 4714 9211 4687 9211 4689 9212 4716 9212 4688 9212 4716 9213 4715 9213 4688 9213 4690 9214 4717 9214 4689 9214 4717 9215 4716 9215 4689 9215 4691 9216 4718 9216 4690 9216 4718 9217 4717 9217 4690 9217 4692 9218 4719 9218 4691 9218 4719 9219 4718 9219 4691 9219 4693 9220 4720 9220 4692 9220 4720 9221 4719 9221 4692 9221 4694 9222 4721 9222 4693 9222 4721 9223 4720 9223 4693 9223 4694 9224 4324 9224 4323 9224 4721 9225 4323 9225 4114 9225 4323 9226 4721 9226 4694 9226 4695 9227 4325 9227 4326 9227 4325 9228 4695 9228 4722 9228 4722 9229 4119 9229 4325 9229 4723 9230 4695 9230 4696 9230 4723 9231 4722 9231 4695 9231 4724 9232 4696 9232 4697 9232 4724 9233 4723 9233 4696 9233 4725 9234 4697 9234 4698 9234 4725 9235 4724 9235 4697 9235 4726 9236 4698 9236 4699 9236 4726 9237 4725 9237 4698 9237 4727 9238 4699 9238 4700 9238 4727 9239 4726 9239 4699 9239 4728 9240 4700 9240 4701 9240 4728 9241 4727 9241 4700 9241 4729 9242 4701 9242 4702 9242 4729 9243 4728 9243 4701 9243 4730 9244 4702 9244 4703 9244 4730 9245 4729 9245 4702 9245 4731 9246 4703 9246 4704 9246 4731 9247 4730 9247 4703 9247 4732 9248 4704 9248 4705 9248 4732 9249 4731 9249 4704 9249 4733 9250 4705 9250 4706 9250 4733 9251 4732 9251 4705 9251 4734 9252 4706 9252 4707 9252 4734 9253 4733 9253 4706 9253 4709 9254 4707 9254 4682 9254 4709 9255 4734 9255 4707 9255 4735 9256 4709 9256 4708 9256 4735 9257 4736 9257 4709 9257 4737 9258 4708 9258 4710 9258 4737 9259 4735 9259 4708 9259 4738 9260 4710 9260 4711 9260 4738 9261 4737 9261 4710 9261 4739 9262 4711 9262 4712 9262 4739 9263 4738 9263 4711 9263 4740 9264 4712 9264 4713 9264 4740 9265 4739 9265 4712 9265 4741 9266 4713 9266 4714 9266 4741 9267 4740 9267 4713 9267 4742 9268 4714 9268 4715 9268 4742 9269 4741 9269 4714 9269 4743 9270 4715 9270 4716 9270 4743 9271 4742 9271 4715 9271 4744 9272 4716 9272 4717 9272 4744 9273 4743 9273 4716 9273 4745 9274 4717 9274 4718 9274 4745 9275 4744 9275 4717 9275 4746 9276 4718 9276 4719 9276 4746 9277 4745 9277 4718 9277 4747 9278 4719 9278 4720 9278 4747 9279 4746 9279 4719 9279 4748 9280 4720 9280 4721 9280 4748 9281 4747 9281 4720 9281 4115 9282 4721 9282 4114 9282 4748 9283 4115 9283 4116 9283 4115 9284 4748 9284 4721 9284 4722 9285 4117 9285 4119 9285 4117 9286 4722 9286 4749 9286 4749 9287 4118 9287 4117 9287 4723 9288 4750 9288 4722 9288 4750 9289 4749 9289 4722 9289 4724 9290 4751 9290 4723 9290 4751 9291 4750 9291 4723 9291 4725 9292 4752 9292 4724 9292 4752 9293 4751 9293 4724 9293 4726 9294 4753 9294 4725 9294 4753 9295 4752 9295 4725 9295 4727 9296 4754 9296 4726 9296 4754 9297 4753 9297 4726 9297 4728 9298 4755 9298 4727 9298 4755 9299 4754 9299 4727 9299 4729 9300 4756 9300 4728 9300 4756 9301 4755 9301 4728 9301 4730 9302 4757 9302 4729 9302 4757 9303 4756 9303 4729 9303 4731 9304 4758 9304 4730 9304 4758 9305 4757 9305 4730 9305 4732 9306 4759 9306 4731 9306 4759 9307 4758 9307 4731 9307 4733 9308 4760 9308 4732 9308 4760 9309 4759 9309 4732 9309 4734 9310 4761 9310 4733 9310 4761 9311 4760 9311 4733 9311 4709 9312 4736 9312 4734 9312 4736 9313 4761 9313 4734 9313 4762 9314 4736 9314 4735 9314 4762 9315 4763 9315 4736 9315 4764 9316 4735 9316 4737 9316 4764 9317 4762 9317 4735 9317 4765 9318 4737 9318 4738 9318 4765 9319 4764 9319 4737 9319 4766 9320 4738 9320 4739 9320 4766 9321 4765 9321 4738 9321 4767 9322 4739 9322 4740 9322 4767 9323 4766 9323 4739 9323 4768 9324 4740 9324 4741 9324 4768 9325 4767 9325 4740 9325 4769 9326 4741 9326 4742 9326 4769 9327 4768 9327 4741 9327 4770 9328 4742 9328 4743 9328 4770 9329 4769 9329 4742 9329 4771 9330 4743 9330 4744 9330 4771 9331 4770 9331 4743 9331 4772 9332 4744 9332 4745 9332 4772 9333 4771 9333 4744 9333 4773 9334 4745 9334 4746 9334 4773 9335 4772 9335 4745 9335 4774 9336 4746 9336 4747 9336 4774 9337 4773 9337 4746 9337 4775 9338 4747 9338 4748 9338 4775 9339 4774 9339 4747 9339 4270 9340 4748 9340 4116 9340 4775 9341 4270 9341 4271 9341 4270 9342 4775 9342 4748 9342 4272 9343 4749 9343 4776 9343 4749 9344 4272 9344 4118 9344 4776 9345 4273 9345 4272 9345 4750 9346 4777 9346 4749 9346 4777 9347 4776 9347 4749 9347 4751 9348 4778 9348 4750 9348 4778 9349 4777 9349 4750 9349 4752 9350 4779 9350 4751 9350 4779 9351 4778 9351 4751 9351 4753 9352 4780 9352 4752 9352 4780 9353 4779 9353 4752 9353 4754 9354 4781 9354 4753 9354 4781 9355 4780 9355 4753 9355 4755 9356 4782 9356 4754 9356 4782 9357 4781 9357 4754 9357 4756 9358 4783 9358 4755 9358 4783 9359 4782 9359 4755 9359 4757 9360 4784 9360 4756 9360 4784 9361 4783 9361 4756 9361 4758 9362 4785 9362 4757 9362 4785 9363 4784 9363 4757 9363 4759 9364 4786 9364 4758 9364 4786 9365 4785 9365 4758 9365 4760 9366 4787 9366 4759 9366 4787 9367 4786 9367 4759 9367 4761 9368 4788 9368 4760 9368 4788 9369 4787 9369 4760 9369 4736 9370 4763 9370 4761 9370 4763 9371 4788 9371 4761 9371 4789 9372 4763 9372 4762 9372 4789 9373 4790 9373 4763 9373 4791 9374 4762 9374 4764 9374 4791 9375 4789 9375 4762 9375 4792 9376 4764 9376 4765 9376 4792 9377 4791 9377 4764 9377 4793 9378 4765 9378 4766 9378 4793 9379 4792 9379 4765 9379 4794 9380 4766 9380 4767 9380 4794 9381 4793 9381 4766 9381 4795 9382 4767 9382 4768 9382 4795 9383 4794 9383 4767 9383 4796 9384 4768 9384 4769 9384 4796 9385 4795 9385 4768 9385 4797 9386 4769 9386 4770 9386 4797 9387 4796 9387 4769 9387 4798 9388 4770 9388 4771 9388 4798 9389 4797 9389 4770 9389 4799 9390 4771 9390 4772 9390 4799 9391 4798 9391 4771 9391 4800 9392 4772 9392 4773 9392 4800 9393 4799 9393 4772 9393 4801 9394 4773 9394 4774 9394 4801 9395 4800 9395 4773 9395 4802 9396 4774 9396 4775 9396 4802 9397 4801 9397 4774 9397 4775 9398 4271 9398 4380 9398 4802 9399 4173 9399 4172 9399 4802 9400 4380 9400 4173 9400 4380 9401 4802 9401 4775 9401 4381 9402 4776 9402 4803 9402 4381 9403 4273 9403 4776 9403 4177 9404 4803 9404 4176 9404 4803 9405 4177 9405 4381 9405 4777 9406 4804 9406 4776 9406 4804 9407 4803 9407 4776 9407 4778 9408 4805 9408 4777 9408 4805 9409 4804 9409 4777 9409 4779 9410 4806 9410 4778 9410 4806 9411 4805 9411 4778 9411 4780 9412 4807 9412 4779 9412 4807 9413 4806 9413 4779 9413 4781 9414 4808 9414 4780 9414 4808 9415 4807 9415 4780 9415 4782 9416 4809 9416 4781 9416 4809 9417 4808 9417 4781 9417 4783 9418 4810 9418 4782 9418 4810 9419 4809 9419 4782 9419 4784 9420 4811 9420 4783 9420 4811 9421 4810 9421 4783 9421 4785 9422 4812 9422 4784 9422 4812 9423 4811 9423 4784 9423 4786 9424 4813 9424 4785 9424 4813 9425 4812 9425 4785 9425 4787 9426 4814 9426 4786 9426 4814 9427 4813 9427 4786 9427 4788 9428 4815 9428 4787 9428 4815 9429 4814 9429 4787 9429 4763 9430 4790 9430 4788 9430 4790 9431 4815 9431 4788 9431 4816 9432 4790 9432 4789 9432 4816 9433 4817 9433 4790 9433 4818 9434 4789 9434 4791 9434 4818 9435 4816 9435 4789 9435 4819 9436 4791 9436 4792 9436 4819 9437 4818 9437 4791 9437 4820 9438 4792 9438 4793 9438 4820 9439 4819 9439 4792 9439 4821 9440 4793 9440 4794 9440 4821 9441 4820 9441 4793 9441 4822 9442 4794 9442 4795 9442 4822 9443 4821 9443 4794 9443 4823 9444 4795 9444 4796 9444 4823 9445 4822 9445 4795 9445 4824 9446 4796 9446 4797 9446 4824 9447 4823 9447 4796 9447 4825 9448 4797 9448 4798 9448 4825 9449 4824 9449 4797 9449 4826 9450 4798 9450 4799 9450 4826 9451 4825 9451 4798 9451 4827 9452 4799 9452 4800 9452 4827 9453 4826 9453 4799 9453 4828 9454 4800 9454 4801 9454 4828 9455 4827 9455 4800 9455 4829 9456 4801 9456 4802 9456 4829 9457 4828 9457 4801 9457 4170 9458 4802 9458 4172 9458 4829 9459 4170 9459 4171 9459 4170 9460 4829 9460 4802 9460 4174 9461 4803 9461 4830 9461 4803 9462 4174 9462 4176 9462 4830 9463 4175 9463 4174 9463 4804 9464 4831 9464 4803 9464 4831 9465 4830 9465 4803 9465 4805 9466 4832 9466 4804 9466 4832 9467 4831 9467 4804 9467 4806 9468 4833 9468 4805 9468 4833 9469 4832 9469 4805 9469 4807 9470 4834 9470 4806 9470 4834 9471 4833 9471 4806 9471 4808 9472 4835 9472 4807 9472 4835 9473 4834 9473 4807 9473 4809 9474 4836 9474 4808 9474 4836 9475 4835 9475 4808 9475 4810 9476 4837 9476 4809 9476 4837 9477 4836 9477 4809 9477 4811 9478 4838 9478 4810 9478 4838 9479 4837 9479 4810 9479 4812 9480 4839 9480 4811 9480 4839 9481 4838 9481 4811 9481 4813 9482 4840 9482 4812 9482 4840 9483 4839 9483 4812 9483 4814 9484 4841 9484 4813 9484 4841 9485 4840 9485 4813 9485 4815 9486 4842 9486 4814 9486 4842 9487 4841 9487 4814 9487 4790 9488 4817 9488 4815 9488 4817 9489 4842 9489 4815 9489 4843 9490 4817 9490 4816 9490 4843 9491 4844 9491 4817 9491 4845 9492 4816 9492 4818 9492 4845 9493 4843 9493 4816 9493 4846 9494 4818 9494 4819 9494 4846 9495 4845 9495 4818 9495 4847 9496 4819 9496 4820 9496 4847 9497 4846 9497 4819 9497 4848 9498 4820 9498 4821 9498 4848 9499 4847 9499 4820 9499 4849 9500 4821 9500 4822 9500 4849 9501 4848 9501 4821 9501 4850 9502 4822 9502 4823 9502 4850 9503 4849 9503 4822 9503 4851 9504 4823 9504 4824 9504 4851 9505 4850 9505 4823 9505 4852 9506 4824 9506 4825 9506 4852 9507 4851 9507 4824 9507 4853 9508 4825 9508 4826 9508 4853 9509 4852 9509 4825 9509 4854 9510 4826 9510 4827 9510 4854 9511 4853 9511 4826 9511 4855 9512 4827 9512 4828 9512 4855 9513 4854 9513 4827 9513 4856 9514 4828 9514 4829 9514 4856 9515 4855 9515 4828 9515 4171 9516 4345 9516 4829 9516 4856 9517 4345 9517 4346 9517 4345 9518 4856 9518 4829 9518 4348 9519 4830 9519 4857 9519 4830 9520 4348 9520 4175 9520 4857 9521 4347 9521 4348 9521 4831 9522 4858 9522 4830 9522 4858 9523 4857 9523 4830 9523 4832 9524 4859 9524 4831 9524 4859 9525 4858 9525 4831 9525 4833 9526 4860 9526 4832 9526 4860 9527 4859 9527 4832 9527 4834 9528 4861 9528 4833 9528 4861 9529 4860 9529 4833 9529 4835 9530 4862 9530 4834 9530 4862 9531 4861 9531 4834 9531 4836 9532 4863 9532 4835 9532 4863 9533 4862 9533 4835 9533 4837 9534 4864 9534 4836 9534 4864 9535 4863 9535 4836 9535 4838 9536 4865 9536 4837 9536 4865 9537 4864 9537 4837 9537 4839 9538 4866 9538 4838 9538 4866 9539 4865 9539 4838 9539 4840 9540 4867 9540 4839 9540 4867 9541 4866 9541 4839 9541 4841 9542 4868 9542 4840 9542 4868 9543 4867 9543 4840 9543 4842 9544 4869 9544 4841 9544 4869 9545 4868 9545 4841 9545 4817 9546 4844 9546 4842 9546 4844 9547 4869 9547 4842 9547 4870 9548 4844 9548 4843 9548 4870 9549 4871 9549 4844 9549 4872 9550 4843 9550 4845 9550 4872 9551 4870 9551 4843 9551 4873 9552 4845 9552 4846 9552 4873 9553 4872 9553 4845 9553 4874 9554 4846 9554 4847 9554 4874 9555 4873 9555 4846 9555 4875 9556 4847 9556 4848 9556 4875 9557 4874 9557 4847 9557 4876 9558 4848 9558 4849 9558 4876 9559 4875 9559 4848 9559 4877 9560 4849 9560 4850 9560 4877 9561 4876 9561 4849 9561 4878 9562 4850 9562 4851 9562 4878 9563 4877 9563 4850 9563 4879 9564 4851 9564 4852 9564 4879 9565 4878 9565 4851 9565 4880 9566 4852 9566 4853 9566 4880 9567 4879 9567 4852 9567 4881 9568 4853 9568 4854 9568 4881 9569 4880 9569 4853 9569 4882 9570 4854 9570 4855 9570 4882 9571 4881 9571 4854 9571 4883 9572 4855 9572 4856 9572 4883 9573 4882 9573 4855 9573 4856 9574 4346 9574 4360 9574 4883 9575 4360 9575 4154 9575 4360 9576 4883 9576 4856 9576 4361 9577 4857 9577 4884 9577 4347 9578 4857 9578 4361 9578 4884 9579 4158 9579 4361 9579 4858 9580 4885 9580 4857 9580 4885 9581 4884 9581 4857 9581 4859 9582 4886 9582 4858 9582 4886 9583 4885 9583 4858 9583 4860 9584 4887 9584 4859 9584 4887 9585 4886 9585 4859 9585 4861 9586 4888 9586 4860 9586 4888 9587 4887 9587 4860 9587 4862 9588 4889 9588 4861 9588 4889 9589 4888 9589 4861 9589 4863 9590 4890 9590 4862 9590 4890 9591 4889 9591 4862 9591 4864 9592 4891 9592 4863 9592 4891 9593 4890 9593 4863 9593 4865 9594 4892 9594 4864 9594 4892 9595 4891 9595 4864 9595 4866 9596 4893 9596 4865 9596 4893 9597 4892 9597 4865 9597 4867 9598 4894 9598 4866 9598 4894 9599 4893 9599 4866 9599 4868 9600 4895 9600 4867 9600 4895 9601 4894 9601 4867 9601 4869 9602 4896 9602 4868 9602 4896 9603 4895 9603 4868 9603 4844 9604 4871 9604 4869 9604 4871 9605 4896 9605 4869 9605 4897 9606 4871 9606 4870 9606 4897 9607 4898 9607 4871 9607 4899 9608 4870 9608 4872 9608 4899 9609 4897 9609 4870 9609 4900 9610 4872 9610 4873 9610 4900 9611 4899 9611 4872 9611 4901 9612 4873 9612 4874 9612 4901 9613 4900 9613 4873 9613 4902 9614 4874 9614 4875 9614 4902 9615 4901 9615 4874 9615 4903 9616 4875 9616 4876 9616 4903 9617 4902 9617 4875 9617 4904 9618 4876 9618 4877 9618 4904 9619 4903 9619 4876 9619 4905 9620 4877 9620 4878 9620 4905 9621 4904 9621 4877 9621 4906 9622 4878 9622 4879 9622 4906 9623 4905 9623 4878 9623 4907 9624 4879 9624 4880 9624 4907 9625 4906 9625 4879 9625 4908 9626 4880 9626 4881 9626 4908 9627 4907 9627 4880 9627 4909 9628 4881 9628 4882 9628 4909 9629 4908 9629 4881 9629 4910 9630 4882 9630 4883 9630 4910 9631 4909 9631 4882 9631 4155 9632 4883 9632 4154 9632 4910 9633 4155 9633 4156 9633 4155 9634 4910 9634 4883 9634 4157 9635 4884 9635 4911 9635 4884 9636 4157 9636 4158 9636 4911 9637 4159 9637 4157 9637 4885 9638 4912 9638 4884 9638 4912 9639 4911 9639 4884 9639 4886 9640 4913 9640 4885 9640 4913 9641 4912 9641 4885 9641 4887 9642 4914 9642 4886 9642 4914 9643 4913 9643 4886 9643 4888 9644 4915 9644 4887 9644 4915 9645 4914 9645 4887 9645 4889 9646 4916 9646 4888 9646 4916 9647 4915 9647 4888 9647 4890 9648 4917 9648 4889 9648 4917 9649 4916 9649 4889 9649 4891 9650 4918 9650 4890 9650 4918 9651 4917 9651 4890 9651 4892 9652 4919 9652 4891 9652 4919 9653 4918 9653 4891 9653 4893 9654 4920 9654 4892 9654 4920 9655 4919 9655 4892 9655 4894 9656 4921 9656 4893 9656 4921 9657 4920 9657 4893 9657 4895 9658 4922 9658 4894 9658 4922 9659 4921 9659 4894 9659 4896 9660 4923 9660 4895 9660 4923 9661 4922 9661 4895 9661 4871 9662 4898 9662 4896 9662 4898 9663 4923 9663 4896 9663 4924 9664 4898 9664 4897 9664 4924 9665 4925 9665 4898 9665 4926 9666 4897 9666 4899 9666 4926 9667 4924 9667 4897 9667 4927 9668 4899 9668 4900 9668 4927 9669 4926 9669 4899 9669 4928 9670 4900 9670 4901 9670 4928 9671 4927 9671 4900 9671 4929 9672 4901 9672 4902 9672 4929 9673 4928 9673 4901 9673 4930 9674 4902 9674 4903 9674 4930 9675 4929 9675 4902 9675 4931 9676 4903 9676 4904 9676 4931 9677 4930 9677 4903 9677 4932 9678 4904 9678 4905 9678 4932 9679 4931 9679 4904 9679 4933 9680 4905 9680 4906 9680 4933 9681 4932 9681 4905 9681 4934 9682 4906 9682 4907 9682 4934 9683 4933 9683 4906 9683 4935 9684 4907 9684 4908 9684 4935 9685 4934 9685 4907 9685 4936 9686 4908 9686 4909 9686 4936 9687 4935 9687 4908 9687 4937 9688 4909 9688 4910 9688 4937 9689 4936 9689 4909 9689 4203 9690 4910 9690 4156 9690 4937 9691 4203 9691 4204 9691 4203 9692 4937 9692 4910 9692 4205 9693 4911 9693 4938 9693 4911 9694 4205 9694 4159 9694 4938 9695 4206 9695 4205 9695 4912 9696 4939 9696 4911 9696 4939 9697 4938 9697 4911 9697 4913 9698 4940 9698 4912 9698 4940 9699 4939 9699 4912 9699 4914 9700 4941 9700 4913 9700 4941 9701 4940 9701 4913 9701 4915 9702 4942 9702 4914 9702 4942 9703 4941 9703 4914 9703 4916 9704 4943 9704 4915 9704 4943 9705 4942 9705 4915 9705 4917 9706 4944 9706 4916 9706 4944 9707 4943 9707 4916 9707 4918 9708 4945 9708 4917 9708 4945 9709 4944 9709 4917 9709 4919 9710 4946 9710 4918 9710 4946 9711 4945 9711 4918 9711 4920 9712 4947 9712 4919 9712 4947 9713 4946 9713 4919 9713 4921 9714 4948 9714 4920 9714 4948 9715 4947 9715 4920 9715 4922 9716 4949 9716 4921 9716 4949 9717 4948 9717 4921 9717 4923 9718 4950 9718 4922 9718 4950 9719 4949 9719 4922 9719 4898 9720 4925 9720 4923 9720 4925 9721 4950 9721 4923 9721 4951 9722 4925 9722 4924 9722 4951 9723 4952 9723 4925 9723 4953 9724 4924 9724 4926 9724 4953 9725 4951 9725 4924 9725 4954 9726 4926 9726 4927 9726 4954 9727 4953 9727 4926 9727 4955 9728 4927 9728 4928 9728 4955 9729 4954 9729 4927 9729 4956 9730 4928 9730 4929 9730 4956 9731 4955 9731 4928 9731 4957 9732 4929 9732 4930 9732 4957 9733 4956 9733 4929 9733 4958 9734 4930 9734 4931 9734 4958 9735 4957 9735 4930 9735 4959 9736 4931 9736 4932 9736 4959 9737 4958 9737 4931 9737 4960 9738 4932 9738 4933 9738 4960 9739 4959 9739 4932 9739 4961 9740 4933 9740 4934 9740 4961 9741 4960 9741 4933 9741 4962 9742 4934 9742 4935 9742 4962 9743 4961 9743 4934 9743 4963 9744 4935 9744 4936 9744 4963 9745 4962 9745 4935 9745 4964 9746 4936 9746 4937 9746 4964 9747 4963 9747 4936 9747 4208 9748 4937 9748 4204 9748 4964 9749 4208 9749 4209 9749 4208 9750 4964 9750 4937 9750 4210 9751 4938 9751 4965 9751 4938 9752 4210 9752 4206 9752 4965 9753 4211 9753 4210 9753 4939 9754 4966 9754 4938 9754 4966 9755 4965 9755 4938 9755 4940 9756 4967 9756 4939 9756 4967 9757 4966 9757 4939 9757 4941 9758 4968 9758 4940 9758 4968 9759 4967 9759 4940 9759 4942 9760 4969 9760 4941 9760 4969 9761 4968 9761 4941 9761 4943 9762 4970 9762 4942 9762 4970 9763 4969 9763 4942 9763 4944 9764 4971 9764 4943 9764 4971 9765 4970 9765 4943 9765 4945 9766 4972 9766 4944 9766 4972 9767 4971 9767 4944 9767 4946 9768 4973 9768 4945 9768 4973 9769 4972 9769 4945 9769 4947 9770 4974 9770 4946 9770 4974 9771 4973 9771 4946 9771 4948 9772 4975 9772 4947 9772 4975 9773 4974 9773 4947 9773 4949 9774 4976 9774 4948 9774 4976 9775 4975 9775 4948 9775 4950 9776 4977 9776 4949 9776 4977 9777 4976 9777 4949 9777 4925 9778 4952 9778 4950 9778 4952 9779 4977 9779 4950 9779 4978 9780 4952 9780 4951 9780 4978 9781 4979 9781 4952 9781 4980 9782 4951 9782 4953 9782 4980 9783 4978 9783 4951 9783 4981 9784 4953 9784 4954 9784 4981 9785 4980 9785 4953 9785 4982 9786 4954 9786 4955 9786 4982 9787 4981 9787 4954 9787 4983 9788 4955 9788 4956 9788 4983 9789 4982 9789 4955 9789 4984 9790 4956 9790 4957 9790 4984 9791 4983 9791 4956 9791 4985 9792 4957 9792 4958 9792 4985 9793 4984 9793 4957 9793 4986 9794 4958 9794 4959 9794 4986 9795 4985 9795 4958 9795 4987 9796 4959 9796 4960 9796 4987 9797 4986 9797 4959 9797 4988 9798 4960 9798 4961 9798 4988 9799 4987 9799 4960 9799 4989 9800 4961 9800 4962 9800 4989 9801 4988 9801 4961 9801 4990 9802 4962 9802 4963 9802 4990 9803 4989 9803 4962 9803 4991 9804 4963 9804 4964 9804 4991 9805 4990 9805 4963 9805 4964 9806 4107 9806 4108 9806 4107 9807 4964 9807 4209 9807 4108 9808 4092 9808 4991 9808 4108 9809 4991 9809 4964 9809 4109 9810 4965 9810 4992 9810 4110 9811 4965 9811 4109 9811 4965 9812 4110 9812 4211 9812 4992 9813 4096 9813 4109 9813 4966 9814 4993 9814 4965 9814 4993 9815 4992 9815 4965 9815 4967 9816 4994 9816 4966 9816 4994 9817 4993 9817 4966 9817 4968 9818 4995 9818 4967 9818 4995 9819 4994 9819 4967 9819 4969 9820 4996 9820 4968 9820 4996 9821 4995 9821 4968 9821 4970 9822 4997 9822 4969 9822 4997 9823 4996 9823 4969 9823 4971 9824 4998 9824 4970 9824 4998 9825 4997 9825 4970 9825 4972 9826 4999 9826 4971 9826 4999 9827 4998 9827 4971 9827 4973 9828 5000 9828 4972 9828 5000 9829 4999 9829 4972 9829 4974 9830 5001 9830 4973 9830 5001 9831 5000 9831 4973 9831 4975 9832 5002 9832 4974 9832 5002 9833 5001 9833 4974 9833 4976 9834 5003 9834 4975 9834 5003 9835 5002 9835 4975 9835 4977 9836 5004 9836 4976 9836 5004 9837 5003 9837 4976 9837 4952 9838 4979 9838 4977 9838 4979 9839 5004 9839 4977 9839 5005 9840 4979 9840 4978 9840 5005 9841 5006 9841 4979 9841 5007 9842 4978 9842 4980 9842 5007 9843 5005 9843 4978 9843 5008 9844 4980 9844 4981 9844 5008 9845 5007 9845 4980 9845 5009 9846 4981 9846 4982 9846 5009 9847 5008 9847 4981 9847 5010 9848 4982 9848 4983 9848 5010 9849 5009 9849 4982 9849 5011 9850 4983 9850 4984 9850 5011 9851 5010 9851 4983 9851 5012 9852 4984 9852 4985 9852 5012 9853 5011 9853 4984 9853 5013 9854 4985 9854 4986 9854 5013 9855 5012 9855 4985 9855 5014 9856 4986 9856 4987 9856 5014 9857 5013 9857 4986 9857 5015 9858 4987 9858 4988 9858 5015 9859 5014 9859 4987 9859 5016 9860 4988 9860 4989 9860 5016 9861 5015 9861 4988 9861 5017 9862 4989 9862 4990 9862 5017 9863 5016 9863 4989 9863 5018 9864 4990 9864 4991 9864 5018 9865 5017 9865 4990 9865 4093 9866 4991 9866 4092 9866 5018 9867 4093 9867 4094 9867 4093 9868 5018 9868 4991 9868 4095 9869 4992 9869 5019 9869 4992 9870 4095 9870 4096 9870 5019 9871 4097 9871 4095 9871 4993 9872 5020 9872 4992 9872 5020 9873 5019 9873 4992 9873 4994 9874 5021 9874 4993 9874 5021 9875 5020 9875 4993 9875 4995 9876 5022 9876 4994 9876 5022 9877 5021 9877 4994 9877 4996 9878 5023 9878 4995 9878 5023 9879 5022 9879 4995 9879 4997 9880 5024 9880 4996 9880 5024 9881 5023 9881 4996 9881 4998 9882 5025 9882 4997 9882 5025 9883 5024 9883 4997 9883 4999 9884 5026 9884 4998 9884 5026 9885 5025 9885 4998 9885 5000 9886 5027 9886 4999 9886 5027 9887 5026 9887 4999 9887 5001 9888 5028 9888 5000 9888 5028 9889 5027 9889 5000 9889 5002 9890 5029 9890 5001 9890 5029 9891 5028 9891 5001 9891 5003 9892 5030 9892 5002 9892 5030 9893 5029 9893 5002 9893 5004 9894 5031 9894 5003 9894 5031 9895 5030 9895 5003 9895 4979 9896 5006 9896 5004 9896 5006 9897 5031 9897 5004 9897 5032 9898 5006 9898 5005 9898 5032 9899 5033 9899 5006 9899 5034 9900 5005 9900 5007 9900 5034 9901 5032 9901 5005 9901 5035 9902 5007 9902 5008 9902 5035 9903 5034 9903 5007 9903 5036 9904 5008 9904 5009 9904 5036 9905 5035 9905 5008 9905 5037 9906 5009 9906 5010 9906 5037 9907 5036 9907 5009 9907 5038 9908 5010 9908 5011 9908 5038 9909 5037 9909 5010 9909 5039 9910 5011 9910 5012 9910 5038 9911 5011 9911 5039 9911 5040 9912 5012 9912 5013 9912 5039 9913 5012 9913 5040 9913 5041 9914 5013 9914 5014 9914 5040 9915 5013 9915 5041 9915 5042 9916 5014 9916 5015 9916 5041 9917 5014 9917 5042 9917 5043 9918 5015 9918 5016 9918 5042 9919 5015 9919 5043 9919 5044 9920 5016 9920 5017 9920 5043 9921 5016 9921 5044 9921 5045 9922 5017 9922 5018 9922 5044 9923 5017 9923 5045 9923 5018 9924 4094 9924 4101 9924 4101 9925 5045 9925 5018 9925 5045 9926 4101 9926 4102 9926 4103 9927 5019 9927 5046 9927 4097 9928 5019 9928 4103 9928 5046 9929 4104 9929 4103 9929 5020 9930 5047 9930 5019 9930 5047 9931 5046 9931 5019 9931 5021 9932 5048 9932 5020 9932 5048 9933 5047 9933 5020 9933 5022 9934 5049 9934 5021 9934 5049 9935 5048 9935 5021 9935 5023 9936 5050 9936 5022 9936 5050 9937 5049 9937 5022 9937 5024 9938 5051 9938 5023 9938 5051 9939 5050 9939 5023 9939 5025 9940 5052 9940 5024 9940 5052 9941 5051 9941 5024 9941 5026 9942 5053 9942 5025 9942 5053 9943 5052 9943 5025 9943 5027 9944 5054 9944 5026 9944 5054 9945 5053 9945 5026 9945 5028 9946 5055 9946 5027 9946 5055 9947 5054 9947 5027 9947 5029 9948 5056 9948 5028 9948 5056 9949 5055 9949 5028 9949 5030 9950 5057 9950 5029 9950 5057 9951 5056 9951 5029 9951 5031 9952 5058 9952 5030 9952 5058 9953 5057 9953 5030 9953 5006 9954 5033 9954 5031 9954 5033 9955 5058 9955 5031 9955 5033 9956 5032 9956 5059 9956 5060 9957 5033 9957 5059 9957 5032 9958 5034 9958 5061 9958 5059 9959 5032 9959 5061 9959 5034 9960 5035 9960 5062 9960 5061 9961 5034 9961 5062 9961 5035 9962 5036 9962 5063 9962 5062 9963 5035 9963 5063 9963 5036 9964 5037 9964 5064 9964 5063 9965 5036 9965 5064 9965 5037 9966 5038 9966 5065 9966 5064 9967 5037 9967 5065 9967 5038 9968 5039 9968 5066 9968 5065 9969 5038 9969 5066 9969 5039 9970 5040 9970 5067 9970 5066 9971 5039 9971 5067 9971 5040 9972 5041 9972 5068 9972 5067 9973 5040 9973 5068 9973 5041 9974 5042 9974 5069 9974 5068 9975 5041 9975 5069 9975 5042 9976 5043 9976 5070 9976 5069 9977 5042 9977 5070 9977 5043 9978 5044 9978 5071 9978 5070 9979 5043 9979 5071 9979 5044 9980 5045 9980 5072 9980 5071 9981 5044 9981 5072 9981 5045 9982 4102 9982 4164 9982 4164 9983 5072 9983 5045 9983 4165 9984 5072 9984 4164 9984 4166 9985 5046 9985 5073 9985 5046 9986 4166 9986 4104 9986 5073 9987 4167 9987 4166 9987 5047 9988 5074 9988 5046 9988 5046 9989 5074 9989 5073 9989 5048 9990 5075 9990 5047 9990 5047 9991 5075 9991 5074 9991 5049 9992 5076 9992 5048 9992 5048 9993 5076 9993 5075 9993 5050 9994 5077 9994 5049 9994 5049 9995 5077 9995 5076 9995 5051 9996 5078 9996 5050 9996 5050 9997 5078 9997 5077 9997 5052 9998 5079 9998 5051 9998 5051 9999 5079 9999 5078 9999 5053 10000 5080 10000 5052 10000 5052 10001 5080 10001 5079 10001 5053 10002 5054 10002 5081 10002 5053 10003 5081 10003 5080 10003 5054 10004 5055 10004 5082 10004 5054 10005 5082 10005 5081 10005 5055 10006 5056 10006 5083 10006 5055 10007 5083 10007 5082 10007 5056 10008 5057 10008 5084 10008 5056 10009 5084 10009 5083 10009 5057 10010 5058 10010 5085 10010 5057 10011 5085 10011 5084 10011 5058 10012 5033 10012 5060 10012 5058 10013 5060 10013 5085 10013 5060 10014 5059 10014 5086 10014 5087 10015 5060 10015 5086 10015 5059 10016 5061 10016 5088 10016 5086 10017 5059 10017 5088 10017 5061 10018 5062 10018 5089 10018 5088 10019 5061 10019 5089 10019 5062 10020 5063 10020 5090 10020 5089 10021 5062 10021 5090 10021 5063 10022 5064 10022 5091 10022 5090 10023 5063 10023 5091 10023 5064 10024 5065 10024 5092 10024 5091 10025 5064 10025 5092 10025 5065 10026 5066 10026 5093 10026 5092 10027 5065 10027 5093 10027 5066 10028 5067 10028 5094 10028 5093 10029 5066 10029 5094 10029 5067 10030 5068 10030 5095 10030 5094 10031 5067 10031 5095 10031 5068 10032 5069 10032 5096 10032 5095 10033 5068 10033 5096 10033 5069 10034 5070 10034 5097 10034 5096 10035 5069 10035 5097 10035 5070 10036 5071 10036 5098 10036 5097 10037 5070 10037 5098 10037 5071 10038 5072 10038 5099 10038 5098 10039 5071 10039 5099 10039 5072 10040 4165 10040 4320 10040 4320 10041 5099 10041 5072 10041 5099 10042 4320 10042 4280 10042 5073 10043 4321 10043 4167 10043 4321 10044 5073 10044 5100 10044 4321 10045 5100 10045 4283 10045 5073 10046 5074 10046 5101 10046 5073 10047 5101 10047 5100 10047 5074 10048 5075 10048 5102 10048 5074 10049 5102 10049 5101 10049 5075 10050 5076 10050 5103 10050 5075 10051 5103 10051 5102 10051 5076 10052 5077 10052 5104 10052 5076 10053 5104 10053 5103 10053 5077 10054 5078 10054 5105 10054 5077 10055 5105 10055 5104 10055 5078 10056 5079 10056 5106 10056 5078 10057 5106 10057 5105 10057 5079 10058 5080 10058 5107 10058 5079 10059 5107 10059 5106 10059 5080 10060 5081 10060 5108 10060 5080 10061 5108 10061 5107 10061 5081 10062 5082 10062 5109 10062 5081 10063 5109 10063 5108 10063 5082 10064 5083 10064 5110 10064 5082 10065 5110 10065 5109 10065 5083 10066 5084 10066 5111 10066 5083 10067 5111 10067 5110 10067 5084 10068 5085 10068 5112 10068 5084 10069 5112 10069 5111 10069 5085 10070 5060 10070 5087 10070 5085 10071 5087 10071 5112 10071 5087 10072 5086 10072 5113 10072 5114 10073 5087 10073 5113 10073 5086 10074 5088 10074 5115 10074 5113 10075 5086 10075 5115 10075 5088 10076 5089 10076 5116 10076 5115 10077 5088 10077 5116 10077 5089 10078 5090 10078 5117 10078 5116 10079 5089 10079 5117 10079 5090 10080 5091 10080 5118 10080 5117 10081 5090 10081 5118 10081 5091 10082 5092 10082 5119 10082 5118 10083 5091 10083 5119 10083 5092 10084 5093 10084 5120 10084 5119 10085 5092 10085 5120 10085 5093 10086 5094 10086 5121 10086 5120 10087 5093 10087 5121 10087 5094 10088 5095 10088 5122 10088 5121 10089 5094 10089 5122 10089 5095 10090 5096 10090 5123 10090 5122 10091 5095 10091 5123 10091 5096 10092 5097 10092 5124 10092 5123 10093 5096 10093 5124 10093 5097 10094 5098 10094 5125 10094 5124 10095 5097 10095 5125 10095 5098 10096 5099 10096 5126 10096 5125 10097 5098 10097 5126 10097 5099 10098 4280 10098 4281 10098 4281 10099 5126 10099 5099 10099 4185 10100 5126 10100 4281 10100 5126 10101 4185 10101 4184 10101 4282 10102 4283 10102 5100 10102 4282 10103 5100 10103 5127 10103 5127 10104 4189 10104 4282 10104 4189 10105 5127 10105 4188 10105 5100 10106 5101 10106 5128 10106 5100 10107 5128 10107 5127 10107 5101 10108 5102 10108 5129 10108 5101 10109 5129 10109 5128 10109 5102 10110 5103 10110 5130 10110 5102 10111 5130 10111 5129 10111 5103 10112 5104 10112 5131 10112 5103 10113 5131 10113 5130 10113 5104 10114 5105 10114 5132 10114 5104 10115 5132 10115 5131 10115 5105 10116 5106 10116 5133 10116 5105 10117 5133 10117 5132 10117 5106 10118 5107 10118 5134 10118 5106 10119 5134 10119 5133 10119 5107 10120 5108 10120 5135 10120 5107 10121 5135 10121 5134 10121 5108 10122 5109 10122 5136 10122 5108 10123 5136 10123 5135 10123 5109 10124 5110 10124 5137 10124 5109 10125 5137 10125 5136 10125 5110 10126 5111 10126 5138 10126 5110 10127 5138 10127 5137 10127 5111 10128 5112 10128 5139 10128 5111 10129 5139 10129 5138 10129 5112 10130 5087 10130 5114 10130 5112 10131 5114 10131 5139 10131 5114 10132 5113 10132 5140 10132 5141 10133 5114 10133 5140 10133 5113 10134 5115 10134 5142 10134 5140 10135 5113 10135 5142 10135 5115 10136 5116 10136 5143 10136 5142 10137 5115 10137 5143 10137 5116 10138 5117 10138 5144 10138 5143 10139 5116 10139 5144 10139 5117 10140 5118 10140 5145 10140 5144 10141 5117 10141 5145 10141 5118 10142 5119 10142 5146 10142 5145 10143 5118 10143 5146 10143 5119 10144 5120 10144 5147 10144 5146 10145 5119 10145 5147 10145 5120 10146 5121 10146 5148 10146 5147 10147 5120 10147 5148 10147 5121 10148 5122 10148 5149 10148 5148 10149 5121 10149 5149 10149 5122 10150 5123 10150 5150 10150 5149 10151 5122 10151 5150 10151 5123 10152 5124 10152 5151 10152 5150 10153 5123 10153 5151 10153 5124 10154 5125 10154 5152 10154 5151 10155 5124 10155 5152 10155 5125 10156 5126 10156 5153 10156 5152 10157 5125 10157 5153 10157 5126 10158 4184 10158 4186 10158 4186 10159 5153 10159 5126 10159 5153 10160 4186 10160 4187 10160 5127 10161 4190 10161 4188 10161 4190 10162 5127 10162 5154 10162 4190 10163 5154 10163 4191 10163 5127 10164 5128 10164 5155 10164 5127 10165 5155 10165 5154 10165 5128 10166 5129 10166 5156 10166 5128 10167 5156 10167 5155 10167 5129 10168 5130 10168 5157 10168 5129 10169 5157 10169 5156 10169 5130 10170 5131 10170 5158 10170 5130 10171 5158 10171 5157 10171 5131 10172 5132 10172 5159 10172 5131 10173 5159 10173 5158 10173 5132 10174 5133 10174 5160 10174 5132 10175 5160 10175 5159 10175 5133 10176 5134 10176 5161 10176 5133 10177 5161 10177 5160 10177 5134 10178 5135 10178 5162 10178 5134 10179 5162 10179 5161 10179 5135 10180 5136 10180 5163 10180 5135 10181 5163 10181 5162 10181 5136 10182 5137 10182 5164 10182 5136 10183 5164 10183 5163 10183 5137 10184 5138 10184 5165 10184 5137 10185 5165 10185 5164 10185 5138 10186 5139 10186 5166 10186 5138 10187 5166 10187 5165 10187 5139 10188 5114 10188 5141 10188 5139 10189 5141 10189 5166 10189 5141 10190 5140 10190 5167 10190 5168 10191 5141 10191 5167 10191 5140 10192 5142 10192 5169 10192 5167 10193 5140 10193 5169 10193 5142 10194 5143 10194 5170 10194 5169 10195 5142 10195 5170 10195 5143 10196 5144 10196 5171 10196 5170 10197 5143 10197 5171 10197 5144 10198 5145 10198 5172 10198 5171 10199 5144 10199 5172 10199 5145 10200 5146 10200 5173 10200 5172 10201 5145 10201 5173 10201 5146 10202 5147 10202 5174 10202 5173 10203 5146 10203 5174 10203 5147 10204 5148 10204 5175 10204 5174 10205 5147 10205 5175 10205 5148 10206 5149 10206 5176 10206 5175 10207 5148 10207 5176 10207 5149 10208 5150 10208 5177 10208 5176 10209 5149 10209 5177 10209 5150 10210 5151 10210 5178 10210 5177 10211 5150 10211 5178 10211 5151 10212 5152 10212 5179 10212 5178 10213 5151 10213 5179 10213 5152 10214 5153 10214 5180 10214 5179 10215 5152 10215 5180 10215 5153 10216 4187 10216 4312 10216 4312 10217 5180 10217 5153 10217 5180 10218 4312 10218 4313 10218 5154 10219 4314 10219 4191 10219 4314 10220 5154 10220 5181 10220 4314 10221 5181 10221 4315 10221 5154 10222 5155 10222 5182 10222 5154 10223 5182 10223 5181 10223 5155 10224 5156 10224 5183 10224 5155 10225 5183 10225 5182 10225 5156 10226 5157 10226 5184 10226 5156 10227 5184 10227 5183 10227 5157 10228 5158 10228 5185 10228 5157 10229 5185 10229 5184 10229 5158 10230 5159 10230 5186 10230 5158 10231 5186 10231 5185 10231 5159 10232 5160 10232 5187 10232 5159 10233 5187 10233 5186 10233 5160 10234 5161 10234 5188 10234 5160 10235 5188 10235 5187 10235 5161 10236 5162 10236 5189 10236 5161 10237 5189 10237 5188 10237 5162 10238 5163 10238 5190 10238 5162 10239 5190 10239 5189 10239 5163 10240 5164 10240 5191 10240 5163 10241 5191 10241 5190 10241 5164 10242 5165 10242 5192 10242 5164 10243 5192 10243 5191 10243 5165 10244 5166 10244 5193 10244 5165 10245 5193 10245 5192 10245 5166 10246 5141 10246 5168 10246 5166 10247 5168 10247 5193 10247 5168 10248 5167 10248 5194 10248 5195 10249 5168 10249 5194 10249 5167 10250 5169 10250 5196 10250 5194 10251 5167 10251 5196 10251 5169 10252 5170 10252 5197 10252 5196 10253 5169 10253 5197 10253 5170 10254 5171 10254 5198 10254 5197 10255 5170 10255 5198 10255 5171 10256 5172 10256 5199 10256 5198 10257 5171 10257 5199 10257 5172 10258 5173 10258 5200 10258 5199 10259 5172 10259 5200 10259 5173 10260 5174 10260 5201 10260 5200 10261 5173 10261 5201 10261 5174 10262 5175 10262 5202 10262 5201 10263 5174 10263 5202 10263 5175 10264 5176 10264 5203 10264 5202 10265 5175 10265 5203 10265 5176 10266 5177 10266 5204 10266 5203 10267 5176 10267 5204 10267 5177 10268 5178 10268 5205 10268 5204 10269 5177 10269 5205 10269 5178 10270 5179 10270 5206 10270 5205 10271 5178 10271 5206 10271 5179 10272 5180 10272 5207 10272 5206 10273 5179 10273 5207 10273 5180 10274 4313 10274 4318 10274 4318 10275 5207 10275 5180 10275 5207 10276 4318 10276 4302 10276 5181 10277 4319 10277 4315 10277 4319 10278 5181 10278 5208 10278 4319 10279 5208 10279 4305 10279 5181 10280 5182 10280 5209 10280 5181 10281 5209 10281 5208 10281 5182 10282 5183 10282 5210 10282 5182 10283 5210 10283 5209 10283 5183 10284 5184 10284 5211 10284 5183 10285 5211 10285 5210 10285 5184 10286 5185 10286 5212 10286 5184 10287 5212 10287 5211 10287 5185 10288 5186 10288 5213 10288 5185 10289 5213 10289 5212 10289 5186 10290 5187 10290 5214 10290 5186 10291 5214 10291 5213 10291 5187 10292 5188 10292 5215 10292 5187 10293 5215 10293 5214 10293 5188 10294 5189 10294 5216 10294 5188 10295 5216 10295 5215 10295 5189 10296 5190 10296 5217 10296 5189 10297 5217 10297 5216 10297 5190 10298 5191 10298 5218 10298 5190 10299 5218 10299 5217 10299 5191 10300 5192 10300 5219 10300 5191 10301 5219 10301 5218 10301 5192 10302 5193 10302 5220 10302 5192 10303 5220 10303 5219 10303 5193 10304 5168 10304 5195 10304 5193 10305 5195 10305 5220 10305 5195 10306 5194 10306 5221 10306 5222 10307 5195 10307 5221 10307 5194 10308 5196 10308 5223 10308 5221 10309 5194 10309 5223 10309 5196 10310 5197 10310 5224 10310 5223 10311 5196 10311 5224 10311 5197 10312 5198 10312 5225 10312 5224 10313 5197 10313 5225 10313 5198 10314 5199 10314 5226 10314 5225 10315 5198 10315 5226 10315 5199 10316 5200 10316 5227 10316 5226 10317 5199 10317 5227 10317 5200 10318 5201 10318 5228 10318 5227 10319 5200 10319 5228 10319 5201 10320 5202 10320 5229 10320 5228 10321 5201 10321 5229 10321 5202 10322 5203 10322 5230 10322 5229 10323 5202 10323 5230 10323 5203 10324 5204 10324 5231 10324 5230 10325 5203 10325 5231 10325 5204 10326 5205 10326 5232 10326 5231 10327 5204 10327 5232 10327 5205 10328 5206 10328 5233 10328 5232 10329 5205 10329 5233 10329 5206 10330 5207 10330 5234 10330 5233 10331 5206 10331 5234 10331 5207 10332 4302 10332 4300 10332 4300 10333 5234 10333 5207 10333 4301 10334 5234 10334 4300 10334 5208 10335 4303 10335 4305 10335 4303 10336 5208 10336 5235 10336 5235 10337 4304 10337 4303 10337 5208 10338 5209 10338 5236 10338 5208 10339 5236 10339 5235 10339 5209 10340 5210 10340 5237 10340 5209 10341 5237 10341 5236 10341 5210 10342 5211 10342 5238 10342 5210 10343 5238 10343 5237 10343 5211 10344 5212 10344 5239 10344 5211 10345 5239 10345 5238 10345 5212 10346 5213 10346 5240 10346 5212 10347 5240 10347 5239 10347 5213 10348 5214 10348 5241 10348 5213 10349 5241 10349 5240 10349 5214 10350 5215 10350 5242 10350 5214 10351 5242 10351 5241 10351 5215 10352 5216 10352 5243 10352 5215 10353 5243 10353 5242 10353 5216 10354 5217 10354 5244 10354 5216 10355 5244 10355 5243 10355 5217 10356 5218 10356 5245 10356 5217 10357 5245 10357 5244 10357 5218 10358 5219 10358 5246 10358 5218 10359 5246 10359 5245 10359 5219 10360 5220 10360 5247 10360 5219 10361 5247 10361 5246 10361 5220 10362 5195 10362 5222 10362 5220 10363 5222 10363 5247 10363 5222 10364 5221 10364 5248 10364 5249 10365 5222 10365 5248 10365 5221 10366 5223 10366 5250 10366 5248 10367 5221 10367 5250 10367 5223 10368 5224 10368 5251 10368 5250 10369 5223 10369 5251 10369 5224 10370 5225 10370 5252 10370 5251 10371 5224 10371 5252 10371 5225 10372 5226 10372 5253 10372 5252 10373 5225 10373 5253 10373 5226 10374 5227 10374 5254 10374 5253 10375 5226 10375 5254 10375 5227 10376 5228 10376 5255 10376 5254 10377 5227 10377 5255 10377 5228 10378 5229 10378 5256 10378 5255 10379 5228 10379 5256 10379 5229 10380 5230 10380 5257 10380 5256 10381 5229 10381 5257 10381 5230 10382 5231 10382 5258 10382 5257 10383 5230 10383 5258 10383 5231 10384 5232 10384 5259 10384 5258 10385 5231 10385 5259 10385 5232 10386 5233 10386 5260 10386 5259 10387 5232 10387 5260 10387 5233 10388 5234 10388 5261 10388 5260 10389 5233 10389 5261 10389 5234 10390 4301 10390 4316 10390 4316 10391 5261 10391 5234 10391 5261 10392 4316 10392 4227 10392 5235 10393 4317 10393 4304 10393 4317 10394 5235 10394 5262 10394 4231 10395 4317 10395 5262 10395 5235 10396 5236 10396 5263 10396 5235 10397 5263 10397 5262 10397 5236 10398 5237 10398 5264 10398 5236 10399 5264 10399 5263 10399 5237 10400 5238 10400 5265 10400 5237 10401 5265 10401 5264 10401 5238 10402 5239 10402 5266 10402 5238 10403 5266 10403 5265 10403 5239 10404 5240 10404 5267 10404 5239 10405 5267 10405 5266 10405 5240 10406 5241 10406 5268 10406 5240 10407 5268 10407 5267 10407 5241 10408 5242 10408 5269 10408 5241 10409 5269 10409 5268 10409 5242 10410 5243 10410 5270 10410 5242 10411 5270 10411 5269 10411 5243 10412 5244 10412 5271 10412 5243 10413 5271 10413 5270 10413 5244 10414 5245 10414 5272 10414 5244 10415 5272 10415 5271 10415 5245 10416 5246 10416 5273 10416 5245 10417 5273 10417 5272 10417 5246 10418 5247 10418 5274 10418 5246 10419 5274 10419 5273 10419 5247 10420 5222 10420 5249 10420 5247 10421 5249 10421 5274 10421 5249 10422 5248 10422 5275 10422 5276 10423 5249 10423 5275 10423 5248 10424 5250 10424 5277 10424 5275 10425 5248 10425 5277 10425 5250 10426 5251 10426 5278 10426 5277 10427 5250 10427 5278 10427 5251 10428 5252 10428 5279 10428 5278 10429 5251 10429 5279 10429 5252 10430 5253 10430 5280 10430 5279 10431 5252 10431 5280 10431 5253 10432 5254 10432 5281 10432 5280 10433 5253 10433 5281 10433 5254 10434 5255 10434 5282 10434 5281 10435 5254 10435 5282 10435 5255 10436 5256 10436 5283 10436 5282 10437 5255 10437 5283 10437 5256 10438 5257 10438 5284 10438 5283 10439 5256 10439 5284 10439 5257 10440 5258 10440 5285 10440 5284 10441 5257 10441 5285 10441 5258 10442 5259 10442 5286 10442 5285 10443 5258 10443 5286 10443 5259 10444 5260 10444 5287 10444 5286 10445 5259 10445 5287 10445 5260 10446 5261 10446 5288 10446 5287 10447 5260 10447 5288 10447 5261 10448 4227 10448 4224 10448 4224 10449 5288 10449 5261 10449 5288 10450 4224 10450 4225 10450 5262 10451 4230 10451 4231 10451 4230 10452 5262 10452 5289 10452 4230 10453 5289 10453 4228 10453 5262 10454 5263 10454 5290 10454 5262 10455 5290 10455 5289 10455 5263 10456 5264 10456 5291 10456 5263 10457 5291 10457 5290 10457 5264 10458 5265 10458 5292 10458 5264 10459 5292 10459 5291 10459 5265 10460 5266 10460 5293 10460 5265 10461 5293 10461 5292 10461 5266 10462 5267 10462 5294 10462 5266 10463 5294 10463 5293 10463 5267 10464 5268 10464 5295 10464 5267 10465 5295 10465 5294 10465 5268 10466 5269 10466 5296 10466 5268 10467 5296 10467 5295 10467 5269 10468 5270 10468 5297 10468 5269 10469 5297 10469 5296 10469 5270 10470 5271 10470 5298 10470 5270 10471 5298 10471 5297 10471 5271 10472 5272 10472 5299 10472 5271 10473 5299 10473 5298 10473 5272 10474 5273 10474 5300 10474 5272 10475 5300 10475 5299 10475 5273 10476 5274 10476 5301 10476 5273 10477 5301 10477 5300 10477 5274 10478 5249 10478 5276 10478 5274 10479 5276 10479 5301 10479 5276 10480 5275 10480 5302 10480 5303 10481 5276 10481 5302 10481 5275 10482 5277 10482 5304 10482 5302 10483 5275 10483 5304 10483 5277 10484 5278 10484 5305 10484 5304 10485 5277 10485 5305 10485 5278 10486 5279 10486 5306 10486 5305 10487 5278 10487 5306 10487 5279 10488 5280 10488 5307 10488 5306 10489 5279 10489 5307 10489 5280 10490 5281 10490 5308 10490 5307 10491 5280 10491 5308 10491 5281 10492 5282 10492 5309 10492 5308 10493 5281 10493 5309 10493 5282 10494 5283 10494 5310 10494 5309 10495 5282 10495 5310 10495 5283 10496 5284 10496 5311 10496 5310 10497 5283 10497 5311 10497 5284 10498 5285 10498 5312 10498 5311 10499 5284 10499 5312 10499 5285 10500 5286 10500 5313 10500 5312 10501 5285 10501 5313 10501 5286 10502 5287 10502 5314 10502 5313 10503 5286 10503 5314 10503 5287 10504 5288 10504 5315 10504 5314 10505 5287 10505 5315 10505 4226 10506 5288 10506 4225 10506 5288 10507 4226 10507 4356 10507 4356 10508 5315 10508 5288 10508 4356 10509 4355 10509 5315 10509 5289 10510 4229 10510 4228 10510 5289 10511 4357 10511 4229 10511 4357 10512 5289 10512 5316 10512 5316 10513 4358 10513 4357 10513 5289 10514 5290 10514 5317 10514 5289 10515 5317 10515 5316 10515 5290 10516 5291 10516 5318 10516 5290 10517 5318 10517 5317 10517 5291 10518 5292 10518 5319 10518 5291 10519 5319 10519 5318 10519 5292 10520 5293 10520 5320 10520 5292 10521 5320 10521 5319 10521 5293 10522 5294 10522 5321 10522 5293 10523 5321 10523 5320 10523 5294 10524 5295 10524 5322 10524 5294 10525 5322 10525 5321 10525 5295 10526 5296 10526 5323 10526 5295 10527 5323 10527 5322 10527 5296 10528 5297 10528 5324 10528 5296 10529 5324 10529 5323 10529 5297 10530 5298 10530 5325 10530 5297 10531 5325 10531 5324 10531 5298 10532 5299 10532 5326 10532 5298 10533 5326 10533 5325 10533 5299 10534 5300 10534 5327 10534 5299 10535 5327 10535 5326 10535 5300 10536 5301 10536 5328 10536 5300 10537 5328 10537 5327 10537 5301 10538 5276 10538 5303 10538 5301 10539 5303 10539 5328 10539 5303 10540 5302 10540 5329 10540 5330 10541 5303 10541 5329 10541 5302 10542 5304 10542 5331 10542 5329 10543 5302 10543 5331 10543 5304 10544 5305 10544 5332 10544 5331 10545 5304 10545 5332 10545 5305 10546 5306 10546 5333 10546 5332 10547 5305 10547 5333 10547 5306 10548 5307 10548 5334 10548 5333 10549 5306 10549 5334 10549 5307 10550 5308 10550 5335 10550 5334 10551 5307 10551 5335 10551 5308 10552 5309 10552 5336 10552 5335 10553 5308 10553 5336 10553 5309 10554 5310 10554 5337 10554 5336 10555 5309 10555 5337 10555 5310 10556 5311 10556 5338 10556 5337 10557 5310 10557 5338 10557 5311 10558 5312 10558 5339 10558 5338 10559 5311 10559 5339 10559 5312 10560 5313 10560 5340 10560 5339 10561 5312 10561 5340 10561 5313 10562 5314 10562 5341 10562 5340 10563 5313 10563 5341 10563 5314 10564 5315 10564 5342 10564 5341 10565 5314 10565 5342 10565 5315 10566 4355 10566 4362 10566 4362 10567 5342 10567 5315 10567 5342 10568 4362 10568 4086 10568 5316 10569 4363 10569 4358 10569 4363 10570 5316 10570 5343 10570 4363 10571 5343 10571 4089 10571 5316 10572 5317 10572 5344 10572 5316 10573 5344 10573 5343 10573 5317 10574 5318 10574 5345 10574 5317 10575 5345 10575 5344 10575 5318 10576 5319 10576 5346 10576 5318 10577 5346 10577 5345 10577 5319 10578 5320 10578 5347 10578 5319 10579 5347 10579 5346 10579 5320 10580 5321 10580 5348 10580 5320 10581 5348 10581 5347 10581 5321 10582 5322 10582 5349 10582 5321 10583 5349 10583 5348 10583 5322 10584 5323 10584 5350 10584 5322 10585 5350 10585 5349 10585 5323 10586 5324 10586 5351 10586 5323 10587 5351 10587 5350 10587 5324 10588 5325 10588 5352 10588 5324 10589 5352 10589 5351 10589 5325 10590 5326 10590 5353 10590 5325 10591 5353 10591 5352 10591 5326 10592 5327 10592 5354 10592 5326 10593 5354 10593 5353 10593 5327 10594 5328 10594 5355 10594 5327 10595 5355 10595 5354 10595 5328 10596 5303 10596 5330 10596 5328 10597 5330 10597 5355 10597 5330 10598 5329 10598 5356 10598 5330 10599 5356 10599 5357 10599 5329 10600 5331 10600 5358 10600 5329 10601 5358 10601 5356 10601 5331 10602 5332 10602 5359 10602 5331 10603 5359 10603 5358 10603 5332 10604 5333 10604 5360 10604 5332 10605 5360 10605 5359 10605 5333 10606 5334 10606 5361 10606 5333 10607 5361 10607 5360 10607 5334 10608 5335 10608 5362 10608 5334 10609 5362 10609 5361 10609 5335 10610 5336 10610 5363 10610 5335 10611 5363 10611 5362 10611 5336 10612 5337 10612 5364 10612 5336 10613 5364 10613 5363 10613 5337 10614 5338 10614 5365 10614 5337 10615 5365 10615 5364 10615 5338 10616 5339 10616 5366 10616 5338 10617 5366 10617 5365 10617 5339 10618 5340 10618 5367 10618 5339 10619 5367 10619 5366 10619 5340 10620 5341 10620 5368 10620 5340 10621 5368 10621 5367 10621 5341 10622 5342 10622 5369 10622 5341 10623 5369 10623 5368 10623 5342 10624 4086 10624 4085 10624 5369 10625 4085 10625 4084 10625 4085 10626 5369 10626 5342 10626 5343 10627 4087 10627 4089 10627 4087 10628 5343 10628 5370 10628 4088 10629 4087 10629 5370 10629 5343 10630 5344 10630 5371 10630 5370 10631 5343 10631 5371 10631 5344 10632 5345 10632 5372 10632 5371 10633 5344 10633 5372 10633 5345 10634 5346 10634 5373 10634 5372 10635 5345 10635 5373 10635 5346 10636 5347 10636 5374 10636 5373 10637 5346 10637 5374 10637 5347 10638 5348 10638 5375 10638 5374 10639 5347 10639 5375 10639 5348 10640 5349 10640 5376 10640 5375 10641 5348 10641 5376 10641 5349 10642 5350 10642 5377 10642 5376 10643 5349 10643 5377 10643 5350 10644 5351 10644 5378 10644 5377 10645 5350 10645 5378 10645 5351 10646 5352 10646 5379 10646 5378 10647 5351 10647 5379 10647 5352 10648 5353 10648 5380 10648 5379 10649 5352 10649 5380 10649 5353 10650 5354 10650 5381 10650 5380 10651 5353 10651 5381 10651 5354 10652 5355 10652 5382 10652 5381 10653 5354 10653 5382 10653 5355 10654 5330 10654 5357 10654 5382 10655 5355 10655 5357 10655 5357 10656 5356 10656 5383 10656 5357 10657 5383 10657 5384 10657 5356 10658 5358 10658 5385 10658 5356 10659 5385 10659 5383 10659 5358 10660 5359 10660 5386 10660 5358 10661 5386 10661 5385 10661 5359 10662 5360 10662 5387 10662 5359 10663 5387 10663 5386 10663 5360 10664 5361 10664 5388 10664 5360 10665 5388 10665 5387 10665 5361 10666 5362 10666 5389 10666 5361 10667 5389 10667 5388 10667 5362 10668 5363 10668 5390 10668 5362 10669 5390 10669 5389 10669 5363 10670 5364 10670 5391 10670 5363 10671 5391 10671 5390 10671 5364 10672 5365 10672 5392 10672 5364 10673 5392 10673 5391 10673 5365 10674 5366 10674 5393 10674 5365 10675 5393 10675 5392 10675 5366 10676 5367 10676 5394 10676 5366 10677 5394 10677 5393 10677 5367 10678 5368 10678 5395 10678 5367 10679 5395 10679 5394 10679 5368 10680 5369 10680 5396 10680 5368 10681 5396 10681 5395 10681 5369 10682 4084 10682 4368 10682 5396 10683 4368 10683 4369 10683 4368 10684 5396 10684 5369 10684 5370 10685 4370 10685 4088 10685 4370 10686 5370 10686 5397 10686 5397 10687 4371 10687 4370 10687 5370 10688 5371 10688 5398 10688 5397 10689 5370 10689 5398 10689 5371 10690 5372 10690 5399 10690 5398 10691 5371 10691 5399 10691 5372 10692 5373 10692 5400 10692 5399 10693 5372 10693 5400 10693 5373 10694 5374 10694 5401 10694 5400 10695 5373 10695 5401 10695 5374 10696 5375 10696 5402 10696 5401 10697 5374 10697 5402 10697 5375 10698 5376 10698 5403 10698 5402 10699 5375 10699 5403 10699 5376 10700 5377 10700 5404 10700 5403 10701 5376 10701 5404 10701 5377 10702 5378 10702 5405 10702 5404 10703 5377 10703 5405 10703 5378 10704 5379 10704 5406 10704 5405 10705 5378 10705 5406 10705 5379 10706 5380 10706 5407 10706 5406 10707 5379 10707 5407 10707 5380 10708 5381 10708 5408 10708 5407 10709 5380 10709 5408 10709 5381 10710 5382 10710 5409 10710 5408 10711 5381 10711 5409 10711 5382 10712 5357 10712 5384 10712 5409 10713 5382 10713 5384 10713 5384 10714 5383 10714 5410 10714 5384 10715 5410 10715 5411 10715 5383 10716 5385 10716 5412 10716 5383 10717 5412 10717 5410 10717 5385 10718 5386 10718 5413 10718 5385 10719 5413 10719 5412 10719 5386 10720 5387 10720 5414 10720 5386 10721 5414 10721 5413 10721 5387 10722 5388 10722 5415 10722 5387 10723 5415 10723 5414 10723 5388 10724 5389 10724 5416 10724 5388 10725 5416 10725 5415 10725 5389 10726 5390 10726 5417 10726 5389 10727 5417 10727 5416 10727 5390 10728 5391 10728 5418 10728 5390 10729 5418 10729 5417 10729 5391 10730 5392 10730 5419 10730 5391 10731 5419 10731 5418 10731 5392 10732 5393 10732 5420 10732 5392 10733 5420 10733 5419 10733 5393 10734 5394 10734 5421 10734 5393 10735 5421 10735 5420 10735 5394 10736 5395 10736 5422 10736 5394 10737 5422 10737 5421 10737 5395 10738 5396 10738 5423 10738 5395 10739 5423 10739 5422 10739 5396 10740 4369 10740 4376 10740 5423 10741 4376 10741 4198 10741 4376 10742 5423 10742 5396 10742 5397 10743 4377 10743 4371 10743 4377 10744 5397 10744 5424 10744 4201 10745 4377 10745 5424 10745 5397 10746 5398 10746 5425 10746 5424 10747 5397 10747 5425 10747 5398 10748 5399 10748 5426 10748 5425 10749 5398 10749 5426 10749 5399 10750 5400 10750 5427 10750 5426 10751 5399 10751 5427 10751 5400 10752 5401 10752 5428 10752 5427 10753 5400 10753 5428 10753 5401 10754 5402 10754 5429 10754 5428 10755 5401 10755 5429 10755 5402 10756 5403 10756 5430 10756 5429 10757 5402 10757 5430 10757 5403 10758 5404 10758 5431 10758 5430 10759 5403 10759 5431 10759 5404 10760 5405 10760 5432 10760 5431 10761 5404 10761 5432 10761 5405 10762 5406 10762 5433 10762 5432 10763 5405 10763 5433 10763 5406 10764 5407 10764 5434 10764 5433 10765 5406 10765 5434 10765 5407 10766 5408 10766 5435 10766 5434 10767 5407 10767 5435 10767 5408 10768 5409 10768 5436 10768 5435 10769 5408 10769 5436 10769 5409 10770 5384 10770 5411 10770 5436 10771 5409 10771 5411 10771 5411 10772 5410 10772 5437 10772 5411 10773 5437 10773 5438 10773 5410 10774 5412 10774 5439 10774 5410 10775 5439 10775 5437 10775 5412 10776 5413 10776 5440 10776 5412 10777 5440 10777 5439 10777 5413 10778 5414 10778 5441 10778 5413 10779 5441 10779 5440 10779 5414 10780 5415 10780 5442 10780 5414 10781 5442 10781 5441 10781 5415 10782 5416 10782 5443 10782 5415 10783 5443 10783 5442 10783 5416 10784 5417 10784 5444 10784 5416 10785 5444 10785 5443 10785 5417 10786 5418 10786 5445 10786 5417 10787 5445 10787 5444 10787 5418 10788 5419 10788 5446 10788 5418 10789 5446 10789 5445 10789 5419 10790 5420 10790 5447 10790 5419 10791 5447 10791 5446 10791 5420 10792 5421 10792 5448 10792 5420 10793 5448 10793 5447 10793 5421 10794 5422 10794 5449 10794 5421 10795 5449 10795 5448 10795 5422 10796 5423 10796 5450 10796 5422 10797 5450 10797 5449 10797 5423 10798 4198 10798 4196 10798 5450 10799 4196 10799 4197 10799 4196 10800 5450 10800 5423 10800 5450 10801 4197 10801 4292 10801 4199 10802 4201 10802 5424 10802 4199 10803 5424 10803 5451 10803 4200 10804 5451 10804 4295 10804 5451 10805 4200 10805 4199 10805 5424 10806 5425 10806 5452 10806 5451 10807 5424 10807 5452 10807 5425 10808 5426 10808 5453 10808 5452 10809 5425 10809 5453 10809 5426 10810 5427 10810 5454 10810 5453 10811 5426 10811 5454 10811 5427 10812 5428 10812 5455 10812 5454 10813 5427 10813 5455 10813 5428 10814 5429 10814 5456 10814 5455 10815 5428 10815 5456 10815 5429 10816 5430 10816 5457 10816 5456 10817 5429 10817 5457 10817 5430 10818 5431 10818 5458 10818 5457 10819 5430 10819 5458 10819 5431 10820 5432 10820 5459 10820 5458 10821 5431 10821 5459 10821 5432 10822 5433 10822 5460 10822 5459 10823 5432 10823 5460 10823 5433 10824 5434 10824 5461 10824 5460 10825 5433 10825 5461 10825 5434 10826 5435 10826 5462 10826 5461 10827 5434 10827 5462 10827 5435 10828 5436 10828 5463 10828 5462 10829 5435 10829 5463 10829 5436 10830 5411 10830 5438 10830 5463 10831 5436 10831 5438 10831 5438 10832 5437 10832 5464 10832 5438 10833 5464 10833 5465 10833 5437 10834 5439 10834 5466 10834 5437 10835 5466 10835 5464 10835 5439 10836 5440 10836 5467 10836 5439 10837 5467 10837 5466 10837 5440 10838 5441 10838 5468 10838 5440 10839 5468 10839 5467 10839 5441 10840 5442 10840 5469 10840 5441 10841 5469 10841 5468 10841 5442 10842 5443 10842 5470 10842 5442 10843 5470 10843 5469 10843 5443 10844 5444 10844 5471 10844 5443 10845 5471 10845 5470 10845 5444 10846 5445 10846 5472 10846 5444 10847 5472 10847 5471 10847 5445 10848 5446 10848 5473 10848 5445 10849 5473 10849 5472 10849 5446 10850 5447 10850 5474 10850 5446 10851 5474 10851 5473 10851 5447 10852 5448 10852 5475 10852 5447 10853 5475 10853 5474 10853 5448 10854 5449 10854 5476 10854 5448 10855 5476 10855 5475 10855 5449 10856 5450 10856 5477 10856 5449 10857 5477 10857 5476 10857 5450 10858 4292 10858 4290 10858 5477 10859 4290 10859 4291 10859 4290 10860 5477 10860 5450 10860 5451 10861 4293 10861 4295 10861 4293 10862 5451 10862 5478 10862 4294 10863 4293 10863 5478 10863 5451 10864 5452 10864 5479 10864 5478 10865 5451 10865 5479 10865 5452 10866 5453 10866 5480 10866 5479 10867 5452 10867 5480 10867 5453 10868 5454 10868 5481 10868 5480 10869 5453 10869 5481 10869 5454 10870 5455 10870 5482 10870 5481 10871 5454 10871 5482 10871 5455 10872 5456 10872 5483 10872 5482 10873 5455 10873 5483 10873 5456 10874 5457 10874 5484 10874 5483 10875 5456 10875 5484 10875 5457 10876 5458 10876 5485 10876 5484 10877 5457 10877 5485 10877 5458 10878 5459 10878 5486 10878 5485 10879 5458 10879 5486 10879 5459 10880 5460 10880 5487 10880 5486 10881 5459 10881 5487 10881 5460 10882 5461 10882 5488 10882 5487 10883 5460 10883 5488 10883 5461 10884 5462 10884 5489 10884 5488 10885 5461 10885 5489 10885 5462 10886 5463 10886 5490 10886 5489 10887 5462 10887 5490 10887 5463 10888 5438 10888 5465 10888 5490 10889 5463 10889 5465 10889 5465 10890 5464 10890 5491 10890 5465 10891 5491 10891 5492 10891 5464 10892 5466 10892 5493 10892 5464 10893 5493 10893 5491 10893 5466 10894 5467 10894 5494 10894 5466 10895 5494 10895 5493 10895 5467 10896 5468 10896 5495 10896 5467 10897 5495 10897 5494 10897 5468 10898 5469 10898 5496 10898 5468 10899 5496 10899 5495 10899 5469 10900 5470 10900 5497 10900 5469 10901 5497 10901 5496 10901 5470 10902 5471 10902 5498 10902 5470 10903 5498 10903 5497 10903 5471 10904 5472 10904 5499 10904 5471 10905 5499 10905 5498 10905 5472 10906 5473 10906 5500 10906 5472 10907 5500 10907 5499 10907 5473 10908 5474 10908 5501 10908 5473 10909 5501 10909 5500 10909 5474 10910 5475 10910 5502 10910 5474 10911 5502 10911 5501 10911 5475 10912 5476 10912 5503 10912 5475 10913 5503 10913 5502 10913 5476 10914 5477 10914 5504 10914 5476 10915 5504 10915 5503 10915 5477 10916 4291 10916 4378 10916 5504 10917 4378 10917 4128 10917 4378 10918 5504 10918 5477 10918 5478 10919 4379 10919 4294 10919 4379 10920 5478 10920 5505 10920 4131 10921 4379 10921 5505 10921 5478 10922 5479 10922 5506 10922 5505 10923 5478 10923 5506 10923 5479 10924 5480 10924 5507 10924 5506 10925 5479 10925 5507 10925 5480 10926 5481 10926 5508 10926 5507 10927 5480 10927 5508 10927 5481 10928 5482 10928 5509 10928 5508 10929 5481 10929 5509 10929 5482 10930 5483 10930 5510 10930 5509 10931 5482 10931 5510 10931 5483 10932 5484 10932 5511 10932 5510 10933 5483 10933 5511 10933 5484 10934 5485 10934 5512 10934 5511 10935 5484 10935 5512 10935 5485 10936 5486 10936 5513 10936 5512 10937 5485 10937 5513 10937 5486 10938 5487 10938 5514 10938 5513 10939 5486 10939 5514 10939 5487 10940 5488 10940 5515 10940 5514 10941 5487 10941 5515 10941 5488 10942 5489 10942 5516 10942 5515 10943 5488 10943 5516 10943 5489 10944 5490 10944 5517 10944 5516 10945 5489 10945 5517 10945 5490 10946 5465 10946 5492 10946 5517 10947 5490 10947 5492 10947 5492 10948 5491 10948 5518 10948 5492 10949 5518 10949 5519 10949 5491 10950 5493 10950 5520 10950 5491 10951 5520 10951 5518 10951 5493 10952 5494 10952 5521 10952 5493 10953 5521 10953 5520 10953 5494 10954 5495 10954 5522 10954 5494 10955 5522 10955 5521 10955 5495 10956 5496 10956 5523 10956 5495 10957 5523 10957 5522 10957 5496 10958 5497 10958 5524 10958 5496 10959 5524 10959 5523 10959 5497 10960 5498 10960 5525 10960 5497 10961 5525 10961 5524 10961 5498 10962 5499 10962 5526 10962 5498 10963 5526 10963 5525 10963 5499 10964 5500 10964 5527 10964 5499 10965 5527 10965 5526 10965 5500 10966 5501 10966 5528 10966 5500 10967 5528 10967 5527 10967 5501 10968 5502 10968 5529 10968 5501 10969 5529 10969 5528 10969 5502 10970 5503 10970 5530 10970 5502 10971 5530 10971 5529 10971 5503 10972 5504 10972 5531 10972 5503 10973 5531 10973 5530 10973 5504 10974 4128 10974 4126 10974 5531 10975 4126 10975 4127 10975 4126 10976 5531 10976 5504 10976 5505 10977 4129 10977 4131 10977 4129 10978 5505 10978 5532 10978 4130 10979 4129 10979 5532 10979 5505 10980 5506 10980 5533 10980 5532 10981 5505 10981 5533 10981 5506 10982 5507 10982 5534 10982 5533 10983 5506 10983 5534 10983 5507 10984 5508 10984 5535 10984 5534 10985 5507 10985 5535 10985 5508 10986 5509 10986 5536 10986 5535 10987 5508 10987 5536 10987 5509 10988 5510 10988 5537 10988 5536 10989 5509 10989 5537 10989 5510 10990 5511 10990 5538 10990 5537 10991 5510 10991 5538 10991 5511 10992 5512 10992 5539 10992 5538 10993 5511 10993 5539 10993 5512 10994 5513 10994 5540 10994 5539 10995 5512 10995 5540 10995 5513 10996 5514 10996 5541 10996 5540 10997 5513 10997 5541 10997 5514 10998 5515 10998 5542 10998 5541 10999 5514 10999 5542 10999 5515 11000 5516 11000 5543 11000 5542 11001 5515 11001 5543 11001 5516 11002 5517 11002 5544 11002 5543 11003 5516 11003 5544 11003 5517 11004 5492 11004 5519 11004 5544 11005 5517 11005 5519 11005 5519 11006 5518 11006 5545 11006 5519 11007 5545 11007 5546 11007 5518 11008 5520 11008 5547 11008 5518 11009 5547 11009 5545 11009 5520 11010 5521 11010 5548 11010 5520 11011 5548 11011 5547 11011 5521 11012 5522 11012 5549 11012 5521 11013 5549 11013 5548 11013 5522 11014 5523 11014 5550 11014 5522 11015 5550 11015 5549 11015 5523 11016 5524 11016 5551 11016 5523 11017 5551 11017 5550 11017 5524 11018 5525 11018 5552 11018 5524 11019 5552 11019 5551 11019 5525 11020 5526 11020 5553 11020 5525 11021 5553 11021 5552 11021 5526 11022 5527 11022 5554 11022 5526 11023 5554 11023 5553 11023 5527 11024 5528 11024 5555 11024 5527 11025 5555 11025 5554 11025 5528 11026 5529 11026 5556 11026 5528 11027 5556 11027 5555 11027 5529 11028 5530 11028 5557 11028 5529 11029 5557 11029 5556 11029 5530 11030 5531 11030 5558 11030 5530 11031 5558 11031 5557 11031 5531 11032 4127 11032 4374 11032 5558 11033 4374 11033 4218 11033 4374 11034 5558 11034 5531 11034 5532 11035 4375 11035 4130 11035 4375 11036 5532 11036 5559 11036 5559 11037 4221 11037 4375 11037 5532 11038 5533 11038 5560 11038 5559 11039 5532 11039 5560 11039 5533 11040 5534 11040 5561 11040 5560 11041 5533 11041 5561 11041 5534 11042 5535 11042 5562 11042 5561 11043 5534 11043 5562 11043 5535 11044 5536 11044 5563 11044 5562 11045 5535 11045 5563 11045 5536 11046 5537 11046 5564 11046 5563 11047 5536 11047 5564 11047 5537 11048 5538 11048 5565 11048 5564 11049 5537 11049 5565 11049 5538 11050 5539 11050 5566 11050 5565 11051 5538 11051 5566 11051 5539 11052 5540 11052 5567 11052 5566 11053 5539 11053 5567 11053 5540 11054 5541 11054 5568 11054 5567 11055 5540 11055 5568 11055 5541 11056 5542 11056 5569 11056 5568 11057 5541 11057 5569 11057 5542 11058 5543 11058 5570 11058 5569 11059 5542 11059 5570 11059 5543 11060 5544 11060 5571 11060 5570 11061 5543 11061 5571 11061 5544 11062 5519 11062 5546 11062 5571 11063 5544 11063 5546 11063 5546 11064 5545 11064 5572 11064 5546 11065 5572 11065 5573 11065 5545 11066 5547 11066 5574 11066 5545 11067 5574 11067 5572 11067 5547 11068 5548 11068 5575 11068 5547 11069 5575 11069 5574 11069 5548 11070 5549 11070 5576 11070 5548 11071 5576 11071 5575 11071 5549 11072 5550 11072 5577 11072 5549 11073 5577 11073 5576 11073 5550 11074 5551 11074 5578 11074 5550 11075 5578 11075 5577 11075 5551 11076 5552 11076 5579 11076 5551 11077 5579 11077 5578 11077 5552 11078 5553 11078 5580 11078 5552 11079 5580 11079 5579 11079 5553 11080 5554 11080 5581 11080 5553 11081 5581 11081 5580 11081 5554 11082 5555 11082 5582 11082 5554 11083 5582 11083 5581 11083 5555 11084 5556 11084 5583 11084 5555 11085 5583 11085 5582 11085 5556 11086 5557 11086 5584 11086 5556 11087 5584 11087 5583 11087 5557 11088 5558 11088 5585 11088 5557 11089 5585 11089 5584 11089 5558 11090 4218 11090 4216 11090 5585 11091 4216 11091 4217 11091 4216 11092 5585 11092 5558 11092 5559 11093 4219 11093 4221 11093 4219 11094 5559 11094 5586 11094 4220 11095 4219 11095 5586 11095 5559 11096 5560 11096 5587 11096 5586 11097 5559 11097 5587 11097 5560 11098 5561 11098 5588 11098 5587 11099 5560 11099 5588 11099 5561 11100 5562 11100 5589 11100 5588 11101 5561 11101 5589 11101 5562 11102 5563 11102 5590 11102 5589 11103 5562 11103 5590 11103 5563 11104 5564 11104 5591 11104 5590 11105 5563 11105 5591 11105 5564 11106 5565 11106 5592 11106 5591 11107 5564 11107 5592 11107 5565 11108 5566 11108 5593 11108 5592 11109 5565 11109 5593 11109 5566 11110 5567 11110 5594 11110 5593 11111 5566 11111 5594 11111 5567 11112 5568 11112 5595 11112 5594 11113 5567 11113 5595 11113 5568 11114 5569 11114 5596 11114 5595 11115 5568 11115 5596 11115 5569 11116 5570 11116 5597 11116 5596 11117 5569 11117 5597 11117 5570 11118 5571 11118 5598 11118 5597 11119 5570 11119 5598 11119 5571 11120 5546 11120 5573 11120 5598 11121 5571 11121 5573 11121 5573 11122 5572 11122 5599 11122 5573 11123 5599 11123 5600 11123 5572 11124 5574 11124 5601 11124 5572 11125 5601 11125 5599 11125 5574 11126 5575 11126 5602 11126 5574 11127 5602 11127 5601 11127 5575 11128 5576 11128 5603 11128 5575 11129 5603 11129 5602 11129 5576 11130 5577 11130 5604 11130 5576 11131 5604 11131 5603 11131 5577 11132 5578 11132 5605 11132 5577 11133 5605 11133 5604 11133 5578 11134 5579 11134 5606 11134 5578 11135 5606 11135 5605 11135 5579 11136 5580 11136 5607 11136 5579 11137 5607 11137 5606 11137 5580 11138 5581 11138 5608 11138 5580 11139 5608 11139 5607 11139 5581 11140 5582 11140 5609 11140 5581 11141 5609 11141 5608 11141 5582 11142 5583 11142 5610 11142 5582 11143 5610 11143 5609 11143 5583 11144 5584 11144 5611 11144 5583 11145 5611 11145 5610 11145 5584 11146 5585 11146 5612 11146 5584 11147 5612 11147 5611 11147 5585 11148 4217 11148 4330 11148 5612 11149 4330 11149 4328 11149 4330 11150 5612 11150 5585 11150 5586 11151 4333 11151 4220 11151 4333 11152 5586 11152 5613 11152 4331 11153 4333 11153 5613 11153 5586 11154 5587 11154 5614 11154 5613 11155 5586 11155 5614 11155 5587 11156 5588 11156 5615 11156 5614 11157 5587 11157 5615 11157 5588 11158 5589 11158 5616 11158 5615 11159 5588 11159 5616 11159 5589 11160 5590 11160 5617 11160 5616 11161 5589 11161 5617 11161 5590 11162 5591 11162 5618 11162 5617 11163 5590 11163 5618 11163 5591 11164 5592 11164 5619 11164 5618 11165 5591 11165 5619 11165 5592 11166 5593 11166 5620 11166 5619 11167 5592 11167 5620 11167 5593 11168 5594 11168 5621 11168 5620 11169 5593 11169 5621 11169 5594 11170 5595 11170 5622 11170 5621 11171 5594 11171 5622 11171 5595 11172 5596 11172 5623 11172 5622 11173 5595 11173 5623 11173 5596 11174 5597 11174 5624 11174 5623 11175 5596 11175 5624 11175 5597 11176 5598 11176 5625 11176 5624 11177 5597 11177 5625 11177 5598 11178 5573 11178 5600 11178 5625 11179 5598 11179 5600 11179 5600 11180 5599 11180 5626 11180 5600 11181 5626 11181 5627 11181 5599 11182 5601 11182 5628 11182 5599 11183 5628 11183 5626 11183 5601 11184 5602 11184 5629 11184 5601 11185 5629 11185 5628 11185 5602 11186 5603 11186 5630 11186 5602 11187 5630 11187 5629 11187 5603 11188 5604 11188 5631 11188 5603 11189 5631 11189 5630 11189 5604 11190 5605 11190 5632 11190 5604 11191 5632 11191 5631 11191 5605 11192 5606 11192 5633 11192 5605 11193 5633 11193 5632 11193 5606 11194 5607 11194 5634 11194 5606 11195 5634 11195 5633 11195 5607 11196 5608 11196 5635 11196 5607 11197 5635 11197 5634 11197 5608 11198 5609 11198 5636 11198 5608 11199 5636 11199 5635 11199 5609 11200 5610 11200 5637 11200 5609 11201 5637 11201 5636 11201 5610 11202 5611 11202 5638 11202 5610 11203 5638 11203 5637 11203 5611 11204 5612 11204 5639 11204 5611 11205 5639 11205 5638 11205 4329 11206 5612 11206 4328 11206 5612 11207 4329 11207 4372 11207 4372 11208 4351 11208 5639 11208 4372 11209 5639 11209 5612 11209 5613 11210 4332 11210 4331 11210 5613 11211 4373 11211 4332 11211 4373 11212 5613 11212 5640 11212 5640 11213 4353 11213 4373 11213 5613 11214 5614 11214 5641 11214 5640 11215 5613 11215 5641 11215 5614 11216 5615 11216 5642 11216 5641 11217 5614 11217 5642 11217 5615 11218 5616 11218 5643 11218 5642 11219 5615 11219 5643 11219 5616 11220 5617 11220 5644 11220 5643 11221 5616 11221 5644 11221 5617 11222 5618 11222 5645 11222 5644 11223 5617 11223 5645 11223 5618 11224 5619 11224 5646 11224 5645 11225 5618 11225 5646 11225 5619 11226 5620 11226 5647 11226 5646 11227 5619 11227 5647 11227 5620 11228 5621 11228 5648 11228 5647 11229 5620 11229 5648 11229 5621 11230 5622 11230 5649 11230 5648 11231 5621 11231 5649 11231 5622 11232 5623 11232 5650 11232 5649 11233 5622 11233 5650 11233 5623 11234 5624 11234 5651 11234 5650 11235 5623 11235 5651 11235 5624 11236 5625 11236 5652 11236 5651 11237 5624 11237 5652 11237 5625 11238 5600 11238 5627 11238 5652 11239 5625 11239 5627 11239 5627 11240 5626 11240 5653 11240 5627 11241 5653 11241 5654 11241 5626 11242 5628 11242 5655 11242 5626 11243 5655 11243 5653 11243 5628 11244 5629 11244 5656 11244 5628 11245 5656 11245 5655 11245 5629 11246 5630 11246 5657 11246 5629 11247 5657 11247 5656 11247 5630 11248 5631 11248 5658 11248 5630 11249 5658 11249 5657 11249 5631 11250 5632 11250 5659 11250 5631 11251 5659 11251 5658 11251 5632 11252 5633 11252 5660 11252 5632 11253 5660 11253 5659 11253 5633 11254 5634 11254 5661 11254 5633 11255 5661 11255 5660 11255 5634 11256 5635 11256 5662 11256 5634 11257 5662 11257 5661 11257 5635 11258 5636 11258 5663 11258 5635 11259 5663 11259 5662 11259 5636 11260 5637 11260 5664 11260 5636 11261 5664 11261 5663 11261 5637 11262 5638 11262 5665 11262 5637 11263 5665 11263 5664 11263 5638 11264 5639 11264 5666 11264 5638 11265 5666 11265 5665 11265 5639 11266 4351 11266 4350 11266 5666 11267 4350 11267 4136 11267 4350 11268 5666 11268 5639 11268 5640 11269 4352 11269 4353 11269 4352 11270 5640 11270 5667 11270 4139 11271 4352 11271 5667 11271 5640 11272 5641 11272 5668 11272 5667 11273 5640 11273 5668 11273 5641 11274 5642 11274 5669 11274 5668 11275 5641 11275 5669 11275 5642 11276 5643 11276 5670 11276 5669 11277 5642 11277 5670 11277 5643 11278 5644 11278 5671 11278 5670 11279 5643 11279 5671 11279 5644 11280 5645 11280 5672 11280 5671 11281 5644 11281 5672 11281 5645 11282 5646 11282 5673 11282 5672 11283 5645 11283 5673 11283 5646 11284 5647 11284 5674 11284 5673 11285 5646 11285 5674 11285 5647 11286 5648 11286 5675 11286 5674 11287 5647 11287 5675 11287 5648 11288 5649 11288 5676 11288 5675 11289 5648 11289 5676 11289 5649 11290 5650 11290 5677 11290 5676 11291 5649 11291 5677 11291 5650 11292 5651 11292 5678 11292 5677 11293 5650 11293 5678 11293 5651 11294 5652 11294 5679 11294 5678 11295 5651 11295 5679 11295 5652 11296 5627 11296 5654 11296 5679 11297 5652 11297 5654 11297 5654 11298 5653 11298 4384 11298 5654 11299 4384 11299 4386 11299 5653 11300 5655 11300 4388 11300 5653 11301 4388 11301 4384 11301 5655 11302 5656 11302 4390 11302 5655 11303 4390 11303 4388 11303 5656 11304 5657 11304 4392 11304 5656 11305 4392 11305 4390 11305 5657 11306 5658 11306 4394 11306 5657 11307 4394 11307 4392 11307 5658 11308 5659 11308 4396 11308 5658 11309 4396 11309 4394 11309 5660 11310 4398 11310 5659 11310 5659 11311 4398 11311 4396 11311 5661 11312 4400 11312 5660 11312 5660 11313 4400 11313 4398 11313 5662 11314 4402 11314 5661 11314 5661 11315 4402 11315 4400 11315 5663 11316 4404 11316 5662 11316 5662 11317 4404 11317 4402 11317 5664 11318 4406 11318 5663 11318 5663 11319 4406 11319 4404 11319 5665 11320 4408 11320 5664 11320 5664 11321 4408 11321 4406 11321 5666 11322 4410 11322 5665 11322 5665 11323 4410 11323 4408 11323 5666 11324 4136 11324 4135 11324 4410 11325 4135 11325 4134 11325 4135 11326 4410 11326 5666 11326 5667 11327 4137 11327 4139 11327 4137 11328 5667 11328 4412 11328 4138 11329 4137 11329 4412 11329 5667 11330 5668 11330 4415 11330 4412 11331 5667 11331 4415 11331 5668 11332 5669 11332 4417 11332 4415 11333 5668 11333 4417 11333 5669 11334 5670 11334 4419 11334 4417 11335 5669 11335 4419 11335 5670 11336 5671 11336 4421 11336 4419 11337 5670 11337 4421 11337 5671 11338 5672 11338 4423 11338 4421 11339 5671 11339 4423 11339 5672 11340 5673 11340 4425 11340 4423 11341 5672 11341 4425 11341 5673 11342 5674 11342 4427 11342 4425 11343 5673 11343 4427 11343 5674 11344 5675 11344 4429 11344 4427 11345 5674 11345 4429 11345 5675 11346 5676 11346 4431 11346 4429 11347 5675 11347 4431 11347 5676 11348 5677 11348 4433 11348 4431 11349 5676 11349 4433 11349 5677 11350 5678 11350 4435 11350 4433 11351 5677 11351 4435 11351 5678 11352 5679 11352 4437 11352 4435 11353 5678 11353 4437 11353 5679 11354 5654 11354 4386 11354 4437 11355 5679 11355 4386 11355</p>
        </triangles>
      </mesh>
    </geometry>
  </library_geometries>
  <library_materials>
    <material id="mat_Mesh" name="Mesh">
      <instance_effect url="#effect_Mesh"/>
    </material>
  </library_materials>
  <library_visual_scenes>
    <visual_scene id="myscene">
      <node id="node0" name="node0">
        <instance_geometry url="#geometry0">
          <bind_material>
            <technique_common>
              <instance_material symbol="ref_Mesh" target="#mat_Mesh"/>
            </technique_common>
          </bind_material>
        </instance_geometry>
      </node>
    </visual_scene>
  </library_visual_scenes>
  <scene>
    <instance_visual_scene url="#myscene"/>
  </scene>
</COLLADA>
