<COLLADA xmlns="http://www.collada.org/2005/11/COLLADASchema" version="1.4.1">
  <asset>
    <contributor/>
    <created>2024-08-30T11:04:18.839357</created>
    <modified>2024-08-30T11:04:18.839368</modified>
    <unit name="meter" meter="1.0"/>
    <up_axis>Z_UP</up_axis>
  </asset>
  <library_effects>
    <effect id="effect_Body" name="effect_Body">
      <profile_COMMON>
        <technique sid="common">
          <phong>
            <emission>
              <color>0.0 0.0 0.0 1.0</color>
            </emission>
            <ambient>
              <color>0.0 0.0 0.0 1.0</color>
            </ambient>
            <diffuse>
              <color>0.800000011920929 0.800000011920929 0.800000011920929 1.0</color>
            </diffuse>
            <specular>
              <color>1 1 1 1.0</color>
            </specular>
            <shininess>
              <float>0.0</float>
            </shininess>
            <reflective>
              <color>0.0 0.0 0.0 1.0</color>
            </reflective>
            <reflectivity>
              <float>0.0</float>
            </reflectivity>
            <transparent>
              <color>0.0 0.0 0.0 1.0</color>
            </transparent>
            <transparency>
              <float>1.0</float>
            </transparency>
          </phong>
        </technique>
        <extra>
          <technique profile="GOOGLEEARTH">
            <double_sided>0</double_sided>
          </technique>
        </extra>
      </profile_COMMON>
    </effect>
  </library_effects>
  <library_geometries>
    <geometry id="geometry0" name="Body">
      <mesh>
        <source id="cubeverts-array0">
          <float_array count="5316" id="cubeverts-array0-array">-0.08395555 -0.08186682 0.01 -0.1 -0.1 0.01 -0.08258035 -0.08327674 0.01 -0.08113659 -0.08461636 0.01 -0.08525876 -0.08039011 0.01 -0.07962785 -0.08588235 0.01 -0.08648673 -0.07885027 0.01 -0.07805788 -0.08707155 0.01 -0.08763643 -0.07725114 0.01 -0.07643058 -0.08818102 0.01 -0.08870499 -0.07559669 0.01 -0.07475 -0.089208 0.01 -0.08968975 -0.07389103 0.01 -0.07302032 -0.09014993 0.01 -0.09058827 -0.0721384 0.01 -0.07124584 -0.09100448 0.01 -0.09139831 -0.07034318 0.01 -0.06943097 -0.09176952 0.01 -0.09211786 -0.0685098 0.01 -0.06758022 -0.09244313 0.01 -0.09274512 -0.06664283 0.01 -0.0656982 -0.09302366 0.01 -0.09327855 -0.06474692 0.01 -0.06378958 -0.09350965 0.01 -0.09371681 -0.06282677 0.01 -0.0618591 -0.09389991 0.01 -0.09405882 -0.06088717 0.01 -0.05991158 -0.09419345 0.01 -0.09430372 -0.05893293 0.01 -0.05795184 -0.09438955 0.01 -0.0944509 -0.05696891 0.01 -0.05598476 -0.09448772 0.01 -0.0945 -0.055 0.01 -0.05401524 -0.09448772 0.01 -0.0944509 -0.05303109 0.01 -0.05204816 -0.09438955 0.01 0.02741965 -0.08327674 0.01 -0.02741965 -0.08327674 0.01 -0.02886341 -0.08461636 0.01 0.02604445 -0.08186682 0.01 -0.02604445 -0.08186682 0.01 -0.08395555 0.02813318 0.01 -0.08258035 -0.02672326 0.01 -0.08258035 0.02672326 0.01 -0.08395555 -0.02813318 0.01 -0.08113659 0.02538364 0.01 -0.08113659 -0.02538364 0.01 -0.07962785 -0.02411766 0.01 0.02886341 -0.08461636 0.01 -0.03037215 -0.08588235 0.01 -0.08525876 0.02960989 0.01 -0.08525876 -0.02960989 0.01 0.02474125 -0.08039011 0.01 -0.02474125 -0.08039011 0.01 0.03037215 -0.08588235 0.01 -0.03194213 -0.08707155 0.01 -0.07962785 0.02411766 0.01 0.02351327 -0.07885027 0.01 -0.02351327 -0.07885027 0.01 -0.08648673 0.03114972 0.01 -0.08648673 -0.03114972 0.01 0.03194213 -0.08707155 0.01 -0.03356942 -0.08818102 0.01 -0.07805788 0.02292845 0.01 -0.07805788 -0.02292845 0.01 -0.07643058 -0.02181898 0.01 0.02236357 -0.07725114 0.01 -0.02236357 -0.07725114 0.01 -0.08763643 0.03274886 0.01 -0.08763643 -0.03274886 0.01 0.03356942 -0.08818102 0.01 -0.03525 -0.089208 0.01 -0.07643058 0.02181898 0.01 -0.07475 -0.020792 0.01 0.02129501 -0.07559669 0.01 -0.02129501 -0.07559669 0.01 -0.08870499 0.03440331 0.01 -0.08870499 -0.03440331 0.01 0.03525 -0.089208 0.01 -0.03697968 -0.09014993 0.01 -0.07475 0.020792 0.01 -0.07302032 -0.01985006 0.01 0.02031025 -0.07389103 0.01 -0.02031025 -0.07389103 0.01 -0.08968975 0.03610897 0.01 -0.08968975 -0.03610897 0.01 -0.07302032 0.01985006 0.01 0.03697968 -0.09014993 0.01 -0.03875416 -0.09100448 0.01 0.01941173 -0.0721384 0.01 -0.01941173 -0.0721384 0.01 -0.09058827 0.03786159 0.01 -0.09058827 -0.03786159 0.01 0.03875416 -0.09100448 0.01 -0.04056903 -0.09176952 0.01 -0.07124584 0.01899552 0.01 -0.07124584 -0.01899552 0.01 -0.06943097 -0.01823049 0.01 0.01860169 -0.07034318 0.01 -0.01860169 -0.07034318 0.01 -0.09139831 0.03965683 0.01 -0.09139831 -0.03965683 0.01 0.04056903 -0.09176952 0.01 -0.04241978 -0.09244313 0.01 -0.06943097 0.01823049 0.01 0.01788214 -0.0685098 0.01 -0.01788214 -0.0685098 0.01 -0.09211786 0.0414902 0.01 -0.09211786 -0.0414902 0.01 0.04241978 -0.09244313 0.01 -0.0443018 -0.09302366 0.01 -0.06758022 0.01755687 0.01 -0.06758022 -0.01755687 0.01 -0.0656982 -0.01697634 0.01 0.01725487 -0.06664283 0.01 -0.01725487 -0.06664283 0.01 -0.09274512 0.04335717 0.01 -0.09274512 -0.04335717 0.01 0.0443018 -0.09302366 0.01 -0.04621042 -0.09350965 0.01 -0.0656982 0.01697634 0.01 -0.06378958 -0.01649035 0.01 0.01672145 -0.06474692 0.01 -0.01672145 -0.06474692 0.01 -0.09327855 0.04525308 0.01 -0.09327855 -0.04525308 0.01 0.04621042 -0.09350965 0.01 -0.0481409 -0.09389991 0.01 -0.06378958 0.01649035 0.01 -0.0618591 -0.01610009 0.01 0.01628319 -0.06282677 0.01 -0.01628319 -0.06282677 0.01 -0.09371681 0.04717323 0.01 -0.09371681 -0.04717323 0.01 0.0481409 -0.09389991 0.01 -0.05008842 -0.09419345 0.01 -0.0618591 0.01610009 0.01 -0.05991158 -0.01580655 0.01 0.01594118 -0.06088717 0.01 -0.01594118 -0.06088717 0.01 -0.09405882 0.04911283 0.01 -0.09405882 -0.04911283 0.01 0.05008842 -0.09419345 0.01 -0.05991158 0.01580655 0.01 -0.05795184 -0.01561045 0.01 0.01569628 -0.05893293 0.01 -0.01569628 -0.05893293 0.01 0.05204816 -0.09438955 0.01 -0.05795184 0.01561045 0.01 -0.05598476 -0.01551228 0.01 0.0155491 -0.05696891 0.01 -0.0155491 -0.05696891 0.01 -0.05598476 0.01551228 0.01 0.0155 -0.055 0.01 -0.0155 -0.055 0.01 -0.05401524 0.01551228 0.01 -0.05401524 -0.01551228 0.01 0.0155491 -0.05303109 0.01 -0.0155491 -0.05303109 0.01 -0.05204816 0.01561045 0.01 -0.05204816 -0.01561045 0.01 0.01569628 -0.05106707 0.01 -0.01569628 -0.05106707 0.01 -0.05008842 0.01580655 0.01 -0.05008842 -0.01580655 0.01 -0.0481409 -0.01610009 0.01 0.01594118 -0.04911283 0.01 -0.01594118 -0.04911283 0.01 -0.0481409 0.01610009 0.01 0.01628319 -0.04717323 0.01 -0.01628319 -0.04717323 0.01 -0.04621042 0.01649035 0.01 -0.04621042 -0.01649035 0.01 0.01672145 -0.04525308 0.01 -0.01672145 -0.04525308 0.01 -0.0443018 0.01697634 0.01 -0.0443018 -0.01697634 0.01 -0.04241978 -0.01755687 0.01 0.01725487 -0.04335717 0.01 -0.01725487 -0.04335717 0.01 -0.04241978 0.01755687 0.01 -0.04056903 -0.01823049 0.01 0.01788214 -0.0414902 0.01 -0.01788214 -0.0414902 0.01 -0.04056903 0.01823049 0.01 -0.03875416 -0.01899552 0.01 0.01860169 -0.03965683 0.01 -0.01860169 -0.03965683 0.01 -0.03875416 0.01899552 0.01 0.01941173 -0.03786159 0.01 -0.01941173 -0.03786159 0.01 -0.03697968 0.01985006 0.01 -0.03697968 -0.01985006 0.01 0.02031025 -0.03610897 0.01 -0.02031025 -0.03610897 0.01 -0.03525 0.020792 0.01 -0.03525 -0.020792 0.01 -0.03356942 -0.02181898 0.01 0.02129501 -0.03440331 0.01 -0.02129501 -0.03440331 0.01 -0.03356942 0.02181898 0.01 -0.03194213 -0.02292845 0.01 0.02236357 -0.03274886 0.01 -0.02236357 -0.03274886 0.01 -0.03194213 0.02292845 0.01 -0.03037215 -0.02411766 0.01 0.02351327 -0.03114972 0.01 -0.02351327 -0.03114972 0.01 -0.03037215 0.02411766 0.01 0.02474125 -0.02960989 0.01 -0.02474125 -0.02960989 0.01 -0.02886341 0.02538364 0.01 -0.02886341 -0.02538364 0.01 -0.02741965 -0.02672326 0.01 0.02604445 -0.02813318 0.01 -0.02604445 -0.02813318 0.01 -0.02741965 0.02672326 0.01 0.1 -0.1 0.01 0.05401524 -0.09448772 0.01 0.05598476 -0.09448772 0.01 0.05795184 -0.09438955 0.01 0.05991158 -0.09419345 0.01 0.0618591 -0.09389991 0.01 0.06378958 -0.09350965 0.01 0.0656982 -0.09302366 0.01 0.06758022 -0.09244313 0.01 0.06943097 -0.09176952 0.01 0.07124584 -0.09100448 0.01 0.07302032 -0.09014993 0.01 0.07475 -0.089208 0.01 0.07643058 -0.08818102 0.01 0.07805788 -0.08707155 0.01 0.07962785 -0.08588235 0.01 0.08113659 -0.08461636 0.01 0.08258035 -0.08327674 0.01 -0.1 0.1 0.01 -0.08525876 0.08039011 0.01 -0.08395555 0.08186682 0.01 -0.08648673 0.07885027 0.01 -0.08763643 0.07725114 0.01 -0.08870499 0.07559669 0.01 -0.08968975 0.07389103 0.01 -0.09058827 0.0721384 0.01 -0.09139831 0.07034318 0.01 -0.09211786 0.0685098 0.01 -0.09274512 0.06664283 0.01 -0.09327855 0.06474692 0.01 -0.09371681 0.06282677 0.01 -0.09405882 0.06088717 0.01 -0.09430372 0.05893293 0.01 -0.0944509 0.05696891 0.01 -0.0945 0.055 0.01 -0.0944509 0.05303109 0.01 0.02741965 -0.02672326 0.01 -0.08258035 0.08327674 0.01 0.08395555 -0.08186682 0.01 -0.08113659 0.08461636 0.01 0.08525876 -0.08039011 0.01 -0.07962785 0.08588235 0.01 0.08648673 -0.07885027 0.01 -0.07805788 0.08707155 0.01 0.08763643 -0.07725114 0.01 -0.07643058 0.08818102 0.01 0.08870499 -0.07559669 0.01 -0.07475 0.089208 0.01 0.08968975 -0.07389103 0.01 -0.07302032 0.09014993 0.01 0.09058827 -0.0721384 0.01 -0.07124584 0.09100448 0.01 0.09139831 -0.07034318 0.01 -0.06943097 0.09176952 0.01 0.09211786 -0.0685098 0.01 -0.06758022 0.09244313 0.01 0.09274512 -0.06664283 0.01 -0.0656982 0.09302366 0.01 0.09327855 -0.06474692 0.01 -0.06378958 0.09350965 0.01 0.09371681 -0.06282677 0.01 -0.0618591 0.09389991 0.01 0.09405882 -0.06088717 0.01 -0.05991158 0.09419345 0.01 0.09430372 -0.05893293 0.01 -0.05795184 0.09438955 0.01 0.0944509 -0.05696891 0.01 0.0945 -0.055 0.01 0.0944509 -0.05303109 0.01 0.02741965 0.02672326 0.01 0.02886341 -0.02538364 0.01 0.02604445 0.02813318 0.01 -0.02604445 0.02813318 0.01 0.02886341 0.02538364 0.01 0.03037215 -0.02411766 0.01 0.02474125 0.02960989 0.01 -0.02474125 0.02960989 0.01 0.03037215 0.02411766 0.01 0.03194213 -0.02292845 0.01 0.02351327 0.03114972 0.01 -0.02351327 0.03114972 0.01 0.03194213 0.02292845 0.01 0.03356942 -0.02181898 0.01 0.02236357 0.03274886 0.01 -0.02236357 0.03274886 0.01 0.03356942 0.02181898 0.01 0.02129501 0.03440331 0.01 -0.02129501 0.03440331 0.01 0.03525 0.020792 0.01 0.03525 -0.020792 0.01 0.02031025 0.03610897 0.01 -0.02031025 0.03610897 0.01 0.03697968 0.01985006 0.01 0.03697968 -0.01985006 0.01 0.03875416 -0.01899552 0.01 0.01941173 0.03786159 0.01 -0.01941173 0.03786159 0.01 -0.01860169 0.03965683 0.01 0.03875416 0.01899552 0.01 0.01860169 0.03965683 0.01 0.04056903 0.01823049 0.01 0.04056903 -0.01823049 0.01 0.04241978 -0.01755687 0.01 0.01788214 0.0414902 0.01 -0.01788214 0.0414902 0.01 0.04241978 0.01755687 0.01 0.01725487 0.04335717 0.01 -0.01725487 0.04335717 0.01 0.0443018 0.01697634 0.01 0.0443018 -0.01697634 0.01 0.01672145 0.04525308 0.01 -0.01672145 0.04525308 0.01 0.04621042 0.01649035 0.01 0.04621042 -0.01649035 0.01 0.01628319 0.04717323 0.01 -0.01628319 0.04717323 0.01 0.0481409 0.01610009 0.01 0.0481409 -0.01610009 0.01 0.01594118 0.04911283 0.01 -0.01594118 0.04911283 0.01 0.05008842 0.01580655 0.01 0.05008842 -0.01580655 0.01 0.01569628 0.05106707 0.01 -0.01569628 0.05106707 0.01 0.05204816 0.01561045 0.01 0.05204816 -0.01561045 0.01 0.05401524 -0.01551228 0.01 0.0155491 0.05303109 0.01 -0.0155491 0.05303109 0.01 -0.0155 0.055 0.01 0.05401524 0.01551228 0.01 0.0155 0.055 0.01 0.05598476 0.01551228 0.01 0.05598476 -0.01551228 0.01 0.0155491 0.05696891 0.01 -0.0155491 0.05696891 0.01 0.05795184 0.01561045 0.01 0.05795184 -0.01561045 0.01 0.01569628 0.05893293 0.01 -0.01569628 0.05893293 0.01 -0.01594118 0.06088717 0.01 0.05991158 0.01580655 0.01 0.05991158 -0.01580655 0.01 0.0618591 -0.01610009 0.01 0.01594118 0.06088717 0.01 0.0618591 0.01610009 0.01 0.01628319 0.06282677 0.01 -0.01628319 0.06282677 0.01 0.06378958 0.01649035 0.01 0.06378958 -0.01649035 0.01 0.01672145 0.06474692 0.01 -0.01672145 0.06474692 0.01 0.0656982 0.01697634 0.01 0.0656982 -0.01697634 0.01 0.01725487 0.06664283 0.01 -0.01725487 0.06664283 0.01 -0.01788214 0.0685098 0.01 0.06758022 0.01755687 0.01 0.06758022 -0.01755687 0.01 0.06943097 -0.01823049 0.01 0.01788214 0.0685098 0.01 0.06943097 0.01823049 0.01 0.01860169 0.07034318 0.01 -0.01860169 0.07034318 0.01 0.07124584 0.01899552 0.01 0.07124584 -0.01899552 0.01 0.01941173 0.0721384 0.01 -0.01941173 0.0721384 0.01 -0.02031025 0.07389103 0.01 0.07302032 0.01985006 0.01 0.07302032 -0.01985006 0.01 0.07475 -0.020792 0.01 0.02031025 0.07389103 0.01 0.07475 0.020792 0.01 0.07643058 -0.02181898 0.01 0.02129501 0.07559669 0.01 -0.02129501 0.07559669 0.01 0.07643058 0.02181898 0.01 0.07805788 -0.02292845 0.01 0.02236357 0.07725114 0.01 -0.02236357 0.07725114 0.01 -0.02351327 0.07885027 0.01 0.07805788 0.02292845 0.01 0.07962785 -0.02411766 0.01 0.02351327 0.07885027 0.01 0.07962785 0.02411766 0.01 0.08113659 -0.02538364 0.01 0.02474125 0.08039011 0.01 -0.02474125 0.08039011 0.01 -0.02604445 0.08186682 0.01 0.08113659 0.02538364 0.01 0.02604445 0.08186682 0.01 0.08258035 0.02672326 0.01 0.08258035 -0.02672326 0.01 0.02741965 0.08327674 0.01 -0.02741965 0.08327674 0.01 0.08395555 0.02813318 0.01 0.08395555 -0.02813318 0.01 0.08525876 -0.02960989 0.01 0.02886341 0.08461636 0.01 -0.02886341 0.08461636 0.01 0.08525876 0.02960989 0.01 0.08648673 -0.03114972 0.01 0.03037215 0.08588235 0.01 -0.03037215 0.08588235 0.01 -0.03194213 0.08707155 0.01 0.08648673 0.03114972 0.01 0.08763643 -0.03274886 0.01 0.03194213 0.08707155 0.01 -0.03356942 0.08818102 0.01 0.08763643 0.03274886 0.01 0.08870499 -0.03440331 0.01 0.03356942 0.08818102 0.01 0.08870499 0.03440331 0.01 0.03525 0.089208 0.01 -0.03525 0.089208 0.01 0.08968975 0.03610897 0.01 0.08968975 -0.03610897 0.01 0.09058827 -0.03786159 0.01 0.03697968 0.09014993 0.01 -0.03697968 0.09014993 0.01 -0.03875416 0.09100448 0.01 0.09058827 0.03786159 0.01 0.03875416 0.09100448 0.01 0.09139831 0.03965683 0.01 0.09139831 -0.03965683 0.01 0.09211786 -0.0414902 0.01 0.04056903 0.09176952 0.01 -0.04056903 0.09176952 0.01 0.09211786 0.0414902 0.01 0.09274512 -0.04335717 0.01 0.09274512 0.04335717 0.01 0.09327855 -0.04525308 0.01 0.09327855 0.04525308 0.01 0.09371681 0.04717323 0.01 0.09371681 -0.04717323 0.01 0.09405882 0.04911283 0.01 0.09405882 -0.04911283 0.01 0.1 0.1 0.01 0.07302032 0.09014993 0.01 0.07475 0.089208 0.01 0.07124584 0.09100448 0.01 0.06943097 0.09176952 0.01 0.0945 0.055 0.01 0.0944509 0.05303109 0.01 0.06758022 0.09244313 0.01 0.0656982 0.09302366 0.01 0.06378958 0.09350965 0.01 0.0618591 0.09389991 0.01 0.05991158 0.09419345 0.01 0.05795184 0.09438955 0.01 0.0944509 0.05696891 0.01 0.09430372 0.05893293 0.01 0.09405882 0.06088717 0.01 0.09371681 0.06282677 0.01 0.09327855 0.06474692 0.01 0.09274512 0.06664283 0.01 0.09211786 0.0685098 0.01 0.09139831 0.07034318 0.01 0.09058827 0.0721384 0.01 0.08968975 0.07389103 0.01 0.08870499 0.07559669 0.01 0.08763643 0.07725114 0.01 0.08648673 0.07885027 0.01 0.08525876 0.08039011 0.01 0.08395555 0.08186682 0.01 0.08258035 0.08327674 0.01 0.08113659 0.08461636 0.01 0.07962785 0.08588235 0.01 0.07805788 0.08707155 0.01 0.07643058 0.08818102 0.01 -0.05598476 0.09448772 0.01 -0.05401524 0.09448772 0.01 -0.05204816 0.09438955 0.01 -0.05008842 0.09419345 0.01 -0.0481409 0.09389991 0.01 -0.04621042 0.09350965 0.01 -0.0443018 0.09302366 0.01 -0.04241978 0.09244313 0.01 0.05204816 0.09438955 0.01 0.05008842 0.09419345 0.01 0.0481409 0.09389991 0.01 0.04621042 0.09350965 0.01 0.0443018 0.09302366 0.01 0.04241978 0.09244313 0.01 0.05401524 0.09448772 0.01 0.05598476 0.09448772 0.01 -0.09430372 -0.05106707 0.01 -0.09430372 0.05106707 0.01 0.09430372 0.05106707 0.01 0.09430372 -0.05106707 0.01 -0.01775 -0.055 0.00775 -0.02004351 -0.05325539 0.0055 -0.02 -0.055 0.0055 -0.02004351 -0.05674461 0.0055 -0.0179351 -0.0512911 0.00775 -0.02017392 -0.05151513 0.0055 -0.02039092 -0.04978352 0.0055 -0.01848857 -0.04761906 0.00775 -0.02069396 -0.04806488 0.0055 -0.02108229 -0.04636349 0.0055 -0.01940491 -0.04402037 0.00775 -0.02155495 -0.04468357 0.0055 -0.02211076 -0.0430293 0.0055 -0.02067501 -0.0405308 0.00775 -0.02274833 -0.04140478 0.0055 -0.02346609 -0.03981407 0.0055 -0.02228625 -0.03718504 0.00775 -0.02426225 -0.03826111 0.0055 -0.02513482 -0.03674977 0.0055 -0.0242226 -0.03401633 0.00775 -0.02608164 -0.0352838 0.0055 -0.02710036 -0.03386684 0.0055 -0.02646484 -0.03105616 0.00775 -0.02818844 -0.03250243 0.0055 -0.02934319 -0.03119395 0.0055 -0.02899068 -0.02833396 0.00775 -0.03056171 -0.02994466 0.0055 -0.031841 -0.02875766 0.0055 -0.03177501 -0.02587678 0.00775 -0.03317786 -0.0276359 0.0055 -0.03456897 -0.02658217 0.0055 -0.03479015 -0.02370903 0.00775 -0.03601088 -0.02559909 0.0055 -0.0375 -0.02468911 0.0055 -0.03800615 -0.02185228 0.00775 -0.03903263 -0.02385449 0.0055 -0.04060495 -0.0230973 0.0055 -0.04139105 -0.02032495 0.00775 -0.04221306 -0.02241942 0.0055 -0.04385297 -0.02182254 0.0055 -0.04491119 -0.01914225 0.00775 -0.04552058 -0.02130815 0.0055 -0.04721177 -0.02087752 0.0055 -0.0485316 -0.01831591 0.00775 -0.04892231 -0.02053173 0.0055 -0.05064797 -0.02027163 0.0055 -0.0522163 -0.01785416 0.00775 -0.05238445 -0.02009787 0.0055 -0.05412743 -0.02001088 0.0055 -0.05592867 -0.01776158 0.00775 -0.05587257 -0.02001088 0.0055 -0.05761555 -0.02009787 0.0055 -0.0596318 -0.01803909 0.00775 -0.05935203 -0.02027163 0.0055 -0.06107769 -0.02053173 0.0055 -0.06328891 -0.01868394 0.00775 -0.06278823 -0.02087752 0.0055 -0.06447942 -0.02130815 0.0055 -0.06686362 -0.01968971 0.00775 -0.06614703 -0.02182254 0.0055 -0.06778693 -0.02241942 0.0055 -0.07032044 -0.02104641 0.00775 -0.06939505 -0.0230973 0.0055 -0.07096738 -0.02385449 0.0055 -0.073625 -0.02274055 0.00775 -0.0725 -0.02468911 0.0055 -0.07398912 -0.02559909 0.0055 -0.07674445 -0.02475531 0.00775 -0.07543103 -0.02658217 0.0055 -0.07682214 -0.0276359 0.0055 -0.0796478 -0.02707065 0.00775 -0.078159 -0.02875766 0.0055 -0.07943829 -0.02994466 0.0055 -0.08230618 -0.02966356 0.00775 -0.08065681 -0.03119395 0.0055 -0.08181155 -0.03250243 0.0055 -0.08469318 -0.03250829 0.00775 -0.08289964 -0.03386684 0.0055 -0.08391836 -0.0352838 0.0055 -0.08678509 -0.03557654 0.00775 -0.08486518 -0.03674977 0.0055 -0.08573775 -0.03826111 0.0055 -0.08856109 -0.03883783 0.00775 -0.08653391 -0.03981407 0.0055 -0.08725167 -0.04140478 0.0055 -0.09000355 -0.04225975 0.00775 -0.08788924 -0.0430293 0.0055 -0.08844505 -0.04468357 0.0055 -0.09109813 -0.04580829 0.00775 -0.0889177 -0.04636349 0.0055 -0.08930604 -0.04806488 0.0055 -0.09183395 -0.04944818 0.00775 -0.08960908 -0.04978352 0.0055 -0.08982608 -0.05151513 0.0055 -0.0922037 -0.05314324 0.00775 -0.08995649 -0.05325539 0.0055 -0.09 -0.055 0.0055 -0.0922037 -0.05685676 0.00775 -0.08995649 -0.05674461 0.0055 -0.08982608 -0.05848487 0.0055 -0.09183395 -0.06055182 0.00775 -0.08960908 -0.06021648 0.0055 -0.08930604 -0.06193512 0.0055 -0.09109813 -0.06419171 0.00775 -0.0889177 -0.06363651 0.0055 -0.08844505 -0.06531643 0.0055 -0.09000355 -0.06774025 0.00775 -0.08788924 -0.0669707 0.0055 -0.08725167 -0.06859521 0.0055 -0.08856109 -0.07116217 0.00775 -0.08653391 -0.07018593 0.0055 -0.08573775 -0.07173889 0.0055 -0.08678509 -0.07442346 0.00775 -0.08486518 -0.07325023 0.0055 -0.08391836 -0.0747162 0.0055 -0.08469318 -0.07749171 0.00775 -0.08289964 -0.07613316 0.0055 -0.08181155 -0.07749757 0.0055 -0.08230618 -0.08033643 0.00775 -0.08065681 -0.07880605 0.0055 -0.07943829 -0.08005534 0.0055 -0.0796478 -0.08292935 0.00775 -0.078159 -0.08124234 0.0055 -0.07682214 -0.08236411 0.0055 -0.07674445 -0.08524469 0.00775 -0.07543103 -0.08341783 0.0055 -0.07398912 -0.08440091 0.0055 -0.073625 -0.08725945 0.00775 -0.0725 -0.08531089 0.0055 -0.07096738 -0.08614552 0.0055 -0.07032044 -0.08895359 0.00775 -0.06939505 -0.0869027 0.0055 -0.06778693 -0.08758058 0.0055 -0.06686362 -0.0903103 0.00775 -0.06614703 -0.08817746 0.0055 -0.06447942 -0.08869185 0.0055 -0.06328891 -0.09131606 0.00775 -0.06278823 -0.08912247 0.0055 -0.06107769 -0.08946827 0.0055 -0.0596318 -0.09196091 0.00775 -0.05935203 -0.08972837 0.0055 -0.05761555 -0.08990213 0.0055 -0.05592867 -0.09223842 0.00775 -0.05587257 -0.08998912 0.0055 -0.05412743 -0.08998912 0.0055 -0.0522163 -0.09214584 0.00775 -0.05238445 -0.08990213 0.0055 -0.05064797 -0.08972837 0.0055 -0.0485316 -0.09168409 0.00775 -0.04892231 -0.08946827 0.0055 -0.04721177 -0.08912247 0.0055 -0.04491119 -0.09085775 0.00775 -0.04552058 -0.08869185 0.0055 -0.04385297 -0.08817746 0.0055 -0.04139105 -0.08967505 0.00775 -0.04221306 -0.08758058 0.0055 -0.04060495 -0.0869027 0.0055 -0.03800615 -0.08814773 0.00775 -0.03903263 -0.08614552 0.0055 -0.0375 -0.08531089 0.0055 -0.03479015 -0.08629096 0.00775 -0.03601088 -0.08440091 0.0055 -0.03456897 -0.08341783 0.0055 -0.03177501 -0.08412322 0.00775 -0.03317786 -0.08236411 0.0055 -0.031841 -0.08124234 0.0055 -0.02899068 -0.08166604 0.00775 -0.03056171 -0.08005534 0.0055 -0.02934319 -0.07880605 0.0055 -0.02646484 -0.07894384 0.00775 -0.02818844 -0.07749757 0.0055 -0.02710036 -0.07613316 0.0055 -0.0242226 -0.07598367 0.00775 -0.02608164 -0.0747162 0.0055 -0.02513482 -0.07325023 0.0055 -0.02228625 -0.07281496 0.00775 -0.02426225 -0.07173889 0.0055 -0.02346609 -0.07018593 0.0055 -0.02067501 -0.06946919 0.00775 -0.02274833 -0.06859521 0.0055 -0.02211076 -0.0669707 0.0055 -0.01940491 -0.06597963 0.00775 -0.02155495 -0.06531643 0.0055 -0.02108229 -0.06363651 0.0055 -0.01848857 -0.06238094 0.00775 -0.02069396 -0.06193512 0.0055 -0.02039092 -0.06021648 0.0055 -0.0179351 -0.0587089 0.00775 -0.02017392 -0.05848487 0.0055 0.1 0.1 0 -0.1 0.1 0 -0.1 -0.1 0 0.1 -0.1 0 -0.01775 0.055 0.00775 -0.02004351 0.05674461 0.0055 -0.02 0.055 0.0055 -0.02004351 0.05325539 0.0055 -0.0179351 0.0587089 0.00775 -0.02017392 0.05848487 0.0055 -0.02039092 0.06021648 0.0055 -0.01848857 0.06238094 0.00775 -0.02069396 0.06193512 0.0055 -0.02108229 0.06363651 0.0055 -0.01940491 0.06597963 0.00775 -0.02155495 0.06531643 0.0055 -0.02211076 0.0669707 0.0055 -0.02067501 0.06946919 0.00775 -0.02274833 0.06859521 0.0055 -0.02346609 0.07018593 0.0055 -0.02228625 0.07281496 0.00775 -0.02426225 0.07173889 0.0055 -0.02513482 0.07325023 0.0055 -0.0242226 0.07598367 0.00775 -0.02608164 0.0747162 0.0055 -0.02710036 0.07613316 0.0055 -0.02646484 0.07894384 0.00775 -0.02818844 0.07749757 0.0055 -0.02934319 0.07880605 0.0055 -0.02899068 0.08166604 0.00775 -0.03056171 0.08005534 0.0055 -0.031841 0.08124234 0.0055 -0.03177501 0.08412322 0.00775 -0.03317786 0.08236411 0.0055 -0.03456897 0.08341783 0.0055 -0.03479015 0.08629096 0.00775 -0.03601088 0.08440091 0.0055 -0.0375 0.08531089 0.0055 -0.03800615 0.08814773 0.00775 -0.03903263 0.08614552 0.0055 -0.04060495 0.0869027 0.0055 -0.04139105 0.08967505 0.00775 -0.04221306 0.08758058 0.0055 -0.04385297 0.08817746 0.0055 -0.04491119 0.09085775 0.00775 -0.04552058 0.08869185 0.0055 -0.04721177 0.08912247 0.0055 -0.0485316 0.09168409 0.00775 -0.04892231 0.08946827 0.0055 -0.05064797 0.08972837 0.0055 -0.0522163 0.09214584 0.00775 -0.05238445 0.08990213 0.0055 -0.05412743 0.08998912 0.0055 -0.05592867 0.09223842 0.00775 -0.05587257 0.08998912 0.0055 -0.05761555 0.08990213 0.0055 -0.0596318 0.09196091 0.00775 -0.05935203 0.08972837 0.0055 -0.06107769 0.08946827 0.0055 -0.06328891 0.09131606 0.00775 -0.06278823 0.08912247 0.0055 -0.06447942 0.08869185 0.0055 -0.06686362 0.0903103 0.00775 -0.06614703 0.08817746 0.0055 -0.06778693 0.08758058 0.0055 -0.07032044 0.08895359 0.00775 -0.06939505 0.0869027 0.0055 -0.07096738 0.08614552 0.0055 -0.073625 0.08725945 0.00775 -0.0725 0.08531089 0.0055 -0.07398912 0.08440091 0.0055 -0.07674445 0.08524469 0.00775 -0.07543103 0.08341783 0.0055 -0.07682214 0.08236411 0.0055 -0.0796478 0.08292935 0.00775 -0.078159 0.08124234 0.0055 -0.07943829 0.08005534 0.0055 -0.08230618 0.08033643 0.00775 -0.08065681 0.07880605 0.0055 -0.08181155 0.07749757 0.0055 -0.08469318 0.07749171 0.00775 -0.08289964 0.07613316 0.0055 -0.08391836 0.0747162 0.0055 -0.08678509 0.07442346 0.00775 -0.08486518 0.07325023 0.0055 -0.08573775 0.07173889 0.0055 -0.08856109 0.07116217 0.00775 -0.08653391 0.07018593 0.0055 -0.08725167 0.06859521 0.0055 -0.09000355 0.06774025 0.00775 -0.08788924 0.0669707 0.0055 -0.08844505 0.06531643 0.0055 -0.09109813 0.06419171 0.00775 -0.0889177 0.06363651 0.0055 -0.08930604 0.06193512 0.0055 -0.09183395 0.06055182 0.00775 -0.08960908 0.06021648 0.0055 -0.08982608 0.05848487 0.0055 -0.0922037 0.05685676 0.00775 -0.08995649 0.05674461 0.0055 -0.09 0.055 0.0055 -0.0922037 0.05314324 0.00775 -0.08995649 0.05325539 0.0055 -0.08982608 0.05151513 0.0055 -0.09183395 0.04944818 0.00775 -0.08960908 0.04978352 0.0055 -0.08930604 0.04806488 0.0055 -0.09109813 0.04580829 0.00775 -0.0889177 0.04636349 0.0055 -0.08844505 0.04468357 0.0055 -0.09000355 0.04225975 0.00775 -0.08788924 0.0430293 0.0055 -0.08725167 0.04140478 0.0055 -0.08856109 0.03883783 0.00775 -0.08653391 0.03981407 0.0055 -0.08573775 0.03826111 0.0055 -0.08678509 0.03557654 0.00775 -0.08486518 0.03674977 0.0055 -0.08391836 0.0352838 0.0055 -0.08469318 0.03250829 0.00775 -0.08289964 0.03386684 0.0055 -0.08181155 0.03250243 0.0055 -0.08230618 0.02966356 0.00775 -0.08065681 0.03119395 0.0055 -0.07943829 0.02994466 0.0055 -0.0796478 0.02707065 0.00775 -0.078159 0.02875766 0.0055 -0.07682214 0.0276359 0.0055 -0.07674445 0.02475531 0.00775 -0.07543103 0.02658217 0.0055 -0.07398912 0.02559909 0.0055 -0.073625 0.02274055 0.00775 -0.0725 0.02468911 0.0055 -0.07096738 0.02385449 0.0055 -0.07032044 0.02104641 0.00775 -0.06939505 0.0230973 0.0055 -0.06778693 0.02241942 0.0055 -0.06686362 0.01968971 0.00775 -0.06614703 0.02182254 0.0055 -0.06447942 0.02130815 0.0055 -0.06328891 0.01868394 0.00775 -0.06278823 0.02087752 0.0055 -0.06107769 0.02053173 0.0055 -0.0596318 0.01803909 0.00775 -0.05935203 0.02027163 0.0055 -0.05761555 0.02009787 0.0055 -0.05592867 0.01776158 0.00775 -0.05587257 0.02001088 0.0055 -0.05412743 0.02001088 0.0055 -0.0522163 0.01785416 0.00775 -0.05238445 0.02009787 0.0055 -0.05064797 0.02027163 0.0055 -0.0485316 0.01831591 0.00775 -0.04892231 0.02053173 0.0055 -0.04721177 0.02087752 0.0055 -0.04491119 0.01914225 0.00775 -0.04552058 0.02130815 0.0055 -0.04385297 0.02182254 0.0055 -0.04139105 0.02032495 0.00775 -0.04221306 0.02241942 0.0055 -0.04060495 0.0230973 0.0055 -0.03800615 0.02185228 0.00775 -0.03903263 0.02385449 0.0055 -0.0375 0.02468911 0.0055 -0.03479015 0.02370903 0.00775 -0.03601088 0.02559909 0.0055 -0.03456897 0.02658217 0.0055 -0.03177501 0.02587678 0.00775 -0.03317786 0.0276359 0.0055 -0.031841 0.02875766 0.0055 -0.02899068 0.02833396 0.00775 -0.03056171 0.02994466 0.0055 -0.02934319 0.03119395 0.0055 -0.02646484 0.03105616 0.00775 -0.02818844 0.03250243 0.0055 -0.02710036 0.03386684 0.0055 -0.0242226 0.03401633 0.00775 -0.02608164 0.0352838 0.0055 -0.02513482 0.03674977 0.0055 -0.02228625 0.03718504 0.00775 -0.02426225 0.03826111 0.0055 -0.02346609 0.03981407 0.0055 -0.02067501 0.0405308 0.00775 -0.02274833 0.04140478 0.0055 -0.02211076 0.0430293 0.0055 -0.01940491 0.04402037 0.00775 -0.02155495 0.04468357 0.0055 -0.02108229 0.04636349 0.0055 -0.01848857 0.04761906 0.00775 -0.02069396 0.04806488 0.0055 -0.02039092 0.04978352 0.0055 -0.0179351 0.0512911 0.00775 -0.02017392 0.05151513 0.0055 0.09225 -0.055 0.00775 0.08995649 -0.05325539 0.0055 0.09 -0.055 0.0055 0.08995649 -0.05674461 0.0055 0.0920649 -0.0512911 0.00775 0.08982608 -0.05151513 0.0055 0.08960908 -0.04978352 0.0055 0.09151143 -0.04761906 0.00775 0.08930604 -0.04806488 0.0055 0.0889177 -0.04636349 0.0055 0.09059509 -0.04402037 0.00775 0.08844505 -0.04468357 0.0055 0.08788924 -0.0430293 0.0055 0.08932499 -0.0405308 0.00775 0.08725167 -0.04140478 0.0055 0.08653391 -0.03981407 0.0055 0.08771375 -0.03718504 0.00775 0.08573775 -0.03826111 0.0055 0.08486518 -0.03674977 0.0055 0.0857774 -0.03401633 0.00775 0.08391836 -0.0352838 0.0055 0.08289964 -0.03386684 0.0055 0.08353516 -0.03105616 0.00775 0.08181155 -0.03250243 0.0055 0.08065681 -0.03119395 0.0055 0.08100932 -0.02833396 0.00775 0.07943829 -0.02994466 0.0055 0.078159 -0.02875766 0.0055 0.078225 -0.02587678 0.00775 0.07682214 -0.0276359 0.0055 0.07543103 -0.02658217 0.0055 0.07520985 -0.02370903 0.00775 0.07398912 -0.02559909 0.0055 0.0725 -0.02468911 0.0055 0.07199385 -0.02185228 0.00775 0.07096738 -0.02385449 0.0055 0.06939505 -0.0230973 0.0055 0.06860896 -0.02032495 0.00775 0.06778693 -0.02241942 0.0055 0.06614703 -0.02182254 0.0055 0.06508881 -0.01914225 0.00775 0.06447942 -0.02130815 0.0055 0.06278823 -0.02087752 0.0055 0.0614684 -0.01831591 0.00775 0.06107769 -0.02053173 0.0055 0.05935203 -0.02027163 0.0055 0.0577837 -0.01785416 0.00775 0.05761555 -0.02009787 0.0055 0.05587257 -0.02001088 0.0055 0.05407133 -0.01776158 0.00775 0.05412743 -0.02001088 0.0055 0.05238445 -0.02009787 0.0055 0.0503682 -0.01803909 0.00775 0.05064797 -0.02027163 0.0055 0.04892231 -0.02053173 0.0055 0.04671109 -0.01868394 0.00775 0.04721177 -0.02087752 0.0055 0.04552058 -0.02130815 0.0055 0.04313637 -0.01968971 0.00775 0.04385297 -0.02182254 0.0055 0.04221306 -0.02241942 0.0055 0.03967955 -0.02104641 0.00775 0.04060495 -0.0230973 0.0055 0.03903263 -0.02385449 0.0055 0.036375 -0.02274055 0.00775 0.0375 -0.02468911 0.0055 0.03601088 -0.02559909 0.0055 0.03325555 -0.02475531 0.00775 0.03456897 -0.02658217 0.0055 0.03317786 -0.0276359 0.0055 0.0303522 -0.02707065 0.00775 0.031841 -0.02875766 0.0055 0.03056171 -0.02994466 0.0055 0.02769382 -0.02966356 0.00775 0.02934319 -0.03119395 0.0055 0.02818844 -0.03250243 0.0055 0.02530681 -0.03250829 0.00775 0.02710036 -0.03386684 0.0055 0.02608164 -0.0352838 0.0055 0.02321491 -0.03557654 0.00775 0.02513482 -0.03674977 0.0055 0.02426225 -0.03826111 0.0055 0.02143891 -0.03883783 0.00775 0.02346609 -0.03981407 0.0055 0.02274833 -0.04140478 0.0055 0.01999645 -0.04225975 0.00775 0.02211076 -0.0430293 0.0055 0.02155495 -0.04468357 0.0055 0.01890187 -0.04580829 0.00775 0.02108229 -0.04636349 0.0055 0.02069396 -0.04806488 0.0055 0.01816605 -0.04944818 0.00775 0.02039092 -0.04978352 0.0055 0.02017392 -0.05151513 0.0055 0.0177963 -0.05314324 0.00775 0.02004351 -0.05325539 0.0055 0.02 -0.055 0.0055 0.0177963 -0.05685676 0.00775 0.02004351 -0.05674461 0.0055 0.02017392 -0.05848487 0.0055 0.01816605 -0.06055182 0.00775 0.02039092 -0.06021648 0.0055 0.02069396 -0.06193512 0.0055 0.01890187 -0.06419171 0.00775 0.02108229 -0.06363651 0.0055 0.02155495 -0.06531643 0.0055 0.01999645 -0.06774025 0.00775 0.02211076 -0.0669707 0.0055 0.02274833 -0.06859521 0.0055 0.02143891 -0.07116217 0.00775 0.02346609 -0.07018593 0.0055 0.02426225 -0.07173889 0.0055 0.02321491 -0.07442346 0.00775 0.02513482 -0.07325023 0.0055 0.02608164 -0.0747162 0.0055 0.02530681 -0.07749171 0.00775 0.02710036 -0.07613316 0.0055 0.02818844 -0.07749757 0.0055 0.02769382 -0.08033643 0.00775 0.02934319 -0.07880605 0.0055 0.03056171 -0.08005534 0.0055 0.0303522 -0.08292935 0.00775 0.031841 -0.08124234 0.0055 0.03317786 -0.08236411 0.0055 0.03325555 -0.08524469 0.00775 0.03456897 -0.08341783 0.0055 0.03601088 -0.08440091 0.0055 0.036375 -0.08725945 0.00775 0.0375 -0.08531089 0.0055 0.03903263 -0.08614552 0.0055 0.03967955 -0.08895359 0.00775 0.04060495 -0.0869027 0.0055 0.04221306 -0.08758058 0.0055 0.04313637 -0.0903103 0.00775 0.04385297 -0.08817746 0.0055 0.04552058 -0.08869185 0.0055 0.04671109 -0.09131606 0.00775 0.04721177 -0.08912247 0.0055 0.04892231 -0.08946827 0.0055 0.0503682 -0.09196091 0.00775 0.05064797 -0.08972837 0.0055 0.05238445 -0.08990213 0.0055 0.05407133 -0.09223842 0.00775 0.05412743 -0.08998912 0.0055 0.05587257 -0.08998912 0.0055 0.0577837 -0.09214584 0.00775 0.05761555 -0.08990213 0.0055 0.05935203 -0.08972837 0.0055 0.0614684 -0.09168409 0.00775 0.06107769 -0.08946827 0.0055 0.06278823 -0.08912247 0.0055 0.06508881 -0.09085775 0.00775 0.06447942 -0.08869185 0.0055 0.06614703 -0.08817746 0.0055 0.06860896 -0.08967505 0.00775 0.06778693 -0.08758058 0.0055 0.06939505 -0.0869027 0.0055 0.07199385 -0.08814773 0.00775 0.07096738 -0.08614552 0.0055 0.0725 -0.08531089 0.0055 0.07520985 -0.08629096 0.00775 0.07398912 -0.08440091 0.0055 0.07543103 -0.08341783 0.0055 0.078225 -0.08412322 0.00775 0.07682214 -0.08236411 0.0055 0.078159 -0.08124234 0.0055 0.08100932 -0.08166604 0.00775 0.07943829 -0.08005534 0.0055 0.08065681 -0.07880605 0.0055 0.08353516 -0.07894384 0.00775 0.08181155 -0.07749757 0.0055 0.08289964 -0.07613316 0.0055 0.0857774 -0.07598367 0.00775 0.08391836 -0.0747162 0.0055 0.08486518 -0.07325023 0.0055 0.08771375 -0.07281496 0.00775 0.08573775 -0.07173889 0.0055 0.08653391 -0.07018593 0.0055 0.08932499 -0.06946919 0.00775 0.08725167 -0.06859521 0.0055 0.08788924 -0.0669707 0.0055 0.09059509 -0.06597963 0.00775 0.08844505 -0.06531643 0.0055 0.0889177 -0.06363651 0.0055 0.09151143 -0.06238094 0.00775 0.08930604 -0.06193512 0.0055 0.08960908 -0.06021648 0.0055 0.0920649 -0.0587089 0.00775 0.08982608 -0.05848487 0.0055 0.09225 0.055 0.00775 0.08995649 0.05674461 0.0055 0.09 0.055 0.0055 0.08995649 0.05325539 0.0055 0.0920649 0.0587089 0.00775 0.08982608 0.05848487 0.0055 0.08960908 0.06021648 0.0055 0.09151143 0.06238094 0.00775 0.08930604 0.06193512 0.0055 0.0889177 0.06363651 0.0055 0.09059509 0.06597963 0.00775 0.08844505 0.06531643 0.0055 0.08788924 0.0669707 0.0055 0.08932499 0.06946919 0.00775 0.08725167 0.06859521 0.0055 0.08653391 0.07018593 0.0055 0.08771375 0.07281496 0.00775 0.08573775 0.07173889 0.0055 0.08486518 0.07325023 0.0055 0.0857774 0.07598367 0.00775 0.08391836 0.0747162 0.0055 0.08289964 0.07613316 0.0055 0.08353516 0.07894384 0.00775 0.08181155 0.07749757 0.0055 0.08065681 0.07880605 0.0055 0.08100932 0.08166604 0.00775 0.07943829 0.08005534 0.0055 0.078159 0.08124234 0.0055 0.078225 0.08412322 0.00775 0.07682214 0.08236411 0.0055 0.07543103 0.08341783 0.0055 0.07520985 0.08629096 0.00775 0.07398912 0.08440091 0.0055 0.0725 0.08531089 0.0055 0.07199385 0.08814773 0.00775 0.07096738 0.08614552 0.0055 0.06939505 0.0869027 0.0055 0.06860896 0.08967505 0.00775 0.06778693 0.08758058 0.0055 0.06614703 0.08817746 0.0055 0.06508881 0.09085775 0.00775 0.06447942 0.08869185 0.0055 0.06278823 0.08912247 0.0055 0.0614684 0.09168409 0.00775 0.06107769 0.08946827 0.0055 0.05935203 0.08972837 0.0055 0.0577837 0.09214584 0.00775 0.05761555 0.08990213 0.0055 0.05587257 0.08998912 0.0055 0.05407133 0.09223842 0.00775 0.05412743 0.08998912 0.0055 0.05238445 0.08990213 0.0055 0.0503682 0.09196091 0.00775 0.05064797 0.08972837 0.0055 0.04892231 0.08946827 0.0055 0.04671109 0.09131606 0.00775 0.04721177 0.08912247 0.0055 0.04552058 0.08869185 0.0055 0.04313637 0.0903103 0.00775 0.04385297 0.08817746 0.0055 0.04221306 0.08758058 0.0055 0.03967955 0.08895359 0.00775 0.04060495 0.0869027 0.0055 0.03903263 0.08614552 0.0055 0.036375 0.08725945 0.00775 0.0375 0.08531089 0.0055 0.03601088 0.08440091 0.0055 0.03325555 0.08524469 0.00775 0.03456897 0.08341783 0.0055 0.03317786 0.08236411 0.0055 0.0303522 0.08292935 0.00775 0.031841 0.08124234 0.0055 0.03056171 0.08005534 0.0055 0.02769382 0.08033643 0.00775 0.02934319 0.07880605 0.0055 0.02818844 0.07749757 0.0055 0.02530681 0.07749171 0.00775 0.02710036 0.07613316 0.0055 0.02608164 0.0747162 0.0055 0.02321491 0.07442346 0.00775 0.02513482 0.07325023 0.0055 0.02426225 0.07173889 0.0055 0.02143891 0.07116217 0.00775 0.02346609 0.07018593 0.0055 0.02274833 0.06859521 0.0055 0.01999645 0.06774025 0.00775 0.02211076 0.0669707 0.0055 0.02155495 0.06531643 0.0055 0.01890187 0.06419171 0.00775 0.02108229 0.06363651 0.0055 0.02069396 0.06193512 0.0055 0.01816605 0.06055182 0.00775 0.02039092 0.06021648 0.0055 0.02017392 0.05848487 0.0055 0.0177963 0.05685676 0.00775 0.02004351 0.05674461 0.0055 0.02 0.055 0.0055 0.0177963 0.05314324 0.00775 0.02004351 0.05325539 0.0055 0.02017392 0.05151513 0.0055 0.01816605 0.04944818 0.00775 0.02039092 0.04978352 0.0055 0.02069396 0.04806488 0.0055 0.01890187 0.04580829 0.00775 0.02108229 0.04636349 0.0055 0.02155495 0.04468357 0.0055 0.01999645 0.04225975 0.00775 0.02211076 0.0430293 0.0055 0.02274833 0.04140478 0.0055 0.02143891 0.03883783 0.00775 0.02346609 0.03981407 0.0055 0.02426225 0.03826111 0.0055 0.02321491 0.03557654 0.00775 0.02513482 0.03674977 0.0055 0.02608164 0.0352838 0.0055 0.02530681 0.03250829 0.00775 0.02710036 0.03386684 0.0055 0.02818844 0.03250243 0.0055 0.02769382 0.02966356 0.00775 0.02934319 0.03119395 0.0055 0.03056171 0.02994466 0.0055 0.0303522 0.02707065 0.00775 0.031841 0.02875766 0.0055 0.03317786 0.0276359 0.0055 0.03325555 0.02475531 0.00775 0.03456897 0.02658217 0.0055 0.03601088 0.02559909 0.0055 0.036375 0.02274055 0.00775 0.0375 0.02468911 0.0055 0.03903263 0.02385449 0.0055 0.03967955 0.02104641 0.00775 0.04060495 0.0230973 0.0055 0.04221306 0.02241942 0.0055 0.04313637 0.01968971 0.00775 0.04385297 0.02182254 0.0055 0.04552058 0.02130815 0.0055 0.04671109 0.01868394 0.00775 0.04721177 0.02087752 0.0055 0.04892231 0.02053173 0.0055 0.0503682 0.01803909 0.00775 0.05064797 0.02027163 0.0055 0.05238445 0.02009787 0.0055 0.05407133 0.01776158 0.00775 0.05412743 0.02001088 0.0055 0.05587257 0.02001088 0.0055 0.0577837 0.01785416 0.00775 0.05761555 0.02009787 0.0055 0.05935203 0.02027163 0.0055 0.0614684 0.01831591 0.00775 0.06107769 0.02053173 0.0055 0.06278823 0.02087752 0.0055 0.06508881 0.01914225 0.00775 0.06447942 0.02130815 0.0055 0.06614703 0.02182254 0.0055 0.06860896 0.02032495 0.00775 0.06778693 0.02241942 0.0055 0.06939505 0.0230973 0.0055 0.07199385 0.02185228 0.00775 0.07096738 0.02385449 0.0055 0.0725 0.02468911 0.0055 0.07520985 0.02370903 0.00775 0.07398912 0.02559909 0.0055 0.07543103 0.02658217 0.0055 0.078225 0.02587678 0.00775 0.07682214 0.0276359 0.0055 0.078159 0.02875766 0.0055 0.08100932 0.02833396 0.00775 0.07943829 0.02994466 0.0055 0.08065681 0.03119395 0.0055 0.08353516 0.03105616 0.00775 0.08181155 0.03250243 0.0055 0.08289964 0.03386684 0.0055 0.0857774 0.03401633 0.00775 0.08391836 0.0352838 0.0055 0.08486518 0.03674977 0.0055 0.08771375 0.03718504 0.00775 0.08573775 0.03826111 0.0055 0.08653391 0.03981407 0.0055 0.08932499 0.0405308 0.00775 0.08725167 0.04140478 0.0055 0.08788924 0.0430293 0.0055 0.09059509 0.04402037 0.00775 0.08844505 0.04468357 0.0055 0.0889177 0.04636349 0.0055 0.09151143 0.04761906 0.00775 0.08930604 0.04806488 0.0055 0.08960908 0.04978352 0.0055 0.0920649 0.0512911 0.00775 0.08982608 0.05151513 0.0055 -0.02 -0.055 0.005 -0.02004351 -0.05325539 0.005 -0.02017392 -0.05151513 0.005 -0.02039092 -0.04978352 0.005 -0.02069396 -0.04806488 0.005 -0.02108229 -0.04636349 0.005 -0.02155495 -0.04468357 0.005 -0.02211076 -0.0430293 0.005 -0.02274833 -0.04140478 0.005 -0.02346609 -0.03981407 0.005 -0.02426225 -0.03826111 0.005 -0.02513482 -0.03674977 0.005 -0.02608164 -0.0352838 0.005 -0.02710036 -0.03386684 0.005 -0.02818844 -0.03250243 0.005 -0.02934319 -0.03119395 0.005 -0.03056171 -0.02994466 0.005 -0.031841 -0.02875766 0.005 -0.03317786 -0.0276359 0.005 -0.03456897 -0.02658217 0.005 -0.03601088 -0.02559909 0.005 -0.0375 -0.02468911 0.005 -0.03903263 -0.02385449 0.005 -0.04060495 -0.0230973 0.005 -0.04221306 -0.02241942 0.005 -0.04385297 -0.02182254 0.005 -0.04552058 -0.02130815 0.005 -0.04721177 -0.02087752 0.005 -0.04892231 -0.02053173 0.005 -0.05064797 -0.02027163 0.005 -0.05238445 -0.02009787 0.005 -0.05412743 -0.02001088 0.005 -0.05587257 -0.02001088 0.005 -0.05761555 -0.02009787 0.005 -0.05935203 -0.02027163 0.005 -0.06107769 -0.02053173 0.005 -0.06278823 -0.02087752 0.005 -0.06447942 -0.02130815 0.005 -0.06614703 -0.02182254 0.005 -0.06778693 -0.02241942 0.005 -0.06939505 -0.0230973 0.005 -0.07096738 -0.02385449 0.005 -0.0725 -0.02468911 0.005 -0.07398912 -0.02559909 0.005 -0.07543103 -0.02658217 0.005 -0.07682214 -0.0276359 0.005 -0.078159 -0.02875766 0.005 -0.07943829 -0.02994466 0.005 -0.08065681 -0.03119395 0.005 -0.08181155 -0.03250243 0.005 -0.08289964 -0.03386684 0.005 -0.08391836 -0.0352838 0.005 -0.08486518 -0.03674977 0.005 -0.08573775 -0.03826111 0.005 -0.08653391 -0.03981407 0.005 -0.08725167 -0.04140478 0.005 -0.08788924 -0.0430293 0.005 -0.08844505 -0.04468357 0.005 -0.0889177 -0.04636349 0.005 -0.08930604 -0.04806488 0.005 -0.08960908 -0.04978352 0.005 -0.08982608 -0.05151513 0.005 -0.08995649 -0.05325539 0.005 -0.09 -0.055 0.005 -0.08995649 -0.05674461 0.005 -0.08982608 -0.05848487 0.005 -0.08960908 -0.06021648 0.005 -0.08930604 -0.06193512 0.005 -0.0889177 -0.06363651 0.005 -0.08844505 -0.06531643 0.005 -0.08788924 -0.0669707 0.005 -0.08725167 -0.06859521 0.005 -0.08653391 -0.07018593 0.005 -0.08573775 -0.07173889 0.005 -0.08486518 -0.07325023 0.005 -0.08391836 -0.0747162 0.005 -0.08289964 -0.07613316 0.005 -0.08181155 -0.07749757 0.005 -0.08065681 -0.07880605 0.005 -0.07943829 -0.08005534 0.005 -0.078159 -0.08124234 0.005 -0.07682214 -0.08236411 0.005 -0.07543103 -0.08341783 0.005 -0.07398912 -0.08440091 0.005 -0.0725 -0.08531089 0.005 -0.07096738 -0.08614552 0.005 -0.06939505 -0.0869027 0.005 -0.06778693 -0.08758058 0.005 -0.06614703 -0.08817746 0.005 -0.06447942 -0.08869185 0.005 -0.06278823 -0.08912247 0.005 -0.06107769 -0.08946827 0.005 -0.05935203 -0.08972837 0.005 -0.05761555 -0.08990213 0.005 -0.05587257 -0.08998912 0.005 -0.05412743 -0.08998912 0.005 -0.05238445 -0.08990213 0.005 -0.05064797 -0.08972837 0.005 -0.04892231 -0.08946827 0.005 -0.04721177 -0.08912247 0.005 -0.04552058 -0.08869185 0.005 -0.04385297 -0.08817746 0.005 -0.04221306 -0.08758058 0.005 -0.04060495 -0.0869027 0.005 -0.03903263 -0.08614552 0.005 -0.0375 -0.08531089 0.005 -0.03601088 -0.08440091 0.005 -0.03456897 -0.08341783 0.005 -0.03317786 -0.08236411 0.005 -0.031841 -0.08124234 0.005 -0.03056171 -0.08005534 0.005 -0.02934319 -0.07880605 0.005 -0.02818844 -0.07749757 0.005 -0.02710036 -0.07613316 0.005 -0.02608164 -0.0747162 0.005 -0.02513482 -0.07325023 0.005 -0.02426225 -0.07173889 0.005 -0.02346609 -0.07018593 0.005 -0.02274833 -0.06859521 0.005 -0.02211076 -0.0669707 0.005 -0.02155495 -0.06531643 0.005 -0.02108229 -0.06363651 0.005 -0.02069396 -0.06193512 0.005 -0.02039092 -0.06021648 0.005 -0.02017392 -0.05848487 0.005 -0.02004351 -0.05674461 0.005 -0.02 0.055 0.005 -0.02004351 0.05674461 0.005 -0.02017392 0.05848487 0.005 -0.02039092 0.06021648 0.005 -0.02069396 0.06193512 0.005 -0.02108229 0.06363651 0.005 -0.02155495 0.06531643 0.005 -0.02211076 0.0669707 0.005 -0.02274833 0.06859521 0.005 -0.02346609 0.07018593 0.005 -0.02426225 0.07173889 0.005 -0.02513482 0.07325023 0.005 -0.02608164 0.0747162 0.005 -0.02710036 0.07613316 0.005 -0.02818844 0.07749757 0.005 -0.02934319 0.07880605 0.005 -0.03056171 0.08005534 0.005 -0.031841 0.08124234 0.005 -0.03317786 0.08236411 0.005 -0.03456897 0.08341783 0.005 -0.03601088 0.08440091 0.005 -0.0375 0.08531089 0.005 -0.03903263 0.08614552 0.005 -0.04060495 0.0869027 0.005 -0.04221306 0.08758058 0.005 -0.04385297 0.08817746 0.005 -0.04552058 0.08869185 0.005 -0.04721177 0.08912247 0.005 -0.04892231 0.08946827 0.005 -0.05064797 0.08972837 0.005 -0.05238445 0.08990213 0.005 -0.05412743 0.08998912 0.005 -0.05587257 0.08998912 0.005 -0.05761555 0.08990213 0.005 -0.05935203 0.08972837 0.005 -0.06107769 0.08946827 0.005 -0.06278823 0.08912247 0.005 -0.06447942 0.08869185 0.005 -0.06614703 0.08817746 0.005 -0.06778693 0.08758058 0.005 -0.06939505 0.0869027 0.005 -0.07096738 0.08614552 0.005 -0.0725 0.08531089 0.005 -0.07398912 0.08440091 0.005 -0.07543103 0.08341783 0.005 -0.07682214 0.08236411 0.005 -0.078159 0.08124234 0.005 -0.07943829 0.08005534 0.005 -0.08065681 0.07880605 0.005 -0.08181155 0.07749757 0.005 -0.08289964 0.07613316 0.005 -0.08391836 0.0747162 0.005 -0.08486518 0.07325023 0.005 -0.08573775 0.07173889 0.005 -0.08653391 0.07018593 0.005 -0.08725167 0.06859521 0.005 -0.08788924 0.0669707 0.005 -0.08844505 0.06531643 0.005 -0.0889177 0.06363651 0.005 -0.08930604 0.06193512 0.005 -0.08960908 0.06021648 0.005 -0.08982608 0.05848487 0.005 -0.08995649 0.05674461 0.005 -0.09 0.055 0.005 -0.08995649 0.05325539 0.005 -0.08982608 0.05151513 0.005 -0.08960908 0.04978352 0.005 -0.08930604 0.04806488 0.005 -0.0889177 0.04636349 0.005 -0.08844505 0.04468357 0.005 -0.08788924 0.0430293 0.005 -0.08725167 0.04140478 0.005 -0.08653391 0.03981407 0.005 -0.08573775 0.03826111 0.005 -0.08486518 0.03674977 0.005 -0.08391836 0.0352838 0.005 -0.08289964 0.03386684 0.005 -0.08181155 0.03250243 0.005 -0.08065681 0.03119395 0.005 -0.07943829 0.02994466 0.005 -0.078159 0.02875766 0.005 -0.07682214 0.0276359 0.005 -0.07543103 0.02658217 0.005 -0.07398912 0.02559909 0.005 -0.0725 0.02468911 0.005 -0.07096738 0.02385449 0.005 -0.06939505 0.0230973 0.005 -0.06778693 0.02241942 0.005 -0.06614703 0.02182254 0.005 -0.06447942 0.02130815 0.005 -0.06278823 0.02087752 0.005 -0.06107769 0.02053173 0.005 -0.05935203 0.02027163 0.005 -0.05761555 0.02009787 0.005 -0.05587257 0.02001088 0.005 -0.05412743 0.02001088 0.005 -0.05238445 0.02009787 0.005 -0.05064797 0.02027163 0.005 -0.04892231 0.02053173 0.005 -0.04721177 0.02087752 0.005 -0.04552058 0.02130815 0.005 -0.04385297 0.02182254 0.005 -0.04221306 0.02241942 0.005 -0.04060495 0.0230973 0.005 -0.03903263 0.02385449 0.005 -0.0375 0.02468911 0.005 -0.03601088 0.02559909 0.005 -0.03456897 0.02658217 0.005 -0.03317786 0.0276359 0.005 -0.031841 0.02875766 0.005 -0.03056171 0.02994466 0.005 -0.02934319 0.03119395 0.005 -0.02818844 0.03250243 0.005 -0.02710036 0.03386684 0.005 -0.02608164 0.0352838 0.005 -0.02513482 0.03674977 0.005 -0.02426225 0.03826111 0.005 -0.02346609 0.03981407 0.005 -0.02274833 0.04140478 0.005 -0.02211076 0.0430293 0.005 -0.02155495 0.04468357 0.005 -0.02108229 0.04636349 0.005 -0.02069396 0.04806488 0.005 -0.02039092 0.04978352 0.005 -0.02017392 0.05151513 0.005 -0.02004351 0.05325539 0.005 0.09 -0.055 0.005 0.08995649 -0.05325539 0.005 0.08982608 -0.05151513 0.005 0.08960908 -0.04978352 0.005 0.08930604 -0.04806488 0.005 0.0889177 -0.04636349 0.005 0.08844505 -0.04468357 0.005 0.08788924 -0.0430293 0.005 0.08725167 -0.04140478 0.005 0.08653391 -0.03981407 0.005 0.08573775 -0.03826111 0.005 0.08486518 -0.03674977 0.005 0.08391836 -0.0352838 0.005 0.08289964 -0.03386684 0.005 0.08181155 -0.03250243 0.005 0.08065681 -0.03119395 0.005 0.07943829 -0.02994466 0.005 0.078159 -0.02875766 0.005 0.07682214 -0.0276359 0.005 0.07543103 -0.02658217 0.005 0.07398912 -0.02559909 0.005 0.0725 -0.02468911 0.005 0.07096738 -0.02385449 0.005 0.06939505 -0.0230973 0.005 0.06778693 -0.02241942 0.005 0.06614703 -0.02182254 0.005 0.06447942 -0.02130815 0.005 0.06278823 -0.02087752 0.005 0.06107769 -0.02053173 0.005 0.05935203 -0.02027163 0.005 0.05761555 -0.02009787 0.005 0.05587257 -0.02001088 0.005 0.05412743 -0.02001088 0.005 0.05238445 -0.02009787 0.005 0.05064797 -0.02027163 0.005 0.04892231 -0.02053173 0.005 0.04721177 -0.02087752 0.005 0.04552058 -0.02130815 0.005 0.04385297 -0.02182254 0.005 0.04221306 -0.02241942 0.005 0.04060495 -0.0230973 0.005 0.03903263 -0.02385449 0.005 0.0375 -0.02468911 0.005 0.03601088 -0.02559909 0.005 0.03456897 -0.02658217 0.005 0.03317786 -0.0276359 0.005 0.031841 -0.02875766 0.005 0.03056171 -0.02994466 0.005 0.02934319 -0.03119395 0.005 0.02818844 -0.03250243 0.005 0.02710036 -0.03386684 0.005 0.02608164 -0.0352838 0.005 0.02513482 -0.03674977 0.005 0.02426225 -0.03826111 0.005 0.02346609 -0.03981407 0.005 0.02274833 -0.04140478 0.005 0.02211076 -0.0430293 0.005 0.02155495 -0.04468357 0.005 0.02108229 -0.04636349 0.005 0.02069396 -0.04806488 0.005 0.02039092 -0.04978352 0.005 0.02017392 -0.05151513 0.005 0.02004351 -0.05325539 0.005 0.02 -0.055 0.005 0.02004351 -0.05674461 0.005 0.02017392 -0.05848487 0.005 0.02039092 -0.06021648 0.005 0.02069396 -0.06193512 0.005 0.02108229 -0.06363651 0.005 0.02155495 -0.06531643 0.005 0.02211076 -0.0669707 0.005 0.02274833 -0.06859521 0.005 0.02346609 -0.07018593 0.005 0.02426225 -0.07173889 0.005 0.02513482 -0.07325023 0.005 0.02608164 -0.0747162 0.005 0.02710036 -0.07613316 0.005 0.02818844 -0.07749757 0.005 0.02934319 -0.07880605 0.005 0.03056171 -0.08005534 0.005 0.031841 -0.08124234 0.005 0.03317786 -0.08236411 0.005 0.03456897 -0.08341783 0.005 0.03601088 -0.08440091 0.005 0.0375 -0.08531089 0.005 0.03903263 -0.08614552 0.005 0.04060495 -0.0869027 0.005 0.04221306 -0.08758058 0.005 0.04385297 -0.08817746 0.005 0.04552058 -0.08869185 0.005 0.04721177 -0.08912247 0.005 0.04892231 -0.08946827 0.005 0.05064797 -0.08972837 0.005 0.05238445 -0.08990213 0.005 0.05412743 -0.08998912 0.005 0.05587257 -0.08998912 0.005 0.05761555 -0.08990213 0.005 0.05935203 -0.08972837 0.005 0.06107769 -0.08946827 0.005 0.06278823 -0.08912247 0.005 0.06447942 -0.08869185 0.005 0.06614703 -0.08817746 0.005 0.06778693 -0.08758058 0.005 0.06939505 -0.0869027 0.005 0.07096738 -0.08614552 0.005 0.0725 -0.08531089 0.005 0.07398912 -0.08440091 0.005 0.07543103 -0.08341783 0.005 0.07682214 -0.08236411 0.005 0.078159 -0.08124234 0.005 0.07943829 -0.08005534 0.005 0.08065681 -0.07880605 0.005 0.08181155 -0.07749757 0.005 0.08289964 -0.07613316 0.005 0.08391836 -0.0747162 0.005 0.08486518 -0.07325023 0.005 0.08573775 -0.07173889 0.005 0.08653391 -0.07018593 0.005 0.08725167 -0.06859521 0.005 0.08788924 -0.0669707 0.005 0.08844505 -0.06531643 0.005 0.0889177 -0.06363651 0.005 0.08930604 -0.06193512 0.005 0.08960908 -0.06021648 0.005 0.08982608 -0.05848487 0.005 0.08995649 -0.05674461 0.005 0.09 0.055 0.005 0.08995649 0.05674461 0.005 0.08982608 0.05848487 0.005 0.08960908 0.06021648 0.005 0.08930604 0.06193512 0.005 0.0889177 0.06363651 0.005 0.08844505 0.06531643 0.005 0.08788924 0.0669707 0.005 0.08725167 0.06859521 0.005 0.08653391 0.07018593 0.005 0.08573775 0.07173889 0.005 0.08486518 0.07325023 0.005 0.08391836 0.0747162 0.005 0.08289964 0.07613316 0.005 0.08181155 0.07749757 0.005 0.08065681 0.07880605 0.005 0.07943829 0.08005534 0.005 0.078159 0.08124234 0.005 0.07682214 0.08236411 0.005 0.07543103 0.08341783 0.005 0.07398912 0.08440091 0.005 0.0725 0.08531089 0.005 0.07096738 0.08614552 0.005 0.06939505 0.0869027 0.005 0.06778693 0.08758058 0.005 0.06614703 0.08817746 0.005 0.06447942 0.08869185 0.005 0.06278823 0.08912247 0.005 0.06107769 0.08946827 0.005 0.05935203 0.08972837 0.005 0.05761555 0.08990213 0.005 0.05587257 0.08998912 0.005 0.05412743 0.08998912 0.005 0.05238445 0.08990213 0.005 0.05064797 0.08972837 0.005 0.04892231 0.08946827 0.005 0.04721177 0.08912247 0.005 0.04552058 0.08869185 0.005 0.04385297 0.08817746 0.005 0.04221306 0.08758058 0.005 0.04060495 0.0869027 0.005 0.03903263 0.08614552 0.005 0.0375 0.08531089 0.005 0.03601088 0.08440091 0.005 0.03456897 0.08341783 0.005 0.03317786 0.08236411 0.005 0.031841 0.08124234 0.005 0.03056171 0.08005534 0.005 0.02934319 0.07880605 0.005 0.02818844 0.07749757 0.005 0.02710036 0.07613316 0.005 0.02608164 0.0747162 0.005 0.02513482 0.07325023 0.005 0.02426225 0.07173889 0.005 0.02346609 0.07018593 0.005 0.02274833 0.06859521 0.005 0.02211076 0.0669707 0.005 0.02155495 0.06531643 0.005 0.02108229 0.06363651 0.005 0.02069396 0.06193512 0.005 0.02039092 0.06021648 0.005 0.02017392 0.05848487 0.005 0.02004351 0.05674461 0.005 0.02 0.055 0.005 0.02004351 0.05325539 0.005 0.02017392 0.05151513 0.005 0.02039092 0.04978352 0.005 0.02069396 0.04806488 0.005 0.02108229 0.04636349 0.005 0.02155495 0.04468357 0.005 0.02211076 0.0430293 0.005 0.02274833 0.04140478 0.005 0.02346609 0.03981407 0.005 0.02426225 0.03826111 0.005 0.02513482 0.03674977 0.005 0.02608164 0.0352838 0.005 0.02710036 0.03386684 0.005 0.02818844 0.03250243 0.005 0.02934319 0.03119395 0.005 0.03056171 0.02994466 0.005 0.031841 0.02875766 0.005 0.03317786 0.0276359 0.005 0.03456897 0.02658217 0.005 0.03601088 0.02559909 0.005 0.0375 0.02468911 0.005 0.03903263 0.02385449 0.005 0.04060495 0.0230973 0.005 0.04221306 0.02241942 0.005 0.04385297 0.02182254 0.005 0.04552058 0.02130815 0.005 0.04721177 0.02087752 0.005 0.04892231 0.02053173 0.005 0.05064797 0.02027163 0.005 0.05238445 0.02009787 0.005 0.05412743 0.02001088 0.005 0.05587257 0.02001088 0.005 0.05761555 0.02009787 0.005 0.05935203 0.02027163 0.005 0.06107769 0.02053173 0.005 0.06278823 0.02087752 0.005 0.06447942 0.02130815 0.005 0.06614703 0.02182254 0.005 0.06778693 0.02241942 0.005 0.06939505 0.0230973 0.005 0.07096738 0.02385449 0.005 0.0725 0.02468911 0.005 0.07398912 0.02559909 0.005 0.07543103 0.02658217 0.005 0.07682214 0.0276359 0.005 0.078159 0.02875766 0.005 0.07943829 0.02994466 0.005 0.08065681 0.03119395 0.005 0.08181155 0.03250243 0.005 0.08289964 0.03386684 0.005 0.08391836 0.0352838 0.005 0.08486518 0.03674977 0.005 0.08573775 0.03826111 0.005 0.08653391 0.03981407 0.005 0.08725167 0.04140478 0.005 0.08788924 0.0430293 0.005 0.08844505 0.04468357 0.005 0.0889177 0.04636349 0.005 0.08930604 0.04806488 0.005 0.08960908 0.04978352 0.005 0.08982608 0.05151513 0.005 0.08995649 0.05325539 0.005</float_array>
          <technique_common>
            <accessor count="1772" source="#cubeverts-array0-array" stride="3">
              <param type="float" name="X"/>
              <param type="float" name="Y"/>
              <param type="float" name="Z"/>
            </accessor>
          </technique_common>
        </source>
        <source id="cubenormals-array0">
          <float_array count="10620" id="cubenormals-array0-array">0 0 1 0 0 1 0 0 1 0 0 1 0 0 1 0 0 1 0 0 1 0 0 1 0 0 1 0 0 1 0 0 1 0 0 1 0 0 1 0 0 1 0 0 1 0 0 1 0 0 1 0 0 1 0 0 1 0 0 1 0 0 1 0 0 1 0 0 1 0 0 1 0 0 1 0 0 1 0 0 1 0 0 1 0 0 1 0 0 1 0 0 1 0 0 1 0 0 1 0 0 1 0 0 1 0 0 1 0 0 1 0 0 1 0 0 1 0 0 1 0 0 1 0 0 1 0 0 1 0 0 1 0 0 1 0 0 1 0 0 1 0 0 1 0 0 1 0 0 1 0 0 1 0 0 1 0 0 1 0 0 1 0 0 1 0 0 1 0 0 1 0 0 1 0 0 1 0 0 1 0 0 1 0 0 1 0 0 1 0 0 1 0 0 1 0 0 1 0 0 1 0 0 1 0 0 1 0 0 1 0 0 1 0 0 1 0 0 1 0 0 1 0 0 1 0 0 1 0 0 1 0 0 1 0 0 1 0 0 1 0 0 1 0 0 1 0 0 1 0 0 1 0 0 1 0 0 1 0 0 1 0 0 1 0 0 1 0 0 1 0 0 1 0 0 1 0 0 1 0 0 1 0 0 1 0 0 1 0 0 1 0 0 1 0 0 1 0 0 1 0 0 1 0 0 1 0 0 1 0 0 1 0 0 1 0 0 1 0 0 1 0 0 1 0 0 1 0 0 1 0 0 1 0 0 1 0 0 1 0 0 1 0 0 1 0 0 1 0 0 1 0 0 1 0 0 1 0 0 1 0 0 1 0 0 1 0 0 1 0 0 1 0 0 1 0 0 1 0 0 1 0 0 1 0 0 1 0 0 1 0 0 1 0 0 1 0 0 1 0 0 1 0 0 1 0 0 1 0 0 1 0 0 1 0 0 1 0 0 1 0 0 1 0 0 1 0 0 1 0 0 1 0 0 1 0 0 1 0 0 1 0 0 1 0 0 1 0 0 1 0 0 1 0 0 1 0 0 1 0 0 1 0 0 1 0 0 1 0 0 1 0 0 1 0 0 1 0 0 1 0 0 1 0 0 1 0 0 1 0 0 1 0 0 1 0 0 1 0 0 1 0 0 1 0 0 1 0 0 1 0 0 1 0 0 1 0 0 1 0 0 1 0 0 1 0 0 1 0 0 1 0 0 1 0 0 1 0 0 1 0 0 1 0 0 1 0 0 1 0 0 1 0 0 1 0 0 1 0 0 1 0 0 1 0 0 1 0 0 1 0 0 1 0 0 1 0 0 1 0 0 1 0 0 1 0 0 1 0 0 1 0 0 1 0 0 1 0 0 1 0 0 1 0 0 1 0 0 1 0 0 1 0 0 1 0 0 1 0 0 1 0 0 1 0 0 1 0 0 1 0 0 1 0 0 1 0 0 1 0 0 1 0 0 1 0 0 1 0 0 1 0 0 1 0 0 1 0 0 1 0 0 1 0 0 1 0 0 1 0 0 1 0 0 1 0 0 1 0 0 1 0 0 1 0 0 1 0 0 1 0 0 1 0 0 1 0 0 1 0 0 1 0 0 1 0 0 1 0 0 1 0 0 1 0 0 1 0 0 1 0 0 1 0 0 1 0 0 1 0 0 1 0 0 1 0 0 1 0 0 1 0 0 1 0 0 1 0 0 1 0 0 1 0 0 1 0 0 1 0 0 1 0 0 1 0 0 1 0 0 1 0 0 1 0 0 1 0 0 1 0 0 1 0 0 1 0 0 1 0 0 1 0 0 1 0 0 1 0 0 1 0 0 1 0 0 1 0 0 1 0 0 1 0 0 1 0 0 1 0 0 1 0 0 1 0 0 1 0 0 1 0 0 1 0 0 1 0 0 1 0 0 1 0 0 1 0 0 1 0 0 1 0 0 1 0 0 1 0 0 1 0 0 1 0 0 1 0 0 1 0 0 1 0 0 1 0 0 1 0 0 1 0 0 1 0 0 1 0 0 1 0 0 1 0 0 1 0 0 1 0 0 1 0 0 1 0 0 1 0 0 1 0 0 1 0 0 1 0 0 1 0 0 1 0 0 1 0 0 1 0 0 1 0 0 1 0 0 1 0 0 1 0 0 1 0 0 1 0 0 1 0 0 1 0 0 1 0 0 1 0 0 1 0 0 1 0 0 1 0 0 1 0 0 1 0 0 1 0 0 1 0 0 1 0 0 1 0 0 1 0 0 1 0 0 1 0 0 1 0 0 1 0 0 1 0 0 1 0 0 1 0 0 1 0 0 1 0 0 1 0 0 1 0 0 1 0 0 1 0 0 1 0 0 1 0 0 1 0 0 1 0 0 1 0 0 1 0 0 1 0 0 1 0 0 1 0 0 1 0 0 1 0 0 1 0 0 1 0 0 1 0 0 1 0 0 1 0 0 1 0 0 1 0 0 1 0 0 1 0 0 1 0 0 1 0 0 1 0 0 1 0 0 1 0 0 1 0 0 1 0 0 1 0 0 1 0 0 1 0 0 1 0 0 1 0 0 1 0 0 1 0 0 1 0 0 1 0 0 1 0 0 1 0 0 1 0 0 1 0 0 1 0 0 1 0 0 1 0 0 1 0 0 1 0 0 1 0 0 1 0 0 1 0 0 1 0 0 1 0 0 1 0 0 1 0 0 1 0 0 1 0 0 1 0 0 1 0 0 1 0 0 1 0 0 1 0 0 1 0 0 1 0 0 1 0 0 1 0 0 1 0 0 1 0 0 1 0 0 1 0 0 1 0 0 1 0 0 1 0 0 1 0 0 1 0 0 1 0 0 1 0 0 1 0 0 1 0 0 1 0 0 1 0 0 1 0 0 1 0 0 1 0 0 1 0 0 1 0 0 1 0 0 1 0 0 1 0 0 1 0 0 1 0 0 1 0 0 1 0 0 1 0 0 1 0 0 1 0 0 1 0 0 1 0 0 1 0 0 1 0 0 1 0 0 1 0 0 1 0 0 1 0 0 1 0 0 1 0 0 1 0 0 1 0 0 1 0 0 1 0 0 1 0 0 1 0 0 1 0 0 1 0 0 1 0 0 1 0 0 1 0 0 1 0 0 1 0 0 1 0 0 1 0 0 1 0 0 1 0 0 1 0 0 1 0 0 1 0 0 1 0 0 1 0 0 1 0 0 1 0 0 1 0 0 1 0 0 1 0 0 1 0 0 1 0 0 1 0 0 1 0 0 1 0 0 1 0 0 1 0 0 1 0 0 1 0 0 1 0 0 1 0 0 1 0 0 1 0 0 1 0 0 1 0 0 1 0 0 1 0 0 1 0 0 1 0 0 1 0 0 1 0 0 1 0 0 1 0 0 1 0 0 1 0 0 1 0 0 1 0 0 1 0 0 1 0 0 1 0 0 1 0 0 1 0 0 1 0 0 1 0 0 1 0 -0 1 0 0 1 0 0 1 0 0 1 0 0 1 0 0 1 -0.7069969 -0.0176315 0.7069969 -0.7069969 -0.01763171 0.7069969 -0.7069969 0.0176315 0.7069969 -0.7069969 0.01763171 0.7069969 -0.705239 -0.05285029 0.706997 -0.7017279 -0.08793782 0.706997 -0.7052392 -0.05285031 0.7069968 -0.7017282 -0.08793747 0.7069968 -0.6989985 -0.03488572 0.7142718 -0.7135317 -0.03561105 0.6997172 -0.6964724 -0.1228068 0.706997 -0.6894852 -0.1573705 0.706997 -0.6964727 -0.1228068 0.7069967 -0.6894854 -0.1573707 0.7069967 -0.6920515 -0.1043098 0.7142718 -0.7064406 -0.1064786 0.699717 -0.6807838 -0.1915426 0.706997 -0.6703898 -0.2252392 0.7069971 -0.6923282 -0.1762884 0.6997171 -0.6807838 -0.1915432 0.7069969 -0.6703901 -0.2252391 0.7069969 -0.6782266 -0.1726977 0.7142718 -0.6583295 -0.2583758 0.7069967 -0.6446325 -0.2908688 0.7069967 -0.6576613 -0.239369 0.7142718 -0.6583294 -0.2583752 0.706997 -0.6446322 -0.2908687 0.7069969 -0.671335 -0.2443458 0.6997172 -0.629332 -0.3226395 0.7069972 -0.6124673 -0.3536082 0.7069971 -0.6293318 -0.3226404 0.7069969 -0.6124679 -0.3536079 0.7069969 -0.6305595 -0.3036617 0.7142717 -0.6436701 -0.3099755 0.6997171 -0.5971916 -0.3649357 0.7142718 -0.5940803 -0.3836988 0.7069964 -0.574217 -0.4128328 0.7069964 -0.6096082 -0.3725233 0.6997172 -0.5940803 -0.3836977 0.706997 -0.574216 -0.4128332 0.706997 -0.552924 -0.440943 0.7069967 -0.5302582 -0.4679551 0.7069967 -0.5578879 -0.4225838 0.7142717 -0.5529242 -0.4409425 0.7069969 -0.5302575 -0.4679556 0.7069969 -0.5694872 -0.43137 0.6997173 -0.506273 -0.4938045 0.706997 -0.4810294 -0.5184264 0.7069969 -0.506273 -0.4938046 0.706997 -0.4810296 -0.5184264 0.706997 -0.5130399 -0.4760315 0.7142717 -0.5237067 -0.4859289 0.6997174 -0.4630929 -0.5247483 0.7142718 -0.4545899 -0.5417594 0.706997 -0.4270202 -0.5637456 0.706997 -0.4727215 -0.5356587 0.6997172 -0.4545902 -0.5417594 0.7069967 -0.4270208 -0.5637453 0.7069968 -0.3983895 -0.5843296 0.7069969 -0.3687678 -0.6034614 0.7069969 -0.3983897 -0.58433 0.7069967 -0.3687673 -0.6034621 0.7069967 -0.4085438 -0.5682499 0.7142716 -0.4170381 -0.5800648 0.699717 -0.338229 -0.6210929 0.706997 -0.3068497 -0.6371801 0.706997 -0.3382296 -0.6210929 0.7069967 -0.3068498 -0.6371803 0.7069967 -0.3499341 -0.6061037 0.7142718 -0.3572099 -0.6187057 0.6997172 -0.2878468 -0.6379341 0.7142718 -0.2747073 -0.6516836 0.7069969 -0.241883 -0.6645662 0.7069969 -0.2938317 -0.651198 0.699717 -0.2747081 -0.6516834 0.7069966 -0.2418824 -0.6645666 0.7069966 -0.2084555 -0.6757972 0.7069968 -0.1745114 -0.6853476 0.7069968 -0.2084554 -0.6757971 0.7069969 -0.1745106 -0.6853477 0.7069969 -0.2228989 -0.6634243 0.7142718 -0.2275334 -0.6772182 0.699717 -0.1589735 -0.6965076 0.6997174 -0.1401321 -0.6931945 0.7069967 -0.1054052 -0.6993178 0.7069967 -0.1401325 -0.6931942 0.706997 -0.1054052 -0.6993175 0.706997 -0.1557355 -0.6823213 0.7142717 -0.07041609 -0.7037023 0.7069969 -0.03525164 -0.7063375 0.7069969 -0.08702409 -0.6944371 0.7142717 -0.08883344 -0.7088754 0.6997173 -0.07041568 -0.7037023 0.706997 -0.03525179 -0.7063375 0.706997 0 -0.7072168 0.7069968 0.03525172 -0.7063377 0.7069968 0 -0.7072165 0.706997 0.03525179 -0.7063373 0.706997 -0.01744825 -0.6996511 0.7142716 -0.01781102 -0.7141976 0.6997174 0.05230127 -0.6979116 0.7142717 0.05338868 -0.712422 0.6997174 0.07041601 -0.7037023 0.7069969 0.1054052 -0.6993177 0.7069969 0.07041569 -0.7037024 0.7069969 0.1054052 -0.6993176 0.7069969 0.1401321 -0.6931944 0.7069969 0.1745117 -0.6853474 0.7069969 0.1215309 -0.6892359 0.7142717 0.1401325 -0.6931941 0.706997 0.1745106 -0.6853476 0.7069971 0.1240577 -0.7035663 0.6997173 0.2084551 -0.675797 0.7069972 0.2418828 -0.6645658 0.7069972 0.1934942 -0.6877179 0.6997172 0.2084555 -0.6757975 0.7069966 0.2418829 -0.6645665 0.7069964 0.1895531 -0.6737104 0.7142715 0.2556907 -0.6514892 0.7142717 0.261007 -0.6650349 0.699717 0.2747071 -0.6516833 0.706997 0.3068491 -0.6371803 0.7069971 0.2747075 -0.6516836 0.7069966 0.3068493 -0.6371808 0.7069967 0.3382297 -0.6210927 0.7069969 0.3687672 -0.6034618 0.7069968 0.3192869 -0.6227931 0.7142721 0.33823 -0.6210922 0.7069971 0.3687671 -0.6034617 0.7069972 0.3259257 -0.6357427 0.6997169 0.387606 -0.6001313 0.6997172 0.3983899 -0.5843295 0.7069969 0.427021 -0.5637452 0.7069969 0.3983895 -0.5843297 0.7069969 0.4270208 -0.5637453 0.7069968 0.379711 -0.5879074 0.714272 0.4363611 -0.5471793 0.7142715 0.4454336 -0.5585558 0.6997172 0.45459 -0.5417595 0.7069967 0.4810295 -0.5184266 0.7069969 0.4545902 -0.5417594 0.7069969 0.4810301 -0.5184261 0.7069968 0.5062723 -0.4938053 0.706997 0.5302576 -0.4679553 0.706997 0.4886739 -0.501013 0.7142715 0.5062724 -0.4938048 0.7069972 0.5302576 -0.467955 0.7069972 0.4988338 -0.5114295 0.6997176 0.5472776 -0.4592198 0.6997174 0.5529248 -0.4409415 0.706997 0.5742165 -0.4128325 0.7069969 0.5529242 -0.4409425 0.7069968 0.5742158 -0.4128338 0.7069968 0.5361304 -0.4498662 0.714272 0.5782586 -0.3942509 0.7142711 0.5902811 -0.4024477 0.6997172 0.5940808 -0.3836984 0.7069961 0.6124679 -0.3536093 0.7069961 0.5940802 -0.3836976 0.7069972 0.6124677 -0.3536078 0.7069972 0.6293312 -0.3226405 0.7069973 0.6446324 -0.2908674 0.7069973 0.6146401 -0.3347145 0.7142715 0.6293321 -0.3226413 0.7069963 0.6446326 -0.2908697 0.7069963 0.6274191 -0.3416735 0.6997175 0.6449124 -0.2718531 0.7142716 0.6583219 -0.2775056 0.6997163 0.6583285 -0.2583761 0.7069973 0.6703897 -0.2252385 0.7069973 0.6583303 -0.2583748 0.7069963 0.6703911 -0.2252379 0.7069962 0.6687751 -0.2062903 0.7142718 0.68268 -0.2105794 0.6997173 0.6807846 -0.1915422 0.7069964 0.6894856 -0.1573713 0.7069964 0.6807835 -0.1915423 0.7069973 0.6894844 -0.1573721 0.7069974 0.6964726 -0.1228065 0.7069968 0.6859919 -0.1386758 0.7142717 0.7017279 -0.08793995 0.7069968 0.7002552 -0.1415592 0.6997169 0.6964728 -0.122806 0.7069967 0.701728 -0.08793977 0.7069968 0.7108702 -0.07113406 0.6997167 0.7052397 -0.05284897 0.7069964 0.7069973 -0.01763182 0.7069964 0.6963902 -0.0696851 0.7142722 0.7052386 -0.05284795 0.7069976 0.7069961 -0.01763247 0.7069976 0.7069973 0.01763182 0.7069964 0.7052397 0.05284897 0.7069964 0.6998687 -0 0.7142714 0.7144196 -0 0.6997175 0.7069961 0.01763247 0.7069976 0.7052386 0.05284795 0.7069976 0.6963902 0.0696851 0.7142722 0.7108702 0.07113406 0.6997167 0.7017279 0.08793995 0.7069968 0.6964726 0.1228065 0.7069968 0.701728 0.08793977 0.7069968 0.6964728 0.122806 0.7069967 0.6859921 0.1386758 0.7142717 0.7002552 0.1415592 0.6997169 0.6894856 0.1573713 0.7069964 0.6807846 0.1915422 0.7069964 0.6894844 0.1573721 0.7069974 0.6807835 0.1915428 0.7069973 0.6687751 0.2062903 0.7142718 0.6703897 0.2252385 0.7069973 0.6583288 0.2583756 0.7069973 0.6826798 0.2105793 0.6997175 0.6703913 0.2252374 0.7069962 0.6583301 0.2583753 0.7069962 0.6446323 0.2908696 0.7069966 0.6293325 0.3226399 0.7069966 0.6449122 0.271853 0.7142718 0.6583216 0.2775055 0.6997166 0.6446322 0.2908685 0.7069971 0.6293315 0.3226406 0.7069971 0.6124666 0.3536089 0.7069975 0.5940803 0.3836967 0.7069975 0.6146404 0.3347146 0.7142712 0.6274194 0.3416736 0.6997172 0.6124682 0.3536094 0.7069958 0.5940819 0.3836973 0.7069959 0.5742158 0.4128338 0.7069968 0.5529242 0.4409425 0.7069968 0.5902811 0.4024477 0.6997172 0.5782583 0.3942507 0.7142715 0.5742159 0.4128336 0.7069969 0.5529257 0.4409406 0.7069968 0.5302578 0.4679551 0.706997 0.5062719 0.4938058 0.7069969 0.5361298 0.4498661 0.7142725 0.5472775 0.45922 0.6997173 0.5302567 0.4679562 0.706997 0.5062727 0.493805 0.706997 0.4810302 0.5184254 0.7069972 0.4545912 0.5417579 0.7069973 0.4988339 0.5114288 0.6997181 0.4810295 0.5184273 0.7069964 0.4545915 0.5417588 0.7069964 0.4886742 0.5010126 0.7142715 0.4270204 0.5637458 0.7069966 0.3983897 0.58433 0.7069967 0.4363607 0.5471792 0.7142718 0.4270197 0.5637463 0.7069967 0.3983901 0.5843297 0.7069966 0.4454336 0.5585563 0.6997169 0.3876059 0.6001317 0.6997167 0.3797108 0.5879077 0.7142718 0.3687673 0.6034621 0.7069966 0.3382303 0.6210927 0.7069966 0.3687669 0.6034623 0.7069966 0.3382298 0.6210929 0.7069966 0.319287 0.6227934 0.7142718 0.325926 0.6357431 0.6997163 0.306848 0.6371813 0.7069966 0.2747082 0.6516834 0.7069966 0.3068497 0.63718 0.706997 0.2747089 0.6516826 0.7069971 0.2418836 0.6645663 0.7069964 0.2084548 0.6757977 0.7069964 0.2610076 0.6650347 0.6997171 0.2556911 0.6514884 0.7142723 0.2418817 0.6645665 0.7069969 0.2084558 0.675797 0.7069969 0.1745099 0.6853477 0.706997 0.1401325 0.6931941 0.706997 0.1895523 0.6737103 0.7142718 0.1934935 0.687718 0.6997172 0.1745104 0.6853477 0.7069969 0.140134 0.6931939 0.7069969 0.1054053 0.6993179 0.7069966 0.07041572 0.7037027 0.7069966 0.1240573 0.7035664 0.6997172 0.1215303 0.689235 0.7142727 0.1054044 0.6993169 0.7069978 0.07041495 0.7037016 0.7069978 0.03525259 0.7063379 0.7069965 0 0.7072171 0.7069965 0.05230124 0.6979111 0.7142721 0.05338871 0.7124224 0.6997171 0.03525266 0.7063367 0.7069976 0 0.7072158 0.7069976 -0.03525253 0.7063368 0.7069976 -0.07041562 0.7037017 0.7069976 -0.01780992 0.7141979 0.6997172 -0.01744716 0.6996506 0.7142721 -0.03525272 0.7063379 0.7069964 -0.07041508 0.7037029 0.7069964 -0.140134 0.6931935 0.7069973 -0.08883376 0.7088749 0.6997178 -0.1054052 0.6993172 0.7069973 -0.1401324 0.6931939 0.7069973 -0.08702442 0.6944368 0.7142718 -0.1054045 0.6993173 0.7069973 -0.1745099 0.6853471 0.7069976 -0.2084559 0.6757962 0.7069977 -0.1589742 0.6965075 0.6997174 -0.1745101 0.6853485 0.7069963 -0.2084548 0.6757979 0.7069963 -0.1557362 0.6823211 0.7142717 -0.2418816 0.6645663 0.706997 -0.2747089 0.6516826 0.7069971 -0.241883 0.6645661 0.7069969 -0.2747087 0.6516829 0.7069968 -0.2228979 0.6634245 0.7142719 -0.2275326 0.677219 0.6997166 -0.3068507 0.6371808 0.7069959 -0.3382295 0.6210938 0.7069959 -0.2878468 0.6379349 0.7142711 -0.2938311 0.6511976 0.6997178 -0.3068485 0.6371807 0.706997 -0.3382294 0.6210927 0.706997 -0.3687672 0.6034615 0.7069972 -0.3983894 0.5843294 0.7069972 -0.3499355 0.6061036 0.7142714 -0.3572111 0.6187053 0.699717 -0.3687677 0.6034628 0.7069958 -0.39839 0.5843306 0.7069958 -0.4270186 0.5637462 0.7069975 -0.4545909 0.5417581 0.7069974 -0.4270205 0.563746 0.7069963 -0.4545918 0.5417587 0.7069963 -0.4085433 0.5682502 0.7142717 -0.417038 0.5800655 0.6997166 -0.4810289 0.5184267 0.7069972 -0.5062732 0.4938041 0.7069972 -0.4810298 0.5184258 0.7069972 -0.5062721 0.4938052 0.7069972 -0.4630932 0.5247481 0.7142717 -0.4727216 0.5356584 0.6997173 -0.5302572 0.467956 0.7069968 -0.5529247 0.4409419 0.7069968 -0.5302573 0.4679554 0.706997 -0.552924 0.4409423 0.706997 -0.5130396 0.476032 0.7142715 -0.5237063 0.4859292 0.6997173 -0.574216 0.4128336 0.7069967 -0.5940808 0.3836974 0.7069968 -0.5694872 0.4313698 0.6997173 -0.574216 0.4128332 0.706997 -0.5940807 0.383697 0.706997 -0.5578882 0.4225838 0.7142714 -0.6096076 0.3725234 0.6997177 -0.6124679 0.3536085 0.7069966 -0.6293325 0.3226398 0.7069966 -0.6124671 0.3536092 0.7069969 -0.6293325 0.3226392 0.7069969 -0.5971918 0.3649362 0.7142713 -0.63056 0.3036613 0.7142715 -0.6446316 0.2908696 0.7069972 -0.6583292 0.2583751 0.7069972 -0.6446322 0.2908687 0.7069969 -0.6583292 0.2583757 0.706997 -0.6436701 0.3099748 0.6997173 -0.6703898 0.2252392 0.7069971 -0.6576611 0.2393692 0.7142719 -0.6807838 0.1915426 0.706997 -0.6713351 0.2443461 0.6997172 -0.67039 0.2252385 0.706997 -0.6807836 0.1915436 0.7069971 -0.6894852 0.1573705 0.706997 -0.6964724 0.1228068 0.706997 -0.6782266 0.1726977 0.7142718 -0.6894854 0.1573707 0.7069967 -0.6964727 0.1228068 0.7069967 -0.6923282 0.1762884 0.6997171 -0.7017279 0.08793782 0.706997 -0.705239 0.05285029 0.706997 -0.7017282 0.08793747 0.7069968 -0.7052392 0.05285031 0.7069968 -0.7064406 0.1064786 0.699717 -0.7135317 0.03561105 0.6997172 -0.6989985 0.03488572 0.7142718 -0.6920515 0.1043098 0.7142718 0 1 0 0 1 -0 -1 0 0 -1 0 0 1 0 0 1 0 0 0 -1 0 0 -1 0 -0.7069969 -0.0176315 0.7069969 -0.7069969 -0.01763171 0.7069969 -0.7069969 0.0176315 0.7069969 -0.7069969 0.01763171 0.7069969 -0.705239 -0.05285029 0.706997 -0.7017279 -0.08793782 0.706997 -0.7052392 -0.05285031 0.7069968 -0.7017282 -0.08793747 0.7069968 -0.6989985 -0.03488572 0.7142718 -0.7135317 -0.03561105 0.6997172 -0.6964724 -0.1228068 0.706997 -0.6894852 -0.1573705 0.706997 -0.6964727 -0.1228068 0.7069967 -0.6894854 -0.1573707 0.7069967 -0.6920515 -0.1043098 0.7142718 -0.7064406 -0.1064786 0.699717 -0.6807838 -0.1915426 0.706997 -0.6703898 -0.2252392 0.7069971 -0.6923282 -0.1762884 0.6997171 -0.6807836 -0.1915436 0.7069971 -0.67039 -0.2252385 0.706997 -0.6782266 -0.1726977 0.7142718 -0.6583292 -0.2583751 0.7069972 -0.6446316 -0.2908696 0.7069972 -0.6576611 -0.2393692 0.7142719 -0.6583292 -0.2583757 0.706997 -0.6446322 -0.2908687 0.7069969 -0.6713351 -0.2443461 0.6997172 -0.6293325 -0.3226398 0.7069966 -0.6124679 -0.3536085 0.7069966 -0.6293325 -0.3226392 0.7069969 -0.6124671 -0.3536092 0.7069969 -0.63056 -0.3036613 0.7142715 -0.6436701 -0.3099748 0.6997173 -0.5971918 -0.3649362 0.7142713 -0.5940808 -0.3836974 0.7069968 -0.574216 -0.4128336 0.7069967 -0.6096076 -0.3725234 0.6997177 -0.5940807 -0.383697 0.706997 -0.574216 -0.4128332 0.706997 -0.5529247 -0.4409419 0.7069968 -0.5302572 -0.467956 0.7069968 -0.5578882 -0.4225838 0.7142714 -0.552924 -0.4409423 0.706997 -0.5302573 -0.4679554 0.706997 -0.5694872 -0.4313698 0.6997173 -0.5062732 -0.4938041 0.7069972 -0.4810289 -0.5184267 0.7069972 -0.5062721 -0.4938052 0.7069972 -0.4810298 -0.5184258 0.7069972 -0.5130396 -0.476032 0.7142715 -0.5237063 -0.4859292 0.6997173 -0.4630932 -0.5247481 0.7142717 -0.4545909 -0.5417581 0.7069974 -0.4270186 -0.5637462 0.7069975 -0.4727216 -0.5356584 0.6997173 -0.4545918 -0.5417587 0.7069963 -0.4270205 -0.563746 0.7069963 -0.3983894 -0.5843294 0.7069972 -0.3687672 -0.6034615 0.7069972 -0.39839 -0.5843306 0.7069958 -0.3687677 -0.6034628 0.7069958 -0.4085433 -0.5682502 0.7142717 -0.417038 -0.5800655 0.6997165 -0.3382295 -0.6210938 0.7069959 -0.3068507 -0.6371808 0.7069959 -0.3382294 -0.6210927 0.706997 -0.3068485 -0.6371807 0.706997 -0.3499355 -0.6061036 0.7142714 -0.3572111 -0.6187053 0.699717 -0.2878468 -0.6379349 0.7142711 -0.2747089 -0.6516826 0.7069971 -0.2418816 -0.6645663 0.706997 -0.2938311 -0.6511976 0.6997178 -0.2747087 -0.6516829 0.7069968 -0.241883 -0.6645661 0.7069969 -0.2084559 -0.6757962 0.7069977 -0.1745099 -0.6853471 0.7069976 -0.2084548 -0.6757979 0.7069963 -0.1745101 -0.6853485 0.7069963 -0.2228979 -0.6634245 0.7142719 -0.2275326 -0.677219 0.6997166 -0.1589742 -0.6965075 0.6997175 -0.140134 -0.6931935 0.7069973 -0.1054045 -0.6993173 0.7069973 -0.1401324 -0.6931939 0.7069973 -0.1054052 -0.6993172 0.7069973 -0.1557362 -0.6823211 0.7142718 -0.07041508 -0.7037029 0.7069964 -0.03525272 -0.7063379 0.7069964 -0.08702442 -0.6944368 0.7142718 -0.08883376 -0.7088749 0.6997178 -0.07041562 -0.7037017 0.7069976 -0.03525253 -0.7063368 0.7069976 0 -0.7072158 0.7069976 0.03525266 -0.7063367 0.7069976 0 -0.7072171 0.7069965 0.03525259 -0.7063379 0.7069965 -0.01744716 -0.6996506 0.7142721 -0.01780992 -0.7141978 0.6997173 0.05230124 -0.6979111 0.7142721 0.05338871 -0.7124224 0.6997171 0.07041495 -0.7037016 0.7069978 0.1054044 -0.6993169 0.7069978 0.07041572 -0.7037027 0.7069966 0.1054053 -0.6993179 0.7069966 0.140134 -0.6931939 0.7069969 0.1745104 -0.6853477 0.7069969 0.1215303 -0.689235 0.7142727 0.1401325 -0.6931941 0.706997 0.1745099 -0.6853477 0.706997 0.1240573 -0.7035664 0.6997172 0.2084558 -0.675797 0.7069969 0.2418817 -0.6645665 0.7069969 0.1934935 -0.687718 0.6997172 0.2084548 -0.6757977 0.7069964 0.2418836 -0.6645663 0.7069964 0.1895523 -0.6737103 0.7142718 0.2556911 -0.6514884 0.7142723 0.2610076 -0.6650347 0.699717 0.2747089 -0.6516826 0.7069971 0.3068497 -0.63718 0.706997 0.2747082 -0.6516834 0.7069966 0.306848 -0.6371813 0.7069966 0.3382298 -0.6210929 0.7069966 0.3687669 -0.6034623 0.7069966 0.319287 -0.6227934 0.7142718 0.3382303 -0.6210927 0.7069966 0.3687673 -0.6034621 0.7069966 0.325926 -0.6357431 0.6997163 0.3876059 -0.6001317 0.6997167 0.3983901 -0.5843297 0.7069966 0.4270197 -0.5637463 0.7069967 0.3983897 -0.58433 0.7069967 0.4270204 -0.5637458 0.7069966 0.3797108 -0.5879077 0.7142718 0.4363607 -0.5471792 0.7142718 0.4454336 -0.5585563 0.6997169 0.4545915 -0.5417588 0.7069964 0.4810295 -0.5184273 0.7069964 0.4545912 -0.5417579 0.7069973 0.4810302 -0.5184254 0.7069972 0.5062727 -0.493805 0.706997 0.5302567 -0.4679562 0.706997 0.4886742 -0.5010126 0.7142715 0.5062719 -0.4938058 0.7069969 0.5302578 -0.4679551 0.706997 0.4988339 -0.5114288 0.6997181 0.5472775 -0.4592201 0.6997173 0.5529257 -0.4409406 0.7069968 0.5742159 -0.4128336 0.7069969 0.5529242 -0.4409425 0.7069968 0.5742158 -0.4128338 0.7069968 0.53613 -0.4498661 0.7142725 0.5782583 -0.3942507 0.7142715 0.5902811 -0.4024477 0.6997172 0.5940819 -0.3836973 0.7069959 0.6124682 -0.3536094 0.7069958 0.5940803 -0.3836967 0.7069975 0.6124666 -0.3536089 0.7069975 0.6293315 -0.3226406 0.7069971 0.6446322 -0.2908685 0.7069971 0.6146404 -0.3347146 0.7142712 0.6293325 -0.3226399 0.7069966 0.6446323 -0.2908696 0.7069966 0.6274194 -0.3416736 0.6997172 0.6449122 -0.271853 0.7142718 0.6583216 -0.2775055 0.6997166 0.6583288 -0.2583756 0.7069973 0.6703897 -0.2252385 0.7069973 0.6583301 -0.2583753 0.7069962 0.6703913 -0.2252374 0.7069962 0.6687751 -0.2062903 0.7142718 0.6826798 -0.2105793 0.6997175 0.6807846 -0.1915422 0.7069964 0.6894856 -0.1573713 0.7069964 0.6807835 -0.1915428 0.7069973 0.6894844 -0.1573721 0.7069974 0.6964726 -0.1228065 0.7069968 0.6859919 -0.1386758 0.7142717 0.7017279 -0.08793995 0.7069968 0.7002552 -0.1415592 0.6997169 0.6964728 -0.122806 0.7069967 0.701728 -0.08793977 0.7069968 0.7108702 -0.07113406 0.6997167 0.7052397 -0.05284897 0.7069964 0.7069973 -0.01763182 0.7069964 0.6963902 -0.0696851 0.7142722 0.7052386 -0.05284795 0.7069976 0.7069961 -0.01763247 0.7069976 0.7069973 0.01763182 0.7069964 0.7052397 0.05284897 0.7069964 0.6998687 -0 0.7142714 0.7069961 0.01763247 0.7069976 0.7052386 0.05284795 0.7069976 0.7144196 -0 0.6997175 0.6963902 0.0696851 0.7142722 0.7017279 0.08793995 0.7069968 0.6964726 0.1228065 0.7069968 0.7108702 0.07113406 0.6997167 0.701728 0.08793977 0.7069968 0.6964728 0.122806 0.7069967 0.7002552 0.1415592 0.6997169 0.6894856 0.1573713 0.7069964 0.6807846 0.1915422 0.7069964 0.6894844 0.1573721 0.7069974 0.6807835 0.1915423 0.7069973 0.6859921 0.1386758 0.7142717 0.6687751 0.2062903 0.7142718 0.6703897 0.2252385 0.7069973 0.6583285 0.2583761 0.7069973 0.68268 0.2105794 0.6997173 0.6703911 0.2252379 0.7069962 0.6583303 0.2583748 0.7069963 0.6446326 0.2908697 0.7069963 0.6293321 0.3226413 0.7069963 0.6449124 0.2718531 0.7142716 0.6583218 0.2775056 0.6997164 0.6446324 0.2908674 0.7069973 0.6293312 0.3226405 0.7069973 0.6124677 0.3536078 0.7069972 0.5940802 0.3836976 0.7069972 0.6146401 0.3347145 0.7142715 0.6274191 0.3416735 0.6997175 0.6124679 0.3536093 0.7069961 0.5940808 0.3836984 0.7069961 0.5742158 0.4128338 0.7069968 0.5529242 0.4409425 0.7069968 0.5902811 0.4024477 0.6997172 0.5782586 0.3942509 0.7142711 0.5742165 0.4128325 0.7069969 0.5529248 0.4409415 0.706997 0.5302576 0.467955 0.7069972 0.5062724 0.4938048 0.7069972 0.5361304 0.4498662 0.714272 0.5472776 0.4592198 0.6997174 0.5302576 0.4679553 0.706997 0.5062723 0.4938053 0.706997 0.4810301 0.5184261 0.7069968 0.4545902 0.5417594 0.7069969 0.4886739 0.501013 0.7142715 0.4810295 0.5184266 0.7069969 0.45459 0.5417595 0.7069967 0.4988338 0.5114295 0.6997176 0.4270208 0.5637453 0.7069968 0.3983895 0.5843297 0.7069969 0.427021 0.5637452 0.7069969 0.3983899 0.5843295 0.7069969 0.4454336 0.5585558 0.6997172 0.4363611 0.5471793 0.7142715 0.379711 0.5879075 0.7142719 0.3687671 0.6034617 0.7069972 0.33823 0.6210922 0.7069971 0.387606 0.6001313 0.6997172 0.3687672 0.6034618 0.7069968 0.3382297 0.6210927 0.7069969 0.3192869 0.6227931 0.7142721 0.3068493 0.6371808 0.7069967 0.2747075 0.6516836 0.7069966 0.3259257 0.6357427 0.6997169 0.3068491 0.6371803 0.7069971 0.2747071 0.6516833 0.706997 0.2418829 0.6645665 0.7069964 0.2084555 0.6757975 0.7069966 0.261007 0.6650349 0.699717 0.2556907 0.6514892 0.7142717 0.2418828 0.6645658 0.7069972 0.2084551 0.675797 0.7069972 0.1745106 0.6853476 0.7069971 0.1401325 0.6931941 0.706997 0.1895531 0.6737104 0.7142715 0.1934942 0.6877179 0.6997172 0.1745117 0.6853474 0.7069969 0.1401321 0.6931944 0.7069969 0.1054052 0.6993176 0.7069969 0.07041569 0.7037024 0.7069969 0.1240577 0.7035663 0.6997173 0.1215309 0.6892359 0.7142717 0.1054052 0.6993177 0.7069969 0.07041601 0.7037023 0.7069969 0.03525179 0.7063373 0.706997 0 0.7072165 0.706997 0.05230127 0.6979116 0.7142717 0.05338868 0.712422 0.6997174 0.03525172 0.7063377 0.7069968 0 0.7072168 0.7069968 -0.03525179 0.7063375 0.706997 -0.07041568 0.7037023 0.706997 -0.01781102 0.7141976 0.6997174 -0.01744825 0.6996511 0.7142716 -0.03525164 0.7063375 0.7069969 -0.07041609 0.7037023 0.7069969 -0.1401321 0.6931945 0.7069967 -0.08883344 0.7088754 0.6997173 -0.1054052 0.6993175 0.706997 -0.1401325 0.6931942 0.706997 -0.08702409 0.694437 0.7142717 -0.1054052 0.6993178 0.7069967 -0.1745114 0.6853476 0.7069968 -0.2084555 0.6757972 0.7069968 -0.1589735 0.6965076 0.6997174 -0.1745106 0.6853477 0.7069969 -0.2084554 0.6757971 0.7069969 -0.1557355 0.6823213 0.7142717 -0.241883 0.6645662 0.7069969 -0.2747073 0.6516836 0.7069969 -0.2418824 0.6645666 0.7069966 -0.2747081 0.6516834 0.7069966 -0.2228989 0.6634243 0.7142718 -0.2275334 0.6772183 0.699717 -0.3068497 0.6371801 0.706997 -0.338229 0.6210929 0.706997 -0.2878468 0.6379341 0.7142718 -0.2938317 0.651198 0.6997171 -0.3068498 0.6371803 0.7069967 -0.3382296 0.6210929 0.7069967 -0.3687678 0.6034614 0.7069969 -0.3983895 0.5843296 0.7069969 -0.3687673 0.6034621 0.7069967 -0.3983897 0.58433 0.7069967 -0.3572099 0.6187057 0.6997172 -0.3499341 0.6061037 0.7142718 -0.4270202 0.5637456 0.706997 -0.4545899 0.5417594 0.706997 -0.4270208 0.5637453 0.7069968 -0.4545902 0.5417594 0.7069967 -0.4085438 0.5682499 0.7142716 -0.4170382 0.5800648 0.699717 -0.4810294 0.5184264 0.7069969 -0.506273 0.4938045 0.706997 -0.4810296 0.5184264 0.706997 -0.506273 0.4938046 0.706997 -0.4630929 0.5247483 0.7142718 -0.4727215 0.5356587 0.6997172 -0.5302582 0.4679551 0.7069967 -0.552924 0.440943 0.7069967 -0.5302575 0.4679556 0.7069969 -0.5529242 0.4409425 0.7069969 -0.5237067 0.4859289 0.6997174 -0.5130399 0.4760315 0.7142717 -0.574217 0.4128328 0.7069964 -0.5940803 0.3836988 0.7069964 -0.5694872 0.43137 0.6997173 -0.574216 0.4128332 0.706997 -0.5940803 0.3836977 0.706997 -0.5578879 0.4225838 0.7142717 -0.6124673 0.3536082 0.7069971 -0.629332 0.3226395 0.7069972 -0.6124679 0.3536079 0.7069969 -0.6293318 0.3226404 0.7069969 -0.6096082 0.3725233 0.6997172 -0.5971916 0.3649357 0.7142718 -0.6305595 0.3036617 0.7142717 -0.6446325 0.2908688 0.7069967 -0.6583295 0.2583758 0.7069967 -0.6436701 0.3099755 0.699717 -0.6446322 0.2908687 0.7069969 -0.6583294 0.2583752 0.706997 -0.6703898 0.2252392 0.7069971 -0.6807838 0.1915426 0.706997 -0.6576613 0.239369 0.7142718 -0.671335 0.2443458 0.6997172 -0.6703901 0.2252391 0.7069969 -0.6807838 0.1915432 0.7069969 -0.6894852 0.1573705 0.706997 -0.6964724 0.1228068 0.706997 -0.6782266 0.1726977 0.7142718 -0.6894854 0.1573707 0.7069967 -0.6964727 0.1228068 0.7069967 -0.6923282 0.1762884 0.6997171 -0.7017279 0.08793782 0.706997 -0.705239 0.05285029 0.706997 -0.7017282 0.08793747 0.7069968 -0.7052392 0.05285031 0.7069968 -0.7064406 0.1064786 0.699717 -0.7135317 0.03561105 0.6997172 -0.6989985 0.03488572 0.7142718 -0.6920515 0.1043098 0.7142718 -0.7069969 -0.01763181 0.7069969 -0.7069969 -0.01763249 0.7069969 -0.7069969 0.01763181 0.7069969 -0.7069969 0.01763249 0.7069969 -0.7052388 -0.0528489 0.7069975 -0.7017273 -0.08793987 0.7069975 -0.70524 -0.05284806 0.7069963 -0.7017286 -0.08793984 0.7069961 -0.6989986 -0.03488573 0.7142716 -0.7135314 -0.03561103 0.6997176 -0.6964733 -0.1228066 0.7069961 -0.6894859 -0.1573713 0.7069961 -0.6964722 -0.1228059 0.7069972 -0.6894845 -0.1573721 0.7069972 -0.6920523 -0.1043092 0.7142711 -0.7064402 -0.1064778 0.6997176 -0.680784 -0.191542 0.706997 -0.67039 -0.2252386 0.7069971 -0.6923272 -0.1762892 0.6997178 -0.680784 -0.1915425 0.7069969 -0.6703905 -0.2252377 0.7069969 -0.6782271 -0.1726989 0.7142711 -0.6583295 -0.2583764 0.7069964 -0.6446332 -0.2908678 0.7069964 -0.6576613 -0.2393686 0.7142719 -0.6583302 -0.2583747 0.7069964 -0.6446325 -0.2908696 0.7069964 -0.6713356 -0.2443457 0.6997169 -0.6293317 -0.3226407 0.7069969 -0.6124673 -0.3536089 0.7069969 -0.6293315 -0.322641 0.7069969 -0.6124679 -0.3536079 0.7069969 -0.6305593 -0.3036616 0.7142721 -0.6436704 -0.3099756 0.6997168 -0.5971922 -0.3649357 0.7142712 -0.594081 -0.3836986 0.706996 -0.5742173 -0.4128331 0.7069959 -0.6096083 -0.372523 0.6997173 -0.59408 -0.3836975 0.7069972 -0.5742155 -0.4128336 0.7069972 -0.5529247 -0.4409415 0.7069971 -0.5302575 -0.4679551 0.7069971 -0.5578879 -0.4225843 0.7142713 -0.552924 -0.4409423 0.7069972 -0.5302577 -0.467955 0.7069971 -0.5694867 -0.43137 0.6997177 -0.5062726 -0.4938056 0.7069965 -0.4810297 -0.5184268 0.7069965 -0.5062723 -0.4938047 0.7069974 -0.4810297 -0.5184256 0.7069974 -0.51304 -0.4760313 0.7142718 -0.5237067 -0.4859286 0.6997175 -0.4630934 -0.5247484 0.7142713 -0.4545903 -0.5417598 0.7069964 -0.4270211 -0.5637454 0.7069964 -0.4727214 -0.5356583 0.6997175 -0.45459 -0.5417591 0.7069972 -0.4270206 -0.5637451 0.7069972 -0.3983897 -0.5843291 0.7069973 -0.368767 -0.6034615 0.7069973 -0.3983897 -0.58433 0.7069967 -0.3687673 -0.6034621 0.7069967 -0.4085435 -0.5682501 0.7142717 -0.4170377 -0.580065 0.6997173 -0.3382296 -0.6210926 0.706997 -0.3068491 -0.6371804 0.706997 -0.3382302 -0.6210926 0.7069967 -0.3068492 -0.6371806 0.7069967 -0.3499345 -0.6061037 0.7142717 -0.3572102 -0.6187055 0.6997175 -0.2878469 -0.6379344 0.7142716 -0.2747073 -0.6516837 0.7069966 -0.241883 -0.6645663 0.7069966 -0.2938316 -0.6511979 0.6997173 -0.2747074 -0.6516833 0.706997 -0.2418828 -0.664566 0.706997 -0.2084552 -0.6757975 0.7069966 -0.1745117 -0.6853477 0.7069966 -0.2084554 -0.6757971 0.7069969 -0.1745106 -0.6853477 0.7069969 -0.2228987 -0.6634245 0.7142717 -0.2275331 -0.6772183 0.6997171 -0.1589735 -0.6965076 0.6997174 -0.1401321 -0.6931945 0.7069967 -0.1054052 -0.6993178 0.7069967 -0.1401325 -0.6931942 0.706997 -0.1054052 -0.6993175 0.706997 -0.1557355 -0.6823213 0.7142717 -0.07041609 -0.7037023 0.7069969 -0.03525164 -0.7063375 0.7069969 -0.08702409 -0.6944371 0.7142717 -0.08883344 -0.7088754 0.6997173 -0.07041568 -0.7037023 0.706997 -0.03525179 -0.7063375 0.706997 0 -0.7072168 0.7069968 0.03525172 -0.7063377 0.7069968 0 -0.7072165 0.706997 0.03525179 -0.7063373 0.706997 -0.01744825 -0.6996511 0.7142716 -0.01781102 -0.7141976 0.6997174 0.05230127 -0.6979116 0.7142717 0.05338868 -0.712422 0.6997174 0.07041601 -0.7037023 0.7069969 0.1054052 -0.6993177 0.7069969 0.07041569 -0.7037024 0.7069969 0.1054052 -0.6993176 0.7069969 0.1401321 -0.6931944 0.7069969 0.1745113 -0.6853475 0.7069969 0.1215309 -0.6892359 0.7142717 0.1401325 -0.6931941 0.706997 0.1745106 -0.6853476 0.7069971 0.1240577 -0.7035663 0.6997173 0.2084555 -0.675797 0.706997 0.2418829 -0.664566 0.7069969 0.1934939 -0.6877178 0.6997172 0.2084555 -0.6757973 0.7069967 0.2418824 -0.6645665 0.7069967 0.1895529 -0.6737105 0.7142716 0.2556907 -0.6514894 0.7142715 0.261007 -0.6650349 0.699717 0.2747072 -0.6516835 0.7069969 0.3068497 -0.6371803 0.7069969 0.274708 -0.6516832 0.7069969 0.3068498 -0.6371803 0.7069969 0.3382291 -0.6210931 0.7069969 0.3687679 -0.6034615 0.7069968 0.3192874 -0.6227933 0.7142717 0.3382294 -0.6210926 0.706997 0.3687671 -0.6034617 0.7069972 0.3259258 -0.6357421 0.6997173 0.387606 -0.6001313 0.6997172 0.3983897 -0.5843298 0.7069967 0.4270204 -0.5637458 0.7069967 0.3983895 -0.5843297 0.7069969 0.4270208 -0.5637453 0.7069968 0.3797112 -0.5879077 0.7142717 0.436361 -0.5471791 0.7142717 0.4454336 -0.5585558 0.6997172 0.4545899 -0.5417594 0.706997 0.4810294 -0.5184264 0.706997 0.4545902 -0.5417594 0.7069969 0.4810297 -0.5184264 0.7069968 0.5062732 -0.4938047 0.7069967 0.5302581 -0.467955 0.7069967 0.4886737 -0.5010128 0.7142717 0.5062729 -0.4938044 0.7069972 0.5302573 -0.4679554 0.7069972 0.498834 -0.5114297 0.6997174 0.5472775 -0.4592201 0.6997173 0.5529238 -0.4409428 0.706997 0.5742165 -0.4128325 0.7069969 0.5529242 -0.4409425 0.7069968 0.5742161 -0.4128333 0.7069968 0.5361307 -0.4498668 0.7142714 0.5782586 -0.3942502 0.7142714 0.5902814 -0.4024471 0.6997172 0.5940799 -0.3836985 0.7069969 0.6124676 -0.3536083 0.7069969 0.5940803 -0.3836977 0.7069969 0.6124678 -0.3536079 0.7069969 0.6293323 -0.3226396 0.7069968 0.6446323 -0.2908688 0.7069967 0.6146396 -0.3347149 0.7142717 0.6293319 -0.3226405 0.7069969 0.6446324 -0.2908688 0.7069968 0.6274188 -0.3416741 0.6997175 0.6449124 -0.2718531 0.7142716 0.658321 -0.2775053 0.6997172 0.6583291 -0.2583756 0.706997 0.6703898 -0.2252392 0.7069971 0.6583295 -0.2583752 0.7069967 0.6703901 -0.2252391 0.7069967 0.6687751 -0.2062899 0.714272 0.6826802 -0.2105791 0.6997172 0.6807839 -0.1915427 0.7069969 0.6894852 -0.1573705 0.7069969 0.6807839 -0.1915432 0.7069967 0.6894853 -0.1573707 0.7069968 0.6964724 -0.1228067 0.706997 0.6859918 -0.1386761 0.7142718 0.701728 -0.08793799 0.7069969 0.7002549 -0.1415595 0.699717 0.6964726 -0.1228068 0.7069967 0.7017283 -0.08793749 0.7069967 0.7108697 -0.07113328 0.6997172 0.7052392 -0.0528503 0.7069969 0.706997 -0.01763143 0.7069969 0.6963906 -0.06968443 0.7142717 0.7052391 -0.0528503 0.7069969 0.7069967 -0.01763171 0.706997 0.706997 0.01763143 0.7069969 0.7052392 0.0528503 0.7069969 0.6998685 -0 0.7142717 0.7144199 -0 0.6997172 0.7069967 0.01763171 0.706997 0.7052391 0.0528503 0.7069969 0.6963906 0.06968443 0.7142717 0.7108697 0.07113328 0.6997172 0.701728 0.08793799 0.7069969 0.6964724 0.1228067 0.706997 0.7017283 0.08793749 0.7069967 0.6964726 0.1228068 0.7069967 0.6859918 0.1386761 0.7142718 0.7002549 0.1415595 0.699717 0.6894852 0.1573705 0.7069969 0.6807839 0.1915427 0.7069969 0.6894853 0.1573707 0.7069968 0.6807838 0.1915436 0.7069967 0.6687751 0.2062899 0.714272 0.6703898 0.2252392 0.7069971 0.6583293 0.2583752 0.706997 0.6826801 0.210579 0.6997175 0.6703902 0.2252386 0.7069967 0.6583294 0.2583758 0.7069967 0.6446321 0.2908687 0.706997 0.6293323 0.3226391 0.7069971 0.6449122 0.271853 0.7142718 0.6583208 0.2775052 0.6997175 0.6446321 0.2908699 0.7069966 0.6293325 0.3226398 0.7069966 0.6124668 0.353609 0.7069972 0.5940805 0.3836969 0.7069973 0.6146398 0.334715 0.7142715 0.627419 0.3416742 0.6997172 0.6124678 0.3536085 0.7069966 0.5940809 0.3836974 0.7069966 0.5742161 0.4128333 0.7069968 0.5529242 0.4409425 0.7069968 0.5902814 0.4024471 0.6997172 0.5782584 0.39425 0.7142717 0.5742159 0.4128336 0.7069969 0.5529248 0.4409419 0.7069968 0.5302574 0.4679555 0.706997 0.5062723 0.4938054 0.706997 0.5361301 0.4498667 0.7142719 0.5472773 0.4592203 0.6997172 0.5302572 0.467956 0.7069968 0.5062735 0.4938044 0.7069968 0.4810298 0.5184257 0.7069972 0.4545912 0.5417579 0.7069973 0.4988341 0.511429 0.6997178 0.4810293 0.5184271 0.7069966 0.4545914 0.5417587 0.7069966 0.4886741 0.5010124 0.7142717 0.4270204 0.5637458 0.7069966 0.3983897 0.58433 0.7069967 0.4363605 0.547179 0.714272 0.4270192 0.563747 0.7069965 0.3983898 0.58433 0.7069964 0.4454336 0.5585563 0.6997169 0.3876059 0.6001317 0.6997167 0.379711 0.587908 0.7142715 0.3687673 0.6034621 0.7069966 0.3382297 0.621093 0.7069966 0.3687675 0.603462 0.7069966 0.3382292 0.6210933 0.7069966 0.3192875 0.6227936 0.7142714 0.3259261 0.6357427 0.6997167 0.3068485 0.6371808 0.7069969 0.2747086 0.6516829 0.7069969 0.3068503 0.63718 0.7069969 0.274709 0.6516828 0.7069969 0.2418831 0.6645663 0.7069967 0.2084548 0.6757976 0.7069967 0.2610076 0.6650347 0.6997171 0.2556912 0.6514887 0.7142721 0.2418818 0.6645667 0.7069967 0.2084562 0.6757971 0.7069967 0.1745099 0.6853477 0.706997 0.1401325 0.6931941 0.706997 0.1895521 0.6737103 0.7142719 0.1934933 0.687718 0.6997172 0.17451 0.6853477 0.7069969 0.140134 0.6931939 0.7069969 0.1054053 0.6993179 0.7069966 0.07041572 0.7037027 0.7069966 0.1240573 0.7035664 0.6997172 0.1215303 0.689235 0.7142727 0.1054044 0.6993169 0.7069978 0.07041495 0.7037016 0.7069978 0.03525259 0.7063379 0.7069965 0 0.7072171 0.7069965 0.05230124 0.6979111 0.7142721 0.05338871 0.7124224 0.6997171 0.03525266 0.7063367 0.7069976 0 0.7072158 0.7069976 -0.03525253 0.7063368 0.7069976 -0.07041562 0.7037017 0.7069976 -0.01780992 0.7141979 0.6997172 -0.01744716 0.6996506 0.7142721 -0.03525272 0.7063379 0.7069964 -0.07041508 0.7037029 0.7069964 -0.140134 0.6931935 0.7069973 -0.08883376 0.7088749 0.6997178 -0.1054052 0.6993172 0.7069973 -0.1401324 0.6931939 0.7069973 -0.08702442 0.6944368 0.7142718 -0.1054045 0.6993173 0.7069973 -0.1745102 0.6853472 0.7069975 -0.2084556 0.6757965 0.7069975 -0.1589742 0.6965075 0.6997174 -0.1745101 0.6853485 0.7069963 -0.2084548 0.6757979 0.7069963 -0.1557362 0.6823211 0.7142717 -0.2418817 0.6645665 0.7069969 -0.274709 0.6516828 0.7069968 -0.2418834 0.6645655 0.7069973 -0.2747079 0.6516827 0.7069973 -0.2228977 0.6634247 0.7142719 -0.2275323 0.677219 0.6997167 -0.3068501 0.637181 0.7069959 -0.3382301 0.6210935 0.706996 -0.2878469 0.6379352 0.7142709 -0.293831 0.6511973 0.6997181 -0.3068479 0.637181 0.706997 -0.3382301 0.6210923 0.706997 -0.3687664 0.6034616 0.7069975 -0.3983895 0.5843289 0.7069975 -0.3499359 0.6061036 0.7142712 -0.3572114 0.6187051 0.6997172 -0.3687677 0.6034628 0.7069958 -0.39839 0.5843306 0.7069958 -0.4270196 0.5637461 0.7069969 -0.4545912 0.5417585 0.7069969 -0.4270204 0.5637458 0.7069967 -0.4545916 0.5417584 0.7069967 -0.408543 0.5682505 0.7142717 -0.4170375 0.5800657 0.6997167 -0.4810292 0.518427 0.7069967 -0.5062729 0.4938051 0.7069967 -0.4810299 0.5184251 0.7069976 -0.5062714 0.4938053 0.7069976 -0.4630937 0.5247483 0.7142712 -0.4727215 0.535658 0.6997176 -0.5302565 0.467956 0.7069973 -0.5529253 0.4409404 0.7069973 -0.5302575 0.4679549 0.7069973 -0.5529238 0.4409422 0.7069973 -0.5130398 0.4760317 0.7142716 -0.5237064 0.4859289 0.6997175 -0.5742164 0.4128339 0.7069963 -0.5940815 0.3836971 0.7069962 -0.5694867 0.4313698 0.6997178 -0.5742155 0.4128336 0.7069972 -0.5940805 0.3836969 0.7069972 -0.5578883 0.4225843 0.7142711 -0.6096076 0.3725231 0.6997178 -0.6124678 0.3536092 0.7069963 -0.6293322 0.322641 0.7069964 -0.6124671 0.3536092 0.7069969 -0.6293322 0.3226398 0.7069969 -0.5971925 0.3649363 0.7142707 -0.6305599 0.3036612 0.7142718 -0.6446323 0.2908686 0.7069969 -0.6583292 0.2583758 0.7069969 -0.6446325 0.2908696 0.7069964 -0.65833 0.2583752 0.7069964 -0.6436704 0.3099749 0.699717 -0.67039 0.2252386 0.7069971 -0.657661 0.2393688 0.714272 -0.680784 0.191542 0.706997 -0.6713356 0.244346 0.6997167 -0.6703904 0.2252371 0.7069971 -0.6807837 0.1915428 0.706997 -0.6894859 0.1573713 0.7069961 -0.6964733 0.1228066 0.7069961 -0.6782271 0.1726989 0.7142711 -0.6894845 0.1573721 0.7069972 -0.6964722 0.1228059 0.7069972 -0.6923272 0.1762892 0.6997178 -0.7017273 0.08793987 0.7069975 -0.7052388 0.0528489 0.7069975 -0.7017286 0.08793984 0.7069961 -0.70524 0.05284806 0.7069963 -0.7064402 0.1064778 0.6997177 -0.7135314 0.03561103 0.6997176 -0.6989986 0.03488573 0.7142716 -0.6920522 0.1043092 0.7142711 -0.7069969 -0.01763181 0.7069969 -0.7069969 -0.01763249 0.7069969 -0.7069969 0.01763181 0.7069969 -0.7069969 0.01763249 0.7069969 -0.7052388 -0.0528489 0.7069975 -0.7017273 -0.08793987 0.7069975 -0.70524 -0.05284806 0.7069963 -0.7017286 -0.08793984 0.7069961 -0.6989986 -0.03488573 0.7142716 -0.7135314 -0.03561103 0.6997176 -0.6964733 -0.1228066 0.7069961 -0.6894859 -0.1573713 0.7069961 -0.6964722 -0.1228059 0.7069972 -0.6894845 -0.1573721 0.7069972 -0.6920523 -0.1043092 0.7142711 -0.7064402 -0.1064778 0.6997176 -0.680784 -0.191542 0.706997 -0.67039 -0.2252386 0.7069971 -0.6923272 -0.1762892 0.6997178 -0.6807837 -0.1915428 0.706997 -0.6703904 -0.2252371 0.7069971 -0.6782271 -0.1726989 0.7142711 -0.6583292 -0.2583758 0.7069969 -0.6446323 -0.2908686 0.7069969 -0.657661 -0.2393688 0.714272 -0.65833 -0.2583752 0.7069964 -0.6446325 -0.2908696 0.7069964 -0.6713356 -0.244346 0.6997167 -0.6293322 -0.322641 0.7069964 -0.6124678 -0.3536092 0.7069963 -0.6293322 -0.3226398 0.7069969 -0.6124671 -0.3536092 0.7069969 -0.6305599 -0.3036612 0.7142718 -0.6436704 -0.3099749 0.699717 -0.5971925 -0.3649363 0.7142707 -0.5940815 -0.3836971 0.7069962 -0.5742164 -0.4128339 0.7069963 -0.6096076 -0.3725231 0.6997178 -0.5940805 -0.3836969 0.7069972 -0.5742155 -0.4128336 0.7069972 -0.5529253 -0.4409404 0.7069973 -0.5302565 -0.467956 0.7069973 -0.5578883 -0.4225843 0.7142711 -0.5529238 -0.4409422 0.7069973 -0.5302575 -0.4679549 0.7069973 -0.5694867 -0.4313698 0.6997178 -0.5062729 -0.4938051 0.7069967 -0.4810292 -0.518427 0.7069967 -0.5062714 -0.4938053 0.7069976 -0.4810299 -0.5184251 0.7069976 -0.5130398 -0.4760317 0.7142717 -0.5237064 -0.4859289 0.6997175 -0.4630937 -0.5247483 0.7142712 -0.4545912 -0.5417585 0.7069969 -0.4270196 -0.5637461 0.7069969 -0.4727215 -0.535658 0.6997176 -0.4545916 -0.5417584 0.7069967 -0.4270204 -0.5637458 0.7069967 -0.3983895 -0.5843289 0.7069975 -0.3687664 -0.6034616 0.7069975 -0.39839 -0.5843306 0.7069958 -0.3687677 -0.6034628 0.7069958 -0.408543 -0.5682505 0.7142717 -0.4170375 -0.5800657 0.6997167 -0.3382301 -0.6210935 0.706996 -0.3068501 -0.637181 0.7069959 -0.3382301 -0.6210923 0.706997 -0.3068479 -0.637181 0.706997 -0.3499359 -0.6061035 0.7142712 -0.3572114 -0.618705 0.6997172 -0.2878469 -0.6379352 0.7142708 -0.274709 -0.6516828 0.7069968 -0.2418817 -0.6645665 0.7069969 -0.293831 -0.6511973 0.6997181 -0.2747079 -0.6516827 0.7069973 -0.2418834 -0.6645655 0.7069973 -0.2084556 -0.6757965 0.7069975 -0.1745102 -0.6853472 0.7069975 -0.2084548 -0.6757979 0.7069963 -0.1745101 -0.6853485 0.7069963 -0.2228977 -0.6634247 0.7142719 -0.2275323 -0.677219 0.6997167 -0.1589742 -0.6965075 0.6997175 -0.140134 -0.6931935 0.7069973 -0.1054045 -0.6993173 0.7069973 -0.1401324 -0.6931939 0.7069973 -0.1054052 -0.6993172 0.7069973 -0.1557362 -0.6823211 0.7142718 -0.07041508 -0.7037029 0.7069964 -0.03525272 -0.7063379 0.7069964 -0.08702442 -0.6944368 0.7142718 -0.08883376 -0.7088749 0.6997178 -0.07041562 -0.7037017 0.7069976 -0.03525253 -0.7063368 0.7069976 0 -0.7072158 0.7069976 0.03525266 -0.7063367 0.7069976 0 -0.7072171 0.7069965 0.03525259 -0.7063379 0.7069965 -0.01744716 -0.6996506 0.7142721 -0.01780992 -0.7141978 0.6997173 0.05230124 -0.6979111 0.7142721 0.05338871 -0.7124224 0.6997171 0.07041495 -0.7037016 0.7069978 0.1054044 -0.6993169 0.7069978 0.07041572 -0.7037027 0.7069966 0.1054053 -0.6993179 0.7069966 0.140134 -0.6931939 0.7069969 0.17451 -0.6853477 0.7069969 0.1215303 -0.689235 0.7142727 0.1401325 -0.6931941 0.706997 0.1745099 -0.6853477 0.706997 0.1240573 -0.7035664 0.6997172 0.2084562 -0.6757971 0.7069967 0.2418818 -0.6645667 0.7069967 0.1934933 -0.687718 0.6997172 0.2084548 -0.6757976 0.7069967 0.2418831 -0.6645663 0.7069967 0.1895521 -0.6737103 0.7142718 0.2556912 -0.6514887 0.7142721 0.2610076 -0.6650347 0.699717 0.274709 -0.6516828 0.7069969 0.3068503 -0.63718 0.7069969 0.2747086 -0.6516829 0.7069969 0.3068485 -0.6371808 0.7069969 0.3382292 -0.6210933 0.7069966 0.3687675 -0.603462 0.7069966 0.3192875 -0.6227936 0.7142714 0.3382297 -0.621093 0.7069966 0.3687673 -0.6034621 0.7069966 0.3259261 -0.6357427 0.6997167 0.3876059 -0.6001317 0.6997167 0.3983898 -0.58433 0.7069964 0.4270192 -0.563747 0.7069965 0.3983897 -0.58433 0.7069967 0.4270204 -0.5637458 0.7069966 0.379711 -0.587908 0.7142715 0.4363605 -0.547179 0.714272 0.4454336 -0.5585563 0.6997169 0.4545914 -0.5417587 0.7069966 0.4810293 -0.5184271 0.7069966 0.4545912 -0.5417579 0.7069973 0.4810298 -0.5184257 0.7069972 0.5062735 -0.4938044 0.7069968 0.5302572 -0.467956 0.7069968 0.4886741 -0.5010124 0.7142718 0.5062723 -0.4938054 0.706997 0.5302574 -0.4679555 0.706997 0.498834 -0.5114289 0.6997178 0.5472775 -0.4592203 0.6997172 0.5529248 -0.4409419 0.7069968 0.5742159 -0.4128336 0.7069969 0.5529242 -0.4409425 0.7069968 0.5742161 -0.4128333 0.7069968 0.5361301 -0.4498667 0.7142719 0.5782584 -0.39425 0.7142717 0.5902814 -0.4024471 0.6997172 0.5940809 -0.3836974 0.7069966 0.6124678 -0.3536085 0.7069966 0.5940805 -0.3836969 0.7069973 0.6124668 -0.353609 0.7069972 0.6293325 -0.3226398 0.7069966 0.6446321 -0.2908699 0.7069966 0.6146398 -0.334715 0.7142715 0.6293323 -0.3226391 0.7069971 0.6446321 -0.2908687 0.706997 0.627419 -0.3416742 0.6997172 0.6449122 -0.271853 0.7142718 0.6583208 -0.2775052 0.6997175 0.6583293 -0.2583752 0.706997 0.6703898 -0.2252392 0.7069971 0.6583294 -0.2583758 0.7069967 0.6703902 -0.2252386 0.7069967 0.6687751 -0.2062899 0.714272 0.6826801 -0.210579 0.6997174 0.6807839 -0.1915427 0.7069969 0.6894852 -0.1573705 0.7069969 0.6807838 -0.1915436 0.7069967 0.6894853 -0.1573707 0.7069968 0.6964724 -0.1228067 0.706997 0.6859918 -0.1386761 0.7142718 0.701728 -0.08793799 0.7069969 0.7002549 -0.1415595 0.699717 0.6964726 -0.1228068 0.7069967 0.7017283 -0.08793749 0.7069967 0.7108697 -0.07113328 0.6997172 0.7052392 -0.0528503 0.7069969 0.706997 -0.01763143 0.7069969 0.6963906 -0.06968443 0.7142717 0.7052391 -0.0528503 0.7069969 0.7069967 -0.01763171 0.706997 0.706997 0.01763143 0.7069969 0.7052392 0.0528503 0.7069969 0.6998685 -0 0.7142717 0.7144199 -0 0.6997172 0.7069967 0.01763171 0.706997 0.7052391 0.0528503 0.7069969 0.6963906 0.06968443 0.7142717 0.7108697 0.07113328 0.6997172 0.701728 0.08793799 0.7069969 0.6964724 0.1228067 0.706997 0.7017283 0.08793749 0.7069967 0.6964726 0.1228068 0.7069967 0.6859918 0.1386761 0.7142718 0.7002549 0.1415595 0.699717 0.6894852 0.1573705 0.7069969 0.6807839 0.1915427 0.7069969 0.6894853 0.1573707 0.7069968 0.6807839 0.1915432 0.7069967 0.6687751 0.2062899 0.714272 0.6703898 0.2252392 0.7069971 0.6583291 0.2583756 0.706997 0.6826802 0.2105791 0.6997172 0.6703901 0.2252391 0.7069967 0.6583295 0.2583752 0.7069967 0.6446324 0.2908688 0.7069968 0.6293319 0.3226405 0.7069969 0.6449124 0.2718531 0.7142716 0.658321 0.2775053 0.6997172 0.6446323 0.2908688 0.7069967 0.6293323 0.3226396 0.7069968 0.6124678 0.3536079 0.7069969 0.5940803 0.3836977 0.7069969 0.6146396 0.3347149 0.7142717 0.6274188 0.3416741 0.6997175 0.6124676 0.3536083 0.7069969 0.5940799 0.3836985 0.7069969 0.5742161 0.4128333 0.7069968 0.5529242 0.4409425 0.7069968 0.5902814 0.4024471 0.6997172 0.5782586 0.3942502 0.7142713 0.5742165 0.4128325 0.7069969 0.5529238 0.4409428 0.706997 0.5302573 0.4679554 0.7069972 0.5062729 0.4938044 0.7069972 0.5361307 0.4498668 0.7142714 0.5472775 0.4592201 0.6997173 0.5302581 0.467955 0.7069967 0.5062732 0.4938047 0.7069967 0.4810297 0.5184264 0.7069968 0.4545902 0.5417594 0.7069969 0.498834 0.5114297 0.6997174 0.4810294 0.5184264 0.706997 0.4545899 0.5417594 0.706997 0.4886737 0.5010128 0.7142717 0.4270208 0.5637453 0.7069968 0.3983895 0.5843297 0.7069969 0.436361 0.5471791 0.7142717 0.4270204 0.5637458 0.7069967 0.3983897 0.5843298 0.7069967 0.4454336 0.5585558 0.6997172 0.387606 0.6001313 0.6997172 0.3797112 0.5879078 0.7142716 0.3687671 0.6034617 0.7069972 0.3382294 0.6210926 0.706997 0.3687679 0.6034615 0.7069968 0.3382291 0.6210931 0.7069969 0.3192874 0.6227933 0.7142717 0.3259259 0.6357422 0.6997172 0.3068498 0.6371803 0.7069969 0.274708 0.6516832 0.7069969 0.3068497 0.6371803 0.7069969 0.2747072 0.6516835 0.7069969 0.2418824 0.6645665 0.7069967 0.2084555 0.6757973 0.7069967 0.261007 0.6650349 0.699717 0.2556907 0.6514894 0.7142715 0.2418829 0.664566 0.7069969 0.2084555 0.675797 0.706997 0.1745106 0.6853476 0.7069971 0.1401325 0.6931941 0.706997 0.1895529 0.6737105 0.7142716 0.1934939 0.6877178 0.6997172 0.1745113 0.6853475 0.7069969 0.1401321 0.6931944 0.7069969 0.1054052 0.6993176 0.7069969 0.07041569 0.7037024 0.7069969 0.1240577 0.7035663 0.6997173 0.1215309 0.6892359 0.7142717 0.1054052 0.6993177 0.7069969 0.07041601 0.7037023 0.7069969 0.03525179 0.7063373 0.706997 0 0.7072165 0.706997 0.05230127 0.6979116 0.7142717 0.05338868 0.712422 0.6997174 0.03525172 0.7063377 0.7069968 0 0.7072168 0.7069968 -0.03525179 0.7063375 0.706997 -0.07041568 0.7037023 0.706997 -0.01781102 0.7141976 0.6997174 -0.01744825 0.6996511 0.7142716 -0.03525164 0.7063375 0.7069969 -0.07041609 0.7037023 0.7069969 -0.1401321 0.6931945 0.7069967 -0.08883344 0.7088754 0.6997173 -0.1054052 0.6993175 0.706997 -0.1401325 0.6931942 0.706997 -0.08702409 0.694437 0.7142717 -0.1054052 0.6993178 0.7069967 -0.1745117 0.6853477 0.7069966 -0.2084552 0.6757975 0.7069966 -0.1589735 0.6965076 0.6997174 -0.1745106 0.6853477 0.7069969 -0.2084554 0.6757971 0.7069969 -0.1557355 0.6823213 0.7142717 -0.241883 0.6645663 0.7069966 -0.2747073 0.6516837 0.7069966 -0.2418828 0.664566 0.706997 -0.2747074 0.6516833 0.706997 -0.2228987 0.6634246 0.7142717 -0.2275331 0.6772183 0.6997171 -0.3068491 0.6371804 0.706997 -0.3382296 0.6210926 0.706997 -0.2878469 0.6379344 0.7142716 -0.2938316 0.6511978 0.6997173 -0.3068492 0.6371806 0.7069967 -0.3382302 0.6210926 0.7069967 -0.368767 0.6034615 0.7069973 -0.3983897 0.5843291 0.7069973 -0.3499345 0.6061037 0.7142717 -0.3572102 0.6187055 0.6997175 -0.3687673 0.6034621 0.7069967 -0.3983897 0.58433 0.7069967 -0.4270211 0.5637454 0.7069964 -0.4545903 0.5417598 0.7069964 -0.4270206 0.5637451 0.7069972 -0.45459 0.5417591 0.7069972 -0.4085435 0.5682501 0.7142717 -0.4170377 0.580065 0.6997173 -0.4810297 0.5184268 0.7069965 -0.5062726 0.4938056 0.7069965 -0.4810297 0.5184256 0.7069974 -0.5062723 0.4938047 0.7069974 -0.4630934 0.5247484 0.7142713 -0.4727214 0.5356583 0.6997175 -0.5302575 0.4679551 0.7069971 -0.5529247 0.4409415 0.7069971 -0.5302577 0.467955 0.7069971 -0.552924 0.4409423 0.7069972 -0.51304 0.4760313 0.7142718 -0.5237067 0.4859286 0.6997175 -0.5742173 0.4128331 0.7069959 -0.594081 0.3836986 0.706996 -0.5694867 0.43137 0.6997177 -0.5742155 0.4128336 0.7069972 -0.59408 0.3836975 0.7069972 -0.5578879 0.4225843 0.7142713 -0.6096083 0.372523 0.6997173 -0.6124673 0.3536089 0.7069969 -0.6293317 0.3226407 0.7069969 -0.6124679 0.3536079 0.7069969 -0.6293315 0.322641 0.7069969 -0.5971922 0.3649357 0.7142712 -0.6305593 0.3036616 0.7142721 -0.6446332 0.2908678 0.7069964 -0.6583295 0.2583764 0.7069964 -0.6446325 0.2908696 0.7069964 -0.6583302 0.2583747 0.7069964 -0.6436704 0.3099756 0.6997168 -0.67039 0.2252386 0.7069971 -0.6576613 0.2393686 0.7142719 -0.680784 0.191542 0.706997 -0.6713356 0.2443457 0.6997169 -0.6703905 0.2252377 0.7069969 -0.680784 0.1915425 0.7069969 -0.6894859 0.1573713 0.7069961 -0.6964733 0.1228066 0.7069961 -0.6782271 0.1726989 0.7142711 -0.6894845 0.1573721 0.7069972 -0.6964722 0.1228059 0.7069972 -0.6923272 0.1762892 0.6997178 -0.7017273 0.08793987 0.7069975 -0.7052388 0.0528489 0.7069975 -0.7017286 0.08793984 0.7069961 -0.70524 0.05284806 0.7069963 -0.7064402 0.1064778 0.6997177 -0.7135314 0.03561103 0.6997176 -0.6989986 0.03488573 0.7142716 -0.6920522 0.1043092 0.7142711 -0.9996892 -0.02493113 -0 -0.9996892 -0.02493113 0 -0.9972038 -0.07473001 0 -0.9972038 -0.07473001 -0 -0.9922393 -0.124343 0 -0.9922393 -0.124343 -0 -0.9848078 -0.173648 0 -0.9848078 -0.173648 -0 -0.9749278 -0.2225212 0 -0.9749278 -0.2225212 -0 -0.9626241 -0.2708409 0 -0.9626241 -0.2708409 -0 -0.9479274 -0.3184866 0 -0.9479274 -0.3184866 -0 -0.9308738 -0.3653409 0 -0.9308738 -0.3653409 -0 -0.911506 -0.4112866 0 -0.911506 -0.4112866 -0 -0.8898713 -0.4562116 0 -0.8898713 -0.4562116 -0 -0.8660257 -0.4999993 -0 -0.8660257 -0.4999993 0 -0.840026 -0.5425462 -0 -0.840026 -0.5425462 0 -0.811938 -0.5837437 -0 -0.811938 -0.5837437 0 -0.7818313 -0.6234899 -0 -0.7818313 -0.6234899 0 -0.7497808 -0.6616863 0 -0.715867 -0.6982367 0 -0.7497808 -0.6616863 -0 -0.715867 -0.6982367 0 -0.6801729 -0.7330517 0 -0.6801729 -0.7330517 -0 -0.6427876 -0.7660444 0 -0.6427876 -0.7660444 -0 -0.6038047 -0.7971323 0 -0.6038047 -0.7971323 -0 -0.5633203 -0.8262386 0 -0.5633203 -0.8262386 -0 -0.5214345 -0.8532914 0 -0.4782544 -0.8782213 0 -0.5214345 -0.8532914 -0 -0.4782544 -0.8782213 0 -0.4338837 -0.9009688 0 -0.4338837 -0.9009688 -0 -0.3884354 -0.9214759 0 -0.3884354 -0.9214759 -0 -0.3420201 -0.9396926 0 -0.3420201 -0.9396926 -0 -0.2947547 -0.955573 0 -0.2947547 -0.955573 -0 -0.246757 -0.9690773 0 -0.1981465 -0.9801724 0 -0.246757 -0.9690773 -0 -0.1981465 -0.9801724 0 -0.1490424 -0.9888308 0 -0.1490424 -0.9888308 -0 -0.09956735 -0.9950309 0 -0.09956735 -0.9950309 -0 -0.04984582 -0.9987569 0 0 -1 0 -0.04984582 -0.9987569 -0 -0 -1 0 0.04984582 -0.9987569 0 0.04984582 -0.9987569 0 0.09956735 -0.9950309 0 0.09956735 -0.9950309 0 0.1490424 -0.9888308 0 0.1490424 -0.9888308 0 0.1981465 -0.9801724 0 0.1981465 -0.9801724 0 0.246757 -0.9690773 0 0.246757 -0.9690773 0 0.2947547 -0.955573 0 0.2947547 -0.955573 0 0.3420208 -0.9396924 0 0.3420208 -0.9396924 0 0.3884346 -0.9214762 0 0.3884346 -0.9214762 0 0.4338829 -0.9009693 0 0.4338829 -0.9009693 0 0.4782553 -0.8782209 0 0.4782553 -0.8782209 0 0.5214345 -0.8532914 0 0.5214345 -0.8532914 0 0.5633203 -0.8262386 0 0.5633203 -0.8262386 0 0.6038047 -0.7971323 0 0.6038047 -0.7971323 0 0.6427876 -0.7660444 0 0.6427876 -0.7660444 0 0.6801735 -0.7330512 0 0.6801735 -0.7330512 0 0.7158664 -0.6982372 0 0.7158664 -0.6982372 0 0.7497813 -0.6616856 0 0.7497813 -0.6616856 0 0.7818313 -0.6234899 0 0.7818313 -0.6234899 0 0.8119375 -0.5837444 0 0.8119375 -0.5837444 0 0.840026 -0.5425462 0 0.8660257 -0.4999993 0 0.840026 -0.5425462 0 0.8898709 -0.4562125 0 0.8660257 -0.4999993 0 0.8898709 -0.4562125 0 0.9115056 -0.4112875 0 0.9308742 -0.36534 0 0.9115056 -0.4112875 0 0.9479281 -0.3184847 0 0.9308742 -0.36534 0 0.9626244 -0.2708399 0 0.9479281 -0.3184847 0 0.9626244 -0.2708399 0 0.9749273 -0.2225233 0 0.9749273 -0.2225233 0 0.984808 -0.1736469 0 0.984808 -0.1736469 0 0.9922389 -0.1243463 0 0.9972041 -0.07472675 0 0.9922389 -0.1243463 0 0.9972041 -0.07472675 0 0.9996892 -0.02493223 0 0.9996892 -0.02493223 0 0.9996892 0.02493223 -0 0.9996892 0.02493223 0 0.9972041 0.07472675 0 0.9972041 0.07472675 0 0.9922389 0.1243463 0 0.9922389 0.1243463 0 0.984808 0.1736469 0 0.984808 0.1736469 0 0.9749273 0.2225233 -0 0.9749273 0.2225233 0 0.9626243 0.2708405 0 0.9626243 0.2708405 0 0.9479282 0.318484 0 0.9479282 0.318484 0 0.9308739 0.3653407 0 0.9308739 0.3653407 0 0.9115056 0.4112875 -0 0.9115056 0.4112875 0 0.8898718 0.4562107 0 0.8898718 0.4562107 0 0.8660247 0.5000013 0 0.8660247 0.5000013 0 0.8400266 0.5425453 0 0.8400266 0.5425453 0 0.8119375 0.5837444 0 0.8119375 0.5837444 0 0.7818313 0.6234899 0 0.7818313 0.6234899 0 0.7497813 0.6616856 0 0.7497813 0.6616856 0 0.7158654 0.6982384 0 0.7158654 0.6982384 0 0.680174 0.7330506 0 0.680174 0.7330506 0 0.6427896 0.7660428 0 0.6427896 0.7660428 0 0.603804 0.7971328 0 0.603804 0.7971328 0 0.5633203 0.8262386 0 0.5633203 0.8262386 0 0.5214345 0.8532914 0 0.5214345 0.8532914 0 0.4782553 0.8782209 0 0.4338811 0.9009702 -0 0.4782553 0.8782209 0 0.4338811 0.9009702 0 0.3884355 0.9214759 0 0.3884355 0.9214759 0 0.3420218 0.9396921 0 0.3420218 0.9396921 0 0.2947536 0.9555733 0 0.2947536 0.9555733 0 0.2467559 0.9690776 0 0.2467559 0.9690776 0 0.1981465 0.9801724 0 0.1981465 0.9801724 0 0.1490424 0.9888308 -0 0.1490424 0.9888308 0 0.09956735 0.9950309 0 0.09956735 0.9950309 0 0.04984691 0.9987568 -0 0.04984691 0.9987568 0 -0 1 0 0 1 0 -0.04984691 0.9987568 0 -0.04984691 0.9987568 0 -0.09956735 0.9950309 0 -0.09956735 0.9950309 0 -0.1490424 0.9888308 0 -0.1490424 0.9888308 0 -0.1981465 0.9801724 0 -0.1981465 0.9801724 0 -0.2467559 0.9690776 0 -0.2467559 0.9690776 0 -0.2947536 0.9555733 0 -0.2947536 0.9555733 0 -0.342021 0.9396923 0 -0.342021 0.9396923 0 -0.3884363 0.9214756 0 -0.3884363 0.9214756 0 -0.4338819 0.9009697 0 -0.4782544 0.8782213 0 -0.4338819 0.9009697 0 -0.4782544 0.8782213 0 -0.5214345 0.8532914 0 -0.5633203 0.8262386 0 -0.5214345 0.8532914 0 -0.5633203 0.8262386 0 -0.603804 0.7971328 0 -0.6427896 0.7660428 0 -0.603804 0.7971328 0 -0.6427896 0.7660428 0 -0.6801735 0.7330512 0 -0.6801735 0.7330512 0 -0.7158659 0.6982378 0 -0.7158659 0.6982378 0 -0.7497808 0.6616863 0 -0.7497808 0.6616863 0 -0.7818313 0.6234899 0 -0.7818313 0.6234899 0 -0.811938 0.5837437 0 -0.811938 0.5837437 0 -0.8400266 0.5425453 0 -0.8400266 0.5425453 0 -0.8660247 0.5000013 0 -0.8660247 0.5000013 0 -0.8898723 0.4562098 0 -0.8898723 0.4562098 0 -0.911506 0.4112866 0 -0.9308735 0.3653417 0 -0.911506 0.4112866 0 -0.9308735 0.3653417 0 -0.9479276 0.318486 0 -0.9479276 0.318486 0 -0.962624 0.2708415 0 -0.962624 0.2708415 0 -0.9749278 0.2225212 0 -0.9749278 0.2225212 0 -0.9848078 0.173648 0 -0.9848078 0.173648 0 -0.9922393 0.124343 0 -0.9922393 0.124343 0 -0.9972038 0.07473001 0 -0.9996892 0.02493113 0 -0.9972038 0.07473001 0 -0.9996892 0.02493113 0 0 0 -1 0 0 -1 -0.9996892 -0.02493113 -0 -0.9996892 -0.02493113 0 -0.9972038 -0.07473001 0 -0.9972038 -0.07473001 -0 -0.9922393 -0.124343 0 -0.9922393 -0.124343 -0 -0.9848078 -0.173648 0 -0.9848078 -0.173648 -0 -0.9749278 -0.2225212 0 -0.9749278 -0.2225212 -0 -0.962624 -0.2708415 0 -0.962624 -0.2708415 -0 -0.9479276 -0.318486 0 -0.9479276 -0.318486 -0 -0.9308735 -0.3653417 0 -0.9308735 -0.3653417 -0 -0.911506 -0.4112866 0 -0.911506 -0.4112866 -0 -0.8898723 -0.4562098 0 -0.8898723 -0.4562098 -0 -0.8660247 -0.5000013 -0 -0.8660247 -0.5000013 0 -0.8400266 -0.5425453 -0 -0.8400266 -0.5425453 0 -0.811938 -0.5837437 -0 -0.811938 -0.5837437 0 -0.7818313 -0.6234899 -0 -0.7818313 -0.6234899 0 -0.7497808 -0.6616863 0 -0.7158659 -0.6982378 0 -0.7497808 -0.6616863 -0 -0.7158659 -0.6982378 0 -0.6801735 -0.7330512 0 -0.6801735 -0.7330512 -0 -0.6427896 -0.7660428 0 -0.6427896 -0.7660428 -0 -0.603804 -0.7971328 0 -0.603804 -0.7971328 -0 -0.5633203 -0.8262386 0 -0.5633203 -0.8262386 -0 -0.5214345 -0.8532914 0 -0.4782544 -0.8782213 0 -0.5214345 -0.8532914 -0 -0.4782544 -0.8782213 0 -0.4338819 -0.9009697 0 -0.4338819 -0.9009697 -0 -0.3884363 -0.9214756 0 -0.3884363 -0.9214756 -0 -0.342021 -0.9396923 0 -0.342021 -0.9396923 -0 -0.2947536 -0.9555733 0 -0.2947536 -0.9555733 -0 -0.2467559 -0.9690776 0 -0.1981465 -0.9801724 0 -0.2467559 -0.9690776 -0 -0.1981465 -0.9801724 0 -0.1490424 -0.9888308 0 -0.1490424 -0.9888308 -0 -0.09956735 -0.9950309 0 -0.09956735 -0.9950309 -0 -0.04984691 -0.9987568 0 0 -1 0 -0.04984691 -0.9987568 -0 -0 -1 0 0.04984691 -0.9987568 0 0.04984691 -0.9987568 0 0.09956735 -0.9950309 0 0.09956735 -0.9950309 0 0.1490424 -0.9888308 0 0.1490424 -0.9888308 0 0.1981465 -0.9801724 0 0.1981465 -0.9801724 0 0.2467559 -0.9690776 0 0.2467559 -0.9690776 0 0.2947536 -0.9555733 0 0.2947536 -0.9555733 0 0.3420218 -0.9396921 0 0.3420218 -0.9396921 0 0.3884355 -0.9214759 0 0.3884355 -0.9214759 0 0.4338811 -0.9009702 0 0.4338811 -0.9009702 0 0.4782553 -0.8782209 0 0.4782553 -0.8782209 0 0.5214345 -0.8532914 0 0.5214345 -0.8532914 0 0.5633203 -0.8262386 0 0.5633203 -0.8262386 0 0.603804 -0.7971328 0 0.603804 -0.7971328 0 0.6427896 -0.7660428 0 0.6427896 -0.7660428 0 0.680174 -0.7330506 0 0.680174 -0.7330506 0 0.7158654 -0.6982384 0 0.7158654 -0.6982384 0 0.7497813 -0.6616856 0 0.7497813 -0.6616856 0 0.7818313 -0.6234899 0 0.7818313 -0.6234899 0 0.8119375 -0.5837444 0 0.8119375 -0.5837444 0 0.8400266 -0.5425453 0 0.8660247 -0.5000013 0 0.8400266 -0.5425453 0 0.8898718 -0.4562107 0 0.8660247 -0.5000013 0 0.8898718 -0.4562107 0 0.9115056 -0.4112875 0 0.9308739 -0.3653407 0 0.9115056 -0.4112875 0 0.9479282 -0.318484 0 0.9308739 -0.3653407 0 0.9626243 -0.2708405 0 0.9479282 -0.318484 0 0.9626243 -0.2708405 0 0.9749273 -0.2225233 0 0.9749273 -0.2225233 0 0.984808 -0.1736469 0 0.984808 -0.1736469 0 0.9922389 -0.1243463 0 0.9972041 -0.07472675 0 0.9922389 -0.1243463 0 0.9972041 -0.07472675 0 0.9996892 -0.02493223 0 0.9996892 -0.02493223 0 0.9996892 0.02493223 -0 0.9996892 0.02493223 0 0.9972041 0.07472675 0 0.9972041 0.07472675 0 0.9922389 0.1243463 0 0.9922389 0.1243463 0 0.984808 0.1736469 0 0.984808 0.1736469 0 0.9749273 0.2225233 -0 0.9749273 0.2225233 0 0.9626244 0.2708399 0 0.9626244 0.2708399 0 0.9479281 0.3184847 0 0.9479281 0.3184847 0 0.9308742 0.36534 0 0.9308742 0.36534 0 0.9115056 0.4112875 -0 0.9115056 0.4112875 0 0.8898709 0.4562125 0 0.8898709 0.4562125 0 0.8660257 0.4999993 0 0.8660257 0.4999993 0 0.840026 0.5425462 0 0.840026 0.5425462 0 0.8119375 0.5837444 0 0.8119375 0.5837444 0 0.7818313 0.6234899 0 0.7818313 0.6234899 0 0.7497813 0.6616856 0 0.7497813 0.6616856 0 0.7158664 0.6982372 0 0.7158664 0.6982372 0 0.6801735 0.7330512 0 0.6801735 0.7330512 0 0.6427876 0.7660444 0 0.6427876 0.7660444 0 0.6038047 0.7971323 0 0.6038047 0.7971323 0 0.5633203 0.8262386 0 0.5633203 0.8262386 0 0.5214345 0.8532914 0 0.5214345 0.8532914 0 0.4782553 0.8782209 0 0.4338829 0.9009693 -0 0.4782553 0.8782209 0 0.4338829 0.9009693 0 0.3884346 0.9214762 0 0.3884346 0.9214762 0 0.3420208 0.9396924 0 0.3420208 0.9396924 0 0.2947547 0.955573 0 0.2947547 0.955573 0 0.246757 0.9690773 0 0.246757 0.9690773 0 0.1981465 0.9801724 0 0.1981465 0.9801724 0 0.1490424 0.9888308 -0 0.1490424 0.9888308 0 0.09956735 0.9950309 0 0.09956735 0.9950309 0 0.04984582 0.9987569 -0 0.04984582 0.9987569 0 -0 1 0 0 1 0 -0.04984582 0.9987569 0 -0.04984582 0.9987569 0 -0.09956735 0.9950309 0 -0.09956735 0.9950309 0 -0.1490424 0.9888308 0 -0.1490424 0.9888308 0 -0.1981465 0.9801724 0 -0.1981465 0.9801724 0 -0.246757 0.9690773 0 -0.246757 0.9690773 0 -0.2947547 0.955573 0 -0.2947547 0.955573 0 -0.3420201 0.9396926 0 -0.3420201 0.9396926 0 -0.3884354 0.9214759 0 -0.3884354 0.9214759 0 -0.4338837 0.9009688 0 -0.4782544 0.8782213 0 -0.4338837 0.9009688 0 -0.4782544 0.8782213 0 -0.5214345 0.8532914 0 -0.5633203 0.8262386 0 -0.5214345 0.8532914 0 -0.5633203 0.8262386 0 -0.6038047 0.7971323 0 -0.6427876 0.7660444 0 -0.6038047 0.7971323 0 -0.6427876 0.7660444 0 -0.6801729 0.7330517 0 -0.6801729 0.7330517 0 -0.715867 0.6982367 0 -0.715867 0.6982367 0 -0.7497808 0.6616863 0 -0.7497808 0.6616863 0 -0.7818313 0.6234899 0 -0.7818313 0.6234899 0 -0.811938 0.5837437 0 -0.811938 0.5837437 0 -0.840026 0.5425462 0 -0.840026 0.5425462 0 -0.8660257 0.4999993 0 -0.8660257 0.4999993 0 -0.8898713 0.4562116 0 -0.8898713 0.4562116 0 -0.911506 0.4112866 0 -0.9308738 0.3653409 0 -0.911506 0.4112866 0 -0.9308738 0.3653409 0 -0.9479274 0.3184866 0 -0.9479274 0.3184866 0 -0.9626241 0.2708409 0 -0.9626241 0.2708409 0 -0.9749278 0.2225212 0 -0.9749278 0.2225212 0 -0.9848078 0.173648 0 -0.9848078 0.173648 0 -0.9922393 0.124343 0 -0.9922393 0.124343 0 -0.9972038 0.07473001 0 -0.9996892 0.02493113 0 -0.9972038 0.07473001 0 -0.9996892 0.02493113 0 -0.9996892 -0.02493223 -0 -0.9996892 -0.02493223 0 -0.9972041 -0.07472675 0 -0.9972041 -0.07472675 -0 -0.9922389 -0.1243463 0 -0.9922389 -0.1243463 -0 -0.984808 -0.1736469 0 -0.984808 -0.1736469 -0 -0.9749273 -0.2225233 0 -0.9749273 -0.2225233 -0 -0.9626244 -0.2708399 0 -0.9626244 -0.2708399 -0 -0.9479281 -0.3184847 0 -0.9479281 -0.3184847 -0 -0.9308742 -0.36534 0 -0.9308742 -0.36534 -0 -0.9115056 -0.4112875 0 -0.9115056 -0.4112875 -0 -0.8898709 -0.4562125 0 -0.8898709 -0.4562125 -0 -0.8660257 -0.4999993 -0 -0.8660257 -0.4999993 0 -0.840026 -0.5425462 -0 -0.840026 -0.5425462 0 -0.8119375 -0.5837444 -0 -0.8119375 -0.5837444 0 -0.7818313 -0.6234899 -0 -0.7818313 -0.6234899 0 -0.7497813 -0.6616856 0 -0.7158664 -0.6982372 0 -0.7497813 -0.6616856 -0 -0.7158664 -0.6982372 0 -0.6801735 -0.7330512 0 -0.6801735 -0.7330512 -0 -0.6427876 -0.7660444 0 -0.6427876 -0.7660444 -0 -0.6038047 -0.7971323 0 -0.6038047 -0.7971323 -0 -0.5633203 -0.8262386 0 -0.5633203 -0.8262386 -0 -0.5214345 -0.8532914 0 -0.4782553 -0.8782209 0 -0.5214345 -0.8532914 -0 -0.4782553 -0.8782209 0 -0.4338829 -0.9009693 0 -0.4338829 -0.9009693 -0 -0.3884346 -0.9214762 0 -0.3884346 -0.9214762 -0 -0.3420208 -0.9396924 0 -0.3420208 -0.9396924 -0 -0.2947547 -0.955573 0 -0.2947547 -0.955573 -0 -0.246757 -0.9690773 0 -0.1981465 -0.9801724 0 -0.246757 -0.9690773 -0 -0.1981465 -0.9801724 0 -0.1490424 -0.9888308 0 -0.1490424 -0.9888308 -0 -0.09956735 -0.9950309 0 -0.09956735 -0.9950309 -0 -0.04984582 -0.9987569 0 0 -1 0 -0.04984582 -0.9987569 -0 -0 -1 0 0.04984582 -0.9987569 0 0.04984582 -0.9987569 0 0.09956735 -0.9950309 0 0.09956735 -0.9950309 0 0.1490424 -0.9888308 0 0.1490424 -0.9888308 0 0.1981465 -0.9801724 0 0.1981465 -0.9801724 0 0.246757 -0.9690773 0 0.246757 -0.9690773 0 0.2947547 -0.955573 0 0.2947547 -0.955573 0 0.3420201 -0.9396926 0 0.3420201 -0.9396926 0 0.3884354 -0.9214759 0 0.3884354 -0.9214759 0 0.4338837 -0.9009688 0 0.4338837 -0.9009688 0 0.4782544 -0.8782213 0 0.4782544 -0.8782213 0 0.5214345 -0.8532914 0 0.5214345 -0.8532914 0 0.5633203 -0.8262386 0 0.5633203 -0.8262386 0 0.6038047 -0.7971323 0 0.6038047 -0.7971323 0 0.6427876 -0.7660444 0 0.6427876 -0.7660444 0 0.6801729 -0.7330517 0 0.6801729 -0.7330517 0 0.715867 -0.6982367 0 0.715867 -0.6982367 0 0.7497808 -0.6616863 0 0.7497808 -0.6616863 0 0.7818313 -0.6234899 0 0.7818313 -0.6234899 0 0.811938 -0.5837437 0 0.811938 -0.5837437 0 0.840026 -0.5425462 0 0.8660257 -0.4999993 0 0.840026 -0.5425462 0 0.8898713 -0.4562116 0 0.8660257 -0.4999993 0 0.8898713 -0.4562116 0 0.911506 -0.4112866 0 0.9308738 -0.3653409 0 0.911506 -0.4112866 0 0.9479274 -0.3184866 0 0.9308738 -0.3653409 0 0.9626241 -0.2708409 0 0.9479274 -0.3184866 0 0.9626241 -0.2708409 0 0.9749278 -0.2225212 0 0.9749278 -0.2225212 0 0.9848078 -0.173648 0 0.9848078 -0.173648 0 0.9922393 -0.124343 0 0.9972038 -0.07473001 0 0.9922393 -0.124343 0 0.9972038 -0.07473001 0 0.9996892 -0.02493113 0 0.9996892 -0.02493113 0 0.9996892 0.02493113 -0 0.9996892 0.02493113 0 0.9972038 0.07473001 0 0.9972038 0.07473001 0 0.9922393 0.124343 0 0.9922393 0.124343 0 0.9848078 0.173648 0 0.9848078 0.173648 0 0.9749278 0.2225212 -0 0.9749278 0.2225212 0 0.962624 0.2708415 0 0.962624 0.2708415 0 0.9479276 0.318486 0 0.9479276 0.318486 0 0.9308735 0.3653417 0 0.9308735 0.3653417 0 0.911506 0.4112866 -0 0.911506 0.4112866 0 0.8898723 0.4562098 0 0.8898723 0.4562098 0 0.8660247 0.5000013 0 0.8660247 0.5000013 0 0.8400266 0.5425453 0 0.8400266 0.5425453 0 0.811938 0.5837437 0 0.811938 0.5837437 0 0.7818313 0.6234899 0 0.7818313 0.6234899 0 0.7497808 0.6616863 0 0.7497808 0.6616863 0 0.7158659 0.6982378 0 0.7158659 0.6982378 0 0.6801735 0.7330512 0 0.6801735 0.7330512 0 0.6427896 0.7660428 0 0.6427896 0.7660428 0 0.603804 0.7971328 0 0.603804 0.7971328 0 0.5633203 0.8262386 0 0.5633203 0.8262386 0 0.5214345 0.8532914 0 0.5214345 0.8532914 0 0.4782544 0.8782213 0 0.4338819 0.9009697 -0 0.4782544 0.8782213 0 0.4338819 0.9009697 0 0.3884363 0.9214756 0 0.3884363 0.9214756 0 0.342021 0.9396923 0 0.342021 0.9396923 0 0.2947536 0.9555733 0 0.2947536 0.9555733 0 0.2467559 0.9690776 0 0.2467559 0.9690776 0 0.1981465 0.9801724 0 0.1981465 0.9801724 0 0.1490424 0.9888308 -0 0.1490424 0.9888308 0 0.09956735 0.9950309 0 0.09956735 0.9950309 0 0.04984691 0.9987568 -0 0.04984691 0.9987568 0 -0 1 0 0 1 0 -0.04984691 0.9987568 0 -0.04984691 0.9987568 0 -0.09956735 0.9950309 0 -0.09956735 0.9950309 0 -0.1490424 0.9888308 0 -0.1490424 0.9888308 0 -0.1981465 0.9801724 0 -0.1981465 0.9801724 0 -0.2467559 0.9690776 0 -0.2467559 0.9690776 0 -0.2947536 0.9555733 0 -0.2947536 0.9555733 0 -0.3420218 0.9396921 0 -0.3420218 0.9396921 0 -0.3884355 0.9214759 0 -0.3884355 0.9214759 0 -0.4338811 0.9009702 0 -0.4782553 0.8782209 0 -0.4338811 0.9009702 0 -0.4782553 0.8782209 0 -0.5214345 0.8532914 0 -0.5633203 0.8262386 0 -0.5214345 0.8532914 0 -0.5633203 0.8262386 0 -0.603804 0.7971328 0 -0.6427896 0.7660428 0 -0.603804 0.7971328 0 -0.6427896 0.7660428 0 -0.680174 0.7330506 0 -0.680174 0.7330506 0 -0.7158654 0.6982384 0 -0.7158654 0.6982384 0 -0.7497813 0.6616856 0 -0.7497813 0.6616856 0 -0.7818313 0.6234899 0 -0.7818313 0.6234899 0 -0.8119375 0.5837444 0 -0.8119375 0.5837444 0 -0.8400266 0.5425453 0 -0.8400266 0.5425453 0 -0.8660247 0.5000013 0 -0.8660247 0.5000013 0 -0.8898718 0.4562107 0 -0.8898718 0.4562107 0 -0.9115056 0.4112875 0 -0.9308739 0.3653407 0 -0.9115056 0.4112875 0 -0.9308739 0.3653407 0 -0.9479282 0.318484 0 -0.9479282 0.318484 0 -0.9626243 0.2708405 0 -0.9626243 0.2708405 0 -0.9749273 0.2225233 0 -0.9749273 0.2225233 0 -0.984808 0.1736469 0 -0.984808 0.1736469 0 -0.9922389 0.1243463 0 -0.9922389 0.1243463 0 -0.9972041 0.07472675 0 -0.9996892 0.02493223 0 -0.9972041 0.07472675 0 -0.9996892 0.02493223 0 -0.9996892 -0.02493223 -0 -0.9996892 -0.02493223 0 -0.9972041 -0.07472675 0 -0.9972041 -0.07472675 -0 -0.9922389 -0.1243463 0 -0.9922389 -0.1243463 -0 -0.984808 -0.1736469 0 -0.984808 -0.1736469 -0 -0.9749273 -0.2225233 0 -0.9749273 -0.2225233 -0 -0.9626243 -0.2708405 0 -0.9626243 -0.2708405 -0 -0.9479282 -0.318484 0 -0.9479282 -0.318484 -0 -0.9308739 -0.3653407 0 -0.9308739 -0.3653407 -0 -0.9115056 -0.4112875 0 -0.9115056 -0.4112875 -0 -0.8898718 -0.4562107 0 -0.8898718 -0.4562107 -0 -0.8660247 -0.5000013 -0 -0.8660247 -0.5000013 0 -0.8400266 -0.5425453 -0 -0.8400266 -0.5425453 0 -0.8119375 -0.5837444 -0 -0.8119375 -0.5837444 0 -0.7818313 -0.6234899 -0 -0.7818313 -0.6234899 0 -0.7497813 -0.6616856 0 -0.7158654 -0.6982384 0 -0.7497813 -0.6616856 -0 -0.7158654 -0.6982384 0 -0.680174 -0.7330506 0 -0.680174 -0.7330506 -0 -0.6427896 -0.7660428 0 -0.6427896 -0.7660428 -0 -0.603804 -0.7971328 0 -0.603804 -0.7971328 -0 -0.5633203 -0.8262386 0 -0.5633203 -0.8262386 -0 -0.5214345 -0.8532914 0 -0.4782553 -0.8782209 0 -0.5214345 -0.8532914 -0 -0.4782553 -0.8782209 0 -0.4338811 -0.9009702 0 -0.4338811 -0.9009702 -0 -0.3884355 -0.9214759 0 -0.3884355 -0.9214759 -0 -0.3420218 -0.9396921 0 -0.3420218 -0.9396921 -0 -0.2947536 -0.9555733 0 -0.2947536 -0.9555733 -0 -0.2467559 -0.9690776 0 -0.1981465 -0.9801724 0 -0.2467559 -0.9690776 -0 -0.1981465 -0.9801724 0 -0.1490424 -0.9888308 0 -0.1490424 -0.9888308 -0 -0.09956735 -0.9950309 0 -0.09956735 -0.9950309 -0 -0.04984691 -0.9987568 0 0 -1 0 -0.04984691 -0.9987568 -0 -0 -1 0 0.04984691 -0.9987568 0 0.04984691 -0.9987568 0 0.09956735 -0.9950309 0 0.09956735 -0.9950309 0 0.1490424 -0.9888308 0 0.1490424 -0.9888308 0 0.1981465 -0.9801724 0 0.1981465 -0.9801724 0 0.2467559 -0.9690776 0 0.2467559 -0.9690776 0 0.2947536 -0.9555733 0 0.2947536 -0.9555733 0 0.342021 -0.9396923 0 0.342021 -0.9396923 0 0.3884363 -0.9214756 0 0.3884363 -0.9214756 0 0.4338819 -0.9009697 0 0.4338819 -0.9009697 0 0.4782544 -0.8782213 0 0.4782544 -0.8782213 0 0.5214345 -0.8532914 0 0.5214345 -0.8532914 0 0.5633203 -0.8262386 0 0.5633203 -0.8262386 0 0.603804 -0.7971328 0 0.603804 -0.7971328 0 0.6427896 -0.7660428 0 0.6427896 -0.7660428 0 0.6801735 -0.7330512 0 0.6801735 -0.7330512 0 0.7158659 -0.6982378 0 0.7158659 -0.6982378 0 0.7497808 -0.6616863 0 0.7497808 -0.6616863 0 0.7818313 -0.6234899 0 0.7818313 -0.6234899 0 0.811938 -0.5837437 0 0.811938 -0.5837437 0 0.8400266 -0.5425453 0 0.8660247 -0.5000013 0 0.8400266 -0.5425453 0 0.8898723 -0.4562098 0 0.8660247 -0.5000013 0 0.8898723 -0.4562098 0 0.911506 -0.4112866 0 0.9308735 -0.3653417 0 0.911506 -0.4112866 0 0.9479276 -0.318486 0 0.9308735 -0.3653417 0 0.962624 -0.2708415 0 0.9479276 -0.318486 0 0.962624 -0.2708415 0 0.9749278 -0.2225212 0 0.9749278 -0.2225212 0 0.9848078 -0.173648 0 0.9848078 -0.173648 0 0.9922393 -0.124343 0 0.9972038 -0.07473001 0 0.9922393 -0.124343 0 0.9972038 -0.07473001 0 0.9996892 -0.02493113 0 0.9996892 -0.02493113 0 0.9996892 0.02493113 -0 0.9996892 0.02493113 0 0.9972038 0.07473001 0 0.9972038 0.07473001 0 0.9922393 0.124343 0 0.9922393 0.124343 0 0.9848078 0.173648 0 0.9848078 0.173648 0 0.9749278 0.2225212 -0 0.9749278 0.2225212 0 0.9626241 0.2708409 0 0.9626241 0.2708409 0 0.9479274 0.3184866 0 0.9479274 0.3184866 0 0.9308738 0.3653409 0 0.9308738 0.3653409 0 0.911506 0.4112866 -0 0.911506 0.4112866 0 0.8898713 0.4562116 0 0.8898713 0.4562116 0 0.8660257 0.4999993 0 0.8660257 0.4999993 0 0.840026 0.5425462 0 0.840026 0.5425462 0 0.811938 0.5837437 0 0.811938 0.5837437 0 0.7818313 0.6234899 0 0.7818313 0.6234899 0 0.7497808 0.6616863 0 0.7497808 0.6616863 0 0.715867 0.6982367 0 0.715867 0.6982367 0 0.6801729 0.7330517 0 0.6801729 0.7330517 0 0.6427876 0.7660444 0 0.6427876 0.7660444 0 0.6038047 0.7971323 0 0.6038047 0.7971323 0 0.5633203 0.8262386 0 0.5633203 0.8262386 0 0.5214345 0.8532914 0 0.5214345 0.8532914 0 0.4782544 0.8782213 0 0.4338837 0.9009688 -0 0.4782544 0.8782213 0 0.4338837 0.9009688 0 0.3884354 0.9214759 0 0.3884354 0.9214759 0 0.3420201 0.9396926 0 0.3420201 0.9396926 0 0.2947547 0.955573 0 0.2947547 0.955573 0 0.246757 0.9690773 0 0.246757 0.9690773 0 0.1981465 0.9801724 0 0.1981465 0.9801724 0 0.1490424 0.9888308 -0 0.1490424 0.9888308 0 0.09956735 0.9950309 0 0.09956735 0.9950309 0 0.04984582 0.9987569 -0 0.04984582 0.9987569 0 -0 1 0 0 1 0 -0.04984582 0.9987569 0 -0.04984582 0.9987569 0 -0.09956735 0.9950309 0 -0.09956735 0.9950309 0 -0.1490424 0.9888308 0 -0.1490424 0.9888308 0 -0.1981465 0.9801724 0 -0.1981465 0.9801724 0 -0.246757 0.9690773 0 -0.246757 0.9690773 0 -0.2947547 0.955573 0 -0.2947547 0.955573 0 -0.3420208 0.9396924 0 -0.3420208 0.9396924 0 -0.3884346 0.9214762 0 -0.3884346 0.9214762 0 -0.4338829 0.9009693 0 -0.4782553 0.8782209 0 -0.4338829 0.9009693 0 -0.4782553 0.8782209 0 -0.5214345 0.8532914 0 -0.5633203 0.8262386 0 -0.5214345 0.8532914 0 -0.5633203 0.8262386 0 -0.6038047 0.7971323 0 -0.6427876 0.7660444 0 -0.6038047 0.7971323 0 -0.6427876 0.7660444 0 -0.6801735 0.7330512 0 -0.6801735 0.7330512 0 -0.7158664 0.6982372 0 -0.7158664 0.6982372 0 -0.7497813 0.6616856 0 -0.7497813 0.6616856 0 -0.7818313 0.6234899 0 -0.7818313 0.6234899 0 -0.8119375 0.5837444 0 -0.8119375 0.5837444 0 -0.840026 0.5425462 0 -0.840026 0.5425462 0 -0.8660257 0.4999993 0 -0.8660257 0.4999993 0 -0.8898709 0.4562125 0 -0.8898709 0.4562125 0 -0.9115056 0.4112875 0 -0.9308742 0.36534 0 -0.9115056 0.4112875 0 -0.9308742 0.36534 0 -0.9479281 0.3184847 0 -0.9479281 0.3184847 0 -0.9626244 0.2708399 0 -0.9626244 0.2708399 0 -0.9749273 0.2225233 0 -0.9749273 0.2225233 0 -0.984808 0.1736469 0 -0.984808 0.1736469 0 -0.9922389 0.1243463 0 -0.9922389 0.1243463 0 -0.9972041 0.07472675 0 -0.9996892 0.02493223 0 -0.9972041 0.07472675 0 -0.9996892 0.02493223 0 0 0 1 0 0 1 0 0 1 0 0 1 0 0 1 0 0 1 0 0 1 0 0 1 0 0 1 0 0 1 0 0 1 0 0 1 0 0 1 0 0 1 0 0 1 0 0 1 0 0 1 0 0 1 0 0 1 0 0 1 0 0 1 0 0 1 0 0 1 0 0 1 0 0 1 0 0 1 0 0 1 0 0 1 0 0 1 0 0 1 0 0 1 0 0 1 -0 0 1 0 0 1 0 0 1 0 0 1 0 0 1 0 0 1 0 0 1 0 0 1 0 0 1 0 0 1 0 0 1 0 0 1 0 0 1 0 0 1 0 0 1 0 0 1 0 0 1 0 0 1 0 0 1 0 0 1 0 0 1 0 0 1 0 0 1 -0 0 1 0 0 1 0 0 1 0 0 1 0 0 1 0 0 1 0 0 1 0 0 1 0 0 1 -0 0 1 0 0 1 0 0 1 0 0 1 0 0 1 0 0 1 0 0 1 0 0 1 0 0 1 0 0 1 0 0 1 0 0 1 0 0 1 0 0 1 0 0 1 0 0 1 0 0 1 0 0 1 0 0 1 0 0 1 0 0 1 0 0 1 -0 0 1 0 0 1 0 0 1 0 0 1 0 0 1 -0 0 1 0 0 1 0 0 1 0 0 1 0 0 1 0 0 1 0 0 1 0 0 1 0 0 1 0 0 1 -0 0 1 0 0 1 0 0 1 0 0 1 0 0 1 0 0 1 0 0 1 0 0 1 0 0 1 0 0 1 -0 0 1 0 0 1 0 0 1 0 0 1 -0 0 1 0 0 1 0 0 1 0 0 1 0 0 1 -0 0 1 0 0 1 0 0 1 -0 0 1 0 0 1 0 0 1 0 0 1 0 0 1 0 0 1 0 0 1 0 0 1 0 0 1 0 0 1 0 0 1 0 0 1 0 0 1 0 0 1 0 0 1 0 0 1 0 0 1 0 0 1 0 0 1 0 0 1 0 0 1 0 0 1 0 0 1 0 0 1 0 0 1 0 0 1 0 0 1 0 0 1 0 0 1 -0 0 1 0 0 1 0 0 1 0 0 1 0 0 1 0 0 1 0 0 1 0 0 1 0 0 1 0 0 1 0 0 1 0 0 1 0 0 1 0 0 1 0 0 1 0 0 1 0 0 1 0 0 1 0 0 1 0 0 1 0 0 1 0 0 1 0 0 1 0 0 1 0 0 1 0 0 1 0 0 1 0 0 1 0 0 1 0 0 1 0 0 1 0 0 1 0 0 1 0 0 1 0 0 1 0 0 1 0 0 1 0 0 1 0 0 1 0 0 1 0 0 1 0 0 1 0 0 1 0 0 1 0 0 1 0 0 1 0 0 1 0 0 1 0 0 1 0 0 1 0 0 1 0 0 1 0 0 1 0 0 1 0 0 1 0 0 1 0 0 1 0 0 1 -0 0 1 0 0 1 0 0 1 0 0 1 0 0 1 -0 0 1 0 0 1 -0 0 1 0 0 1 0 0 1 0 0 1 0 0 1 0 0 1 0 0 1 0 0 1 0 0 1 0 0 1 0 0 1 0 0 1 0 0 1 0 0 1 0 0 1 0 0 1 0 0 1 0 0 1 0 0 1 0 0 1 -0 0 1 0 0 1 0 0 1 0 0 1 0 0 1 0 0 1 0 0 1 0 0 1 0 0 1 -0 0 1 -0 0 1 0 0 1 0 0 1 0 0 1 0 0 1 0 0 1 0 0 1 0 0 1 0 0 1 0 0 1 0 0 1 0 0 1 0 0 1 0 0 1 0 0 1 0 0 1 0 0 1 0 0 1 0 0 1 0 0 1 0 0 1 0 0 1 0 0 1 0 0 1 0 0 1 0 0 1 0 0 1 0 0 1 0 0 1 0 0 1 0 0 1 0 0 1 0 0 1 0 0 1 0 0 1 0 0 1 0 0 1 -0 0 1 0 0 1 0 0 1 0 0 1 0 0 1 0 0 1 0 0 1 0 0 1 0 0 1 0 0 1 -0 0 1 0 0 1 0 0 1 0 0 1 0 0 1 -0 0 1 0 0 1 0 0 1 0 0 1 0 0 1 0 0 1 -0 0 1 0 0 1 0 0 1 -0 0 1 0 0 1 0 0 1 0 0 1 0 0 1 0 0 1 0 0 1 0 0 1 0 0 1 0 0 1 0 0 1 0 0 1 0 0 1 0 0 1 0 0 1 0 0 1 0 0 1 0 0 1 0 0 1 -0 0 1 0 0 1 0 0 1 0 0 1 0 0 1 0 0 1 0 0 1 0 0 1 0 0 1 0 0 1 -0 0 1 0 0 1 0 0 1 0 0 1 0 0 1 0 0 1 0 0 1 0 0 1 0 0 1 0 0 1 0 0 1 0 0 1 0 0 1 0 0 1 0 0 1 0 0 1 0 0 1 0 0 1 0 0 1 0 0 1 0 0 1 0 0 1 0 0 1 0 0 1 0 0 1 0 0 1 0 0 1 0 0 1 0 0 1 0 0 1 0 0 1 0 0 1 0 0 1 0 0 1 -0 0 1 0 0 1 0 0 1 0 0 1 0 0 1 0 0 1 0 0 1 0 0 1 0 0 1 0 0 1 0 0 1 0 0 1 0 0 1 0 0 1 0 0 1 0 0 1 0 0 1 0 0 1 0 0 1 0 0 1 0 0 1 0 0 1 0 0 1 0 0 1 0 0 1 0 0 1 0 0 1 0 0 1 0 0 1 0 0 1 -0 0 1 0 0 1 0 0 1 0 0 1 0 0 1 0 0 1 0 0 1 0 0 1 0 0 1 0 0 1 0 0 1 0 0 1 0 0 1 0 0 1 0 0 1 0 0 1 0 0 1 0 0 1 0 0 1 0 0 1 0 0 1 0 0 1 0 0 1 0 0 1 0 0 1 0 0 1 0 0 1 0 0 1 0 0 1 0 0 1 0 0 1 0 0 1 0 0 1 0 0 1 0 0 1 0 0 1 0 0 1 0 0 1 0 0 1 0 0 1 0 0 1 0 0 1 0 0 1 0 0 1 0 0 1 0 0 1 0 0 1 0 0 1 0 0 1 0 0 1 0 0 1 0 0 1 0 0 1 0 0 1 0 0 1 0 0 1 0 0 1 0 0 1 -0 0 1 0 0 1 0 0 1 0 0 1 0 0 1 0 0 1 -0 0 1 -0 0 1 0 0 1 -0 0 1 0 0 1 0 0 1 0 0 1 0 0 1 0 0 1 0 0 1 0 0 1 0 0 1 0 0 1 0 0 1 0 0 1 0 0 1 0 0 1 0 0 1 0 0 1 0 0 1 0 0 1 0 0 1 0 0 1 0 0 1 -0 0 1 0 0 1 0 0 1 0 0 1 0 0 1 -0 0 1 0 0 1</float_array>
          <technique_common>
            <accessor count="3540" source="#cubenormals-array0-array" stride="3">
              <param type="float" name="X"/>
              <param type="float" name="Y"/>
              <param type="float" name="Z"/>
            </accessor>
          </technique_common>
        </source>
        <vertices id="cubeverts-array0-vertices">
          <input semantic="POSITION" source="#cubeverts-array0"/>
        </vertices>
        <triangles count="3540" material="ref_Body">
          <input offset="0" semantic="VERTEX" source="#cubeverts-array0-vertices"/>
          <input offset="1" semantic="NORMAL" source="#cubenormals-array0"/>
          <p>0 0 1 0 2 0 3 1 2 1 1 1 4 2 1 2 0 2 5 3 3 3 1 3 6 4 1 4 4 4 7 5 5 5 1 5 8 6 1 6 6 6 9 7 7 7 1 7 10 8 1 8 8 8 11 9 9 9 1 9 12 10 1 10 10 10 13 11 11 11 1 11 14 12 1 12 12 12 15 13 13 13 1 13 16 14 1 14 14 14 17 15 15 15 1 15 18 16 1 16 16 16 19 17 17 17 1 17 20 18 1 18 18 18 21 19 19 19 1 19 22 20 1 20 20 20 23 21 21 21 1 21 24 22 1 22 22 22 25 23 23 23 1 23 26 24 1 24 24 24 27 25 25 25 1 25 28 26 1 26 26 26 29 27 27 27 1 27 30 28 1 28 28 28 31 29 29 29 1 29 32 30 1 30 30 30 33 31 31 31 1 31 34 32 1 32 32 32 35 33 33 33 1 33 36 34 37 34 38 34 39 35 40 35 37 35 39 36 37 36 36 36 41 37 42 37 43 37 41 38 44 38 42 38 45 39 43 39 42 39 45 40 46 40 47 40 45 41 42 41 46 41 48 42 38 42 49 42 48 43 36 43 38 43 50 44 44 44 41 44 50 45 51 45 44 45 52 46 53 46 40 46 52 47 40 47 39 47 54 48 49 48 55 48 54 49 48 49 49 49 56 50 45 50 47 50 57 51 58 51 53 51 57 52 53 52 52 52 59 53 51 53 50 53 59 54 60 54 51 54 61 55 55 55 62 55 61 56 54 56 55 56 63 57 64 57 65 57 63 58 47 58 64 58 63 59 56 59 47 59 66 60 67 60 58 60 66 61 58 61 57 61 68 62 69 62 60 62 68 63 60 63 59 63 70 64 61 64 62 64 70 65 62 65 71 65 72 66 65 66 73 66 72 67 63 67 65 67 74 68 75 68 67 68 74 69 67 69 66 69 76 70 77 70 69 70 76 71 69 71 68 71 78 72 71 72 79 72 78 73 70 73 71 73 80 74 72 74 73 74 80 75 73 75 81 75 82 76 83 76 75 76 82 77 75 77 74 77 84 78 85 78 77 78 84 79 77 79 76 79 86 80 80 80 81 80 87 81 79 81 88 81 87 82 78 82 79 82 89 83 90 83 83 83 89 84 83 84 82 84 91 85 92 85 85 85 91 86 85 86 84 86 93 87 88 87 94 87 93 88 87 88 88 88 95 89 96 89 97 89 95 90 81 90 96 90 95 91 86 91 81 91 98 92 90 92 89 92 98 93 99 93 90 93 100 94 101 94 92 94 100 95 92 95 91 95 102 96 94 96 103 96 102 97 93 97 94 97 104 98 95 98 97 98 105 99 99 99 98 99 105 100 106 100 99 100 107 101 108 101 101 101 107 102 101 102 100 102 109 103 103 103 110 103 109 104 102 104 103 104 111 105 104 105 97 105 111 106 112 106 113 106 111 107 97 107 112 107 114 108 106 108 105 108 114 109 115 109 106 109 116 110 108 110 107 110 116 111 117 111 108 111 118 112 110 112 119 112 118 113 109 113 110 113 120 114 111 114 113 114 120 115 113 115 121 115 122 116 123 116 115 116 122 117 115 117 114 117 124 118 117 118 116 118 124 119 125 119 117 119 126 120 119 120 127 120 126 121 118 121 119 121 128 122 121 122 129 122 128 123 120 123 121 123 130 124 123 124 122 124 130 125 131 125 123 125 132 126 125 126 124 126 132 127 133 127 125 127 134 128 127 128 135 128 134 129 126 129 127 129 136 130 129 130 137 130 136 131 128 131 129 131 138 132 139 132 131 132 138 133 131 133 130 133 140 134 133 134 132 134 140 135 141 135 133 135 142 136 135 136 35 136 142 137 134 137 135 137 143 138 137 138 144 138 143 139 136 139 137 139 145 140 146 140 139 140 145 141 139 141 138 141 147 142 35 142 1 142 147 143 142 143 35 143 148 144 143 144 144 144 148 145 144 145 149 145 150 146 151 146 146 146 150 147 146 147 145 147 152 148 148 148 149 148 153 149 151 149 150 149 153 150 154 150 151 150 155 151 149 151 156 151 155 152 152 152 149 152 157 153 158 153 154 153 157 154 154 154 153 154 159 155 156 155 160 155 159 156 155 156 156 156 161 157 162 157 158 157 161 158 158 158 157 158 163 159 164 159 165 159 163 160 160 160 164 160 163 161 159 161 160 161 166 162 167 162 162 162 166 163 162 163 161 163 168 164 163 164 165 164 169 165 170 165 167 165 169 166 167 166 166 166 171 167 168 167 165 167 171 168 165 168 172 168 173 169 170 169 169 169 173 170 174 170 170 170 175 171 171 171 172 171 175 172 176 172 177 172 175 173 172 173 176 173 178 174 174 174 173 174 178 175 179 175 174 175 180 176 177 176 181 176 180 177 175 177 177 177 182 178 183 178 179 178 182 179 179 179 178 179 184 180 181 180 185 180 184 181 180 181 181 181 186 182 187 182 183 182 186 183 183 183 182 183 188 184 184 184 185 184 189 185 190 185 187 185 189 186 187 186 186 186 191 187 185 187 192 187 191 188 188 188 185 188 193 189 194 189 190 189 193 190 190 190 189 190 195 191 191 191 192 191 195 192 196 192 197 192 195 193 192 193 196 193 198 194 199 194 194 194 198 195 194 195 193 195 200 196 197 196 201 196 200 197 195 197 197 197 202 198 203 198 199 198 202 199 199 199 198 199 204 200 201 200 205 200 204 201 200 201 201 201 206 202 207 202 203 202 206 203 203 203 202 203 208 204 204 204 205 204 209 205 210 205 207 205 209 206 207 206 206 206 211 207 212 207 213 207 211 208 205 208 212 208 211 209 208 209 205 209 214 210 215 210 210 210 214 211 210 211 209 211 216 212 211 212 213 212 217 213 218 213 147 213 217 214 219 214 218 214 217 215 220 215 219 215 217 216 221 216 220 216 217 217 222 217 221 217 217 218 223 218 222 218 217 219 224 219 223 219 217 220 225 220 224 220 217 221 226 221 225 221 217 222 227 222 226 222 217 223 228 223 227 223 217 224 229 224 228 224 217 225 230 225 229 225 217 226 231 226 230 226 217 227 232 227 231 227 217 228 233 228 232 228 217 229 234 229 233 229 217 230 147 230 1 230 235 231 236 231 237 231 235 232 238 232 236 232 235 233 239 233 238 233 235 234 240 234 239 234 235 235 241 235 240 235 235 236 242 236 241 236 235 237 243 237 242 237 235 238 244 238 243 238 235 239 245 239 244 239 235 240 246 240 245 240 235 241 247 241 246 241 235 242 248 242 247 242 235 243 249 243 248 243 235 244 250 244 249 244 235 245 251 245 250 245 235 246 252 246 251 246 253 247 213 247 215 247 253 248 215 248 214 248 254 249 235 249 237 249 255 250 234 250 217 250 256 251 235 251 254 251 257 252 255 252 217 252 258 253 235 253 256 253 259 254 257 254 217 254 260 255 235 255 258 255 261 256 259 256 217 256 262 257 235 257 260 257 263 258 261 258 217 258 264 259 235 259 262 259 265 260 263 260 217 260 266 261 235 261 264 261 267 262 265 262 217 262 268 263 235 263 266 263 269 264 267 264 217 264 270 265 235 265 268 265 271 266 269 266 217 266 272 267 235 267 270 267 273 268 271 268 217 268 274 269 235 269 272 269 275 270 273 270 217 270 276 271 235 271 274 271 277 272 275 272 217 272 278 273 235 273 276 273 279 274 277 274 217 274 280 275 235 275 278 275 281 276 279 276 217 276 282 277 235 277 280 277 283 278 281 278 217 278 284 279 283 279 217 279 285 280 284 280 217 280 286 281 253 281 287 281 286 282 216 282 213 282 286 283 213 283 253 283 288 284 216 284 286 284 288 285 289 285 216 285 290 286 286 286 287 286 290 287 287 287 291 287 292 288 289 288 288 288 292 289 293 289 289 289 294 290 290 290 291 290 294 291 291 291 295 291 296 292 293 292 292 292 296 293 297 293 293 293 298 294 294 294 295 294 298 295 295 295 299 295 300 296 297 296 296 296 300 297 301 297 297 297 302 298 298 298 299 298 303 299 304 299 301 299 303 300 301 300 300 300 305 301 302 301 299 301 305 302 299 302 306 302 307 303 308 303 304 303 307 304 304 304 303 304 309 305 305 305 306 305 309 306 310 306 311 306 309 307 306 307 310 307 312 308 313 308 308 308 312 309 308 309 307 309 312 310 314 310 313 310 315 311 309 311 311 311 316 312 314 312 312 312 317 313 315 313 311 313 317 314 318 314 319 314 317 315 311 315 318 315 320 316 314 316 316 316 320 317 321 317 314 317 322 318 317 318 319 318 323 319 321 319 320 319 323 320 324 320 321 320 325 321 322 321 319 321 325 322 319 322 326 322 327 323 324 323 323 323 327 324 328 324 324 324 329 325 325 325 326 325 329 326 326 326 330 326 331 327 328 327 327 327 331 328 332 328 328 328 333 329 329 329 330 329 333 330 330 330 334 330 335 331 336 331 332 331 335 332 332 332 331 332 337 333 333 333 334 333 337 334 334 334 338 334 339 335 336 335 335 335 339 336 340 336 336 336 341 337 337 337 338 337 341 338 342 338 343 338 341 339 338 339 342 339 344 340 345 340 340 340 344 341 346 341 345 341 344 342 340 342 339 342 347 343 341 343 343 343 348 344 346 344 344 344 349 345 347 345 343 345 349 346 343 346 350 346 351 347 346 347 348 347 351 348 352 348 346 348 353 349 349 349 350 349 353 350 350 350 354 350 355 351 356 351 352 351 355 352 357 352 356 352 355 353 352 353 351 353 358 354 353 354 354 354 358 355 359 355 360 355 358 356 354 356 359 356 361 357 357 357 355 357 362 358 358 358 360 358 363 359 364 359 357 359 363 360 357 360 361 360 365 361 362 361 360 361 365 362 360 362 366 362 367 363 364 363 363 363 367 364 368 364 364 364 369 365 365 365 366 365 369 366 366 366 370 366 371 367 368 367 367 367 371 368 372 368 368 368 371 369 373 369 372 369 374 370 369 370 370 370 374 371 375 371 376 371 374 372 370 372 375 372 377 373 373 373 371 373 378 374 374 374 376 374 379 375 373 375 377 375 379 376 380 376 373 376 381 377 378 377 376 377 381 378 376 378 382 378 383 379 380 379 379 379 383 380 384 380 380 380 383 381 385 381 384 381 386 382 381 382 382 382 386 383 387 383 388 383 386 384 382 384 387 384 389 385 385 385 383 385 390 386 386 386 388 386 390 387 388 387 391 387 392 388 393 388 385 388 392 389 385 389 389 389 394 390 390 390 391 390 394 391 391 391 395 391 396 392 397 392 393 392 396 393 398 393 397 393 396 394 393 394 392 394 399 395 395 395 400 395 399 396 394 396 395 396 401 397 398 397 396 397 402 398 400 398 403 398 402 399 399 399 400 399 404 400 405 400 398 400 404 401 406 401 405 401 404 402 398 402 401 402 407 403 402 403 403 403 408 404 406 404 404 404 409 405 403 405 410 405 409 406 407 406 403 406 411 407 412 407 406 407 411 408 406 408 408 408 413 409 409 409 410 409 413 410 414 410 415 410 413 411 410 411 414 411 416 412 417 412 412 412 416 413 412 413 411 413 418 414 415 414 419 414 418 415 413 415 415 415 420 416 421 416 417 416 420 417 422 417 421 417 420 418 417 418 416 418 423 419 419 419 424 419 423 420 418 420 419 420 425 421 426 421 422 421 425 422 422 422 420 422 427 423 423 423 424 423 427 424 424 424 428 424 429 425 426 425 425 425 430 426 427 426 428 426 431 427 426 427 429 427 431 428 432 428 426 428 433 429 434 429 435 429 433 430 428 430 434 430 433 431 430 431 428 431 436 432 437 432 432 432 436 433 438 433 437 433 436 434 432 434 431 434 439 435 433 435 435 435 440 436 438 436 436 436 441 437 442 437 443 437 441 438 435 438 442 438 441 439 439 439 435 439 444 440 445 440 438 440 444 441 438 441 440 441 446 442 441 442 443 442 446 443 443 443 447 443 448 444 446 444 447 444 448 445 447 445 449 445 450 446 448 446 449 446 451 447 450 447 449 447 451 448 449 448 452 448 453 449 451 449 452 449 453 450 452 450 454 450 455 451 456 451 457 451 455 452 458 452 456 452 455 453 459 453 458 453 455 454 460 454 461 454 455 455 462 455 459 455 455 456 463 456 462 456 455 457 464 457 463 457 455 458 465 458 464 458 455 459 466 459 465 459 455 460 467 460 466 460 455 461 468 461 460 461 455 462 469 462 468 462 455 463 470 463 469 463 455 464 471 464 470 464 455 465 472 465 471 465 455 466 473 466 472 466 455 467 474 467 473 467 455 468 475 468 474 468 455 469 476 469 475 469 455 470 477 470 476 470 455 471 478 471 477 471 455 472 479 472 478 472 455 473 480 473 479 473 455 474 481 474 480 474 455 475 482 475 481 475 455 476 483 476 482 476 455 477 484 477 483 477 455 478 485 478 484 478 455 479 486 479 485 479 455 480 487 480 486 480 455 481 457 481 487 481 455 482 235 482 488 482 488 483 235 483 282 483 455 484 488 484 489 484 455 485 489 485 490 485 455 486 490 486 491 486 455 487 491 487 492 487 455 488 492 488 493 488 455 489 493 489 494 489 455 490 494 490 495 490 455 491 495 491 445 491 455 492 445 492 496 492 496 493 445 493 497 493 497 494 445 494 498 494 498 495 445 495 499 495 499 496 445 496 500 496 500 497 445 497 501 497 501 498 445 498 444 498 455 499 496 499 502 499 455 500 502 500 503 500 455 501 503 501 467 501 235 502 1 502 34 502 235 503 34 503 504 503 235 504 504 504 141 504 235 505 141 505 252 505 252 506 141 506 505 506 505 507 141 507 140 507 217 508 455 508 461 508 217 509 461 509 506 509 217 510 506 510 453 510 217 511 453 511 285 511 285 512 453 512 507 512 507 513 453 513 454 513 508 514 154 514 158 514 509 515 510 515 508 515 508 516 151 516 154 516 510 517 511 517 508 517 512 518 158 518 162 518 512 519 162 519 167 519 512 520 513 520 509 520 512 521 514 521 513 521 512 522 508 522 158 522 512 523 509 523 508 523 515 524 167 524 170 524 515 525 170 525 174 525 515 526 516 526 514 526 515 527 517 527 516 527 515 528 512 528 167 528 515 529 514 529 512 529 518 530 174 530 179 530 518 531 179 531 183 531 518 532 517 532 515 532 518 533 519 533 517 533 518 534 520 534 519 534 518 535 515 535 174 535 521 536 183 536 187 536 521 537 187 537 190 537 521 538 518 538 183 538 521 539 522 539 520 539 521 540 523 540 522 540 521 541 520 541 518 541 524 542 190 542 194 542 524 543 194 543 199 543 524 544 525 544 523 544 524 545 526 545 525 545 524 546 521 546 190 546 524 547 523 547 521 547 527 548 524 548 199 548 527 549 199 549 203 549 527 550 203 550 207 550 527 551 526 551 524 551 527 552 528 552 526 552 527 553 529 553 528 553 530 554 207 554 210 554 530 555 210 555 215 555 530 556 527 556 207 556 530 557 531 557 529 557 530 558 532 558 531 558 530 559 529 559 527 559 533 560 215 560 213 560 533 561 213 561 212 561 533 562 534 562 532 562 533 563 535 563 534 563 533 564 530 564 215 564 533 565 532 565 530 565 536 566 533 566 212 566 536 567 212 567 205 567 536 568 205 568 201 568 536 569 535 569 533 569 536 570 537 570 535 570 536 571 538 571 537 571 539 572 201 572 197 572 539 573 197 573 196 573 539 574 540 574 538 574 539 575 541 575 540 575 539 576 536 576 201 576 539 577 538 577 536 577 542 578 196 578 192 578 542 579 192 579 185 579 542 580 543 580 541 580 542 581 544 581 543 581 542 582 539 582 196 582 542 583 541 583 539 583 545 584 542 584 185 584 545 585 185 585 181 585 545 586 181 586 177 586 545 587 544 587 542 587 545 588 546 588 544 588 545 589 547 589 546 589 548 590 177 590 176 590 548 591 176 591 172 591 548 592 549 592 547 592 548 593 550 593 549 593 548 594 545 594 177 594 548 595 547 595 545 595 551 596 550 596 548 596 551 597 172 597 165 597 551 598 165 598 164 598 551 599 552 599 550 599 551 600 553 600 552 600 551 601 548 601 172 601 554 602 164 602 160 602 554 603 160 603 156 603 554 604 551 604 164 604 554 605 553 605 551 605 554 606 555 606 553 606 554 607 556 607 555 607 557 608 156 608 149 608 557 609 149 609 144 609 557 610 558 610 556 610 557 611 559 611 558 611 557 612 554 612 156 612 557 613 556 613 554 613 560 614 557 614 144 614 560 615 559 615 557 615 560 616 144 616 137 616 560 617 137 617 129 617 560 618 561 618 559 618 560 619 562 619 561 619 563 620 129 620 121 620 563 621 121 621 113 621 563 622 560 622 129 622 563 623 564 623 562 623 563 624 565 624 564 624 563 625 562 625 560 625 566 626 113 626 112 626 566 627 112 627 97 627 566 628 565 628 563 628 566 629 567 629 565 629 566 630 568 630 567 630 566 631 563 631 113 631 569 632 566 632 97 632 569 633 568 633 566 633 569 634 97 634 96 634 569 635 96 635 81 635 569 636 570 636 568 636 569 637 571 637 570 637 572 638 81 638 73 638 572 639 73 639 65 639 572 640 569 640 81 640 572 641 573 641 571 641 572 642 574 642 573 642 572 643 571 643 569 643 575 644 574 644 572 644 575 645 65 645 64 645 575 646 64 646 47 646 575 647 576 647 574 647 575 648 577 648 576 648 575 649 572 649 65 649 578 650 575 650 47 650 578 651 577 651 575 651 578 652 47 652 46 652 578 653 46 653 42 653 578 654 579 654 577 654 578 655 580 655 579 655 581 656 42 656 44 656 581 657 44 657 51 657 581 658 578 658 42 658 581 659 582 659 580 659 581 660 583 660 582 660 581 661 580 661 578 661 584 662 583 662 581 662 584 663 51 663 60 663 584 664 60 664 69 664 584 665 585 665 583 665 584 666 586 666 585 666 584 667 581 667 51 667 587 668 584 668 69 668 587 669 586 669 584 669 587 670 69 670 77 670 587 671 77 671 85 671 587 672 588 672 586 672 587 673 589 673 588 673 590 674 85 674 92 674 590 675 92 675 101 675 590 676 587 676 85 676 590 677 591 677 589 677 590 678 592 678 591 678 590 679 589 679 587 679 593 680 590 680 101 680 593 681 592 681 590 681 593 682 101 682 108 682 593 683 108 683 117 683 593 684 594 684 592 684 593 685 595 685 594 685 596 686 593 686 117 686 596 687 595 687 593 687 596 688 117 688 125 688 596 689 125 689 133 689 596 690 597 690 595 690 596 691 598 691 597 691 599 692 133 692 141 692 599 693 596 693 133 693 599 694 141 694 504 694 599 695 598 695 596 695 599 696 600 696 598 696 599 697 601 697 600 697 602 698 601 698 599 698 602 699 504 699 34 699 602 700 34 700 32 700 602 701 599 701 504 701 602 702 603 702 601 702 602 703 604 703 603 703 605 704 32 704 30 704 605 705 30 705 28 705 605 706 602 706 32 706 605 707 604 707 602 707 605 708 606 708 604 708 605 709 607 709 606 709 608 710 605 710 28 710 608 711 607 711 605 711 608 712 28 712 26 712 608 713 26 713 24 713 608 714 609 714 607 714 608 715 610 715 609 715 611 716 608 716 24 716 611 717 610 717 608 717 611 718 24 718 22 718 611 719 22 719 20 719 611 720 612 720 610 720 611 721 613 721 612 721 614 722 611 722 20 722 614 723 20 723 18 723 614 724 18 724 16 724 614 725 613 725 611 725 614 726 615 726 613 726 614 727 616 727 615 727 617 728 618 728 616 728 617 729 619 729 618 729 617 730 614 730 16 730 617 731 616 731 614 731 617 732 16 732 14 732 617 733 14 733 12 733 620 734 621 734 619 734 620 735 622 735 621 735 620 736 617 736 12 736 620 737 619 737 617 737 620 738 12 738 10 738 620 739 10 739 8 739 623 740 624 740 622 740 623 741 625 741 624 741 623 742 622 742 620 742 623 743 620 743 8 743 623 744 8 744 6 744 623 745 6 745 4 745 626 746 627 746 625 746 626 747 628 747 627 747 626 748 623 748 4 748 626 749 625 749 623 749 626 750 4 750 0 750 626 751 0 751 2 751 629 752 630 752 628 752 629 753 631 753 630 753 629 754 628 754 626 754 629 755 2 755 3 755 629 756 3 756 5 756 629 757 626 757 2 757 632 758 633 758 631 758 632 759 634 759 633 759 632 760 629 760 5 760 632 761 5 761 7 761 632 762 7 762 9 762 632 763 631 763 629 763 635 764 634 764 632 764 635 765 632 765 9 765 635 766 636 766 634 766 635 767 637 767 636 767 635 768 9 768 11 768 635 769 11 769 13 769 638 770 635 770 13 770 638 771 637 771 635 771 638 772 639 772 637 772 638 773 640 773 639 773 638 774 13 774 15 774 638 775 15 775 17 775 641 776 642 776 640 776 641 777 643 777 642 777 641 778 640 778 638 778 641 779 638 779 17 779 641 780 17 780 19 780 641 781 19 781 21 781 644 782 645 782 643 782 644 783 646 783 645 783 644 784 641 784 21 784 644 785 643 785 641 785 644 786 21 786 23 786 644 787 23 787 25 787 647 788 648 788 646 788 647 789 649 789 648 789 647 790 646 790 644 790 647 791 644 791 25 791 647 792 25 792 27 792 647 793 27 793 29 793 650 794 651 794 649 794 650 795 652 795 651 795 650 796 647 796 29 796 650 797 649 797 647 797 650 798 29 798 31 798 650 799 31 799 33 799 653 800 654 800 652 800 653 801 655 801 654 801 653 802 652 802 650 802 653 803 650 803 33 803 653 804 33 804 35 804 653 805 35 805 135 805 656 806 127 806 119 806 656 807 655 807 653 807 656 808 657 808 655 808 656 809 658 809 657 809 656 810 653 810 135 810 656 811 135 811 127 811 659 812 119 812 110 812 659 813 110 813 103 813 659 814 658 814 656 814 659 815 660 815 658 815 659 816 661 816 660 816 659 817 656 817 119 817 662 818 103 818 94 818 662 819 94 819 88 819 662 820 663 820 661 820 662 821 664 821 663 821 662 822 659 822 103 822 662 823 661 823 659 823 665 824 88 824 79 824 665 825 79 825 71 825 665 826 662 826 88 826 665 827 664 827 662 827 665 828 666 828 664 828 665 829 667 829 666 829 668 830 71 830 62 830 668 831 62 831 55 831 668 832 665 832 71 832 668 833 667 833 665 833 668 834 669 834 667 834 668 835 670 835 669 835 671 836 55 836 49 836 671 837 49 837 38 837 671 838 672 838 670 838 671 839 673 839 672 839 671 840 668 840 55 840 671 841 670 841 668 841 674 842 38 842 37 842 674 843 37 843 40 843 674 844 675 844 673 844 674 845 676 845 675 845 674 846 671 846 38 846 674 847 673 847 671 847 677 848 40 848 53 848 677 849 53 849 58 849 677 850 678 850 676 850 677 851 679 851 678 851 677 852 674 852 40 852 677 853 676 853 674 853 680 854 58 854 67 854 680 855 67 855 75 855 680 856 679 856 677 856 680 857 681 857 679 857 680 858 682 858 681 858 680 859 677 859 58 859 683 860 682 860 680 860 683 861 75 861 83 861 683 862 83 862 90 862 683 863 684 863 682 863 683 864 685 864 684 864 683 865 680 865 75 865 686 866 683 866 90 866 686 867 90 867 99 867 686 868 99 868 106 868 686 869 687 869 685 869 686 870 688 870 687 870 686 871 685 871 683 871 689 872 106 872 115 872 689 873 686 873 106 873 689 874 115 874 123 874 689 875 688 875 686 875 689 876 690 876 688 876 689 877 691 877 690 877 692 878 123 878 131 878 692 879 131 879 139 879 692 880 689 880 123 880 692 881 693 881 691 881 692 882 694 882 693 882 692 883 691 883 689 883 695 884 139 884 146 884 695 885 146 885 151 885 695 886 696 886 694 886 695 887 511 887 696 887 695 888 694 888 692 888 695 889 508 889 511 889 695 890 151 890 508 890 695 891 692 891 139 891 697 892 698 892 235 892 697 893 235 893 455 893 698 894 699 894 1 894 698 895 1 895 235 895 700 896 697 896 455 896 700 897 455 897 217 897 699 898 700 898 217 898 699 899 217 899 1 899 701 900 346 900 352 900 702 901 703 901 701 901 701 902 345 902 346 902 703 903 704 903 701 903 705 904 352 904 356 904 705 905 356 905 357 905 705 906 706 906 702 906 705 907 707 907 706 907 705 908 701 908 352 908 705 909 702 909 701 909 708 910 357 910 364 910 708 911 364 911 368 911 708 912 709 912 707 912 708 913 710 913 709 913 708 914 705 914 357 914 708 915 707 915 705 915 711 916 368 916 372 916 711 917 372 917 373 917 711 918 710 918 708 918 711 919 712 919 710 919 711 920 713 920 712 920 711 921 708 921 368 921 714 922 373 922 380 922 714 923 380 923 384 923 714 924 711 924 373 924 714 925 715 925 713 925 714 926 716 926 715 926 714 927 713 927 711 927 717 928 384 928 385 928 717 929 385 929 393 929 717 930 718 930 716 930 717 931 719 931 718 931 717 932 714 932 384 932 717 933 716 933 714 933 720 934 717 934 393 934 720 935 393 935 397 935 720 936 397 936 398 936 720 937 719 937 717 937 720 938 721 938 719 938 720 939 722 939 721 939 723 940 398 940 405 940 723 941 405 941 406 941 723 942 720 942 398 942 723 943 724 943 722 943 723 944 725 944 724 944 723 945 722 945 720 945 726 946 406 946 412 946 726 947 412 947 417 947 726 948 727 948 725 948 726 949 728 949 727 949 726 950 723 950 406 950 726 951 725 951 723 951 729 952 726 952 417 952 729 953 417 953 421 953 729 954 421 954 422 954 729 955 728 955 726 955 729 956 730 956 728 956 729 957 731 957 730 957 732 958 422 958 426 958 732 959 426 959 432 959 732 960 733 960 731 960 732 961 734 961 733 961 732 962 729 962 422 962 732 963 731 963 729 963 735 964 432 964 437 964 735 965 437 965 438 965 735 966 736 966 734 966 735 967 737 967 736 967 735 968 732 968 432 968 735 969 734 969 732 969 738 970 735 970 438 970 738 971 438 971 445 971 738 972 445 972 495 972 738 973 737 973 735 973 738 974 739 974 737 974 738 975 740 975 739 975 741 976 495 976 494 976 741 977 494 977 493 977 741 978 742 978 740 978 741 979 743 979 742 979 741 980 738 980 495 980 741 981 740 981 738 981 744 982 743 982 741 982 744 983 493 983 492 983 744 984 492 984 491 984 744 985 745 985 743 985 744 986 746 986 745 986 744 987 741 987 493 987 747 988 491 988 490 988 747 989 490 989 489 989 747 990 744 990 491 990 747 991 746 991 744 991 747 992 748 992 746 992 747 993 749 993 748 993 750 994 489 994 488 994 750 995 488 995 282 995 750 996 751 996 749 996 750 997 752 997 751 997 750 998 747 998 489 998 750 999 749 999 747 999 753 1000 750 1000 282 1000 753 1001 752 1001 750 1001 753 1002 282 1002 280 1002 753 1003 280 1003 278 1003 753 1004 754 1004 752 1004 753 1005 755 1005 754 1005 756 1006 278 1006 276 1006 756 1007 276 1007 274 1007 756 1008 753 1008 278 1008 756 1009 757 1009 755 1009 756 1010 758 1010 757 1010 756 1011 755 1011 753 1011 759 1012 274 1012 272 1012 759 1013 272 1013 270 1013 759 1014 758 1014 756 1014 759 1015 760 1015 758 1015 759 1016 761 1016 760 1016 759 1017 756 1017 274 1017 762 1018 759 1018 270 1018 762 1019 761 1019 759 1019 762 1020 270 1020 268 1020 762 1021 268 1021 266 1021 762 1022 763 1022 761 1022 762 1023 764 1023 763 1023 765 1024 266 1024 264 1024 765 1025 264 1025 262 1025 765 1026 762 1026 266 1026 765 1027 766 1027 764 1027 765 1028 767 1028 766 1028 765 1029 764 1029 762 1029 768 1030 767 1030 765 1030 768 1031 262 1031 260 1031 768 1032 260 1032 258 1032 768 1033 769 1033 767 1033 768 1034 770 1034 769 1034 768 1035 765 1035 262 1035 771 1036 768 1036 258 1036 771 1037 770 1037 768 1037 771 1038 258 1038 256 1038 771 1039 256 1039 254 1039 771 1040 772 1040 770 1040 771 1041 773 1041 772 1041 774 1042 254 1042 237 1042 774 1043 237 1043 236 1043 774 1044 771 1044 254 1044 774 1045 775 1045 773 1045 774 1046 776 1046 775 1046 774 1047 773 1047 771 1047 777 1048 776 1048 774 1048 777 1049 236 1049 238 1049 777 1050 238 1050 239 1050 777 1051 778 1051 776 1051 777 1052 779 1052 778 1052 777 1053 774 1053 236 1053 780 1054 777 1054 239 1054 780 1055 779 1055 777 1055 780 1056 239 1056 240 1056 780 1057 240 1057 241 1057 780 1058 781 1058 779 1058 780 1059 782 1059 781 1059 783 1060 241 1060 242 1060 783 1061 242 1061 243 1061 783 1062 780 1062 241 1062 783 1063 784 1063 782 1063 783 1064 785 1064 784 1064 783 1065 782 1065 780 1065 786 1066 783 1066 243 1066 786 1067 785 1067 783 1067 786 1068 243 1068 244 1068 786 1069 244 1069 245 1069 786 1070 787 1070 785 1070 786 1071 788 1071 787 1071 789 1072 786 1072 245 1072 789 1073 788 1073 786 1073 789 1074 245 1074 246 1074 789 1075 246 1075 247 1075 789 1076 790 1076 788 1076 789 1077 791 1077 790 1077 792 1078 247 1078 248 1078 792 1079 789 1079 247 1079 792 1080 248 1080 249 1080 792 1081 791 1081 789 1081 792 1082 793 1082 791 1082 792 1083 794 1083 793 1083 795 1084 794 1084 792 1084 795 1085 249 1085 250 1085 795 1086 250 1086 251 1086 795 1087 792 1087 249 1087 795 1088 796 1088 794 1088 795 1089 797 1089 796 1089 798 1090 251 1090 252 1090 798 1091 252 1091 505 1091 798 1092 795 1092 251 1092 798 1093 799 1093 797 1093 798 1094 800 1094 799 1094 798 1095 797 1095 795 1095 801 1096 798 1096 505 1096 801 1097 505 1097 140 1097 801 1098 140 1098 132 1098 801 1099 800 1099 798 1099 801 1100 802 1100 800 1100 801 1101 803 1101 802 1101 804 1102 803 1102 801 1102 804 1103 132 1103 124 1103 804 1104 124 1104 116 1104 804 1105 805 1105 803 1105 804 1106 806 1106 805 1106 804 1107 801 1107 132 1107 807 1108 804 1108 116 1108 807 1109 116 1109 107 1109 807 1110 107 1110 100 1110 807 1111 806 1111 804 1111 807 1112 808 1112 806 1112 807 1113 809 1113 808 1113 810 1114 811 1114 809 1114 810 1115 812 1115 811 1115 810 1116 807 1116 100 1116 810 1117 809 1117 807 1117 810 1118 100 1118 91 1118 810 1119 91 1119 84 1119 813 1120 814 1120 812 1120 813 1121 815 1121 814 1121 813 1122 810 1122 84 1122 813 1123 812 1123 810 1123 813 1124 84 1124 76 1124 813 1125 76 1125 68 1125 816 1126 817 1126 815 1126 816 1127 818 1127 817 1127 816 1128 815 1128 813 1128 816 1129 813 1129 68 1129 816 1130 68 1130 59 1130 816 1131 59 1131 50 1131 819 1132 820 1132 818 1132 819 1133 821 1133 820 1133 819 1134 816 1134 50 1134 819 1135 818 1135 816 1135 819 1136 50 1136 41 1136 819 1137 41 1137 43 1137 822 1138 823 1138 821 1138 822 1139 824 1139 823 1139 822 1140 819 1140 43 1140 822 1141 43 1141 45 1141 822 1142 45 1142 56 1142 822 1143 821 1143 819 1143 825 1144 826 1144 824 1144 825 1145 827 1145 826 1145 825 1146 56 1146 63 1146 825 1147 63 1147 72 1147 825 1148 824 1148 822 1148 825 1149 822 1149 56 1149 828 1150 825 1150 72 1150 828 1151 829 1151 827 1151 828 1152 830 1152 829 1152 828 1153 827 1153 825 1153 828 1154 72 1154 80 1154 828 1155 80 1155 86 1155 831 1156 828 1156 86 1156 831 1157 832 1157 830 1157 831 1158 833 1158 832 1158 831 1159 830 1159 828 1159 831 1160 86 1160 95 1160 831 1161 95 1161 104 1161 834 1162 835 1162 833 1162 834 1163 836 1163 835 1163 834 1164 833 1164 831 1164 834 1165 831 1165 104 1165 834 1166 104 1166 111 1166 834 1167 111 1167 120 1167 837 1168 838 1168 836 1168 837 1169 839 1169 838 1169 837 1170 834 1170 120 1170 837 1171 836 1171 834 1171 837 1172 120 1172 128 1172 837 1173 128 1173 136 1173 840 1174 841 1174 839 1174 840 1175 842 1175 841 1175 840 1176 839 1176 837 1176 840 1177 837 1177 136 1177 840 1178 136 1178 143 1178 840 1179 143 1179 148 1179 843 1180 844 1180 842 1180 843 1181 845 1181 844 1181 843 1182 840 1182 148 1182 843 1183 842 1183 840 1183 843 1184 148 1184 152 1184 843 1185 152 1185 155 1185 846 1186 847 1186 845 1186 846 1187 848 1187 847 1187 846 1188 845 1188 843 1188 846 1189 843 1189 155 1189 846 1190 155 1190 159 1190 846 1191 159 1191 163 1191 849 1192 168 1192 171 1192 849 1193 848 1193 846 1193 849 1194 850 1194 848 1194 849 1195 851 1195 850 1195 849 1196 846 1196 163 1196 849 1197 163 1197 168 1197 852 1198 171 1198 175 1198 852 1199 175 1199 180 1199 852 1200 851 1200 849 1200 852 1201 853 1201 851 1201 852 1202 854 1202 853 1202 852 1203 849 1203 171 1203 855 1204 180 1204 184 1204 855 1205 184 1205 188 1205 855 1206 856 1206 854 1206 855 1207 857 1207 856 1207 855 1208 852 1208 180 1208 855 1209 854 1209 852 1209 858 1210 188 1210 191 1210 858 1211 191 1211 195 1211 858 1212 855 1212 188 1212 858 1213 857 1213 855 1213 858 1214 859 1214 857 1214 858 1215 860 1215 859 1215 861 1216 195 1216 200 1216 861 1217 200 1217 204 1217 861 1218 862 1218 860 1218 861 1219 863 1219 862 1219 861 1220 860 1220 858 1220 861 1221 858 1221 195 1221 864 1222 204 1222 208 1222 864 1223 208 1223 211 1223 864 1224 865 1224 863 1224 864 1225 866 1225 865 1225 864 1226 861 1226 204 1226 864 1227 863 1227 861 1227 867 1228 211 1228 216 1228 867 1229 216 1229 289 1229 867 1230 868 1230 866 1230 867 1231 869 1231 868 1231 867 1232 864 1232 211 1232 867 1233 866 1233 864 1233 870 1234 289 1234 293 1234 870 1235 293 1235 297 1235 870 1236 871 1236 869 1236 870 1237 872 1237 871 1237 870 1238 869 1238 867 1238 870 1239 867 1239 289 1239 873 1240 297 1240 301 1240 873 1241 301 1241 304 1241 873 1242 872 1242 870 1242 873 1243 874 1243 872 1243 873 1244 875 1244 874 1244 873 1245 870 1245 297 1245 876 1246 304 1246 308 1246 876 1247 308 1247 313 1247 876 1248 877 1248 875 1248 876 1249 878 1249 877 1249 876 1250 875 1250 873 1250 876 1251 873 1251 304 1251 879 1252 876 1252 313 1252 879 1253 313 1253 314 1253 879 1254 314 1254 321 1254 879 1255 878 1255 876 1255 879 1256 880 1256 878 1256 879 1257 881 1257 880 1257 882 1258 321 1258 324 1258 882 1259 324 1259 328 1259 882 1260 879 1260 321 1260 882 1261 881 1261 879 1261 882 1262 883 1262 881 1262 882 1263 884 1263 883 1263 885 1264 328 1264 332 1264 885 1265 332 1265 336 1265 885 1266 882 1266 328 1266 885 1267 886 1267 884 1267 885 1268 887 1268 886 1268 885 1269 884 1269 882 1269 888 1270 336 1270 340 1270 888 1271 340 1271 345 1271 888 1272 889 1272 887 1272 888 1273 704 1273 889 1273 888 1274 887 1274 885 1274 888 1275 701 1275 704 1275 888 1276 345 1276 701 1276 888 1277 885 1277 336 1277 890 1278 284 1278 285 1278 891 1279 892 1279 890 1279 890 1280 283 1280 284 1280 892 1281 893 1281 890 1281 894 1282 285 1282 507 1282 894 1283 507 1283 454 1283 894 1284 895 1284 891 1284 894 1285 896 1285 895 1285 894 1286 890 1286 285 1286 894 1287 891 1287 890 1287 897 1288 454 1288 452 1288 897 1289 452 1289 449 1289 897 1290 898 1290 896 1290 897 1291 899 1291 898 1291 897 1292 894 1292 454 1292 897 1293 896 1293 894 1293 900 1294 449 1294 447 1294 900 1295 447 1295 443 1295 900 1296 899 1296 897 1296 900 1297 901 1297 899 1297 900 1298 902 1298 901 1298 900 1299 897 1299 449 1299 903 1300 443 1300 442 1300 903 1301 442 1301 435 1301 903 1302 900 1302 443 1302 903 1303 904 1303 902 1303 903 1304 905 1304 904 1304 903 1305 902 1305 900 1305 906 1306 435 1306 434 1306 906 1307 434 1307 428 1307 906 1308 907 1308 905 1308 906 1309 908 1309 907 1309 906 1310 903 1310 435 1310 906 1311 905 1311 903 1311 909 1312 906 1312 428 1312 909 1313 428 1313 424 1313 909 1314 424 1314 419 1314 909 1315 908 1315 906 1315 909 1316 910 1316 908 1316 909 1317 911 1317 910 1317 912 1318 419 1318 415 1318 912 1319 415 1319 414 1319 912 1320 909 1320 419 1320 912 1321 913 1321 911 1321 912 1322 914 1322 913 1322 912 1323 911 1323 909 1323 915 1324 414 1324 410 1324 915 1325 410 1325 403 1325 915 1326 916 1326 914 1326 915 1327 917 1327 916 1327 915 1328 912 1328 414 1328 915 1329 914 1329 912 1329 918 1330 915 1330 403 1330 918 1331 403 1331 400 1331 918 1332 400 1332 395 1332 918 1333 917 1333 915 1333 918 1334 919 1334 917 1334 918 1335 920 1335 919 1335 921 1336 395 1336 391 1336 921 1337 391 1337 388 1337 921 1338 922 1338 920 1338 921 1339 923 1339 922 1339 921 1340 918 1340 395 1340 921 1341 920 1341 918 1341 924 1342 388 1342 387 1342 924 1343 387 1343 382 1343 924 1344 925 1344 923 1344 924 1345 926 1345 925 1345 924 1346 921 1346 388 1346 924 1347 923 1347 921 1347 927 1348 924 1348 382 1348 927 1349 382 1349 376 1349 927 1350 376 1350 375 1350 927 1351 926 1351 924 1351 927 1352 928 1352 926 1352 927 1353 929 1353 928 1353 930 1354 375 1354 370 1354 930 1355 370 1355 366 1355 930 1356 931 1356 929 1356 930 1357 932 1357 931 1357 930 1358 927 1358 375 1358 930 1359 929 1359 927 1359 933 1360 932 1360 930 1360 933 1361 366 1361 360 1361 933 1362 360 1362 359 1362 933 1363 934 1363 932 1363 933 1364 935 1364 934 1364 933 1365 930 1365 366 1365 936 1366 359 1366 354 1366 936 1367 354 1367 350 1367 936 1368 933 1368 359 1368 936 1369 935 1369 933 1369 936 1370 937 1370 935 1370 936 1371 938 1371 937 1371 939 1372 350 1372 343 1372 939 1373 343 1373 342 1373 939 1374 940 1374 938 1374 939 1375 941 1375 940 1375 939 1376 936 1376 350 1376 939 1377 938 1377 936 1377 942 1378 939 1378 342 1378 942 1379 941 1379 939 1379 942 1380 342 1380 338 1380 942 1381 338 1381 334 1381 942 1382 943 1382 941 1382 942 1383 944 1383 943 1383 945 1384 334 1384 330 1384 945 1385 330 1385 326 1385 945 1386 942 1386 334 1386 945 1387 946 1387 944 1387 945 1388 947 1388 946 1388 945 1389 944 1389 942 1389 948 1390 326 1390 319 1390 948 1391 319 1391 318 1391 948 1392 947 1392 945 1392 948 1393 949 1393 947 1393 948 1394 950 1394 949 1394 948 1395 945 1395 326 1395 951 1396 948 1396 318 1396 951 1397 950 1397 948 1397 951 1398 318 1398 311 1398 951 1399 311 1399 310 1399 951 1400 952 1400 950 1400 951 1401 953 1401 952 1401 954 1402 310 1402 306 1402 954 1403 306 1403 299 1403 954 1404 951 1404 310 1404 954 1405 955 1405 953 1405 954 1406 956 1406 955 1406 954 1407 953 1407 951 1407 957 1408 956 1408 954 1408 957 1409 299 1409 295 1409 957 1410 295 1410 291 1410 957 1411 958 1411 956 1411 957 1412 959 1412 958 1412 957 1413 954 1413 299 1413 960 1414 957 1414 291 1414 960 1415 959 1415 957 1415 960 1416 291 1416 287 1416 960 1417 287 1417 253 1417 960 1418 961 1418 959 1418 960 1419 962 1419 961 1419 963 1420 253 1420 214 1420 963 1421 214 1421 209 1421 963 1422 960 1422 253 1422 963 1423 964 1423 962 1423 963 1424 965 1424 964 1424 963 1425 962 1425 960 1425 966 1426 965 1426 963 1426 966 1427 209 1427 206 1427 966 1428 206 1428 202 1428 966 1429 967 1429 965 1429 966 1430 968 1430 967 1430 966 1431 963 1431 209 1431 969 1432 966 1432 202 1432 969 1433 968 1433 966 1433 969 1434 202 1434 198 1434 969 1435 198 1435 193 1435 969 1436 970 1436 968 1436 969 1437 971 1437 970 1437 972 1438 193 1438 189 1438 972 1439 189 1439 186 1439 972 1440 969 1440 193 1440 972 1441 973 1441 971 1441 972 1442 974 1442 973 1442 972 1443 971 1443 969 1443 975 1444 972 1444 186 1444 975 1445 974 1445 972 1445 975 1446 186 1446 182 1446 975 1447 182 1447 178 1447 975 1448 976 1448 974 1448 975 1449 977 1449 976 1449 978 1450 975 1450 178 1450 978 1451 977 1451 975 1451 978 1452 178 1452 173 1452 978 1453 173 1453 169 1453 978 1454 979 1454 977 1454 978 1455 980 1455 979 1455 981 1456 169 1456 166 1456 981 1457 978 1457 169 1457 981 1458 166 1458 161 1458 981 1459 980 1459 978 1459 981 1460 982 1460 980 1460 981 1461 983 1461 982 1461 984 1462 983 1462 981 1462 984 1463 161 1463 157 1463 984 1464 157 1464 153 1464 984 1465 981 1465 161 1465 984 1466 985 1466 983 1466 984 1467 986 1467 985 1467 987 1468 153 1468 150 1468 987 1469 150 1469 145 1469 987 1470 984 1470 153 1470 987 1471 986 1471 984 1471 987 1472 988 1472 986 1472 987 1473 989 1473 988 1473 990 1474 987 1474 145 1474 990 1475 989 1475 987 1475 990 1476 145 1476 138 1476 990 1477 138 1477 130 1477 990 1478 991 1478 989 1478 990 1479 992 1479 991 1479 993 1480 990 1480 130 1480 993 1481 992 1481 990 1481 993 1482 130 1482 122 1482 993 1483 122 1483 114 1483 993 1484 994 1484 992 1484 993 1485 995 1485 994 1485 996 1486 993 1486 114 1486 996 1487 114 1487 105 1487 996 1488 105 1488 98 1488 996 1489 995 1489 993 1489 996 1490 997 1490 995 1490 996 1491 998 1491 997 1491 999 1492 1000 1492 998 1492 999 1493 1001 1493 1000 1493 999 1494 996 1494 98 1494 999 1495 998 1495 996 1495 999 1496 98 1496 89 1496 999 1497 89 1497 82 1497 1002 1498 1003 1498 1001 1498 1002 1499 1004 1499 1003 1499 1002 1500 999 1500 82 1500 1002 1501 1001 1501 999 1501 1002 1502 82 1502 74 1502 1002 1503 74 1503 66 1503 1005 1504 1006 1504 1004 1504 1005 1505 1007 1505 1006 1505 1005 1506 1004 1506 1002 1506 1005 1507 1002 1507 66 1507 1005 1508 66 1508 57 1508 1005 1509 57 1509 52 1509 1008 1510 1009 1510 1007 1510 1008 1511 1010 1511 1009 1511 1008 1512 1005 1512 52 1512 1008 1513 1007 1513 1005 1513 1008 1514 52 1514 39 1514 1008 1515 39 1515 36 1515 1011 1516 1012 1516 1010 1516 1011 1517 1013 1517 1012 1517 1011 1518 1010 1518 1008 1518 1011 1519 36 1519 48 1519 1011 1520 48 1520 54 1520 1011 1521 1008 1521 36 1521 1014 1522 1015 1522 1013 1522 1014 1523 1016 1523 1015 1523 1014 1524 1011 1524 54 1524 1014 1525 54 1525 61 1525 1014 1526 61 1526 70 1526 1014 1527 1013 1527 1011 1527 1017 1528 1016 1528 1014 1528 1017 1529 1014 1529 70 1529 1017 1530 1018 1530 1016 1530 1017 1531 1019 1531 1018 1531 1017 1532 70 1532 78 1532 1017 1533 78 1533 87 1533 1020 1534 1017 1534 87 1534 1020 1535 1019 1535 1017 1535 1020 1536 1021 1536 1019 1536 1020 1537 1022 1537 1021 1537 1020 1538 87 1538 93 1538 1020 1539 93 1539 102 1539 1023 1540 1024 1540 1022 1540 1023 1541 1025 1541 1024 1541 1023 1542 1022 1542 1020 1542 1023 1543 1020 1543 102 1543 1023 1544 102 1544 109 1544 1023 1545 109 1545 118 1545 1026 1546 1027 1546 1025 1546 1026 1547 1028 1547 1027 1547 1026 1548 1023 1548 118 1548 1026 1549 1025 1549 1023 1549 1026 1550 118 1550 126 1550 1026 1551 126 1551 134 1551 1029 1552 1030 1552 1028 1552 1029 1553 1031 1553 1030 1553 1029 1554 1028 1554 1026 1554 1029 1555 1026 1555 134 1555 1029 1556 134 1556 142 1556 1029 1557 142 1557 147 1557 1032 1558 1033 1558 1031 1558 1032 1559 1034 1559 1033 1559 1032 1560 1029 1560 147 1560 1032 1561 1031 1561 1029 1561 1032 1562 147 1562 218 1562 1032 1563 218 1563 219 1563 1035 1564 1036 1564 1034 1564 1035 1565 1037 1565 1036 1565 1035 1566 1034 1566 1032 1566 1035 1567 1032 1567 219 1567 1035 1568 219 1568 220 1568 1035 1569 220 1569 221 1569 1038 1570 222 1570 223 1570 1038 1571 1037 1571 1035 1571 1038 1572 1039 1572 1037 1572 1038 1573 1040 1573 1039 1573 1038 1574 1035 1574 221 1574 1038 1575 221 1575 222 1575 1041 1576 223 1576 224 1576 1041 1577 224 1577 225 1577 1041 1578 1040 1578 1038 1578 1041 1579 1042 1579 1040 1579 1041 1580 1043 1580 1042 1580 1041 1581 1038 1581 223 1581 1044 1582 225 1582 226 1582 1044 1583 226 1583 227 1583 1044 1584 1045 1584 1043 1584 1044 1585 1046 1585 1045 1585 1044 1586 1041 1586 225 1586 1044 1587 1043 1587 1041 1587 1047 1588 227 1588 228 1588 1047 1589 228 1589 229 1589 1047 1590 1044 1590 227 1590 1047 1591 1046 1591 1044 1591 1047 1592 1048 1592 1046 1592 1047 1593 1049 1593 1048 1593 1050 1594 229 1594 230 1594 1050 1595 230 1595 231 1595 1050 1596 1047 1596 229 1596 1050 1597 1049 1597 1047 1597 1050 1598 1051 1598 1049 1598 1050 1599 1052 1599 1051 1599 1053 1600 231 1600 232 1600 1053 1601 232 1601 233 1601 1053 1602 1054 1602 1052 1602 1053 1603 1055 1603 1054 1603 1053 1604 1050 1604 231 1604 1053 1605 1052 1605 1050 1605 1056 1606 233 1606 234 1606 1056 1607 234 1607 255 1607 1056 1608 1057 1608 1055 1608 1056 1609 1058 1609 1057 1609 1056 1610 1053 1610 233 1610 1056 1611 1055 1611 1053 1611 1059 1612 255 1612 257 1612 1059 1613 257 1613 259 1613 1059 1614 1060 1614 1058 1614 1059 1615 1061 1615 1060 1615 1059 1616 1056 1616 255 1616 1059 1617 1058 1617 1056 1617 1062 1618 259 1618 261 1618 1062 1619 261 1619 263 1619 1062 1620 1061 1620 1059 1620 1062 1621 1063 1621 1061 1621 1062 1622 1064 1622 1063 1622 1062 1623 1059 1623 259 1623 1065 1624 1064 1624 1062 1624 1065 1625 263 1625 265 1625 1065 1626 265 1626 267 1626 1065 1627 1066 1627 1064 1627 1065 1628 1067 1628 1066 1628 1065 1629 1062 1629 263 1629 1068 1630 1065 1630 267 1630 1068 1631 267 1631 269 1631 1068 1632 269 1632 271 1632 1068 1633 1069 1633 1067 1633 1068 1634 1070 1634 1069 1634 1068 1635 1067 1635 1065 1635 1071 1636 271 1636 273 1636 1071 1637 1068 1637 271 1637 1071 1638 273 1638 275 1638 1071 1639 1070 1639 1068 1639 1071 1640 1072 1640 1070 1640 1071 1641 1073 1641 1072 1641 1074 1642 275 1642 277 1642 1074 1643 277 1643 279 1643 1074 1644 1071 1644 275 1644 1074 1645 1075 1645 1073 1645 1074 1646 1076 1646 1075 1646 1074 1647 1073 1647 1071 1647 1077 1648 279 1648 281 1648 1077 1649 281 1649 283 1649 1077 1650 1078 1650 1076 1650 1077 1651 893 1651 1078 1651 1077 1652 1076 1652 1074 1652 1077 1653 890 1653 893 1653 1077 1654 283 1654 890 1654 1077 1655 1074 1655 279 1655 1079 1656 460 1656 468 1656 1080 1657 1081 1657 1079 1657 1079 1658 461 1658 460 1658 1081 1659 1082 1659 1079 1659 1083 1660 468 1660 469 1660 1083 1661 469 1661 470 1661 1083 1662 1084 1662 1080 1662 1083 1663 1085 1663 1084 1663 1083 1664 1079 1664 468 1664 1083 1665 1080 1665 1079 1665 1086 1666 470 1666 471 1666 1086 1667 471 1667 472 1667 1086 1668 1087 1668 1085 1668 1086 1669 1088 1669 1087 1669 1086 1670 1083 1670 470 1670 1086 1671 1085 1671 1083 1671 1089 1672 472 1672 473 1672 1089 1673 473 1673 474 1673 1089 1674 1088 1674 1086 1674 1089 1675 1090 1675 1088 1675 1089 1676 1091 1676 1090 1676 1089 1677 1086 1677 472 1677 1092 1678 474 1678 475 1678 1092 1679 475 1679 476 1679 1092 1680 1089 1680 474 1680 1092 1681 1093 1681 1091 1681 1092 1682 1094 1682 1093 1682 1092 1683 1091 1683 1089 1683 1095 1684 476 1684 477 1684 1095 1685 477 1685 478 1685 1095 1686 1096 1686 1094 1686 1095 1687 1097 1687 1096 1687 1095 1688 1092 1688 476 1688 1095 1689 1094 1689 1092 1689 1098 1690 1095 1690 478 1690 1098 1691 478 1691 479 1691 1098 1692 479 1692 480 1692 1098 1693 1097 1693 1095 1693 1098 1694 1099 1694 1097 1694 1098 1695 1100 1695 1099 1695 1101 1696 480 1696 481 1696 1101 1697 481 1697 482 1697 1101 1698 1098 1698 480 1698 1101 1699 1102 1699 1100 1699 1101 1700 1103 1700 1102 1700 1101 1701 1100 1701 1098 1701 1104 1702 482 1702 483 1702 1104 1703 483 1703 484 1703 1104 1704 1105 1704 1103 1704 1104 1705 1106 1705 1105 1705 1104 1706 1101 1706 482 1706 1104 1707 1103 1707 1101 1707 1107 1708 1104 1708 484 1708 1107 1709 484 1709 485 1709 1107 1710 485 1710 486 1710 1107 1711 1106 1711 1104 1711 1107 1712 1108 1712 1106 1712 1107 1713 1109 1713 1108 1713 1110 1714 486 1714 487 1714 1110 1715 487 1715 457 1715 1110 1716 1111 1716 1109 1716 1110 1717 1112 1717 1111 1717 1110 1718 1107 1718 486 1718 1110 1719 1109 1719 1107 1719 1113 1720 457 1720 456 1720 1113 1721 456 1721 458 1721 1113 1722 1114 1722 1112 1722 1113 1723 1115 1723 1114 1723 1113 1724 1110 1724 457 1724 1113 1725 1112 1725 1110 1725 1116 1726 1113 1726 458 1726 1116 1727 458 1727 459 1727 1116 1728 459 1728 462 1728 1116 1729 1115 1729 1113 1729 1116 1730 1117 1730 1115 1730 1116 1731 1118 1731 1117 1731 1119 1732 462 1732 463 1732 1119 1733 463 1733 464 1733 1119 1734 1120 1734 1118 1734 1119 1735 1121 1735 1120 1735 1119 1736 1116 1736 462 1736 1119 1737 1118 1737 1116 1737 1122 1738 1121 1738 1119 1738 1122 1739 464 1739 465 1739 1122 1740 465 1740 466 1740 1122 1741 1123 1741 1121 1741 1122 1742 1124 1742 1123 1742 1122 1743 1119 1743 464 1743 1125 1744 466 1744 467 1744 1125 1745 467 1745 503 1745 1125 1746 1122 1746 466 1746 1125 1747 1124 1747 1122 1747 1125 1748 1126 1748 1124 1748 1125 1749 1127 1749 1126 1749 1128 1750 503 1750 502 1750 1128 1751 502 1751 496 1751 1128 1752 1129 1752 1127 1752 1128 1753 1130 1753 1129 1753 1128 1754 1125 1754 503 1754 1128 1755 1127 1755 1125 1755 1131 1756 1128 1756 496 1756 1131 1757 1130 1757 1128 1757 1131 1758 496 1758 497 1758 1131 1759 497 1759 498 1759 1131 1760 1132 1760 1130 1760 1131 1761 1133 1761 1132 1761 1134 1762 498 1762 499 1762 1134 1763 499 1763 500 1763 1134 1764 1131 1764 498 1764 1134 1765 1135 1765 1133 1765 1134 1766 1136 1766 1135 1766 1134 1767 1133 1767 1131 1767 1137 1768 500 1768 501 1768 1137 1769 501 1769 444 1769 1137 1770 1136 1770 1134 1770 1137 1771 1138 1771 1136 1771 1137 1772 1139 1772 1138 1772 1137 1773 1134 1773 500 1773 1140 1774 1137 1774 444 1774 1140 1775 1139 1775 1137 1775 1140 1776 444 1776 440 1776 1140 1777 440 1777 436 1777 1140 1778 1141 1778 1139 1778 1140 1779 1142 1779 1141 1779 1143 1780 436 1780 431 1780 1143 1781 431 1781 429 1781 1143 1782 1140 1782 436 1782 1143 1783 1144 1783 1142 1783 1143 1784 1145 1784 1144 1784 1143 1785 1142 1785 1140 1785 1146 1786 1145 1786 1143 1786 1146 1787 429 1787 425 1787 1146 1788 425 1788 420 1788 1146 1789 1147 1789 1145 1789 1146 1790 1148 1790 1147 1790 1146 1791 1143 1791 429 1791 1149 1792 1146 1792 420 1792 1149 1793 1148 1793 1146 1793 1149 1794 420 1794 416 1794 1149 1795 416 1795 411 1795 1149 1796 1150 1796 1148 1796 1149 1797 1151 1797 1150 1797 1152 1798 411 1798 408 1798 1152 1799 408 1799 404 1799 1152 1800 1149 1800 411 1800 1152 1801 1153 1801 1151 1801 1152 1802 1154 1802 1153 1802 1152 1803 1151 1803 1149 1803 1155 1804 1154 1804 1152 1804 1155 1805 404 1805 401 1805 1155 1806 401 1806 396 1806 1155 1807 1156 1807 1154 1807 1155 1808 1157 1808 1156 1808 1155 1809 1152 1809 404 1809 1158 1810 1155 1810 396 1810 1158 1811 1157 1811 1155 1811 1158 1812 396 1812 392 1812 1158 1813 392 1813 389 1813 1158 1814 1159 1814 1157 1814 1158 1815 1160 1815 1159 1815 1161 1816 389 1816 383 1816 1161 1817 383 1817 379 1817 1161 1818 1158 1818 389 1818 1161 1819 1162 1819 1160 1819 1161 1820 1163 1820 1162 1820 1161 1821 1160 1821 1158 1821 1164 1822 1161 1822 379 1822 1164 1823 1163 1823 1161 1823 1164 1824 379 1824 377 1824 1164 1825 377 1825 371 1825 1164 1826 1165 1826 1163 1826 1164 1827 1166 1827 1165 1827 1167 1828 1164 1828 371 1828 1167 1829 1166 1829 1164 1829 1167 1830 371 1830 367 1830 1167 1831 367 1831 363 1831 1167 1832 1168 1832 1166 1832 1167 1833 1169 1833 1168 1833 1170 1834 363 1834 361 1834 1170 1835 1167 1835 363 1835 1170 1836 361 1836 355 1836 1170 1837 1169 1837 1167 1837 1170 1838 1171 1838 1169 1838 1170 1839 1172 1839 1171 1839 1173 1840 1172 1840 1170 1840 1173 1841 355 1841 351 1841 1173 1842 351 1842 348 1842 1173 1843 1170 1843 355 1843 1173 1844 1174 1844 1172 1844 1173 1845 1175 1845 1174 1845 1176 1846 348 1846 344 1846 1176 1847 344 1847 339 1847 1176 1848 1173 1848 348 1848 1176 1849 1175 1849 1173 1849 1176 1850 1177 1850 1175 1850 1176 1851 1178 1851 1177 1851 1179 1852 1176 1852 339 1852 1179 1853 1178 1853 1176 1853 1179 1854 339 1854 335 1854 1179 1855 335 1855 331 1855 1179 1856 1180 1856 1178 1856 1179 1857 1181 1857 1180 1857 1182 1858 1179 1858 331 1858 1182 1859 1181 1859 1179 1859 1182 1860 331 1860 327 1860 1182 1861 327 1861 323 1861 1182 1862 1183 1862 1181 1862 1182 1863 1184 1863 1183 1863 1185 1864 1182 1864 323 1864 1185 1865 323 1865 320 1865 1185 1866 320 1866 316 1866 1185 1867 1184 1867 1182 1867 1185 1868 1186 1868 1184 1868 1185 1869 1187 1869 1186 1869 1188 1870 1189 1870 1187 1870 1188 1871 1190 1871 1189 1871 1188 1872 1185 1872 316 1872 1188 1873 1187 1873 1185 1873 1188 1874 316 1874 312 1874 1188 1875 312 1875 307 1875 1191 1876 1192 1876 1190 1876 1191 1877 1193 1877 1192 1877 1191 1878 1188 1878 307 1878 1191 1879 1190 1879 1188 1879 1191 1880 307 1880 303 1880 1191 1881 303 1881 300 1881 1194 1882 1195 1882 1193 1882 1194 1883 1196 1883 1195 1883 1194 1884 1193 1884 1191 1884 1194 1885 1191 1885 300 1885 1194 1886 300 1886 296 1886 1194 1887 296 1887 292 1887 1197 1888 1198 1888 1196 1888 1197 1889 1199 1889 1198 1889 1197 1890 1194 1890 292 1890 1197 1891 1196 1891 1194 1891 1197 1892 292 1892 288 1892 1197 1893 288 1893 286 1893 1200 1894 1201 1894 1199 1894 1200 1895 1202 1895 1201 1895 1200 1896 1199 1896 1197 1896 1200 1897 286 1897 290 1897 1200 1898 290 1898 294 1898 1200 1899 1197 1899 286 1899 1203 1900 1204 1900 1202 1900 1203 1901 1205 1901 1204 1901 1203 1902 1200 1902 294 1902 1203 1903 294 1903 298 1903 1203 1904 298 1904 302 1904 1203 1905 1202 1905 1200 1905 1206 1906 1205 1906 1203 1906 1206 1907 1203 1907 302 1907 1206 1908 1207 1908 1205 1908 1206 1909 1208 1909 1207 1909 1206 1910 302 1910 305 1910 1206 1911 305 1911 309 1911 1209 1912 1206 1912 309 1912 1209 1913 1208 1913 1206 1913 1209 1914 1210 1914 1208 1914 1209 1915 1211 1915 1210 1915 1209 1916 309 1916 315 1916 1209 1917 315 1917 317 1917 1212 1918 1213 1918 1211 1918 1212 1919 1214 1919 1213 1919 1212 1920 1211 1920 1209 1920 1212 1921 1209 1921 317 1921 1212 1922 317 1922 322 1922 1212 1923 322 1923 325 1923 1215 1924 1216 1924 1214 1924 1215 1925 1217 1925 1216 1925 1215 1926 1212 1926 325 1926 1215 1927 1214 1927 1212 1927 1215 1928 325 1928 329 1928 1215 1929 329 1929 333 1929 1218 1930 1219 1930 1217 1930 1218 1931 1220 1931 1219 1931 1218 1932 1217 1932 1215 1932 1218 1933 1215 1933 333 1933 1218 1934 333 1934 337 1934 1218 1935 337 1935 341 1935 1221 1936 1222 1936 1220 1936 1221 1937 1223 1937 1222 1937 1221 1938 1218 1938 341 1938 1221 1939 1220 1939 1218 1939 1221 1940 341 1940 347 1940 1221 1941 347 1941 349 1941 1224 1942 1225 1942 1223 1942 1224 1943 1226 1943 1225 1943 1224 1944 1223 1944 1221 1944 1224 1945 1221 1945 349 1945 1224 1946 349 1946 353 1946 1224 1947 353 1947 358 1947 1227 1948 362 1948 365 1948 1227 1949 1226 1949 1224 1949 1227 1950 1228 1950 1226 1950 1227 1951 1229 1951 1228 1951 1227 1952 1224 1952 358 1952 1227 1953 358 1953 362 1953 1230 1954 365 1954 369 1954 1230 1955 369 1955 374 1955 1230 1956 1229 1956 1227 1956 1230 1957 1231 1957 1229 1957 1230 1958 1232 1958 1231 1958 1230 1959 1227 1959 365 1959 1233 1960 374 1960 378 1960 1233 1961 378 1961 381 1961 1233 1962 1234 1962 1232 1962 1233 1963 1235 1963 1234 1963 1233 1964 1230 1964 374 1964 1233 1965 1232 1965 1230 1965 1236 1966 381 1966 386 1966 1236 1967 386 1967 390 1967 1236 1968 1233 1968 381 1968 1236 1969 1235 1969 1233 1969 1236 1970 1237 1970 1235 1970 1236 1971 1238 1971 1237 1971 1239 1972 390 1972 394 1972 1239 1973 394 1973 399 1973 1239 1974 1236 1974 390 1974 1239 1975 1238 1975 1236 1975 1239 1976 1240 1976 1238 1976 1239 1977 1241 1977 1240 1977 1242 1978 399 1978 402 1978 1242 1979 402 1979 407 1979 1242 1980 1243 1980 1241 1980 1242 1981 1244 1981 1243 1981 1242 1982 1239 1982 399 1982 1242 1983 1241 1983 1239 1983 1245 1984 407 1984 409 1984 1245 1985 409 1985 413 1985 1245 1986 1246 1986 1244 1986 1245 1987 1247 1987 1246 1987 1245 1988 1242 1988 407 1988 1245 1989 1244 1989 1242 1989 1248 1990 413 1990 418 1990 1248 1991 418 1991 423 1991 1248 1992 1249 1992 1247 1992 1248 1993 1250 1993 1249 1993 1248 1994 1245 1994 413 1994 1248 1995 1247 1995 1245 1995 1251 1996 423 1996 427 1996 1251 1997 427 1997 430 1997 1251 1998 1250 1998 1248 1998 1251 1999 1252 1999 1250 1999 1251 2000 1253 2000 1252 2000 1251 2001 1248 2001 423 2001 1254 2002 1253 2002 1251 2002 1254 2003 430 2003 433 2003 1254 2004 433 2004 439 2004 1254 2005 1255 2005 1253 2005 1254 2006 1256 2006 1255 2006 1254 2007 1251 2007 430 2007 1257 2008 1254 2008 439 2008 1257 2009 439 2009 441 2009 1257 2010 441 2010 446 2010 1257 2011 1258 2011 1256 2011 1257 2012 1259 2012 1258 2012 1257 2013 1256 2013 1254 2013 1260 2014 446 2014 448 2014 1260 2015 1257 2015 446 2015 1260 2016 448 2016 450 2016 1260 2017 1259 2017 1257 2017 1260 2018 1261 2018 1259 2018 1260 2019 1262 2019 1261 2019 1263 2020 450 2020 451 2020 1263 2021 451 2021 453 2021 1263 2022 1260 2022 450 2022 1263 2023 1264 2023 1262 2023 1263 2024 1265 2024 1264 2024 1263 2025 1262 2025 1260 2025 1266 2026 453 2026 506 2026 1266 2027 506 2027 461 2027 1266 2028 1267 2028 1265 2028 1266 2029 1082 2029 1267 2029 1266 2030 1265 2030 1263 2030 1266 2031 1079 2031 1082 2031 1266 2032 461 2032 1079 2032 1266 2033 1263 2033 453 2033 510 2034 509 2034 1268 2034 1268 2035 509 2035 1269 2035 1269 2036 513 2036 1270 2036 509 2037 513 2037 1269 2037 1270 2038 514 2038 1271 2038 513 2039 514 2039 1270 2039 1271 2040 516 2040 1272 2040 514 2041 516 2041 1271 2041 1272 2042 517 2042 1273 2042 516 2043 517 2043 1272 2043 1273 2044 519 2044 1274 2044 517 2045 519 2045 1273 2045 1274 2046 520 2046 1275 2046 519 2047 520 2047 1274 2047 1275 2048 522 2048 1276 2048 520 2049 522 2049 1275 2049 1276 2050 523 2050 1277 2050 522 2051 523 2051 1276 2051 1277 2052 525 2052 1278 2052 523 2053 525 2053 1277 2053 525 2054 526 2054 1278 2054 1278 2055 526 2055 1279 2055 526 2056 528 2056 1279 2056 1279 2057 528 2057 1280 2057 528 2058 529 2058 1280 2058 1280 2059 529 2059 1281 2059 529 2060 531 2060 1281 2060 1281 2061 531 2061 1282 2061 1282 2062 532 2062 1283 2062 1283 2063 532 2063 1284 2063 531 2064 532 2064 1282 2064 532 2065 534 2065 1284 2065 1284 2066 535 2066 1285 2066 534 2067 535 2067 1284 2067 1285 2068 537 2068 1286 2068 535 2069 537 2069 1285 2069 1286 2070 538 2070 1287 2070 537 2071 538 2071 1286 2071 1287 2072 540 2072 1288 2072 538 2073 540 2073 1287 2073 1288 2074 541 2074 1289 2074 1289 2075 541 2075 1290 2075 540 2076 541 2076 1288 2076 541 2077 543 2077 1290 2077 1290 2078 544 2078 1291 2078 543 2079 544 2079 1290 2079 1291 2080 546 2080 1292 2080 544 2081 546 2081 1291 2081 1292 2082 547 2082 1293 2082 546 2083 547 2083 1292 2083 1293 2084 549 2084 1294 2084 547 2085 549 2085 1293 2085 1294 2086 550 2086 1295 2086 1295 2087 550 2087 1296 2087 549 2088 550 2088 1294 2088 550 2089 552 2089 1296 2089 1296 2090 553 2090 1297 2090 552 2091 553 2091 1296 2091 1297 2092 555 2092 1298 2092 553 2093 555 2093 1297 2093 1298 2094 556 2094 1299 2094 1299 2095 556 2095 1300 2095 555 2096 556 2096 1298 2096 556 2097 558 2097 1300 2097 1300 2098 559 2098 1301 2098 558 2099 559 2099 1300 2099 1301 2100 561 2100 1302 2100 559 2101 561 2101 1301 2101 1302 2102 562 2102 1303 2102 561 2103 562 2103 1302 2103 1303 2104 564 2104 1304 2104 562 2105 564 2105 1303 2105 1304 2106 565 2106 1305 2106 564 2107 565 2107 1304 2107 565 2108 567 2108 1305 2108 1305 2109 567 2109 1306 2109 567 2110 568 2110 1306 2110 1306 2111 568 2111 1307 2111 1307 2112 568 2112 1308 2112 568 2113 570 2113 1308 2113 570 2114 571 2114 1308 2114 1308 2115 571 2115 1309 2115 571 2116 573 2116 1309 2116 1309 2117 573 2117 1310 2117 1310 2118 573 2118 1311 2118 573 2119 574 2119 1311 2119 574 2120 576 2120 1311 2120 1311 2121 576 2121 1312 2121 1312 2122 576 2122 1313 2122 576 2123 577 2123 1313 2123 577 2124 579 2124 1313 2124 1313 2125 579 2125 1314 2125 579 2126 580 2126 1314 2126 1314 2127 580 2127 1315 2127 1315 2128 582 2128 1316 2128 580 2129 582 2129 1315 2129 1316 2130 583 2130 1317 2130 582 2131 583 2131 1316 2131 1317 2132 585 2132 1318 2132 583 2133 585 2133 1317 2133 1318 2134 586 2134 1319 2134 585 2135 586 2135 1318 2135 1319 2136 588 2136 1320 2136 1320 2137 588 2137 1321 2137 586 2138 588 2138 1319 2138 1321 2139 589 2139 1322 2139 588 2140 589 2140 1321 2140 589 2141 591 2141 1322 2141 1322 2142 592 2142 1323 2142 1323 2143 592 2143 1324 2143 591 2144 592 2144 1322 2144 1324 2145 594 2145 1325 2145 592 2146 594 2146 1324 2146 1325 2147 595 2147 1326 2147 594 2148 595 2148 1325 2148 595 2149 597 2149 1326 2149 1326 2150 598 2150 1327 2150 597 2151 598 2151 1326 2151 1327 2152 600 2152 1328 2152 598 2153 600 2153 1327 2153 1328 2154 601 2154 1329 2154 1329 2155 601 2155 1330 2155 600 2156 601 2156 1328 2156 601 2157 603 2157 1330 2157 603 2158 604 2158 1330 2158 1330 2159 604 2159 1331 2159 1331 2160 604 2160 1332 2160 604 2161 606 2161 1332 2161 606 2162 607 2162 1332 2162 1332 2163 607 2163 1333 2163 607 2164 609 2164 1333 2164 1333 2165 609 2165 1334 2165 609 2166 610 2166 1334 2166 1334 2167 610 2167 1335 2167 1335 2168 610 2168 1336 2168 610 2169 612 2169 1336 2169 612 2170 613 2170 1336 2170 1336 2171 613 2171 1337 2171 613 2172 615 2172 1337 2172 1337 2173 615 2173 1338 2173 615 2174 616 2174 1338 2174 1338 2175 616 2175 1339 2175 1339 2176 616 2176 1340 2176 616 2177 618 2177 1340 2177 618 2178 619 2178 1340 2178 1340 2179 619 2179 1341 2179 619 2180 621 2180 1341 2180 1341 2181 621 2181 1342 2181 621 2182 622 2182 1342 2182 1342 2183 622 2183 1343 2183 622 2184 624 2184 1343 2184 1343 2185 624 2185 1344 2185 624 2186 625 2186 1344 2186 1344 2187 625 2187 1345 2187 625 2188 627 2188 1345 2188 1345 2189 627 2189 1346 2189 627 2190 628 2190 1346 2190 1346 2191 628 2191 1347 2191 628 2192 630 2192 1347 2192 1347 2193 630 2193 1348 2193 630 2194 631 2194 1348 2194 1348 2195 631 2195 1349 2195 631 2196 633 2196 1349 2196 1349 2197 633 2197 1350 2197 1350 2198 634 2198 1351 2198 633 2199 634 2199 1350 2199 1351 2200 636 2200 1352 2200 634 2201 636 2201 1351 2201 1352 2202 637 2202 1353 2202 1353 2203 637 2203 1354 2203 636 2204 637 2204 1352 2204 637 2205 639 2205 1354 2205 1354 2206 640 2206 1355 2206 639 2207 640 2207 1354 2207 640 2208 642 2208 1355 2208 1355 2209 642 2209 1356 2209 642 2210 643 2210 1356 2210 1356 2211 643 2211 1357 2211 643 2212 645 2212 1357 2212 1357 2213 645 2213 1358 2213 645 2214 646 2214 1358 2214 1358 2215 646 2215 1359 2215 1359 2216 646 2216 1360 2216 646 2217 648 2217 1360 2217 648 2218 649 2218 1360 2218 1360 2219 649 2219 1361 2219 1361 2220 649 2220 1362 2220 649 2221 651 2221 1362 2221 651 2222 652 2222 1362 2222 1362 2223 652 2223 1363 2223 652 2224 654 2224 1363 2224 1363 2225 654 2225 1364 2225 1364 2226 654 2226 1365 2226 654 2227 655 2227 1365 2227 655 2228 657 2228 1365 2228 1365 2229 657 2229 1366 2229 1366 2230 657 2230 1367 2230 657 2231 658 2231 1367 2231 1367 2232 660 2232 1368 2232 658 2233 660 2233 1367 2233 1368 2234 661 2234 1369 2234 660 2235 661 2235 1368 2235 1369 2236 663 2236 1370 2236 661 2237 663 2237 1369 2237 1370 2238 664 2238 1371 2238 663 2239 664 2239 1370 2239 1371 2240 666 2240 1372 2240 1372 2241 666 2241 1373 2241 664 2242 666 2242 1371 2242 666 2243 667 2243 1373 2243 1373 2244 669 2244 1374 2244 1374 2245 669 2245 1375 2245 667 2246 669 2246 1373 2246 669 2247 670 2247 1375 2247 1375 2248 672 2248 1376 2248 1376 2249 672 2249 1377 2249 670 2250 672 2250 1375 2250 672 2251 673 2251 1377 2251 1377 2252 675 2252 1378 2252 673 2253 675 2253 1377 2253 1378 2254 676 2254 1379 2254 675 2255 676 2255 1378 2255 676 2256 678 2256 1379 2256 1379 2257 678 2257 1380 2257 1380 2258 678 2258 1381 2258 678 2259 679 2259 1381 2259 1381 2260 681 2260 1382 2260 679 2261 681 2261 1381 2261 681 2262 682 2262 1382 2262 1382 2263 682 2263 1383 2263 682 2264 684 2264 1383 2264 1383 2265 684 2265 1384 2265 1384 2266 684 2266 1385 2266 684 2267 685 2267 1385 2267 1385 2268 687 2268 1386 2268 1386 2269 687 2269 1387 2269 685 2270 687 2270 1385 2270 687 2271 688 2271 1387 2271 1387 2272 690 2272 1388 2272 688 2273 690 2273 1387 2273 1388 2274 691 2274 1389 2274 690 2275 691 2275 1388 2275 1389 2276 693 2276 1390 2276 691 2277 693 2277 1389 2277 1390 2278 694 2278 1391 2278 693 2279 694 2279 1390 2279 1391 2280 696 2280 1392 2280 694 2281 696 2281 1391 2281 1392 2282 511 2282 1393 2282 1393 2283 511 2283 1268 2283 696 2284 511 2284 1392 2284 511 2285 510 2285 1268 2285 698 2286 697 2286 699 2286 699 2287 697 2287 700 2287 703 2288 702 2288 1394 2288 1394 2289 702 2289 1395 2289 1395 2290 706 2290 1396 2290 702 2291 706 2291 1395 2291 1396 2292 707 2292 1397 2292 706 2293 707 2293 1396 2293 1397 2294 709 2294 1398 2294 707 2295 709 2295 1397 2295 1398 2296 710 2296 1399 2296 709 2297 710 2297 1398 2297 1399 2298 712 2298 1400 2298 710 2299 712 2299 1399 2299 1400 2300 713 2300 1401 2300 712 2301 713 2301 1400 2301 1401 2302 715 2302 1402 2302 713 2303 715 2303 1401 2303 1402 2304 716 2304 1403 2304 715 2305 716 2305 1402 2305 1403 2306 718 2306 1404 2306 716 2307 718 2307 1403 2307 718 2308 719 2308 1404 2308 1404 2309 719 2309 1405 2309 719 2310 721 2310 1405 2310 1405 2311 721 2311 1406 2311 721 2312 722 2312 1406 2312 1406 2313 722 2313 1407 2313 722 2314 724 2314 1407 2314 1407 2315 724 2315 1408 2315 1408 2316 725 2316 1409 2316 1409 2317 725 2317 1410 2317 724 2318 725 2318 1408 2318 725 2319 727 2319 1410 2319 1410 2320 728 2320 1411 2320 727 2321 728 2321 1410 2321 1411 2322 730 2322 1412 2322 728 2323 730 2323 1411 2323 1412 2324 731 2324 1413 2324 730 2325 731 2325 1412 2325 1413 2326 733 2326 1414 2326 731 2327 733 2327 1413 2327 1414 2328 734 2328 1415 2328 1415 2329 734 2329 1416 2329 733 2330 734 2330 1414 2330 734 2331 736 2331 1416 2331 1416 2332 737 2332 1417 2332 736 2333 737 2333 1416 2333 1417 2334 739 2334 1418 2334 737 2335 739 2335 1417 2335 1418 2336 740 2336 1419 2336 739 2337 740 2337 1418 2337 1419 2338 742 2338 1420 2338 740 2339 742 2339 1419 2339 1420 2340 743 2340 1421 2340 1421 2341 743 2341 1422 2341 742 2342 743 2342 1420 2342 743 2343 745 2343 1422 2343 1422 2344 746 2344 1423 2344 745 2345 746 2345 1422 2345 1423 2346 748 2346 1424 2346 746 2347 748 2347 1423 2347 1424 2348 749 2348 1425 2348 1425 2349 749 2349 1426 2349 748 2350 749 2350 1424 2350 749 2351 751 2351 1426 2351 1426 2352 752 2352 1427 2352 751 2353 752 2353 1426 2353 1427 2354 754 2354 1428 2354 752 2355 754 2355 1427 2355 1428 2356 755 2356 1429 2356 754 2357 755 2357 1428 2357 1429 2358 757 2358 1430 2358 755 2359 757 2359 1429 2359 1430 2360 758 2360 1431 2360 757 2361 758 2361 1430 2361 758 2362 760 2362 1431 2362 1431 2363 760 2363 1432 2363 760 2364 761 2364 1432 2364 1432 2365 761 2365 1433 2365 1433 2366 761 2366 1434 2366 761 2367 763 2367 1434 2367 763 2368 764 2368 1434 2368 1434 2369 764 2369 1435 2369 764 2370 766 2370 1435 2370 1435 2371 766 2371 1436 2371 1436 2372 766 2372 1437 2372 766 2373 767 2373 1437 2373 767 2374 769 2374 1437 2374 1437 2375 769 2375 1438 2375 1438 2376 769 2376 1439 2376 769 2377 770 2377 1439 2377 770 2378 772 2378 1439 2378 1439 2379 772 2379 1440 2379 772 2380 773 2380 1440 2380 1440 2381 773 2381 1441 2381 1441 2382 775 2382 1442 2382 773 2383 775 2383 1441 2383 1442 2384 776 2384 1443 2384 775 2385 776 2385 1442 2385 1443 2386 778 2386 1444 2386 776 2387 778 2387 1443 2387 1444 2388 779 2388 1445 2388 778 2389 779 2389 1444 2389 1445 2390 781 2390 1446 2390 1446 2391 781 2391 1447 2391 779 2392 781 2392 1445 2392 1447 2393 782 2393 1448 2393 781 2394 782 2394 1447 2394 782 2395 784 2395 1448 2395 1448 2396 785 2396 1449 2396 1449 2397 785 2397 1450 2397 784 2398 785 2398 1448 2398 1450 2399 787 2399 1451 2399 785 2400 787 2400 1450 2400 1451 2401 788 2401 1452 2401 787 2402 788 2402 1451 2402 788 2403 790 2403 1452 2403 1452 2404 791 2404 1453 2404 790 2405 791 2405 1452 2405 1453 2406 793 2406 1454 2406 791 2407 793 2407 1453 2407 1454 2408 794 2408 1455 2408 1455 2409 794 2409 1456 2409 793 2410 794 2410 1454 2410 794 2411 796 2411 1456 2411 796 2412 797 2412 1456 2412 1456 2413 797 2413 1457 2413 1457 2414 797 2414 1458 2414 797 2415 799 2415 1458 2415 799 2416 800 2416 1458 2416 1458 2417 800 2417 1459 2417 800 2418 802 2418 1459 2418 1459 2419 802 2419 1460 2419 802 2420 803 2420 1460 2420 1460 2421 803 2421 1461 2421 1461 2422 803 2422 1462 2422 803 2423 805 2423 1462 2423 805 2424 806 2424 1462 2424 1462 2425 806 2425 1463 2425 806 2426 808 2426 1463 2426 1463 2427 808 2427 1464 2427 808 2428 809 2428 1464 2428 1464 2429 809 2429 1465 2429 1465 2430 809 2430 1466 2430 809 2431 811 2431 1466 2431 811 2432 812 2432 1466 2432 1466 2433 812 2433 1467 2433 812 2434 814 2434 1467 2434 1467 2435 814 2435 1468 2435 814 2436 815 2436 1468 2436 1468 2437 815 2437 1469 2437 815 2438 817 2438 1469 2438 1469 2439 817 2439 1470 2439 817 2440 818 2440 1470 2440 1470 2441 818 2441 1471 2441 818 2442 820 2442 1471 2442 1471 2443 820 2443 1472 2443 820 2444 821 2444 1472 2444 1472 2445 821 2445 1473 2445 821 2446 823 2446 1473 2446 1473 2447 823 2447 1474 2447 823 2448 824 2448 1474 2448 1474 2449 824 2449 1475 2449 824 2450 826 2450 1475 2450 1475 2451 826 2451 1476 2451 1476 2452 827 2452 1477 2452 826 2453 827 2453 1476 2453 1477 2454 829 2454 1478 2454 827 2455 829 2455 1477 2455 1478 2456 830 2456 1479 2456 1479 2457 830 2457 1480 2457 829 2458 830 2458 1478 2458 830 2459 832 2459 1480 2459 1480 2460 833 2460 1481 2460 832 2461 833 2461 1480 2461 833 2462 835 2462 1481 2462 1481 2463 835 2463 1482 2463 835 2464 836 2464 1482 2464 1482 2465 836 2465 1483 2465 836 2466 838 2466 1483 2466 1483 2467 838 2467 1484 2467 838 2468 839 2468 1484 2468 1484 2469 839 2469 1485 2469 1485 2470 839 2470 1486 2470 839 2471 841 2471 1486 2471 841 2472 842 2472 1486 2472 1486 2473 842 2473 1487 2473 1487 2474 842 2474 1488 2474 842 2475 844 2475 1488 2475 844 2476 845 2476 1488 2476 1488 2477 845 2477 1489 2477 845 2478 847 2478 1489 2478 1489 2479 847 2479 1490 2479 1490 2480 847 2480 1491 2480 847 2481 848 2481 1491 2481 848 2482 850 2482 1491 2482 1491 2483 850 2483 1492 2483 1492 2484 850 2484 1493 2484 850 2485 851 2485 1493 2485 1493 2486 853 2486 1494 2486 851 2487 853 2487 1493 2487 1494 2488 854 2488 1495 2488 853 2489 854 2489 1494 2489 1495 2490 856 2490 1496 2490 854 2491 856 2491 1495 2491 1496 2492 857 2492 1497 2492 856 2493 857 2493 1496 2493 1497 2494 859 2494 1498 2494 1498 2495 859 2495 1499 2495 857 2496 859 2496 1497 2496 859 2497 860 2497 1499 2497 1499 2498 862 2498 1500 2498 1500 2499 862 2499 1501 2499 860 2500 862 2500 1499 2500 862 2501 863 2501 1501 2501 1501 2502 865 2502 1502 2502 1502 2503 865 2503 1503 2503 863 2504 865 2504 1501 2504 865 2505 866 2505 1503 2505 1503 2506 868 2506 1504 2506 866 2507 868 2507 1503 2507 1504 2508 869 2508 1505 2508 868 2509 869 2509 1504 2509 869 2510 871 2510 1505 2510 1505 2511 871 2511 1506 2511 1506 2512 871 2512 1507 2512 871 2513 872 2513 1507 2513 1507 2514 874 2514 1508 2514 872 2515 874 2515 1507 2515 874 2516 875 2516 1508 2516 1508 2517 875 2517 1509 2517 875 2518 877 2518 1509 2518 1509 2519 877 2519 1510 2519 1510 2520 877 2520 1511 2520 877 2521 878 2521 1511 2521 1511 2522 880 2522 1512 2522 1512 2523 880 2523 1513 2523 878 2524 880 2524 1511 2524 880 2525 881 2525 1513 2525 1513 2526 883 2526 1514 2526 881 2527 883 2527 1513 2527 1514 2528 884 2528 1515 2528 883 2529 884 2529 1514 2529 1515 2530 886 2530 1516 2530 884 2531 886 2531 1515 2531 1516 2532 887 2532 1517 2532 886 2533 887 2533 1516 2533 1517 2534 889 2534 1518 2534 887 2535 889 2535 1517 2535 1518 2536 704 2536 1519 2536 1519 2537 704 2537 1394 2537 889 2538 704 2538 1518 2538 704 2539 703 2539 1394 2539 892 2540 891 2540 1520 2540 1520 2541 891 2541 1521 2541 1521 2542 895 2542 1522 2542 891 2543 895 2543 1521 2543 1522 2544 896 2544 1523 2544 895 2545 896 2545 1522 2545 1523 2546 898 2546 1524 2546 896 2547 898 2547 1523 2547 1524 2548 899 2548 1525 2548 898 2549 899 2549 1524 2549 1525 2550 901 2550 1526 2550 899 2551 901 2551 1525 2551 1526 2552 902 2552 1527 2552 901 2553 902 2553 1526 2553 1527 2554 904 2554 1528 2554 902 2555 904 2555 1527 2555 1528 2556 905 2556 1529 2556 904 2557 905 2557 1528 2557 1529 2558 907 2558 1530 2558 905 2559 907 2559 1529 2559 907 2560 908 2560 1530 2560 1530 2561 908 2561 1531 2561 908 2562 910 2562 1531 2562 1531 2563 910 2563 1532 2563 910 2564 911 2564 1532 2564 1532 2565 911 2565 1533 2565 911 2566 913 2566 1533 2566 1533 2567 913 2567 1534 2567 1534 2568 914 2568 1535 2568 1535 2569 914 2569 1536 2569 913 2570 914 2570 1534 2570 914 2571 916 2571 1536 2571 1536 2572 917 2572 1537 2572 916 2573 917 2573 1536 2573 1537 2574 919 2574 1538 2574 917 2575 919 2575 1537 2575 1538 2576 920 2576 1539 2576 919 2577 920 2577 1538 2577 1539 2578 922 2578 1540 2578 920 2579 922 2579 1539 2579 1540 2580 923 2580 1541 2580 1541 2581 923 2581 1542 2581 922 2582 923 2582 1540 2582 923 2583 925 2583 1542 2583 1542 2584 926 2584 1543 2584 925 2585 926 2585 1542 2585 1543 2586 928 2586 1544 2586 926 2587 928 2587 1543 2587 1544 2588 929 2588 1545 2588 928 2589 929 2589 1544 2589 1545 2590 931 2590 1546 2590 929 2591 931 2591 1545 2591 1546 2592 932 2592 1547 2592 1547 2593 932 2593 1548 2593 931 2594 932 2594 1546 2594 932 2595 934 2595 1548 2595 1548 2596 935 2596 1549 2596 934 2597 935 2597 1548 2597 1549 2598 937 2598 1550 2598 935 2599 937 2599 1549 2599 1550 2600 938 2600 1551 2600 1551 2601 938 2601 1552 2601 937 2602 938 2602 1550 2602 938 2603 940 2603 1552 2603 1552 2604 941 2604 1553 2604 940 2605 941 2605 1552 2605 1553 2606 943 2606 1554 2606 941 2607 943 2607 1553 2607 1554 2608 944 2608 1555 2608 943 2609 944 2609 1554 2609 1555 2610 946 2610 1556 2610 944 2611 946 2611 1555 2611 1556 2612 947 2612 1557 2612 946 2613 947 2613 1556 2613 947 2614 949 2614 1557 2614 1557 2615 949 2615 1558 2615 949 2616 950 2616 1558 2616 1558 2617 950 2617 1559 2617 1559 2618 950 2618 1560 2618 950 2619 952 2619 1560 2619 952 2620 953 2620 1560 2620 1560 2621 953 2621 1561 2621 953 2622 955 2622 1561 2622 1561 2623 955 2623 1562 2623 1562 2624 955 2624 1563 2624 955 2625 956 2625 1563 2625 956 2626 958 2626 1563 2626 1563 2627 958 2627 1564 2627 1564 2628 958 2628 1565 2628 958 2629 959 2629 1565 2629 959 2630 961 2630 1565 2630 1565 2631 961 2631 1566 2631 961 2632 962 2632 1566 2632 1566 2633 962 2633 1567 2633 1567 2634 964 2634 1568 2634 962 2635 964 2635 1567 2635 1568 2636 965 2636 1569 2636 964 2637 965 2637 1568 2637 1569 2638 967 2638 1570 2638 965 2639 967 2639 1569 2639 1570 2640 968 2640 1571 2640 967 2641 968 2641 1570 2641 1571 2642 970 2642 1572 2642 1572 2643 970 2643 1573 2643 968 2644 970 2644 1571 2644 1573 2645 971 2645 1574 2645 970 2646 971 2646 1573 2646 971 2647 973 2647 1574 2647 1574 2648 974 2648 1575 2648 1575 2649 974 2649 1576 2649 973 2650 974 2650 1574 2650 1576 2651 976 2651 1577 2651 974 2652 976 2652 1576 2652 1577 2653 977 2653 1578 2653 976 2654 977 2654 1577 2654 977 2655 979 2655 1578 2655 1578 2656 980 2656 1579 2656 979 2657 980 2657 1578 2657 1579 2658 982 2658 1580 2658 980 2659 982 2659 1579 2659 1580 2660 983 2660 1581 2660 1581 2661 983 2661 1582 2661 982 2662 983 2662 1580 2662 983 2663 985 2663 1582 2663 985 2664 986 2664 1582 2664 1582 2665 986 2665 1583 2665 1583 2666 986 2666 1584 2666 986 2667 988 2667 1584 2667 988 2668 989 2668 1584 2668 1584 2669 989 2669 1585 2669 989 2670 991 2670 1585 2670 1585 2671 991 2671 1586 2671 991 2672 992 2672 1586 2672 1586 2673 992 2673 1587 2673 1587 2674 992 2674 1588 2674 992 2675 994 2675 1588 2675 994 2676 995 2676 1588 2676 1588 2677 995 2677 1589 2677 995 2678 997 2678 1589 2678 1589 2679 997 2679 1590 2679 997 2680 998 2680 1590 2680 1590 2681 998 2681 1591 2681 1591 2682 998 2682 1592 2682 998 2683 1000 2683 1592 2683 1000 2684 1001 2684 1592 2684 1592 2685 1001 2685 1593 2685 1001 2686 1003 2686 1593 2686 1593 2687 1003 2687 1594 2687 1003 2688 1004 2688 1594 2688 1594 2689 1004 2689 1595 2689 1004 2690 1006 2690 1595 2690 1595 2691 1006 2691 1596 2691 1006 2692 1007 2692 1596 2692 1596 2693 1007 2693 1597 2693 1007 2694 1009 2694 1597 2694 1597 2695 1009 2695 1598 2695 1009 2696 1010 2696 1598 2696 1598 2697 1010 2697 1599 2697 1010 2698 1012 2698 1599 2698 1599 2699 1012 2699 1600 2699 1012 2700 1013 2700 1600 2700 1600 2701 1013 2701 1601 2701 1013 2702 1015 2702 1601 2702 1601 2703 1015 2703 1602 2703 1602 2704 1016 2704 1603 2704 1015 2705 1016 2705 1602 2705 1603 2706 1018 2706 1604 2706 1016 2707 1018 2707 1603 2707 1604 2708 1019 2708 1605 2708 1605 2709 1019 2709 1606 2709 1018 2710 1019 2710 1604 2710 1019 2711 1021 2711 1606 2711 1606 2712 1022 2712 1607 2712 1021 2713 1022 2713 1606 2713 1022 2714 1024 2714 1607 2714 1607 2715 1024 2715 1608 2715 1024 2716 1025 2716 1608 2716 1608 2717 1025 2717 1609 2717 1025 2718 1027 2718 1609 2718 1609 2719 1027 2719 1610 2719 1027 2720 1028 2720 1610 2720 1610 2721 1028 2721 1611 2721 1611 2722 1028 2722 1612 2722 1028 2723 1030 2723 1612 2723 1030 2724 1031 2724 1612 2724 1612 2725 1031 2725 1613 2725 1613 2726 1031 2726 1614 2726 1031 2727 1033 2727 1614 2727 1033 2728 1034 2728 1614 2728 1614 2729 1034 2729 1615 2729 1034 2730 1036 2730 1615 2730 1615 2731 1036 2731 1616 2731 1616 2732 1036 2732 1617 2732 1036 2733 1037 2733 1617 2733 1037 2734 1039 2734 1617 2734 1617 2735 1039 2735 1618 2735 1618 2736 1039 2736 1619 2736 1039 2737 1040 2737 1619 2737 1619 2738 1042 2738 1620 2738 1040 2739 1042 2739 1619 2739 1620 2740 1043 2740 1621 2740 1042 2741 1043 2741 1620 2741 1621 2742 1045 2742 1622 2742 1043 2743 1045 2743 1621 2743 1622 2744 1046 2744 1623 2744 1045 2745 1046 2745 1622 2745 1623 2746 1048 2746 1624 2746 1624 2747 1048 2747 1625 2747 1046 2748 1048 2748 1623 2748 1048 2749 1049 2749 1625 2749 1625 2750 1051 2750 1626 2750 1626 2751 1051 2751 1627 2751 1049 2752 1051 2752 1625 2752 1051 2753 1052 2753 1627 2753 1627 2754 1054 2754 1628 2754 1628 2755 1054 2755 1629 2755 1052 2756 1054 2756 1627 2756 1054 2757 1055 2757 1629 2757 1629 2758 1057 2758 1630 2758 1055 2759 1057 2759 1629 2759 1630 2760 1058 2760 1631 2760 1057 2761 1058 2761 1630 2761 1058 2762 1060 2762 1631 2762 1631 2763 1060 2763 1632 2763 1632 2764 1060 2764 1633 2764 1060 2765 1061 2765 1633 2765 1633 2766 1063 2766 1634 2766 1061 2767 1063 2767 1633 2767 1063 2768 1064 2768 1634 2768 1634 2769 1064 2769 1635 2769 1064 2770 1066 2770 1635 2770 1635 2771 1066 2771 1636 2771 1636 2772 1066 2772 1637 2772 1066 2773 1067 2773 1637 2773 1637 2774 1069 2774 1638 2774 1638 2775 1069 2775 1639 2775 1067 2776 1069 2776 1637 2776 1069 2777 1070 2777 1639 2777 1639 2778 1072 2778 1640 2778 1070 2779 1072 2779 1639 2779 1640 2780 1073 2780 1641 2780 1072 2781 1073 2781 1640 2781 1641 2782 1075 2782 1642 2782 1073 2783 1075 2783 1641 2783 1642 2784 1076 2784 1643 2784 1075 2785 1076 2785 1642 2785 1643 2786 1078 2786 1644 2786 1076 2787 1078 2787 1643 2787 1644 2788 893 2788 1645 2788 1645 2789 893 2789 1520 2789 1078 2790 893 2790 1644 2790 893 2791 892 2791 1520 2791 1081 2792 1080 2792 1646 2792 1646 2793 1080 2793 1647 2793 1647 2794 1084 2794 1648 2794 1080 2795 1084 2795 1647 2795 1648 2796 1085 2796 1649 2796 1084 2797 1085 2797 1648 2797 1649 2798 1087 2798 1650 2798 1085 2799 1087 2799 1649 2799 1650 2800 1088 2800 1651 2800 1087 2801 1088 2801 1650 2801 1651 2802 1090 2802 1652 2802 1088 2803 1090 2803 1651 2803 1652 2804 1091 2804 1653 2804 1090 2805 1091 2805 1652 2805 1653 2806 1093 2806 1654 2806 1091 2807 1093 2807 1653 2807 1654 2808 1094 2808 1655 2808 1093 2809 1094 2809 1654 2809 1655 2810 1096 2810 1656 2810 1094 2811 1096 2811 1655 2811 1096 2812 1097 2812 1656 2812 1656 2813 1097 2813 1657 2813 1097 2814 1099 2814 1657 2814 1657 2815 1099 2815 1658 2815 1099 2816 1100 2816 1658 2816 1658 2817 1100 2817 1659 2817 1100 2818 1102 2818 1659 2818 1659 2819 1102 2819 1660 2819 1660 2820 1103 2820 1661 2820 1661 2821 1103 2821 1662 2821 1102 2822 1103 2822 1660 2822 1103 2823 1105 2823 1662 2823 1662 2824 1106 2824 1663 2824 1105 2825 1106 2825 1662 2825 1663 2826 1108 2826 1664 2826 1106 2827 1108 2827 1663 2827 1664 2828 1109 2828 1665 2828 1108 2829 1109 2829 1664 2829 1665 2830 1111 2830 1666 2830 1109 2831 1111 2831 1665 2831 1666 2832 1112 2832 1667 2832 1667 2833 1112 2833 1668 2833 1111 2834 1112 2834 1666 2834 1112 2835 1114 2835 1668 2835 1668 2836 1115 2836 1669 2836 1114 2837 1115 2837 1668 2837 1669 2838 1117 2838 1670 2838 1115 2839 1117 2839 1669 2839 1670 2840 1118 2840 1671 2840 1117 2841 1118 2841 1670 2841 1671 2842 1120 2842 1672 2842 1118 2843 1120 2843 1671 2843 1672 2844 1121 2844 1673 2844 1673 2845 1121 2845 1674 2845 1120 2846 1121 2846 1672 2846 1121 2847 1123 2847 1674 2847 1674 2848 1124 2848 1675 2848 1123 2849 1124 2849 1674 2849 1675 2850 1126 2850 1676 2850 1124 2851 1126 2851 1675 2851 1676 2852 1127 2852 1677 2852 1677 2853 1127 2853 1678 2853 1126 2854 1127 2854 1676 2854 1127 2855 1129 2855 1678 2855 1678 2856 1130 2856 1679 2856 1129 2857 1130 2857 1678 2857 1679 2858 1132 2858 1680 2858 1130 2859 1132 2859 1679 2859 1680 2860 1133 2860 1681 2860 1132 2861 1133 2861 1680 2861 1681 2862 1135 2862 1682 2862 1133 2863 1135 2863 1681 2863 1682 2864 1136 2864 1683 2864 1135 2865 1136 2865 1682 2865 1136 2866 1138 2866 1683 2866 1683 2867 1138 2867 1684 2867 1138 2868 1139 2868 1684 2868 1684 2869 1139 2869 1685 2869 1685 2870 1139 2870 1686 2870 1139 2871 1141 2871 1686 2871 1141 2872 1142 2872 1686 2872 1686 2873 1142 2873 1687 2873 1142 2874 1144 2874 1687 2874 1687 2875 1144 2875 1688 2875 1688 2876 1144 2876 1689 2876 1144 2877 1145 2877 1689 2877 1145 2878 1147 2878 1689 2878 1689 2879 1147 2879 1690 2879 1690 2880 1147 2880 1691 2880 1147 2881 1148 2881 1691 2881 1148 2882 1150 2882 1691 2882 1691 2883 1150 2883 1692 2883 1150 2884 1151 2884 1692 2884 1692 2885 1151 2885 1693 2885 1693 2886 1153 2886 1694 2886 1151 2887 1153 2887 1693 2887 1694 2888 1154 2888 1695 2888 1153 2889 1154 2889 1694 2889 1695 2890 1156 2890 1696 2890 1154 2891 1156 2891 1695 2891 1696 2892 1157 2892 1697 2892 1156 2893 1157 2893 1696 2893 1697 2894 1159 2894 1698 2894 1698 2895 1159 2895 1699 2895 1157 2896 1159 2896 1697 2896 1699 2897 1160 2897 1700 2897 1159 2898 1160 2898 1699 2898 1160 2899 1162 2899 1700 2899 1700 2900 1163 2900 1701 2900 1701 2901 1163 2901 1702 2901 1162 2902 1163 2902 1700 2902 1702 2903 1165 2903 1703 2903 1163 2904 1165 2904 1702 2904 1703 2905 1166 2905 1704 2905 1165 2906 1166 2906 1703 2906 1166 2907 1168 2907 1704 2907 1704 2908 1169 2908 1705 2908 1168 2909 1169 2909 1704 2909 1705 2910 1171 2910 1706 2910 1169 2911 1171 2911 1705 2911 1706 2912 1172 2912 1707 2912 1707 2913 1172 2913 1708 2913 1171 2914 1172 2914 1706 2914 1172 2915 1174 2915 1708 2915 1174 2916 1175 2916 1708 2916 1708 2917 1175 2917 1709 2917 1709 2918 1175 2918 1710 2918 1175 2919 1177 2919 1710 2919 1177 2920 1178 2920 1710 2920 1710 2921 1178 2921 1711 2921 1178 2922 1180 2922 1711 2922 1711 2923 1180 2923 1712 2923 1180 2924 1181 2924 1712 2924 1712 2925 1181 2925 1713 2925 1713 2926 1181 2926 1714 2926 1181 2927 1183 2927 1714 2927 1183 2928 1184 2928 1714 2928 1714 2929 1184 2929 1715 2929 1184 2930 1186 2930 1715 2930 1715 2931 1186 2931 1716 2931 1186 2932 1187 2932 1716 2932 1716 2933 1187 2933 1717 2933 1717 2934 1187 2934 1718 2934 1187 2935 1189 2935 1718 2935 1189 2936 1190 2936 1718 2936 1718 2937 1190 2937 1719 2937 1190 2938 1192 2938 1719 2938 1719 2939 1192 2939 1720 2939 1192 2940 1193 2940 1720 2940 1720 2941 1193 2941 1721 2941 1193 2942 1195 2942 1721 2942 1721 2943 1195 2943 1722 2943 1195 2944 1196 2944 1722 2944 1722 2945 1196 2945 1723 2945 1196 2946 1198 2946 1723 2946 1723 2947 1198 2947 1724 2947 1198 2948 1199 2948 1724 2948 1724 2949 1199 2949 1725 2949 1199 2950 1201 2950 1725 2950 1725 2951 1201 2951 1726 2951 1201 2952 1202 2952 1726 2952 1726 2953 1202 2953 1727 2953 1202 2954 1204 2954 1727 2954 1727 2955 1204 2955 1728 2955 1728 2956 1205 2956 1729 2956 1204 2957 1205 2957 1728 2957 1729 2958 1207 2958 1730 2958 1205 2959 1207 2959 1729 2959 1730 2960 1208 2960 1731 2960 1731 2961 1208 2961 1732 2961 1207 2962 1208 2962 1730 2962 1208 2963 1210 2963 1732 2963 1732 2964 1211 2964 1733 2964 1210 2965 1211 2965 1732 2965 1211 2966 1213 2966 1733 2966 1733 2967 1213 2967 1734 2967 1213 2968 1214 2968 1734 2968 1734 2969 1214 2969 1735 2969 1214 2970 1216 2970 1735 2970 1735 2971 1216 2971 1736 2971 1216 2972 1217 2972 1736 2972 1736 2973 1217 2973 1737 2973 1737 2974 1217 2974 1738 2974 1217 2975 1219 2975 1738 2975 1219 2976 1220 2976 1738 2976 1738 2977 1220 2977 1739 2977 1739 2978 1220 2978 1740 2978 1220 2979 1222 2979 1740 2979 1222 2980 1223 2980 1740 2980 1740 2981 1223 2981 1741 2981 1223 2982 1225 2982 1741 2982 1741 2983 1225 2983 1742 2983 1742 2984 1225 2984 1743 2984 1225 2985 1226 2985 1743 2985 1226 2986 1228 2986 1743 2986 1743 2987 1228 2987 1744 2987 1744 2988 1228 2988 1745 2988 1228 2989 1229 2989 1745 2989 1745 2990 1231 2990 1746 2990 1229 2991 1231 2991 1745 2991 1746 2992 1232 2992 1747 2992 1231 2993 1232 2993 1746 2993 1747 2994 1234 2994 1748 2994 1232 2995 1234 2995 1747 2995 1748 2996 1235 2996 1749 2996 1234 2997 1235 2997 1748 2997 1749 2998 1237 2998 1750 2998 1750 2999 1237 2999 1751 2999 1235 3000 1237 3000 1749 3000 1237 3001 1238 3001 1751 3001 1751 3002 1240 3002 1752 3002 1752 3003 1240 3003 1753 3003 1238 3004 1240 3004 1751 3004 1240 3005 1241 3005 1753 3005 1753 3006 1243 3006 1754 3006 1754 3007 1243 3007 1755 3007 1241 3008 1243 3008 1753 3008 1243 3009 1244 3009 1755 3009 1755 3010 1246 3010 1756 3010 1244 3011 1246 3011 1755 3011 1756 3012 1247 3012 1757 3012 1246 3013 1247 3013 1756 3013 1247 3014 1249 3014 1757 3014 1757 3015 1249 3015 1758 3015 1758 3016 1249 3016 1759 3016 1249 3017 1250 3017 1759 3017 1759 3018 1252 3018 1760 3018 1250 3019 1252 3019 1759 3019 1252 3020 1253 3020 1760 3020 1760 3021 1253 3021 1761 3021 1253 3022 1255 3022 1761 3022 1761 3023 1255 3023 1762 3023 1762 3024 1255 3024 1763 3024 1255 3025 1256 3025 1763 3025 1763 3026 1258 3026 1764 3026 1764 3027 1258 3027 1765 3027 1256 3028 1258 3028 1763 3028 1258 3029 1259 3029 1765 3029 1765 3030 1261 3030 1766 3030 1259 3031 1261 3031 1765 3031 1766 3032 1262 3032 1767 3032 1261 3033 1262 3033 1766 3033 1767 3034 1264 3034 1768 3034 1262 3035 1264 3035 1767 3035 1768 3036 1265 3036 1769 3036 1264 3037 1265 3037 1768 3037 1769 3038 1267 3038 1770 3038 1265 3039 1267 3039 1769 3039 1770 3040 1082 3040 1771 3040 1771 3041 1082 3041 1646 3041 1267 3042 1082 3042 1770 3042 1082 3043 1081 3043 1646 3043 1376 3044 1377 3044 1378 3044 1381 3045 1378 3045 1379 3045 1381 3046 1379 3046 1380 3046 1383 3047 1381 3047 1382 3047 1383 3048 1378 3048 1381 3048 1373 3049 1374 3049 1375 3049 1373 3050 1375 3050 1376 3050 1373 3051 1376 3051 1378 3051 1371 3052 1372 3052 1373 3052 1371 3053 1373 3053 1378 3053 1387 3054 1383 3054 1384 3054 1387 3055 1384 3055 1385 3055 1387 3056 1385 3056 1386 3056 1387 3057 1378 3057 1383 3057 1369 3058 1370 3058 1371 3058 1367 3059 1368 3059 1369 3059 1391 3060 1387 3060 1388 3060 1391 3061 1388 3061 1389 3061 1391 3062 1389 3062 1390 3062 1365 3063 1366 3063 1367 3063 1364 3064 1369 3064 1371 3064 1364 3065 1367 3065 1369 3065 1364 3066 1365 3066 1367 3066 1393 3067 1391 3067 1392 3067 1393 3068 1387 3068 1391 3068 1269 3069 1393 3069 1268 3069 1269 3070 1387 3070 1393 3070 1361 3071 1362 3071 1363 3071 1359 3072 1360 3072 1361 3072 1359 3073 1361 3073 1363 3073 1357 3074 1359 3074 1363 3074 1357 3075 1371 3075 1378 3075 1357 3076 1364 3076 1371 3076 1357 3077 1358 3077 1359 3077 1357 3078 1363 3078 1364 3078 1275 3079 1273 3079 1274 3079 1355 3080 1356 3080 1357 3080 1276 3081 1272 3081 1273 3081 1276 3082 1273 3082 1275 3082 1277 3083 1269 3083 1270 3083 1277 3084 1270 3084 1271 3084 1277 3085 1271 3085 1272 3085 1277 3086 1272 3086 1276 3086 1353 3087 1355 3087 1357 3087 1353 3088 1354 3088 1355 3088 1278 3089 1269 3089 1277 3089 1279 3090 1269 3090 1278 3090 1351 3091 1352 3091 1353 3091 1349 3092 1351 3092 1353 3092 1349 3093 1350 3093 1351 3093 1282 3094 1279 3094 1280 3094 1282 3095 1280 3095 1281 3095 1346 3096 1357 3096 1378 3096 1346 3097 1353 3097 1357 3097 1346 3098 1349 3098 1353 3098 1346 3099 1378 3099 1387 3099 1346 3100 1347 3100 1348 3100 1346 3101 1348 3101 1349 3101 1346 3102 1387 3102 1269 3102 1285 3103 1282 3103 1283 3103 1285 3104 1283 3104 1284 3104 1285 3105 1279 3105 1282 3105 1287 3106 1285 3106 1286 3106 1287 3107 1279 3107 1285 3107 1343 3108 1346 3108 1269 3108 1343 3109 1344 3109 1345 3109 1343 3110 1345 3110 1346 3110 1341 3111 1342 3111 1343 3111 1290 3112 1287 3112 1288 3112 1290 3113 1288 3113 1289 3113 1340 3114 1341 3114 1343 3114 1291 3115 1287 3115 1290 3115 1339 3116 1340 3116 1343 3116 1337 3117 1338 3117 1339 3117 1294 3118 1291 3118 1292 3118 1294 3119 1292 3119 1293 3119 1335 3120 1339 3120 1343 3120 1335 3121 1336 3121 1337 3121 1335 3122 1337 3122 1339 3122 1296 3123 1294 3123 1295 3123 1298 3124 1296 3124 1297 3124 1298 3125 1287 3125 1291 3125 1298 3126 1291 3126 1294 3126 1298 3127 1294 3127 1296 3127 1332 3128 1333 3128 1334 3128 1332 3129 1334 3129 1335 3129 1300 3130 1298 3130 1299 3130 1330 3131 1332 3131 1335 3131 1330 3132 1269 3132 1279 3132 1330 3133 1279 3133 1287 3133 1330 3134 1331 3134 1332 3134 1330 3135 1343 3135 1269 3135 1330 3136 1335 3136 1343 3136 1301 3137 1298 3137 1300 3137 1327 3138 1328 3138 1329 3138 1327 3139 1329 3139 1330 3139 1306 3140 1301 3140 1302 3140 1306 3141 1302 3141 1303 3141 1306 3142 1303 3142 1304 3142 1306 3143 1304 3143 1305 3143 1324 3144 1325 3144 1326 3144 1323 3145 1330 3145 1287 3145 1323 3146 1327 3146 1330 3146 1323 3147 1324 3147 1326 3147 1323 3148 1326 3148 1327 3148 1309 3149 1307 3149 1308 3149 1310 3150 1301 3150 1306 3150 1310 3151 1306 3151 1307 3151 1310 3152 1307 3152 1309 3152 1320 3153 1321 3153 1322 3153 1320 3154 1322 3154 1323 3154 1319 3155 1323 3155 1287 3155 1319 3156 1320 3156 1323 3156 1317 3157 1287 3157 1298 3157 1317 3158 1318 3158 1319 3158 1317 3159 1319 3159 1287 3159 1317 3160 1298 3160 1301 3160 1314 3161 1311 3161 1312 3161 1314 3162 1312 3162 1313 3162 1316 3163 1301 3163 1310 3163 1316 3164 1317 3164 1301 3164 1315 3165 1310 3165 1311 3165 1315 3166 1311 3166 1314 3166 1315 3167 1316 3167 1310 3167 1506 3168 1504 3168 1505 3168 1500 3169 1501 3169 1502 3169 1500 3170 1502 3170 1503 3170 1498 3171 1499 3171 1500 3171 1498 3172 1503 3172 1504 3172 1498 3173 1500 3173 1503 3173 1511 3174 1506 3174 1507 3174 1511 3175 1507 3175 1508 3175 1511 3176 1508 3176 1509 3176 1511 3177 1509 3177 1510 3177 1513 3178 1511 3178 1512 3178 1513 3179 1506 3179 1511 3179 1494 3180 1495 3180 1496 3180 1494 3181 1496 3181 1497 3181 1494 3182 1497 3182 1498 3182 1494 3183 1504 3183 1506 3183 1494 3184 1498 3184 1504 3184 1492 3185 1493 3185 1494 3185 1517 3186 1515 3186 1516 3186 1491 3187 1492 3187 1494 3187 1519 3188 1517 3188 1518 3188 1519 3189 1515 3189 1517 3189 1488 3190 1489 3190 1490 3190 1395 3191 1513 3191 1514 3191 1395 3192 1514 3192 1515 3192 1395 3193 1519 3193 1394 3193 1395 3194 1515 3194 1519 3194 1487 3195 1491 3195 1494 3195 1487 3196 1488 3196 1490 3196 1487 3197 1490 3197 1491 3197 1485 3198 1486 3198 1487 3198 1400 3199 1396 3199 1397 3199 1400 3200 1397 3200 1398 3200 1400 3201 1398 3201 1399 3201 1482 3202 1483 3202 1484 3202 1481 3203 1485 3203 1487 3203 1481 3204 1482 3204 1484 3204 1481 3205 1484 3205 1485 3205 1402 3206 1395 3206 1396 3206 1402 3207 1396 3207 1400 3207 1402 3208 1400 3208 1401 3208 1479 3209 1480 3209 1481 3209 1405 3210 1402 3210 1403 3210 1405 3211 1403 3211 1404 3211 1405 3212 1395 3212 1402 3212 1405 3213 1513 3213 1395 3213 1476 3214 1477 3214 1478 3214 1474 3215 1476 3215 1478 3215 1474 3216 1475 3216 1476 3216 1409 3217 1405 3217 1406 3217 1409 3218 1406 3218 1407 3218 1409 3219 1407 3219 1408 3219 1409 3220 1513 3220 1405 3220 1473 3221 1474 3221 1478 3221 1473 3222 1478 3222 1479 3222 1472 3223 1473 3223 1479 3223 1412 3224 1409 3224 1410 3224 1412 3225 1410 3225 1411 3225 1413 3226 1513 3226 1409 3226 1413 3227 1409 3227 1412 3227 1413 3228 1506 3228 1513 3228 1416 3229 1413 3229 1414 3229 1416 3230 1414 3230 1415 3230 1416 3231 1506 3231 1413 3231 1416 3232 1494 3232 1506 3232 1416 3233 1487 3233 1494 3233 1466 3234 1467 3234 1468 3234 1466 3235 1468 3235 1469 3235 1465 3236 1466 3236 1469 3236 1464 3237 1469 3237 1470 3237 1464 3238 1465 3238 1469 3238 1419 3239 1481 3239 1487 3239 1419 3240 1416 3240 1417 3240 1419 3241 1417 3241 1418 3241 1419 3242 1479 3242 1481 3242 1419 3243 1487 3243 1416 3243 1463 3244 1464 3244 1470 3244 1421 3245 1419 3245 1420 3245 1461 3246 1462 3246 1463 3246 1461 3247 1463 3247 1470 3247 1458 3248 1459 3248 1460 3248 1458 3249 1460 3249 1461 3249 1456 3250 1458 3250 1461 3250 1456 3251 1457 3251 1458 3251 1427 3252 1421 3252 1422 3252 1427 3253 1422 3253 1423 3253 1427 3254 1423 3254 1424 3254 1427 3255 1424 3255 1425 3255 1427 3256 1425 3256 1426 3256 1427 3257 1419 3257 1421 3257 1429 3258 1427 3258 1428 3258 1429 3259 1419 3259 1427 3259 1430 3260 1472 3260 1479 3260 1430 3261 1419 3261 1429 3261 1430 3262 1470 3262 1471 3262 1430 3263 1471 3263 1472 3263 1430 3264 1479 3264 1419 3264 1452 3265 1453 3265 1454 3265 1452 3266 1454 3266 1455 3266 1452 3267 1455 3267 1456 3267 1451 3268 1452 3268 1456 3268 1449 3269 1451 3269 1456 3269 1449 3270 1450 3270 1451 3270 1449 3271 1456 3271 1461 3271 1434 3272 1432 3272 1433 3272 1435 3273 1430 3273 1431 3273 1435 3274 1431 3274 1432 3274 1435 3275 1432 3275 1434 3275 1447 3276 1448 3276 1449 3276 1445 3277 1446 3277 1447 3277 1438 3278 1435 3278 1436 3278 1438 3279 1436 3279 1437 3279 1443 3280 1444 3280 1445 3280 1440 3281 1470 3281 1430 3281 1440 3282 1430 3282 1435 3282 1440 3283 1438 3283 1439 3283 1440 3284 1435 3284 1438 3284 1440 3285 1461 3285 1470 3285 1442 3286 1449 3286 1461 3286 1442 3287 1447 3287 1449 3287 1442 3288 1445 3288 1447 3288 1442 3289 1443 3289 1445 3289 1442 3290 1461 3290 1440 3290 1441 3291 1442 3291 1440 3291 1632 3292 1630 3292 1631 3292 1627 3293 1628 3293 1629 3293 1626 3294 1629 3294 1630 3294 1626 3295 1627 3295 1629 3295 1626 3296 1630 3296 1632 3296 1635 3297 1632 3297 1633 3297 1635 3298 1633 3298 1634 3298 1624 3299 1625 3299 1626 3299 1623 3300 1624 3300 1626 3300 1623 3301 1626 3301 1632 3301 1639 3302 1635 3302 1636 3302 1639 3303 1636 3303 1637 3303 1639 3304 1637 3304 1638 3304 1621 3305 1622 3305 1623 3305 1619 3306 1620 3306 1621 3306 1619 3307 1621 3307 1623 3307 1642 3308 1639 3308 1640 3308 1642 3309 1640 3309 1641 3309 1617 3310 1618 3310 1619 3310 1645 3311 1642 3311 1643 3311 1645 3312 1643 3312 1644 3312 1645 3313 1639 3313 1642 3313 1615 3314 1619 3314 1623 3314 1615 3315 1617 3315 1619 3315 1615 3316 1616 3316 1617 3316 1521 3317 1645 3317 1520 3317 1521 3318 1632 3318 1635 3318 1521 3319 1635 3319 1639 3319 1521 3320 1639 3320 1645 3320 1613 3321 1614 3321 1615 3321 1523 3322 1521 3322 1522 3322 1611 3323 1612 3323 1613 3323 1611 3324 1613 3324 1615 3324 1525 3325 1523 3325 1524 3325 1525 3326 1521 3326 1523 3326 1609 3327 1611 3327 1615 3327 1609 3328 1615 3328 1623 3328 1609 3329 1610 3329 1611 3329 1527 3330 1525 3330 1526 3330 1607 3331 1608 3331 1609 3331 1529 3332 1527 3332 1528 3332 1530 3333 1525 3333 1527 3333 1530 3334 1527 3334 1529 3334 1531 3335 1525 3335 1530 3335 1531 3336 1521 3336 1525 3336 1603 3337 1607 3337 1609 3337 1603 3338 1623 3338 1632 3338 1603 3339 1609 3339 1623 3339 1603 3340 1604 3340 1605 3340 1603 3341 1605 3341 1606 3341 1603 3342 1606 3342 1607 3342 1601 3343 1603 3343 1632 3343 1601 3344 1632 3344 1521 3344 1601 3345 1602 3345 1603 3345 1534 3346 1531 3346 1532 3346 1534 3347 1532 3347 1533 3347 1535 3348 1531 3348 1534 3348 1599 3349 1601 3349 1521 3349 1599 3350 1600 3350 1601 3350 1537 3351 1535 3351 1536 3351 1595 3352 1599 3352 1521 3352 1595 3353 1596 3353 1597 3353 1595 3354 1597 3354 1598 3354 1595 3355 1598 3355 1599 3355 1540 3356 1537 3356 1538 3356 1540 3357 1538 3357 1539 3357 1540 3358 1531 3358 1535 3358 1540 3359 1535 3359 1537 3359 1592 3360 1593 3360 1594 3360 1592 3361 1594 3361 1595 3361 1544 3362 1541 3362 1542 3362 1544 3363 1542 3363 1543 3363 1545 3364 1541 3364 1544 3364 1589 3365 1590 3365 1591 3365 1589 3366 1591 3366 1592 3366 1547 3367 1540 3367 1541 3367 1547 3368 1545 3368 1546 3368 1547 3369 1531 3369 1540 3369 1547 3370 1541 3370 1545 3370 1587 3371 1595 3371 1521 3371 1587 3372 1588 3372 1589 3372 1587 3373 1592 3373 1595 3373 1587 3374 1589 3374 1592 3374 1585 3375 1586 3375 1587 3375 1550 3376 1548 3376 1549 3376 1584 3377 1585 3377 1587 3377 1551 3378 1548 3378 1550 3378 1551 3379 1547 3379 1548 3379 1583 3380 1584 3380 1587 3380 1553 3381 1547 3381 1551 3381 1553 3382 1551 3382 1552 3382 1579 3383 1580 3383 1581 3383 1579 3384 1581 3384 1582 3384 1579 3385 1582 3385 1583 3385 1578 3386 1579 3386 1583 3386 1577 3387 1583 3387 1587 3387 1577 3388 1578 3388 1583 3388 1577 3389 1587 3389 1521 3389 1558 3390 1553 3390 1554 3390 1558 3391 1554 3391 1555 3391 1558 3392 1555 3392 1556 3392 1558 3393 1556 3393 1557 3393 1559 3394 1553 3394 1558 3394 1574 3395 1577 3395 1521 3395 1574 3396 1575 3396 1576 3396 1574 3397 1576 3397 1577 3397 1561 3398 1559 3398 1560 3398 1562 3399 1553 3399 1559 3399 1562 3400 1559 3400 1561 3400 1572 3401 1573 3401 1574 3401 1571 3402 1572 3402 1574 3402 1564 3403 1547 3403 1553 3403 1564 3404 1553 3404 1562 3404 1564 3405 1562 3405 1563 3405 1569 3406 1570 3406 1571 3406 1569 3407 1571 3407 1574 3407 1566 3408 1564 3408 1565 3408 1566 3409 1547 3409 1564 3409 1567 3410 1521 3410 1531 3410 1567 3411 1568 3411 1569 3411 1567 3412 1574 3412 1521 3412 1567 3413 1569 3413 1574 3413 1567 3414 1547 3414 1566 3414 1567 3415 1531 3415 1547 3415 1758 3416 1756 3416 1757 3416 1752 3417 1753 3417 1754 3417 1752 3418 1754 3418 1755 3418 1752 3419 1755 3419 1756 3419 1752 3420 1756 3420 1758 3420 1761 3421 1758 3421 1759 3421 1761 3422 1759 3422 1760 3422 1750 3423 1751 3423 1752 3423 1765 3424 1761 3424 1762 3424 1765 3425 1762 3425 1763 3425 1765 3426 1763 3426 1764 3426 1747 3427 1748 3427 1749 3427 1747 3428 1749 3428 1750 3428 1747 3429 1750 3429 1752 3429 1746 3430 1747 3430 1752 3430 1767 3431 1765 3431 1766 3431 1768 3432 1765 3432 1767 3432 1744 3433 1745 3433 1746 3433 1769 3434 1765 3434 1768 3434 1743 3435 1744 3435 1746 3435 1771 3436 1769 3436 1770 3436 1771 3437 1758 3437 1761 3437 1771 3438 1761 3438 1765 3438 1771 3439 1765 3439 1769 3439 1740 3440 1741 3440 1742 3440 1647 3441 1771 3441 1646 3441 1739 3442 1752 3442 1758 3442 1739 3443 1746 3443 1752 3443 1739 3444 1743 3444 1746 3444 1739 3445 1740 3445 1742 3445 1739 3446 1742 3446 1743 3446 1737 3447 1738 3447 1739 3447 1650 3448 1647 3448 1648 3448 1650 3449 1648 3449 1649 3449 1651 3450 1647 3450 1650 3450 1734 3451 1735 3451 1736 3451 1734 3452 1736 3452 1737 3452 1733 3453 1734 3453 1737 3453 1654 3454 1652 3454 1653 3454 1656 3455 1654 3455 1655 3455 1656 3456 1652 3456 1654 3456 1730 3457 1737 3457 1739 3457 1730 3458 1733 3458 1737 3458 1730 3459 1731 3459 1732 3459 1730 3460 1732 3460 1733 3460 1658 3461 1647 3461 1651 3461 1658 3462 1651 3462 1652 3462 1658 3463 1656 3463 1657 3463 1658 3464 1652 3464 1656 3464 1728 3465 1730 3465 1739 3465 1728 3466 1729 3466 1730 3466 1660 3467 1658 3467 1659 3467 1661 3468 1658 3468 1660 3468 1661 3469 1647 3469 1658 3469 1661 3470 1771 3470 1647 3470 1663 3471 1661 3471 1662 3471 1723 3472 1724 3472 1725 3472 1722 3473 1723 3473 1725 3473 1722 3474 1725 3474 1726 3474 1722 3475 1726 3475 1727 3475 1721 3476 1722 3476 1727 3476 1666 3477 1663 3477 1664 3477 1666 3478 1664 3478 1665 3478 1666 3479 1771 3479 1661 3479 1666 3480 1661 3480 1663 3480 1720 3481 1721 3481 1727 3481 1720 3482 1727 3482 1728 3482 1668 3483 1666 3483 1667 3483 1668 3484 1771 3484 1666 3484 1668 3485 1739 3485 1758 3485 1668 3486 1758 3486 1771 3486 1717 3487 1718 3487 1719 3487 1716 3488 1719 3488 1720 3488 1716 3489 1717 3489 1719 3489 1715 3490 1720 3490 1728 3490 1715 3491 1716 3491 1720 3491 1673 3492 1668 3492 1669 3492 1673 3493 1669 3493 1670 3493 1673 3494 1670 3494 1671 3494 1673 3495 1671 3495 1672 3495 1713 3496 1728 3496 1739 3496 1713 3497 1714 3497 1715 3497 1713 3498 1715 3498 1728 3498 1710 3499 1711 3499 1712 3499 1710 3500 1712 3500 1713 3500 1708 3501 1709 3501 1710 3501 1679 3502 1674 3502 1675 3502 1679 3503 1675 3503 1676 3503 1679 3504 1676 3504 1677 3504 1679 3505 1677 3505 1678 3505 1707 3506 1710 3506 1713 3506 1707 3507 1708 3507 1710 3507 1680 3508 1673 3508 1674 3508 1680 3509 1674 3509 1679 3509 1681 3510 1673 3510 1680 3510 1682 3511 1673 3511 1681 3511 1682 3512 1668 3512 1673 3512 1704 3513 1705 3513 1706 3513 1703 3514 1704 3514 1706 3514 1703 3515 1706 3515 1707 3515 1684 3516 1682 3516 1683 3516 1702 3517 1703 3517 1707 3517 1686 3518 1684 3518 1685 3518 1687 3519 1684 3519 1686 3519 1699 3520 1707 3520 1713 3520 1699 3521 1702 3521 1707 3521 1699 3522 1700 3522 1701 3522 1699 3523 1701 3523 1702 3523 1688 3524 1682 3524 1684 3524 1688 3525 1684 3525 1687 3525 1697 3526 1698 3526 1699 3526 1697 3527 1699 3527 1713 3527 1690 3528 1688 3528 1689 3528 1695 3529 1668 3529 1682 3529 1695 3530 1682 3530 1688 3530 1695 3531 1697 3531 1713 3531 1695 3532 1696 3532 1697 3532 1695 3533 1739 3533 1668 3533 1695 3534 1713 3534 1739 3534 1693 3535 1690 3535 1691 3535 1693 3536 1691 3536 1692 3536 1693 3537 1694 3537 1695 3537 1693 3538 1695 3538 1688 3538 1693 3539 1688 3539 1690 3539</p>
        </triangles>
      </mesh>
    </geometry>
  </library_geometries>
  <library_materials>
    <material id="mat_Body" name="Body">
      <instance_effect url="#effect_Body"/>
    </material>
  </library_materials>
  <library_visual_scenes>
    <visual_scene id="myscene">
      <node id="node0" name="node0">
        <instance_geometry url="#geometry0">
          <bind_material>
            <technique_common>
              <instance_material symbol="ref_Body" target="#mat_Body"/>
            </technique_common>
          </bind_material>
        </instance_geometry>
      </node>
    </visual_scene>
  </library_visual_scenes>
  <scene>
    <instance_visual_scene url="#myscene"/>
  </scene>
</COLLADA>
